timestamp,release_name,release_id,is_prerelease,asset_name,os_name,architecture,java_type,total_downloads
2026-09-15T00:24:48+00:00,sapmachine-17.0.21+5,384393701,True,sapmachine-jdk-17.0.21-ea.5_linux-x64_bin.tar.gz,linux,x64,jdk,248
2026-09-15T00:24:48+00:00,sapmachine-17.0.21+5,384393701,True,sapmachine-jre-17.0.21-ea.5_linux-x64_bin.tar.gz,linux,x64,jre,22
2026-09-15T00:24:48+00:00,sapmachine-17.0.21+5,384393701,True,sapmachine-jdk-17.0.21-ea.5_linux-x64_bin-symbols.tar.gz,linux,x64,jdk,1
2026-09-15T00:24:48+00:00,sapmachine-17.0.21+5,384393701,True,sapmachine-jdk-17.0.21-ea.5_linux-x64-musl_bin.tar.gz,alpine,x64,jdk,23
2026-09-15T00:24:48+00:00,sapmachine-17.0.21+5,384393701,True,sapmachine-jre-17.0.21-ea.5_linux-x64-musl_bin.tar.gz,alpine,x64,jre,23
2026-09-15T00:24:48+00:00,sapmachine-17.0.21+5,384393701,True,sapmachine-jdk-17.0.21-ea.5_linux-x64-musl_bin-symbols.tar.gz,alpine,x64,jdk,1
2026-09-15T00:24:48+00:00,sapmachine-17.0.21+5,384393701,True,sapmachine-jdk-17.0.21-ea.5_macos-aarch64_bin.tar.gz,macos,aarch64,jdk,459
2026-09-15T00:24:48+00:00,sapmachine-17.0.21+5,384393701,True,sapmachine-jre-17.0.21-ea.5_macos-aarch64_bin.tar.gz,macos,aarch64,jre,24
2026-09-15T00:24:48+00:00,sapmachine-17.0.21+5,384393701,True,sapmachine-jdk-17.0.21-ea.5_macos-aarch64_bin-symbols.tar.gz,macos,aarch64,jdk,0
2026-09-15T00:24:48+00:00,sapmachine-17.0.21+5,384393701,True,sapmachine-jdk-17.0.21-ea.5_macos-aarch64_bin.dmg,macos,aarch64,jdk,21
2026-09-15T00:24:48+00:00,sapmachine-17.0.21+5,384393701,True,sapmachine-jre-17.0.21-ea.5_macos-aarch64_bin.dmg,macos,aarch64,jre,21
2026-09-15T00:24:48+00:00,sapmachine-17.0.21+5,384393701,True,sapmachine-jdk-17.0.21-ea.5_linux-aarch64_bin.tar.gz,linux,aarch64,jdk,19
2026-09-15T00:24:48+00:00,sapmachine-17.0.21+5,384393701,True,sapmachine-jre-17.0.21-ea.5_linux-aarch64_bin.tar.gz,linux,aarch64,jre,21
2026-09-15T00:24:48+00:00,sapmachine-17.0.21+5,384393701,True,sapmachine-jdk-17.0.21-ea.5_linux-aarch64_bin-symbols.tar.gz,linux,aarch64,jdk,0
2026-09-15T00:24:48+00:00,sapmachine-17.0.21+5,384393701,True,sapmachine-jdk-17.0.21-ea.5_linux-ppc64le_bin.tar.gz,linux,ppc64,jdk,20
2026-09-15T00:24:48+00:00,sapmachine-17.0.21+5,384393701,True,sapmachine-jre-17.0.21-ea.5_linux-ppc64le_bin.tar.gz,linux,ppc64,jre,19
2026-09-15T00:24:48+00:00,sapmachine-17.0.21+5,384393701,True,sapmachine-jdk-17.0.21-ea.5_linux-ppc64le_bin-symbols.tar.gz,linux,ppc64,jdk,0
2026-09-15T00:24:48+00:00,sapmachine-17.0.21+5,384393701,True,sapmachine-jdk-17.0.21-ea.5_windows-x64_bin.zip,windows,x64,jdk,238
2026-09-15T00:24:48+00:00,sapmachine-17.0.21+5,384393701,True,sapmachine-jre-17.0.21-ea.5_windows-x64_bin.zip,windows,x64,jre,19
2026-09-15T00:24:48+00:00,sapmachine-17.0.21+5,384393701,True,sapmachine-jdk-17.0.21-ea.5_windows-x64_bin-symbols.tar.gz,windows,x64,jdk,0
2026-09-15T00:24:48+00:00,sapmachine-17.0.21+5,384393701,True,sapmachine-jdk-17.0.21-ea.5_macos-x64_bin.tar.gz,macos,x64,jdk,19
2026-09-15T00:24:48+00:00,sapmachine-17.0.21+5,384393701,True,sapmachine-jre-17.0.21-ea.5_macos-x64_bin.tar.gz,macos,x64,jre,19
2026-09-15T00:24:48+00:00,sapmachine-17.0.21+5,384393701,True,sapmachine-jdk-17.0.21-ea.5_macos-x64_bin-symbols.tar.gz,macos,x64,jdk,0
2026-09-15T00:24:48+00:00,sapmachine-17.0.21+5,384393701,True,sapmachine-jdk-17.0.21-ea.5_macos-x64_bin.dmg,macos,x64,jdk,20
2026-09-15T00:24:48+00:00,sapmachine-17.0.21+5,384393701,True,sapmachine-jre-17.0.21-ea.5_macos-x64_bin.dmg,macos,x64,jre,21
2026-09-15T00:24:48+00:00,sapmachine-21.0.13+5,384389960,True,sapmachine-jdk-21.0.13-ea.5_linux-x64-musl_bin.tar.gz,alpine,x64,jdk,21
2026-09-15T00:24:48+00:00,sapmachine-21.0.13+5,384389960,True,sapmachine-jre-21.0.13-ea.5_linux-x64-musl_bin.tar.gz,alpine,x64,jre,21
2026-09-15T00:24:48+00:00,sapmachine-21.0.13+5,384389960,True,sapmachine-jdk-21.0.13-ea.5_linux-x64-musl_bin-symbols.tar.gz,alpine,x64,jdk,1
2026-09-15T00:24:48+00:00,sapmachine-21.0.13+5,384389960,True,sapmachine-jdk-21.0.13-ea.5_aix-ppc64_bin.tar.gz,aix,ppc64,jdk,21
2026-09-15T00:24:48+00:00,sapmachine-21.0.13+5,384389960,True,sapmachine-jre-21.0.13-ea.5_aix-ppc64_bin.tar.gz,aix,ppc64,jre,21
2026-09-15T00:24:48+00:00,sapmachine-21.0.13+5,384389960,True,sapmachine-jdk-21.0.13-ea.5_aix-ppc64_bin-symbols.tar.gz,aix,ppc64,jdk,1
2026-09-15T00:24:48+00:00,sapmachine-21.0.13+5,384389960,True,sapmachine-jdk-21.0.13-ea.5_linux-x64_bin.tar.gz,linux,x64,jdk,253
2026-09-15T00:24:48+00:00,sapmachine-21.0.13+5,384389960,True,sapmachine-jre-21.0.13-ea.5_linux-x64_bin.tar.gz,linux,x64,jre,22
2026-09-15T00:24:48+00:00,sapmachine-21.0.13+5,384389960,True,sapmachine-jdk-21.0.13-ea.5_linux-x64_bin-symbols.tar.gz,linux,x64,jdk,0
2026-09-15T00:24:48+00:00,sapmachine-21.0.13+5,384389960,True,sapmachine-jdk-21.0.13-ea.5_linux-ppc64le_bin.tar.gz,linux,ppc64,jdk,20
2026-09-15T00:24:48+00:00,sapmachine-21.0.13+5,384389960,True,sapmachine-jre-21.0.13-ea.5_linux-ppc64le_bin.tar.gz,linux,ppc64,jre,21
2026-09-15T00:24:48+00:00,sapmachine-21.0.13+5,384389960,True,sapmachine-jdk-21.0.13-ea.5_linux-ppc64le_bin-symbols.tar.gz,linux,ppc64,jdk,0
2026-09-15T00:24:48+00:00,sapmachine-21.0.13+5,384389960,True,sapmachine-jdk-21.0.13-ea.5_linux-aarch64_bin.tar.gz,linux,aarch64,jdk,20
2026-09-15T00:24:48+00:00,sapmachine-21.0.13+5,384389960,True,sapmachine-jre-21.0.13-ea.5_linux-aarch64_bin.tar.gz,linux,aarch64,jre,21
2026-09-15T00:24:48+00:00,sapmachine-21.0.13+5,384389960,True,sapmachine-jdk-21.0.13-ea.5_linux-aarch64_bin-symbols.tar.gz,linux,aarch64,jdk,0
2026-09-15T00:24:48+00:00,sapmachine-21.0.13+5,384389960,True,sapmachine-jdk-21.0.13-ea.5_macos-aarch64_bin.tar.gz,macos,aarch64,jdk,359
2026-09-15T00:24:48+00:00,sapmachine-21.0.13+5,384389960,True,sapmachine-jre-21.0.13-ea.5_macos-aarch64_bin.tar.gz,macos,aarch64,jre,24
2026-09-15T00:24:48+00:00,sapmachine-21.0.13+5,384389960,True,sapmachine-jdk-21.0.13-ea.5_macos-aarch64_bin-symbols.tar.gz,macos,aarch64,jdk,0
2026-09-15T00:24:48+00:00,sapmachine-21.0.13+5,384389960,True,sapmachine-jdk-21.0.13-ea.5_macos-aarch64_bin.dmg,macos,aarch64,jdk,24
2026-09-15T00:24:48+00:00,sapmachine-21.0.13+5,384389960,True,sapmachine-jre-21.0.13-ea.5_macos-aarch64_bin.dmg,macos,aarch64,jre,20
2026-09-15T00:24:48+00:00,sapmachine-21.0.13+5,384389960,True,sapmachine-jdk-21.0.13-ea.5_macos-x64_bin.tar.gz,macos,x64,jdk,19
2026-09-15T00:24:48+00:00,sapmachine-21.0.13+5,384389960,True,sapmachine-jre-21.0.13-ea.5_macos-x64_bin.tar.gz,macos,x64,jre,19
2026-09-15T00:24:48+00:00,sapmachine-21.0.13+5,384389960,True,sapmachine-jdk-21.0.13-ea.5_macos-x64_bin-symbols.tar.gz,macos,x64,jdk,0
2026-09-15T00:24:48+00:00,sapmachine-21.0.13+5,384389960,True,sapmachine-jdk-21.0.13-ea.5_macos-x64_bin.dmg,macos,x64,jdk,19
2026-09-15T00:24:48+00:00,sapmachine-21.0.13+5,384389960,True,sapmachine-jre-21.0.13-ea.5_macos-x64_bin.dmg,macos,x64,jre,19
2026-09-15T00:24:48+00:00,sapmachine-21.0.13+5,384389960,True,sapmachine-jdk-21.0.13-ea.5_windows-x64_bin.zip,windows,x64,jdk,233
2026-09-15T00:24:48+00:00,sapmachine-21.0.13+5,384389960,True,sapmachine-jre-21.0.13-ea.5_windows-x64_bin.zip,windows,x64,jre,21
2026-09-15T00:24:48+00:00,sapmachine-21.0.13+5,384389960,True,sapmachine-jdk-21.0.13-ea.5_windows-x64_bin-symbols.tar.gz,windows,x64,jdk,0
2026-09-15T00:24:48+00:00,sapmachine-28+14,384389777,True,sapmachine-jdk-28-ea.14_linux-x64-musl_bin.tar.gz,alpine,x64,jdk,21
2026-09-15T00:24:48+00:00,sapmachine-28+14,384389777,True,sapmachine-jre-28-ea.14_linux-x64-musl_bin.tar.gz,alpine,x64,jre,21
2026-09-15T00:24:48+00:00,sapmachine-28+14,384389777,True,sapmachine-jdk-28-ea.14_linux-x64-musl_bin-symbols.tar.gz,alpine,x64,jdk,1
2026-09-15T00:24:48+00:00,sapmachine-28+14,384389777,True,sapmachine-jdk-28-ea.14_macos-aarch64_bin.tar.gz,macos,aarch64,jdk,20
2026-09-15T00:24:48+00:00,sapmachine-28+14,384389777,True,sapmachine-jre-28-ea.14_macos-aarch64_bin.tar.gz,macos,aarch64,jre,20
2026-09-15T00:24:48+00:00,sapmachine-28+14,384389777,True,sapmachine-jdk-28-ea.14_macos-aarch64_bin-symbols.tar.gz,macos,aarch64,jdk,0
2026-09-15T00:24:48+00:00,sapmachine-28+14,384389777,True,sapmachine-jdk-28-ea.14_macos-aarch64_bin.dmg,macos,aarch64,jdk,23
2026-09-15T00:24:48+00:00,sapmachine-28+14,384389777,True,sapmachine-jre-28-ea.14_macos-aarch64_bin.dmg,macos,aarch64,jre,21
2026-09-15T00:24:48+00:00,sapmachine-28+14,384389777,True,sapmachine-jdk-28-ea.14_linux-x64_bin.tar.gz,linux,x64,jdk,21
2026-09-15T00:24:48+00:00,sapmachine-28+14,384389777,True,sapmachine-jre-28-ea.14_linux-x64_bin.tar.gz,linux,x64,jre,21
2026-09-15T00:24:48+00:00,sapmachine-28+14,384389777,True,sapmachine-jdk-28-ea.14_linux-x64_bin-symbols.tar.gz,linux,x64,jdk,0
2026-09-15T00:24:48+00:00,sapmachine-28+14,384389777,True,sapmachine-jdk-28-ea.14_linux-aarch64_bin.tar.gz,linux,aarch64,jdk,21
2026-09-15T00:24:48+00:00,sapmachine-28+14,384389777,True,sapmachine-jre-28-ea.14_linux-aarch64_bin.tar.gz,linux,aarch64,jre,20
2026-09-15T00:24:48+00:00,sapmachine-28+14,384389777,True,sapmachine-jdk-28-ea.14_linux-aarch64_bin-symbols.tar.gz,linux,aarch64,jdk,0
2026-09-15T00:24:48+00:00,sapmachine-28+14,384389777,True,sapmachine-jdk-28-ea.14_linux-ppc64le_bin.tar.gz,linux,ppc64,jdk,21
2026-09-15T00:24:48+00:00,sapmachine-28+14,384389777,True,sapmachine-jre-28-ea.14_linux-ppc64le_bin.tar.gz,linux,ppc64,jre,21
2026-09-15T00:24:48+00:00,sapmachine-28+14,384389777,True,sapmachine-jdk-28-ea.14_linux-ppc64le_bin-symbols.tar.gz,linux,ppc64,jdk,0
2026-09-15T00:24:48+00:00,sapmachine-28+14,384389777,True,sapmachine-jdk-28-ea.14_aix-ppc64_bin.tar.gz,aix,ppc64,jdk,20
2026-09-15T00:24:48+00:00,sapmachine-28+14,384389777,True,sapmachine-jre-28-ea.14_aix-ppc64_bin.tar.gz,aix,ppc64,jre,20
2026-09-15T00:24:48+00:00,sapmachine-28+14,384389777,True,sapmachine-jdk-28-ea.14_aix-ppc64_bin-symbols.tar.gz,aix,ppc64,jdk,0
2026-09-15T00:24:48+00:00,sapmachine-28+14,384389777,True,sapmachine-jdk-28-ea.14_windows-x64_bin.zip,windows,x64,jdk,26
2026-09-15T00:24:48+00:00,sapmachine-28+14,384389777,True,sapmachine-jre-28-ea.14_windows-x64_bin.zip,windows,x64,jre,24
2026-09-15T00:24:48+00:00,sapmachine-28+14,384389777,True,sapmachine-jdk-28-ea.14_windows-x64_bin-symbols.tar.gz,windows,x64,jdk,0
2026-09-15T00:24:48+00:00,sapmachine-25.0.5+5,383777589,True,sapmachine-jdk-25.0.5-ea.5_linux-x64-musl_bin.tar.gz,alpine,x64,jdk,23
2026-09-15T00:24:48+00:00,sapmachine-25.0.5+5,383777589,True,sapmachine-jre-25.0.5-ea.5_linux-x64-musl_bin.tar.gz,alpine,x64,jre,25
2026-09-15T00:24:48+00:00,sapmachine-25.0.5+5,383777589,True,sapmachine-jdk-25.0.5-ea.5_linux-x64-musl_bin-symbols.tar.gz,alpine,x64,jdk,3
2026-09-15T00:24:48+00:00,sapmachine-25.0.5+5,383777589,True,sapmachine-jdk-25.0.5-ea.5_linux-x64_bin.tar.gz,linux,x64,jdk,35
2026-09-15T00:24:48+00:00,sapmachine-25.0.5+5,383777589,True,sapmachine-jre-25.0.5-ea.5_linux-x64_bin.tar.gz,linux,x64,jre,24
2026-09-15T00:24:48+00:00,sapmachine-25.0.5+5,383777589,True,sapmachine-jdk-25.0.5-ea.5_linux-x64_bin-symbols.tar.gz,linux,x64,jdk,3
2026-09-15T00:24:48+00:00,sapmachine-25.0.5+5,383777589,True,sapmachine-jdk-25.0.5-ea.5_aix-ppc64_bin.tar.gz,aix,ppc64,jdk,22
2026-09-15T00:24:48+00:00,sapmachine-25.0.5+5,383777589,True,sapmachine-jre-25.0.5-ea.5_aix-ppc64_bin.tar.gz,aix,ppc64,jre,23
2026-09-15T00:24:48+00:00,sapmachine-25.0.5+5,383777589,True,sapmachine-jdk-25.0.5-ea.5_aix-ppc64_bin-symbols.tar.gz,aix,ppc64,jdk,0
2026-09-15T00:24:48+00:00,sapmachine-25.0.5+5,383777589,True,sapmachine-jdk-25.0.5-ea.5_linux-ppc64le_bin.tar.gz,linux,ppc64,jdk,22
2026-09-15T00:24:48+00:00,sapmachine-25.0.5+5,383777589,True,sapmachine-jre-25.0.5-ea.5_linux-ppc64le_bin.tar.gz,linux,ppc64,jre,21
2026-09-15T00:24:48+00:00,sapmachine-25.0.5+5,383777589,True,sapmachine-jdk-25.0.5-ea.5_linux-ppc64le_bin-symbols.tar.gz,linux,ppc64,jdk,0
2026-09-15T00:24:48+00:00,sapmachine-25.0.5+5,383777589,True,sapmachine-jdk-25.0.5-ea.5_linux-aarch64_bin.tar.gz,linux,aarch64,jdk,22
2026-09-15T00:24:48+00:00,sapmachine-25.0.5+5,383777589,True,sapmachine-jre-25.0.5-ea.5_linux-aarch64_bin.tar.gz,linux,aarch64,jre,22
2026-09-15T00:24:48+00:00,sapmachine-25.0.5+5,383777589,True,sapmachine-jdk-25.0.5-ea.5_linux-aarch64_bin-symbols.tar.gz,linux,aarch64,jdk,0
2026-09-15T00:24:48+00:00,sapmachine-25.0.5+5,383777589,True,sapmachine-jdk-25.0.5-ea.5_macos-aarch64_bin.tar.gz,macos,aarch64,jdk,40
2026-09-15T00:24:48+00:00,sapmachine-25.0.5+5,383777589,True,sapmachine-jre-25.0.5-ea.5_macos-aarch64_bin.tar.gz,macos,aarch64,jre,23
2026-09-15T00:24:48+00:00,sapmachine-25.0.5+5,383777589,True,sapmachine-jdk-25.0.5-ea.5_macos-aarch64_bin-symbols.tar.gz,macos,aarch64,jdk,0
2026-09-15T00:24:48+00:00,sapmachine-25.0.5+5,383777589,True,sapmachine-jdk-25.0.5-ea.5_macos-aarch64_bin.dmg,macos,aarch64,jdk,28
2026-09-15T00:24:48+00:00,sapmachine-25.0.5+5,383777589,True,sapmachine-jre-25.0.5-ea.5_macos-aarch64_bin.dmg,macos,aarch64,jre,22
2026-09-15T00:24:48+00:00,sapmachine-25.0.5+5,383777589,True,sapmachine-jdk-25.0.5-ea.5_windows-x64_bin.zip,windows,x64,jdk,27
2026-09-15T00:24:48+00:00,sapmachine-25.0.5+5,383777589,True,sapmachine-jre-25.0.5-ea.5_windows-x64_bin.zip,windows,x64,jre,23
2026-09-15T00:24:48+00:00,sapmachine-25.0.5+5,383777589,True,sapmachine-jdk-25.0.5-ea.5_windows-x64_bin-symbols.tar.gz,windows,x64,jdk,0
2026-09-15T00:24:48+00:00,sapmachine-28+13,382721864,True,sapmachine-jdk-28-ea.13_linux-x64-musl_bin.tar.gz,alpine,x64,jdk,28
2026-09-15T00:24:48+00:00,sapmachine-28+13,382721864,True,sapmachine-jre-28-ea.13_linux-x64-musl_bin.tar.gz,alpine,x64,jre,28
2026-09-15T00:24:48+00:00,sapmachine-28+13,382721864,True,sapmachine-jdk-28-ea.13_linux-x64-musl_bin-symbols.tar.gz,alpine,x64,jdk,4
2026-09-15T00:24:48+00:00,sapmachine-28+13,382721864,True,sapmachine-jdk-28-ea.13_linux-x64_bin.tar.gz,linux,x64,jdk,29
2026-09-15T00:24:48+00:00,sapmachine-28+13,382721864,True,sapmachine-jre-28-ea.13_linux-x64_bin.tar.gz,linux,x64,jre,28
2026-09-15T00:24:48+00:00,sapmachine-28+13,382721864,True,sapmachine-jdk-28-ea.13_linux-x64_bin-symbols.tar.gz,linux,x64,jdk,5
2026-09-15T00:24:48+00:00,sapmachine-28+13,382721864,True,sapmachine-jdk-28-ea.13_macos-aarch64_bin.tar.gz,macos,aarch64,jdk,27
2026-09-15T00:24:48+00:00,sapmachine-28+13,382721864,True,sapmachine-jre-28-ea.13_macos-aarch64_bin.tar.gz,macos,aarch64,jre,28
2026-09-15T00:24:48+00:00,sapmachine-28+13,382721864,True,sapmachine-jdk-28-ea.13_macos-aarch64_bin-symbols.tar.gz,macos,aarch64,jdk,4
2026-09-15T00:24:48+00:00,sapmachine-28+13,382721864,True,sapmachine-jdk-28-ea.13_macos-aarch64_bin.dmg,macos,aarch64,jdk,31
2026-09-15T00:24:48+00:00,sapmachine-28+13,382721864,True,sapmachine-jre-28-ea.13_macos-aarch64_bin.dmg,macos,aarch64,jre,29
2026-09-15T00:24:48+00:00,sapmachine-28+13,382721864,True,sapmachine-jdk-28-ea.13_linux-ppc64le_bin.tar.gz,linux,ppc64,jdk,27
2026-09-15T00:24:48+00:00,sapmachine-28+13,382721864,True,sapmachine-jre-28-ea.13_linux-ppc64le_bin.tar.gz,linux,ppc64,jre,27
2026-09-15T00:24:48+00:00,sapmachine-28+13,382721864,True,sapmachine-jdk-28-ea.13_linux-ppc64le_bin-symbols.tar.gz,linux,ppc64,jdk,2
2026-09-15T00:24:48+00:00,sapmachine-28+13,382721864,True,sapmachine-jdk-28-ea.13_aix-ppc64_bin.tar.gz,aix,ppc64,jdk,27
2026-09-15T00:24:48+00:00,sapmachine-28+13,382721864,True,sapmachine-jre-28-ea.13_aix-ppc64_bin.tar.gz,aix,ppc64,jre,27
2026-09-15T00:24:48+00:00,sapmachine-28+13,382721864,True,sapmachine-jdk-28-ea.13_aix-ppc64_bin-symbols.tar.gz,aix,ppc64,jdk,2
2026-09-15T00:24:48+00:00,sapmachine-28+13,382721864,True,sapmachine-jdk-28-ea.13_linux-aarch64_bin.tar.gz,linux,aarch64,jdk,29
2026-09-15T00:24:48+00:00,sapmachine-28+13,382721864,True,sapmachine-jre-28-ea.13_linux-aarch64_bin.tar.gz,linux,aarch64,jre,27
2026-09-15T00:24:48+00:00,sapmachine-28+13,382721864,True,sapmachine-jdk-28-ea.13_linux-aarch64_bin-symbols.tar.gz,linux,aarch64,jdk,2
2026-09-15T00:24:48+00:00,sapmachine-28+13,382721864,True,sapmachine-jdk-28-ea.13_windows-x64_bin.zip,windows,x64,jdk,29
2026-09-15T00:24:48+00:00,sapmachine-28+13,382721864,True,sapmachine-jre-28-ea.13_windows-x64_bin.zip,windows,x64,jre,29
2026-09-15T00:24:48+00:00,sapmachine-28+13,382721864,True,sapmachine-jdk-28-ea.13_windows-x64_bin-symbols.tar.gz,windows,x64,jdk,4
2026-09-15T00:24:48+00:00,sapmachine-17.0.21+4,382421693,True,sapmachine-jdk-17.0.21-ea.4_linux-x64-musl_bin.tar.gz,alpine,x64,jdk,28
2026-09-15T00:24:48+00:00,sapmachine-17.0.21+4,382421693,True,sapmachine-jre-17.0.21-ea.4_linux-x64-musl_bin.tar.gz,alpine,x64,jre,28
2026-09-15T00:24:48+00:00,sapmachine-17.0.21+4,382421693,True,sapmachine-jdk-17.0.21-ea.4_linux-x64-musl_bin-symbols.tar.gz,alpine,x64,jdk,5
2026-09-15T00:24:48+00:00,sapmachine-17.0.21+4,382421693,True,sapmachine-jdk-17.0.21-ea.4_macos-aarch64_bin.tar.gz,macos,aarch64,jdk,358
2026-09-15T00:24:48+00:00,sapmachine-17.0.21+4,382421693,True,sapmachine-jre-17.0.21-ea.4_macos-aarch64_bin.tar.gz,macos,aarch64,jre,33
2026-09-15T00:24:48+00:00,sapmachine-17.0.21+4,382421693,True,sapmachine-jdk-17.0.21-ea.4_macos-aarch64_bin-symbols.tar.gz,macos,aarch64,jdk,3
2026-09-15T00:24:48+00:00,sapmachine-17.0.21+4,382421693,True,sapmachine-jdk-17.0.21-ea.4_macos-aarch64_bin.dmg,macos,aarch64,jdk,30
2026-09-15T00:24:48+00:00,sapmachine-17.0.21+4,382421693,True,sapmachine-jre-17.0.21-ea.4_macos-aarch64_bin.dmg,macos,aarch64,jre,29
2026-09-15T00:24:48+00:00,sapmachine-17.0.21+4,382421693,True,sapmachine-jdk-17.0.21-ea.4_linux-x64_bin.tar.gz,linux,x64,jdk,172
2026-09-15T00:24:48+00:00,sapmachine-17.0.21+4,382421693,True,sapmachine-jre-17.0.21-ea.4_linux-x64_bin.tar.gz,linux,x64,jre,27
2026-09-15T00:24:48+00:00,sapmachine-17.0.21+4,382421693,True,sapmachine-jdk-17.0.21-ea.4_linux-x64_bin-symbols.tar.gz,linux,x64,jdk,4
2026-09-15T00:24:48+00:00,sapmachine-17.0.21+4,382421693,True,sapmachine-jdk-17.0.21-ea.4_linux-ppc64le_bin.tar.gz,linux,ppc64,jdk,26
2026-09-15T00:24:48+00:00,sapmachine-17.0.21+4,382421693,True,sapmachine-jre-17.0.21-ea.4_linux-ppc64le_bin.tar.gz,linux,ppc64,jre,27
2026-09-15T00:24:48+00:00,sapmachine-17.0.21+4,382421693,True,sapmachine-jdk-17.0.21-ea.4_linux-ppc64le_bin-symbols.tar.gz,linux,ppc64,jdk,4
2026-09-15T00:24:48+00:00,sapmachine-17.0.21+4,382421693,True,sapmachine-jdk-17.0.21-ea.4_linux-aarch64_bin.tar.gz,linux,aarch64,jdk,28
2026-09-15T00:24:48+00:00,sapmachine-17.0.21+4,382421693,True,sapmachine-jre-17.0.21-ea.4_linux-aarch64_bin.tar.gz,linux,aarch64,jre,28
2026-09-15T00:24:48+00:00,sapmachine-17.0.21+4,382421693,True,sapmachine-jdk-17.0.21-ea.4_linux-aarch64_bin-symbols.tar.gz,linux,aarch64,jdk,3
2026-09-15T00:24:48+00:00,sapmachine-17.0.21+4,382421693,True,sapmachine-jdk-17.0.21-ea.4_windows-x64_bin.zip,windows,x64,jdk,168
2026-09-15T00:24:48+00:00,sapmachine-17.0.21+4,382421693,True,sapmachine-jre-17.0.21-ea.4_windows-x64_bin.zip,windows,x64,jre,27
2026-09-15T00:24:48+00:00,sapmachine-17.0.21+4,382421693,True,sapmachine-jdk-17.0.21-ea.4_windows-x64_bin-symbols.tar.gz,windows,x64,jdk,3
2026-09-15T00:24:48+00:00,sapmachine-17.0.21+4,382421693,True,sapmachine-jdk-17.0.21-ea.4_macos-x64_bin.tar.gz,macos,x64,jdk,27
2026-09-15T00:24:48+00:00,sapmachine-17.0.21+4,382421693,True,sapmachine-jre-17.0.21-ea.4_macos-x64_bin.tar.gz,macos,x64,jre,26
2026-09-15T00:24:48+00:00,sapmachine-17.0.21+4,382421693,True,sapmachine-jdk-17.0.21-ea.4_macos-x64_bin-symbols.tar.gz,macos,x64,jdk,3
2026-09-15T00:24:48+00:00,sapmachine-17.0.21+4,382421693,True,sapmachine-jdk-17.0.21-ea.4_macos-x64_bin.dmg,macos,x64,jdk,25
2026-09-15T00:24:48+00:00,sapmachine-17.0.21+4,382421693,True,sapmachine-jre-17.0.21-ea.4_macos-x64_bin.dmg,macos,x64,jre,26
2026-09-15T00:24:48+00:00,sapmachine-21.0.13+4,382421849,True,sapmachine-jdk-21.0.13-ea.4_linux-x64-musl_bin.tar.gz,alpine,x64,jdk,31
2026-09-15T00:24:48+00:00,sapmachine-21.0.13+4,382421849,True,sapmachine-jre-21.0.13-ea.4_linux-x64-musl_bin.tar.gz,alpine,x64,jre,30
2026-09-15T00:24:48+00:00,sapmachine-21.0.13+4,382421849,True,sapmachine-jdk-21.0.13-ea.4_linux-x64-musl_bin-symbols.tar.gz,alpine,x64,jdk,6
2026-09-15T00:24:48+00:00,sapmachine-21.0.13+4,382421849,True,sapmachine-jdk-21.0.13-ea.4_linux-x64_bin.tar.gz,linux,x64,jdk,176
2026-09-15T00:24:48+00:00,sapmachine-21.0.13+4,382421849,True,sapmachine-jre-21.0.13-ea.4_linux-x64_bin.tar.gz,linux,x64,jre,31
2026-09-15T00:24:48+00:00,sapmachine-21.0.13+4,382421849,True,sapmachine-jdk-21.0.13-ea.4_linux-x64_bin-symbols.tar.gz,linux,x64,jdk,6
2026-09-15T00:24:48+00:00,sapmachine-21.0.13+4,382421849,True,sapmachine-jdk-21.0.13-ea.4_macos-aarch64_bin.tar.gz,macos,aarch64,jdk,265
2026-09-15T00:24:48+00:00,sapmachine-21.0.13+4,382421849,True,sapmachine-jre-21.0.13-ea.4_macos-aarch64_bin.tar.gz,macos,aarch64,jre,32
2026-09-15T00:24:48+00:00,sapmachine-21.0.13+4,382421849,True,sapmachine-jdk-21.0.13-ea.4_macos-aarch64_bin-symbols.tar.gz,macos,aarch64,jdk,4
2026-09-15T00:24:48+00:00,sapmachine-21.0.13+4,382421849,True,sapmachine-jdk-21.0.13-ea.4_macos-aarch64_bin.dmg,macos,aarch64,jdk,28
2026-09-15T00:24:48+00:00,sapmachine-21.0.13+4,382421849,True,sapmachine-jre-21.0.13-ea.4_macos-aarch64_bin.dmg,macos,aarch64,jre,28
2026-09-15T00:24:48+00:00,sapmachine-21.0.13+4,382421849,True,sapmachine-jdk-21.0.13-ea.4_linux-ppc64le_bin.tar.gz,linux,ppc64,jdk,27
2026-09-15T00:24:48+00:00,sapmachine-21.0.13+4,382421849,True,sapmachine-jre-21.0.13-ea.4_linux-ppc64le_bin.tar.gz,linux,ppc64,jre,29
2026-09-15T00:24:48+00:00,sapmachine-21.0.13+4,382421849,True,sapmachine-jdk-21.0.13-ea.4_linux-ppc64le_bin-symbols.tar.gz,linux,ppc64,jdk,2
2026-09-15T00:24:48+00:00,sapmachine-21.0.13+4,382421849,True,sapmachine-jdk-21.0.13-ea.4_linux-aarch64_bin.tar.gz,linux,aarch64,jdk,30
2026-09-15T00:24:48+00:00,sapmachine-21.0.13+4,382421849,True,sapmachine-jre-21.0.13-ea.4_linux-aarch64_bin.tar.gz,linux,aarch64,jre,29
2026-09-15T00:24:48+00:00,sapmachine-21.0.13+4,382421849,True,sapmachine-jdk-21.0.13-ea.4_linux-aarch64_bin-symbols.tar.gz,linux,aarch64,jdk,3
2026-09-15T00:24:48+00:00,sapmachine-21.0.13+4,382421849,True,sapmachine-jdk-21.0.13-ea.4_windows-x64_bin.zip,windows,x64,jdk,172
2026-09-15T00:24:48+00:00,sapmachine-21.0.13+4,382421849,True,sapmachine-jre-21.0.13-ea.4_windows-x64_bin.zip,windows,x64,jre,25
2026-09-15T00:24:48+00:00,sapmachine-21.0.13+4,382421849,True,sapmachine-jdk-21.0.13-ea.4_windows-x64_bin-symbols.tar.gz,windows,x64,jdk,4
2026-09-15T00:24:48+00:00,sapmachine-21.0.13+4,382421849,True,sapmachine-jdk-21.0.13-ea.4_macos-x64_bin.tar.gz,macos,x64,jdk,27
2026-09-15T00:24:48+00:00,sapmachine-21.0.13+4,382421849,True,sapmachine-jre-21.0.13-ea.4_macos-x64_bin.tar.gz,macos,x64,jre,26
2026-09-15T00:24:48+00:00,sapmachine-21.0.13+4,382421849,True,sapmachine-jdk-21.0.13-ea.4_macos-x64_bin-symbols.tar.gz,macos,x64,jdk,4
2026-09-15T00:24:48+00:00,sapmachine-21.0.13+4,382421849,True,sapmachine-jdk-21.0.13-ea.4_macos-x64_bin.dmg,macos,x64,jdk,26
2026-09-15T00:24:48+00:00,sapmachine-21.0.13+4,382421849,True,sapmachine-jre-21.0.13-ea.4_macos-x64_bin.dmg,macos,x64,jre,27
2026-09-15T00:24:48+00:00,sapmachine-21.0.13+4,382421849,True,sapmachine-jdk-21.0.13-ea.4_aix-ppc64_bin.tar.gz,aix,ppc64,jdk,26
2026-09-15T00:24:48+00:00,sapmachine-21.0.13+4,382421849,True,sapmachine-jre-21.0.13-ea.4_aix-ppc64_bin.tar.gz,aix,ppc64,jre,27
2026-09-15T00:24:48+00:00,sapmachine-21.0.13+4,382421849,True,sapmachine-jdk-21.0.13-ea.4_aix-ppc64_bin-symbols.tar.gz,aix,ppc64,jdk,3
2026-09-15T00:24:48+00:00,sapmachine-28+12,381855867,True,sapmachine-jdk-28-ea.12_linux-x64-musl_bin.tar.gz,alpine,x64,jdk,26
2026-09-15T00:24:48+00:00,sapmachine-28+12,381855867,True,sapmachine-jre-28-ea.12_linux-x64-musl_bin.tar.gz,alpine,x64,jre,27
2026-09-15T00:24:48+00:00,sapmachine-28+12,381855867,True,sapmachine-jdk-28-ea.12_linux-x64-musl_bin-symbols.tar.gz,alpine,x64,jdk,2
2026-09-15T00:24:48+00:00,sapmachine-28+12,381855867,True,sapmachine-jdk-28-ea.12_linux-x64_bin.tar.gz,linux,x64,jdk,26
2026-09-15T00:24:48+00:00,sapmachine-28+12,381855867,True,sapmachine-jre-28-ea.12_linux-x64_bin.tar.gz,linux,x64,jre,26
2026-09-15T00:24:48+00:00,sapmachine-28+12,381855867,True,sapmachine-jdk-28-ea.12_linux-x64_bin-symbols.tar.gz,linux,x64,jdk,1
2026-09-15T00:24:48+00:00,sapmachine-28+12,381855867,True,sapmachine-jdk-28-ea.12_macos-aarch64_bin.tar.gz,macos,aarch64,jdk,26
2026-09-15T00:24:48+00:00,sapmachine-28+12,381855867,True,sapmachine-jre-28-ea.12_macos-aarch64_bin.tar.gz,macos,aarch64,jre,26
2026-09-15T00:24:48+00:00,sapmachine-28+12,381855867,True,sapmachine-jdk-28-ea.12_macos-aarch64_bin-symbols.tar.gz,macos,aarch64,jdk,3
2026-09-15T00:24:48+00:00,sapmachine-28+12,381855867,True,sapmachine-jdk-28-ea.12_macos-aarch64_bin.dmg,macos,aarch64,jdk,29
2026-09-15T00:24:48+00:00,sapmachine-28+12,381855867,True,sapmachine-jre-28-ea.12_macos-aarch64_bin.dmg,macos,aarch64,jre,28
2026-09-15T00:24:48+00:00,sapmachine-28+12,381855867,True,sapmachine-jdk-28-ea.12_linux-ppc64le_bin.tar.gz,linux,ppc64,jdk,27
2026-09-15T00:24:48+00:00,sapmachine-28+12,381855867,True,sapmachine-jre-28-ea.12_linux-ppc64le_bin.tar.gz,linux,ppc64,jre,26
2026-09-15T00:24:48+00:00,sapmachine-28+12,381855867,True,sapmachine-jdk-28-ea.12_linux-ppc64le_bin-symbols.tar.gz,linux,ppc64,jdk,3
2026-09-15T00:24:48+00:00,sapmachine-28+12,381855867,True,sapmachine-jdk-28-ea.12_linux-aarch64_bin.tar.gz,linux,aarch64,jdk,26
2026-09-15T00:24:48+00:00,sapmachine-28+12,381855867,True,sapmachine-jre-28-ea.12_linux-aarch64_bin.tar.gz,linux,aarch64,jre,26
2026-09-15T00:24:48+00:00,sapmachine-28+12,381855867,True,sapmachine-jdk-28-ea.12_linux-aarch64_bin-symbols.tar.gz,linux,aarch64,jdk,1
2026-09-15T00:24:48+00:00,sapmachine-28+12,381855867,True,sapmachine-jdk-28-ea.12_aix-ppc64_bin.tar.gz,aix,ppc64,jdk,27
2026-09-15T00:24:48+00:00,sapmachine-28+12,381855867,True,sapmachine-jre-28-ea.12_aix-ppc64_bin.tar.gz,aix,ppc64,jre,27
2026-09-15T00:24:48+00:00,sapmachine-28+12,381855867,True,sapmachine-jdk-28-ea.12_aix-ppc64_bin-symbols.tar.gz,aix,ppc64,jdk,1
2026-09-15T00:24:48+00:00,sapmachine-28+12,381855867,True,sapmachine-jdk-28-ea.12_windows-x64_bin.zip,windows,x64,jdk,26
2026-09-15T00:24:48+00:00,sapmachine-28+12,381855867,True,sapmachine-jre-28-ea.12_windows-x64_bin.zip,windows,x64,jre,26
2026-09-15T00:24:48+00:00,sapmachine-28+12,381855867,True,sapmachine-jdk-28-ea.12_windows-x64_bin-symbols.tar.gz,windows,x64,jdk,2
2026-09-15T00:24:48+00:00,sapmachine-25.0.5+4,381197640,True,sapmachine-jdk-25.0.5-ea.4_linux-x64-musl_bin.tar.gz,alpine,x64,jdk,27
2026-09-15T00:24:48+00:00,sapmachine-25.0.5+4,381197640,True,sapmachine-jre-25.0.5-ea.4_linux-x64-musl_bin.tar.gz,alpine,x64,jre,27
2026-09-15T00:24:48+00:00,sapmachine-25.0.5+4,381197640,True,sapmachine-jdk-25.0.5-ea.4_linux-x64-musl_bin-symbols.tar.gz,alpine,x64,jdk,2
2026-09-15T00:24:48+00:00,sapmachine-25.0.5+4,381197640,True,sapmachine-jdk-25.0.5-ea.4_aix-ppc64_bin.tar.gz,aix,ppc64,jdk,27
2026-09-15T00:24:48+00:00,sapmachine-25.0.5+4,381197640,True,sapmachine-jre-25.0.5-ea.4_aix-ppc64_bin.tar.gz,aix,ppc64,jre,26
2026-09-15T00:24:48+00:00,sapmachine-25.0.5+4,381197640,True,sapmachine-jdk-25.0.5-ea.4_aix-ppc64_bin-symbols.tar.gz,aix,ppc64,jdk,2
2026-09-15T00:24:48+00:00,sapmachine-25.0.5+4,381197640,True,sapmachine-jdk-25.0.5-ea.4_macos-aarch64_bin.tar.gz,macos,aarch64,jdk,49
2026-09-15T00:24:48+00:00,sapmachine-25.0.5+4,381197640,True,sapmachine-jre-25.0.5-ea.4_macos-aarch64_bin.tar.gz,macos,aarch64,jre,28
2026-09-15T00:24:48+00:00,sapmachine-25.0.5+4,381197640,True,sapmachine-jdk-25.0.5-ea.4_macos-aarch64_bin-symbols.tar.gz,macos,aarch64,jdk,1
2026-09-15T00:24:48+00:00,sapmachine-25.0.5+4,381197640,True,sapmachine-jdk-25.0.5-ea.4_macos-aarch64_bin.dmg,macos,aarch64,jdk,29
2026-09-15T00:24:48+00:00,sapmachine-25.0.5+4,381197640,True,sapmachine-jre-25.0.5-ea.4_macos-aarch64_bin.dmg,macos,aarch64,jre,29
2026-09-15T00:24:48+00:00,sapmachine-25.0.5+4,381197640,True,sapmachine-jdk-25.0.5-ea.4_windows-x64_bin.zip,windows,x64,jdk,28
2026-09-15T00:24:48+00:00,sapmachine-25.0.5+4,381197640,True,sapmachine-jre-25.0.5-ea.4_windows-x64_bin.zip,windows,x64,jre,29
2026-09-15T00:24:48+00:00,sapmachine-25.0.5+4,381197640,True,sapmachine-jdk-25.0.5-ea.4_windows-x64_bin-symbols.tar.gz,windows,x64,jdk,2
2026-09-15T00:24:48+00:00,sapmachine-25.0.5+4,381197640,True,sapmachine-jdk-25.0.5-ea.4_linux-aarch64_bin.tar.gz,linux,aarch64,jdk,30
2026-09-15T00:24:48+00:00,sapmachine-25.0.5+4,381197640,True,sapmachine-jre-25.0.5-ea.4_linux-aarch64_bin.tar.gz,linux,aarch64,jre,28
2026-09-15T00:24:48+00:00,sapmachine-25.0.5+4,381197640,True,sapmachine-jdk-25.0.5-ea.4_linux-aarch64_bin-symbols.tar.gz,linux,aarch64,jdk,2
2026-09-15T00:24:48+00:00,sapmachine-25.0.5+4,381197640,True,sapmachine-jdk-25.0.5-ea.4_linux-x64_bin.tar.gz,linux,x64,jdk,33
2026-09-15T00:24:48+00:00,sapmachine-25.0.5+4,381197640,True,sapmachine-jre-25.0.5-ea.4_linux-x64_bin.tar.gz,linux,x64,jre,28
2026-09-15T00:24:48+00:00,sapmachine-25.0.5+4,381197640,True,sapmachine-jdk-25.0.5-ea.4_linux-x64_bin-symbols.tar.gz,linux,x64,jdk,1
2026-09-15T00:24:48+00:00,sapmachine-25.0.5+4,381197640,True,sapmachine-jdk-25.0.5-ea.4_linux-ppc64le_bin.tar.gz,linux,ppc64,jdk,33
2026-09-15T00:24:48+00:00,sapmachine-25.0.5+4,381197640,True,sapmachine-jre-25.0.5-ea.4_linux-ppc64le_bin.tar.gz,linux,ppc64,jre,28
2026-09-15T00:24:48+00:00,sapmachine-25.0.5+4,381197640,True,sapmachine-jdk-25.0.5-ea.4_linux-ppc64le_bin-symbols.tar.gz,linux,ppc64,jdk,2
2026-09-15T00:24:48+00:00,sapmachine-17.0.21+3,376093539,True,sapmachine-jdk-17.0.21-ea.3_linux-x64-musl_bin.tar.gz,alpine,x64,jdk,40
2026-09-15T00:24:48+00:00,sapmachine-17.0.21+3,376093539,True,sapmachine-jre-17.0.21-ea.3_linux-x64-musl_bin.tar.gz,alpine,x64,jre,39
2026-09-15T00:24:48+00:00,sapmachine-17.0.21+3,376093539,True,sapmachine-jdk-17.0.21-ea.3_linux-x64-musl_bin-symbols.tar.gz,alpine,x64,jdk,2
2026-09-15T00:24:48+00:00,sapmachine-17.0.21+3,376093539,True,sapmachine-jdk-17.0.21-ea.3_linux-x64_bin.tar.gz,linux,x64,jdk,429
2026-09-15T00:24:48+00:00,sapmachine-17.0.21+3,376093539,True,sapmachine-jre-17.0.21-ea.3_linux-x64_bin.tar.gz,linux,x64,jre,41
2026-09-15T00:24:48+00:00,sapmachine-17.0.21+3,376093539,True,sapmachine-jdk-17.0.21-ea.3_linux-x64_bin-symbols.tar.gz,linux,x64,jdk,3
2026-09-15T00:24:48+00:00,sapmachine-17.0.21+3,376093539,True,sapmachine-jdk-17.0.21-ea.3_linux-ppc64le_bin.tar.gz,linux,ppc64,jdk,39
2026-09-15T00:24:48+00:00,sapmachine-17.0.21+3,376093539,True,sapmachine-jre-17.0.21-ea.3_linux-ppc64le_bin.tar.gz,linux,ppc64,jre,38
2026-09-15T00:24:48+00:00,sapmachine-17.0.21+3,376093539,True,sapmachine-jdk-17.0.21-ea.3_linux-ppc64le_bin-symbols.tar.gz,linux,ppc64,jdk,1
2026-09-15T00:24:48+00:00,sapmachine-17.0.21+3,376093539,True,sapmachine-jdk-17.0.21-ea.3_linux-aarch64_bin.tar.gz,linux,aarch64,jdk,41
2026-09-15T00:24:48+00:00,sapmachine-17.0.21+3,376093539,True,sapmachine-jre-17.0.21-ea.3_linux-aarch64_bin.tar.gz,linux,aarch64,jre,40
2026-09-15T00:24:48+00:00,sapmachine-17.0.21+3,376093539,True,sapmachine-jdk-17.0.21-ea.3_linux-aarch64_bin-symbols.tar.gz,linux,aarch64,jdk,1
2026-09-15T00:24:48+00:00,sapmachine-17.0.21+3,376093539,True,sapmachine-jdk-17.0.21-ea.3_windows-x64_bin.zip,windows,x64,jdk,363
2026-09-15T00:24:48+00:00,sapmachine-17.0.21+3,376093539,True,sapmachine-jre-17.0.21-ea.3_windows-x64_bin.zip,windows,x64,jre,38
2026-09-15T00:24:48+00:00,sapmachine-17.0.21+3,376093539,True,sapmachine-jdk-17.0.21-ea.3_windows-x64_bin-symbols.tar.gz,windows,x64,jdk,1
2026-09-15T00:24:48+00:00,sapmachine-17.0.21+3,376093539,True,sapmachine-jdk-17.0.21-ea.3_macos-x64_bin.tar.gz,macos,x64,jdk,37
2026-09-15T00:24:48+00:00,sapmachine-17.0.21+3,376093539,True,sapmachine-jre-17.0.21-ea.3_macos-x64_bin.tar.gz,macos,x64,jre,37
2026-09-15T00:24:48+00:00,sapmachine-17.0.21+3,376093539,True,sapmachine-jdk-17.0.21-ea.3_macos-x64_bin-symbols.tar.gz,macos,x64,jdk,2
2026-09-15T00:24:48+00:00,sapmachine-17.0.21+3,376093539,True,sapmachine-jdk-17.0.21-ea.3_macos-x64_bin.dmg,macos,x64,jdk,36
2026-09-15T00:24:48+00:00,sapmachine-17.0.21+3,376093539,True,sapmachine-jre-17.0.21-ea.3_macos-x64_bin.dmg,macos,x64,jre,36
2026-09-15T00:24:48+00:00,sapmachine-17.0.21+3,376093539,True,sapmachine-jdk-17.0.21-ea.3_macos-aarch64_bin.tar.gz,macos,aarch64,jdk,733
2026-09-15T00:24:48+00:00,sapmachine-17.0.21+3,376093539,True,sapmachine-jre-17.0.21-ea.3_macos-aarch64_bin.tar.gz,macos,aarch64,jre,40
2026-09-15T00:24:48+00:00,sapmachine-17.0.21+3,376093539,True,sapmachine-jdk-17.0.21-ea.3_macos-aarch64_bin-symbols.tar.gz,macos,aarch64,jdk,2
2026-09-15T00:24:48+00:00,sapmachine-17.0.21+3,376093539,True,sapmachine-jdk-17.0.21-ea.3_macos-aarch64_bin.dmg,macos,aarch64,jdk,41
2026-09-15T00:24:48+00:00,sapmachine-17.0.21+3,376093539,True,sapmachine-jre-17.0.21-ea.3_macos-aarch64_bin.dmg,macos,aarch64,jre,38
2026-09-15T00:24:48+00:00,sapmachine-21.0.13+3,376089838,True,sapmachine-jdk-21.0.13-ea.3_linux-x64_bin.tar.gz,linux,x64,jdk,368
2026-09-15T00:24:48+00:00,sapmachine-21.0.13+3,376089838,True,sapmachine-jre-21.0.13-ea.3_linux-x64_bin.tar.gz,linux,x64,jre,41
2026-09-15T00:24:48+00:00,sapmachine-21.0.13+3,376089838,True,sapmachine-jdk-21.0.13-ea.3_linux-x64_bin-symbols.tar.gz,linux,x64,jdk,2
2026-09-15T00:24:48+00:00,sapmachine-21.0.13+3,376089838,True,sapmachine-jdk-21.0.13-ea.3_aix-ppc64_bin.tar.gz,aix,ppc64,jdk,39
2026-09-15T00:24:48+00:00,sapmachine-21.0.13+3,376089838,True,sapmachine-jre-21.0.13-ea.3_aix-ppc64_bin.tar.gz,aix,ppc64,jre,39
2026-09-15T00:24:48+00:00,sapmachine-21.0.13+3,376089838,True,sapmachine-jdk-21.0.13-ea.3_aix-ppc64_bin-symbols.tar.gz,aix,ppc64,jdk,2
2026-09-15T00:24:48+00:00,sapmachine-21.0.13+3,376089838,True,sapmachine-jdk-21.0.13-ea.3_linux-x64-musl_bin.tar.gz,alpine,x64,jdk,38
2026-09-15T00:24:48+00:00,sapmachine-21.0.13+3,376089838,True,sapmachine-jre-21.0.13-ea.3_linux-x64-musl_bin.tar.gz,alpine,x64,jre,38
2026-09-15T00:24:48+00:00,sapmachine-21.0.13+3,376089838,True,sapmachine-jdk-21.0.13-ea.3_linux-x64-musl_bin-symbols.tar.gz,alpine,x64,jdk,1
2026-09-15T00:24:48+00:00,sapmachine-21.0.13+3,376089838,True,sapmachine-jdk-21.0.13-ea.3_linux-ppc64le_bin.tar.gz,linux,ppc64,jdk,38
2026-09-15T00:24:48+00:00,sapmachine-21.0.13+3,376089838,True,sapmachine-jre-21.0.13-ea.3_linux-ppc64le_bin.tar.gz,linux,ppc64,jre,39
2026-09-15T00:24:48+00:00,sapmachine-21.0.13+3,376089838,True,sapmachine-jdk-21.0.13-ea.3_linux-ppc64le_bin-symbols.tar.gz,linux,ppc64,jdk,1
2026-09-15T00:24:48+00:00,sapmachine-21.0.13+3,376089838,True,sapmachine-jdk-21.0.13-ea.3_linux-aarch64_bin.tar.gz,linux,aarch64,jdk,39
2026-09-15T00:24:48+00:00,sapmachine-21.0.13+3,376089838,True,sapmachine-jre-21.0.13-ea.3_linux-aarch64_bin.tar.gz,linux,aarch64,jre,38
2026-09-15T00:24:48+00:00,sapmachine-21.0.13+3,376089838,True,sapmachine-jdk-21.0.13-ea.3_linux-aarch64_bin-symbols.tar.gz,linux,aarch64,jdk,1
2026-09-15T00:24:48+00:00,sapmachine-21.0.13+3,376089838,True,sapmachine-jdk-21.0.13-ea.3_macos-x64_bin.tar.gz,macos,x64,jdk,40
2026-09-15T00:24:48+00:00,sapmachine-21.0.13+3,376089838,True,sapmachine-jre-21.0.13-ea.3_macos-x64_bin.tar.gz,macos,x64,jre,38
2026-09-15T00:24:48+00:00,sapmachine-21.0.13+3,376089838,True,sapmachine-jdk-21.0.13-ea.3_macos-x64_bin-symbols.tar.gz,macos,x64,jdk,2
2026-09-15T00:24:48+00:00,sapmachine-21.0.13+3,376089838,True,sapmachine-jdk-21.0.13-ea.3_macos-x64_bin.dmg,macos,x64,jdk,37
2026-09-15T00:24:48+00:00,sapmachine-21.0.13+3,376089838,True,sapmachine-jre-21.0.13-ea.3_macos-x64_bin.dmg,macos,x64,jre,36
2026-09-15T00:24:48+00:00,sapmachine-21.0.13+3,376089838,True,sapmachine-jdk-21.0.13-ea.3_windows-x64_bin.zip,windows,x64,jdk,363
2026-09-15T00:24:48+00:00,sapmachine-21.0.13+3,376089838,True,sapmachine-jre-21.0.13-ea.3_windows-x64_bin.zip,windows,x64,jre,37
2026-09-15T00:24:48+00:00,sapmachine-21.0.13+3,376089838,True,sapmachine-jdk-21.0.13-ea.3_windows-x64_bin-symbols.tar.gz,windows,x64,jdk,1
2026-09-15T00:24:48+00:00,sapmachine-21.0.13+3,376089838,True,sapmachine-jdk-21.0.13-ea.3_macos-aarch64_bin.tar.gz,macos,aarch64,jdk,491
2026-09-15T00:24:48+00:00,sapmachine-21.0.13+3,376089838,True,sapmachine-jre-21.0.13-ea.3_macos-aarch64_bin.tar.gz,macos,aarch64,jre,42
2026-09-15T00:24:48+00:00,sapmachine-21.0.13+3,376089838,True,sapmachine-jdk-21.0.13-ea.3_macos-aarch64_bin-symbols.tar.gz,macos,aarch64,jdk,2
2026-09-15T00:24:48+00:00,sapmachine-21.0.13+3,376089838,True,sapmachine-jdk-21.0.13-ea.3_macos-aarch64_bin.dmg,macos,aarch64,jdk,39
2026-09-15T00:24:48+00:00,sapmachine-21.0.13+3,376089838,True,sapmachine-jre-21.0.13-ea.3_macos-aarch64_bin.dmg,macos,aarch64,jre,37
2026-09-15T00:24:48+00:00,sapmachine-27+35,376088749,True,sapmachine-jdk-27-ea.35_linux-x64-musl_bin.tar.gz,alpine,x64,jdk,41
2026-09-15T00:24:48+00:00,sapmachine-27+35,376088749,True,sapmachine-jre-27-ea.35_linux-x64-musl_bin.tar.gz,alpine,x64,jre,40
2026-09-15T00:24:48+00:00,sapmachine-27+35,376088749,True,sapmachine-jdk-27-ea.35_linux-x64-musl_bin-symbols.tar.gz,alpine,x64,jdk,2
2026-09-15T00:24:48+00:00,sapmachine-27+35,376088749,True,sapmachine-jdk-27-ea.35_linux-x64_bin.tar.gz,linux,x64,jdk,44
2026-09-15T00:24:48+00:00,sapmachine-27+35,376088749,True,sapmachine-jre-27-ea.35_linux-x64_bin.tar.gz,linux,x64,jre,40
2026-09-15T00:24:48+00:00,sapmachine-27+35,376088749,True,sapmachine-jdk-27-ea.35_linux-x64_bin-symbols.tar.gz,linux,x64,jdk,2
2026-09-15T00:24:48+00:00,sapmachine-27+35,376088749,True,sapmachine-jdk-27-ea.35_linux-aarch64_bin.tar.gz,linux,aarch64,jdk,41
2026-09-15T00:24:48+00:00,sapmachine-27+35,376088749,True,sapmachine-jre-27-ea.35_linux-aarch64_bin.tar.gz,linux,aarch64,jre,39
2026-09-15T00:24:48+00:00,sapmachine-27+35,376088749,True,sapmachine-jdk-27-ea.35_linux-aarch64_bin-symbols.tar.gz,linux,aarch64,jdk,1
2026-09-15T00:24:48+00:00,sapmachine-27+35,376088749,True,sapmachine-jdk-27-ea.35_linux-ppc64le_bin.tar.gz,linux,ppc64,jdk,45
2026-09-15T00:24:48+00:00,sapmachine-27+35,376088749,True,sapmachine-jre-27-ea.35_linux-ppc64le_bin.tar.gz,linux,ppc64,jre,39
2026-09-15T00:24:48+00:00,sapmachine-27+35,376088749,True,sapmachine-jdk-27-ea.35_linux-ppc64le_bin-symbols.tar.gz,linux,ppc64,jdk,1
2026-09-15T00:24:48+00:00,sapmachine-27+35,376088749,True,sapmachine-jdk-27-ea.35_aix-ppc64_bin.tar.gz,aix,ppc64,jdk,40
2026-09-15T00:24:48+00:00,sapmachine-27+35,376088749,True,sapmachine-jre-27-ea.35_aix-ppc64_bin.tar.gz,aix,ppc64,jre,39
2026-09-15T00:24:48+00:00,sapmachine-27+35,376088749,True,sapmachine-jdk-27-ea.35_aix-ppc64_bin-symbols.tar.gz,aix,ppc64,jdk,1
2026-09-15T00:24:48+00:00,sapmachine-27+35,376088749,True,sapmachine-jdk-27-ea.35_macos-aarch64_bin.tar.gz,macos,aarch64,jdk,45
2026-09-15T00:24:48+00:00,sapmachine-27+35,376088749,True,sapmachine-jre-27-ea.35_macos-aarch64_bin.tar.gz,macos,aarch64,jre,43
2026-09-15T00:24:48+00:00,sapmachine-27+35,376088749,True,sapmachine-jdk-27-ea.35_macos-aarch64_bin-symbols.tar.gz,macos,aarch64,jdk,1
2026-09-15T00:24:48+00:00,sapmachine-27+35,376088749,True,sapmachine-jdk-27-ea.35_macos-aarch64_bin.dmg,macos,aarch64,jdk,41
2026-09-15T00:24:48+00:00,sapmachine-27+35,376088749,True,sapmachine-jre-27-ea.35_macos-aarch64_bin.dmg,macos,aarch64,jre,37
2026-09-15T00:24:48+00:00,sapmachine-27+35,376088749,True,sapmachine-jdk-27-ea.35_windows-x64_bin.zip,windows,x64,jdk,45
2026-09-15T00:24:48+00:00,sapmachine-27+35,376088749,True,sapmachine-jre-27-ea.35_windows-x64_bin.zip,windows,x64,jre,40
2026-09-15T00:24:48+00:00,sapmachine-27+35,376088749,True,sapmachine-jdk-27-ea.35_windows-x64_bin-symbols.tar.gz,windows,x64,jdk,1
2026-09-15T00:24:48+00:00,sapmachine-25.0.5+3,375384200,True,sapmachine-jdk-25.0.5-ea.3_linux-x64-musl_bin.tar.gz,alpine,x64,jdk,42
2026-09-15T00:24:48+00:00,sapmachine-25.0.5+3,375384200,True,sapmachine-jre-25.0.5-ea.3_linux-x64-musl_bin.tar.gz,alpine,x64,jre,40
2026-09-15T00:24:48+00:00,sapmachine-25.0.5+3,375384200,True,sapmachine-jdk-25.0.5-ea.3_linux-x64-musl_bin-symbols.tar.gz,alpine,x64,jdk,3
2026-09-15T00:24:48+00:00,sapmachine-25.0.5+3,375384200,True,sapmachine-jdk-25.0.5-ea.3_linux-x64_bin.tar.gz,linux,x64,jdk,51
2026-09-15T00:24:48+00:00,sapmachine-25.0.5+3,375384200,True,sapmachine-jre-25.0.5-ea.3_linux-x64_bin.tar.gz,linux,x64,jre,43
2026-09-15T00:24:48+00:00,sapmachine-25.0.5+3,375384200,True,sapmachine-jdk-25.0.5-ea.3_linux-x64_bin-symbols.tar.gz,linux,x64,jdk,2
2026-09-15T00:24:48+00:00,sapmachine-25.0.5+3,375384200,True,sapmachine-jdk-25.0.5-ea.3_linux-ppc64le_bin.tar.gz,linux,ppc64,jdk,41
2026-09-15T00:24:48+00:00,sapmachine-25.0.5+3,375384200,True,sapmachine-jre-25.0.5-ea.3_linux-ppc64le_bin.tar.gz,linux,ppc64,jre,41
2026-09-15T00:24:48+00:00,sapmachine-25.0.5+3,375384200,True,sapmachine-jdk-25.0.5-ea.3_linux-ppc64le_bin-symbols.tar.gz,linux,ppc64,jdk,2
2026-09-15T00:24:48+00:00,sapmachine-25.0.5+3,375384200,True,sapmachine-jdk-25.0.5-ea.3_linux-aarch64_bin.tar.gz,linux,aarch64,jdk,41
2026-09-15T00:24:48+00:00,sapmachine-25.0.5+3,375384200,True,sapmachine-jre-25.0.5-ea.3_linux-aarch64_bin.tar.gz,linux,aarch64,jre,42
2026-09-15T00:24:48+00:00,sapmachine-25.0.5+3,375384200,True,sapmachine-jdk-25.0.5-ea.3_linux-aarch64_bin-symbols.tar.gz,linux,aarch64,jdk,1
2026-09-15T00:24:48+00:00,sapmachine-25.0.5+3,375384200,True,sapmachine-jdk-25.0.5-ea.3_aix-ppc64_bin.tar.gz,aix,ppc64,jdk,39
2026-09-15T00:24:48+00:00,sapmachine-25.0.5+3,375384200,True,sapmachine-jre-25.0.5-ea.3_aix-ppc64_bin.tar.gz,aix,ppc64,jre,39
2026-09-15T00:24:48+00:00,sapmachine-25.0.5+3,375384200,True,sapmachine-jdk-25.0.5-ea.3_aix-ppc64_bin-symbols.tar.gz,aix,ppc64,jdk,1
2026-09-15T00:24:48+00:00,sapmachine-25.0.5+3,375384200,True,sapmachine-jdk-25.0.5-ea.3_macos-aarch64_bin.tar.gz,macos,aarch64,jdk,48
2026-09-15T00:24:48+00:00,sapmachine-25.0.5+3,375384200,True,sapmachine-jre-25.0.5-ea.3_macos-aarch64_bin.tar.gz,macos,aarch64,jre,39
2026-09-15T00:24:48+00:00,sapmachine-25.0.5+3,375384200,True,sapmachine-jdk-25.0.5-ea.3_macos-aarch64_bin-symbols.tar.gz,macos,aarch64,jdk,1
2026-09-15T00:24:48+00:00,sapmachine-25.0.5+3,375384200,True,sapmachine-jdk-25.0.5-ea.3_macos-aarch64_bin.dmg,macos,aarch64,jdk,39
2026-09-15T00:24:48+00:00,sapmachine-25.0.5+3,375384200,True,sapmachine-jre-25.0.5-ea.3_macos-aarch64_bin.dmg,macos,aarch64,jre,38
2026-09-15T00:24:48+00:00,sapmachine-25.0.5+3,375384200,True,sapmachine-jdk-25.0.5-ea.3_windows-x64_bin.zip,windows,x64,jdk,44
2026-09-15T00:24:48+00:00,sapmachine-25.0.5+3,375384200,True,sapmachine-jre-25.0.5-ea.3_windows-x64_bin.zip,windows,x64,jre,43
2026-09-15T00:24:48+00:00,sapmachine-25.0.5+3,375384200,True,sapmachine-jdk-25.0.5-ea.3_windows-x64_bin-symbols.tar.gz,windows,x64,jdk,1
2026-09-15T00:24:48+00:00,sapmachine-17.0.21+2,370777100,True,sapmachine-jdk-17.0.21-ea.2_linux-x64-musl_bin.tar.gz,alpine,x64,jdk,39
2026-09-15T00:24:48+00:00,sapmachine-17.0.21+2,370777100,True,sapmachine-jre-17.0.21-ea.2_linux-x64-musl_bin.tar.gz,alpine,x64,jre,38
2026-09-15T00:24:48+00:00,sapmachine-17.0.21+2,370777100,True,sapmachine-jdk-17.0.21-ea.2_linux-x64-musl_bin-symbols.tar.gz,alpine,x64,jdk,1
2026-09-15T00:24:48+00:00,sapmachine-17.0.21+2,370777100,True,sapmachine-jdk-17.0.21-ea.2_linux-x64_bin.tar.gz,linux,x64,jdk,355
2026-09-15T00:24:48+00:00,sapmachine-17.0.21+2,370777100,True,sapmachine-jre-17.0.21-ea.2_linux-x64_bin.tar.gz,linux,x64,jre,40
2026-09-15T00:24:48+00:00,sapmachine-17.0.21+2,370777100,True,sapmachine-jdk-17.0.21-ea.2_linux-x64_bin-symbols.tar.gz,linux,x64,jdk,1
2026-09-15T00:24:48+00:00,sapmachine-17.0.21+2,370777100,True,sapmachine-jdk-17.0.21-ea.2_macos-aarch64_bin.tar.gz,macos,aarch64,jdk,664
2026-09-15T00:24:48+00:00,sapmachine-17.0.21+2,370777100,True,sapmachine-jre-17.0.21-ea.2_macos-aarch64_bin.tar.gz,macos,aarch64,jre,41
2026-09-15T00:24:48+00:00,sapmachine-17.0.21+2,370777100,True,sapmachine-jdk-17.0.21-ea.2_macos-aarch64_bin-symbols.tar.gz,macos,aarch64,jdk,1
2026-09-15T00:24:48+00:00,sapmachine-17.0.21+2,370777100,True,sapmachine-jdk-17.0.21-ea.2_macos-aarch64_bin.dmg,macos,aarch64,jdk,41
2026-09-15T00:24:48+00:00,sapmachine-17.0.21+2,370777100,True,sapmachine-jre-17.0.21-ea.2_macos-aarch64_bin.dmg,macos,aarch64,jre,39
2026-09-15T00:24:48+00:00,sapmachine-17.0.21+2,370777100,True,sapmachine-jdk-17.0.21-ea.2_linux-ppc64le_bin.tar.gz,linux,ppc64,jdk,41
2026-09-15T00:24:48+00:00,sapmachine-17.0.21+2,370777100,True,sapmachine-jre-17.0.21-ea.2_linux-ppc64le_bin.tar.gz,linux,ppc64,jre,40
2026-09-15T00:24:48+00:00,sapmachine-17.0.21+2,370777100,True,sapmachine-jdk-17.0.21-ea.2_linux-ppc64le_bin-symbols.tar.gz,linux,ppc64,jdk,1
2026-09-15T00:24:48+00:00,sapmachine-17.0.21+2,370777100,True,sapmachine-jdk-17.0.21-ea.2_linux-aarch64_bin.tar.gz,linux,aarch64,jdk,41
2026-09-15T00:24:48+00:00,sapmachine-17.0.21+2,370777100,True,sapmachine-jre-17.0.21-ea.2_linux-aarch64_bin.tar.gz,linux,aarch64,jre,40
2026-09-15T00:24:48+00:00,sapmachine-17.0.21+2,370777100,True,sapmachine-jdk-17.0.21-ea.2_linux-aarch64_bin-symbols.tar.gz,linux,aarch64,jdk,1
2026-09-15T00:24:48+00:00,sapmachine-17.0.21+2,370777100,True,sapmachine-jdk-17.0.21-ea.2_windows-x64_bin.zip,windows,x64,jdk,348
2026-09-15T00:24:48+00:00,sapmachine-17.0.21+2,370777100,True,sapmachine-jre-17.0.21-ea.2_windows-x64_bin.zip,windows,x64,jre,41
2026-09-15T00:24:48+00:00,sapmachine-17.0.21+2,370777100,True,sapmachine-jdk-17.0.21-ea.2_windows-x64_bin-symbols.tar.gz,windows,x64,jdk,1
2026-09-15T00:24:48+00:00,sapmachine-17.0.21+2,370777100,True,sapmachine-jdk-17.0.21-ea.2_macos-x64_bin.tar.gz,macos,x64,jdk,39
2026-09-15T00:24:48+00:00,sapmachine-17.0.21+2,370777100,True,sapmachine-jre-17.0.21-ea.2_macos-x64_bin.tar.gz,macos,x64,jre,38
2026-09-15T00:24:48+00:00,sapmachine-17.0.21+2,370777100,True,sapmachine-jdk-17.0.21-ea.2_macos-x64_bin-symbols.tar.gz,macos,x64,jdk,1
2026-09-15T00:24:48+00:00,sapmachine-17.0.21+2,370777100,True,sapmachine-jdk-17.0.21-ea.2_macos-x64_bin.dmg,macos,x64,jdk,38
2026-09-15T00:24:48+00:00,sapmachine-17.0.21+2,370777100,True,sapmachine-jre-17.0.21-ea.2_macos-x64_bin.dmg,macos,x64,jre,37
2026-09-15T00:24:48+00:00,sapmachine-21.0.13+2,370772499,True,sapmachine-jdk-21.0.13-ea.2_linux-x64-musl_bin.tar.gz,alpine,x64,jdk,40
2026-09-15T00:24:48+00:00,sapmachine-21.0.13+2,370772499,True,sapmachine-jre-21.0.13-ea.2_linux-x64-musl_bin.tar.gz,alpine,x64,jre,39
2026-09-15T00:24:48+00:00,sapmachine-21.0.13+2,370772499,True,sapmachine-jdk-21.0.13-ea.2_linux-x64-musl_bin-symbols.tar.gz,alpine,x64,jdk,1
2026-09-15T00:24:48+00:00,sapmachine-21.0.13+2,370772499,True,sapmachine-jdk-21.0.13-ea.2_linux-x64_bin.tar.gz,linux,x64,jdk,350
2026-09-15T00:24:48+00:00,sapmachine-21.0.13+2,370772499,True,sapmachine-jre-21.0.13-ea.2_linux-x64_bin.tar.gz,linux,x64,jre,40
2026-09-15T00:24:48+00:00,sapmachine-21.0.13+2,370772499,True,sapmachine-jdk-21.0.13-ea.2_linux-x64_bin-symbols.tar.gz,linux,x64,jdk,1
2026-09-15T00:24:48+00:00,sapmachine-21.0.13+2,370772499,True,sapmachine-jdk-21.0.13-ea.2_aix-ppc64_bin.tar.gz,aix,ppc64,jdk,39
2026-09-15T00:24:48+00:00,sapmachine-21.0.13+2,370772499,True,sapmachine-jre-21.0.13-ea.2_aix-ppc64_bin.tar.gz,aix,ppc64,jre,39
2026-09-15T00:24:48+00:00,sapmachine-21.0.13+2,370772499,True,sapmachine-jdk-21.0.13-ea.2_aix-ppc64_bin-symbols.tar.gz,aix,ppc64,jdk,1
2026-09-15T00:24:48+00:00,sapmachine-21.0.13+2,370772499,True,sapmachine-jdk-21.0.13-ea.2_macos-aarch64_bin.tar.gz,macos,aarch64,jdk,434
2026-09-15T00:24:48+00:00,sapmachine-21.0.13+2,370772499,True,sapmachine-jre-21.0.13-ea.2_macos-aarch64_bin.tar.gz,macos,aarch64,jre,43
2026-09-15T00:24:48+00:00,sapmachine-21.0.13+2,370772499,True,sapmachine-jdk-21.0.13-ea.2_macos-aarch64_bin-symbols.tar.gz,macos,aarch64,jdk,1
2026-09-15T00:24:48+00:00,sapmachine-21.0.13+2,370772499,True,sapmachine-jdk-21.0.13-ea.2_macos-aarch64_bin.dmg,macos,aarch64,jdk,41
2026-09-15T00:24:48+00:00,sapmachine-21.0.13+2,370772499,True,sapmachine-jre-21.0.13-ea.2_macos-aarch64_bin.dmg,macos,aarch64,jre,39
2026-09-15T00:24:48+00:00,sapmachine-21.0.13+2,370772499,True,sapmachine-jdk-21.0.13-ea.2_linux-ppc64le_bin.tar.gz,linux,ppc64,jdk,41
2026-09-15T00:24:48+00:00,sapmachine-21.0.13+2,370772499,True,sapmachine-jre-21.0.13-ea.2_linux-ppc64le_bin.tar.gz,linux,ppc64,jre,41
2026-09-15T00:24:48+00:00,sapmachine-21.0.13+2,370772499,True,sapmachine-jdk-21.0.13-ea.2_linux-ppc64le_bin-symbols.tar.gz,linux,ppc64,jdk,1
2026-09-15T00:24:48+00:00,sapmachine-21.0.13+2,370772499,True,sapmachine-jdk-21.0.13-ea.2_linux-aarch64_bin.tar.gz,linux,aarch64,jdk,41
2026-09-15T00:24:48+00:00,sapmachine-21.0.13+2,370772499,True,sapmachine-jre-21.0.13-ea.2_linux-aarch64_bin.tar.gz,linux,aarch64,jre,41
2026-09-15T00:24:48+00:00,sapmachine-21.0.13+2,370772499,True,sapmachine-jdk-21.0.13-ea.2_linux-aarch64_bin-symbols.tar.gz,linux,aarch64,jdk,1
2026-09-15T00:24:48+00:00,sapmachine-21.0.13+2,370772499,True,sapmachine-jdk-21.0.13-ea.2_macos-x64_bin.tar.gz,macos,x64,jdk,40
2026-09-15T00:24:48+00:00,sapmachine-21.0.13+2,370772499,True,sapmachine-jre-21.0.13-ea.2_macos-x64_bin.tar.gz,macos,x64,jre,38
2026-09-15T00:24:48+00:00,sapmachine-21.0.13+2,370772499,True,sapmachine-jdk-21.0.13-ea.2_macos-x64_bin-symbols.tar.gz,macos,x64,jdk,1
2026-09-15T00:24:48+00:00,sapmachine-21.0.13+2,370772499,True,sapmachine-jdk-21.0.13-ea.2_macos-x64_bin.dmg,macos,x64,jdk,38
2026-09-15T00:24:48+00:00,sapmachine-21.0.13+2,370772499,True,sapmachine-jre-21.0.13-ea.2_macos-x64_bin.dmg,macos,x64,jre,37
2026-09-15T00:24:48+00:00,sapmachine-21.0.13+2,370772499,True,sapmachine-jdk-21.0.13-ea.2_windows-x64_bin.zip,windows,x64,jdk,360
2026-09-15T00:24:48+00:00,sapmachine-21.0.13+2,370772499,True,sapmachine-jre-21.0.13-ea.2_windows-x64_bin.zip,windows,x64,jre,41
2026-09-15T00:24:48+00:00,sapmachine-21.0.13+2,370772499,True,sapmachine-jdk-21.0.13-ea.2_windows-x64_bin-symbols.tar.gz,windows,x64,jdk,1
2026-09-15T00:24:48+00:00,sapmachine-25.0.5+2,370767000,True,sapmachine-jdk-25.0.5-ea.2_linux-x64-musl_bin.tar.gz,alpine,x64,jdk,40
2026-09-15T00:24:48+00:00,sapmachine-25.0.5+2,370767000,True,sapmachine-jre-25.0.5-ea.2_linux-x64-musl_bin.tar.gz,alpine,x64,jre,40
2026-09-15T00:24:48+00:00,sapmachine-25.0.5+2,370767000,True,sapmachine-jdk-25.0.5-ea.2_linux-x64-musl_bin-symbols.tar.gz,alpine,x64,jdk,2
2026-09-15T00:24:48+00:00,sapmachine-25.0.5+2,370767000,True,sapmachine-jdk-25.0.5-ea.2_linux-x64_bin.tar.gz,linux,x64,jdk,42
2026-09-15T00:24:48+00:00,sapmachine-25.0.5+2,370767000,True,sapmachine-jre-25.0.5-ea.2_linux-x64_bin.tar.gz,linux,x64,jre,41
2026-09-15T00:24:48+00:00,sapmachine-25.0.5+2,370767000,True,sapmachine-jdk-25.0.5-ea.2_linux-x64_bin-symbols.tar.gz,linux,x64,jdk,1
2026-09-15T00:24:48+00:00,sapmachine-25.0.5+2,370767000,True,sapmachine-jdk-25.0.5-ea.2_aix-ppc64_bin.tar.gz,aix,ppc64,jdk,39
2026-09-15T00:24:48+00:00,sapmachine-25.0.5+2,370767000,True,sapmachine-jre-25.0.5-ea.2_aix-ppc64_bin.tar.gz,aix,ppc64,jre,39
2026-09-15T00:24:48+00:00,sapmachine-25.0.5+2,370767000,True,sapmachine-jdk-25.0.5-ea.2_aix-ppc64_bin-symbols.tar.gz,aix,ppc64,jdk,1
2026-09-15T00:24:48+00:00,sapmachine-25.0.5+2,370767000,True,sapmachine-jdk-25.0.5-ea.2_macos-aarch64_bin.tar.gz,macos,aarch64,jdk,71
2026-09-15T00:24:48+00:00,sapmachine-25.0.5+2,370767000,True,sapmachine-jre-25.0.5-ea.2_macos-aarch64_bin.tar.gz,macos,aarch64,jre,39
2026-09-15T00:24:48+00:00,sapmachine-25.0.5+2,370767000,True,sapmachine-jdk-25.0.5-ea.2_macos-aarch64_bin-symbols.tar.gz,macos,aarch64,jdk,3
2026-09-15T00:24:48+00:00,sapmachine-25.0.5+2,370767000,True,sapmachine-jdk-25.0.5-ea.2_macos-aarch64_bin.dmg,macos,aarch64,jdk,41
2026-09-15T00:24:48+00:00,sapmachine-25.0.5+2,370767000,True,sapmachine-jre-25.0.5-ea.2_macos-aarch64_bin.dmg,macos,aarch64,jre,40
2026-09-15T00:24:48+00:00,sapmachine-25.0.5+2,370767000,True,sapmachine-jdk-25.0.5-ea.2_linux-ppc64le_bin.tar.gz,linux,ppc64,jdk,41
2026-09-15T00:24:48+00:00,sapmachine-25.0.5+2,370767000,True,sapmachine-jre-25.0.5-ea.2_linux-ppc64le_bin.tar.gz,linux,ppc64,jre,41
2026-09-15T00:24:48+00:00,sapmachine-25.0.5+2,370767000,True,sapmachine-jdk-25.0.5-ea.2_linux-ppc64le_bin-symbols.tar.gz,linux,ppc64,jdk,1
2026-09-15T00:24:48+00:00,sapmachine-25.0.5+2,370767000,True,sapmachine-jdk-25.0.5-ea.2_linux-aarch64_bin.tar.gz,linux,aarch64,jdk,41
2026-09-15T00:24:48+00:00,sapmachine-25.0.5+2,370767000,True,sapmachine-jre-25.0.5-ea.2_linux-aarch64_bin.tar.gz,linux,aarch64,jre,41
2026-09-15T00:24:48+00:00,sapmachine-25.0.5+2,370767000,True,sapmachine-jdk-25.0.5-ea.2_linux-aarch64_bin-symbols.tar.gz,linux,aarch64,jdk,1
2026-09-15T00:24:48+00:00,sapmachine-25.0.5+2,370767000,True,sapmachine-jdk-25.0.5-ea.2_windows-x64_bin.zip,windows,x64,jdk,44
2026-09-15T00:24:48+00:00,sapmachine-25.0.5+2,370767000,True,sapmachine-jre-25.0.5-ea.2_windows-x64_bin.zip,windows,x64,jre,42
2026-09-15T00:24:48+00:00,sapmachine-25.0.5+2,370767000,True,sapmachine-jdk-25.0.5-ea.2_windows-x64_bin-symbols.tar.gz,windows,x64,jdk,1
2026-09-15T00:24:48+00:00,sapmachine-28+11,370765788,True,sapmachine-jdk-28-ea.11_linux-x64_bin.tar.gz,linux,x64,jdk,42
2026-09-15T00:24:48+00:00,sapmachine-28+11,370765788,True,sapmachine-jre-28-ea.11_linux-x64_bin.tar.gz,linux,x64,jre,40
2026-09-15T00:24:48+00:00,sapmachine-28+11,370765788,True,sapmachine-jdk-28-ea.11_linux-x64_bin-symbols.tar.gz,linux,x64,jdk,2
2026-09-15T00:24:48+00:00,sapmachine-28+11,370765788,True,sapmachine-jdk-28-ea.11_linux-x64-musl_bin.tar.gz,alpine,x64,jdk,42
2026-09-15T00:24:48+00:00,sapmachine-28+11,370765788,True,sapmachine-jre-28-ea.11_linux-x64-musl_bin.tar.gz,alpine,x64,jre,41
2026-09-15T00:24:48+00:00,sapmachine-28+11,370765788,True,sapmachine-jdk-28-ea.11_linux-x64-musl_bin-symbols.tar.gz,alpine,x64,jdk,2
2026-09-15T00:24:48+00:00,sapmachine-28+11,370765788,True,sapmachine-jdk-28-ea.11_aix-ppc64_bin.tar.gz,aix,ppc64,jdk,41
2026-09-15T00:24:48+00:00,sapmachine-28+11,370765788,True,sapmachine-jre-28-ea.11_aix-ppc64_bin.tar.gz,aix,ppc64,jre,40
2026-09-15T00:24:48+00:00,sapmachine-28+11,370765788,True,sapmachine-jdk-28-ea.11_aix-ppc64_bin-symbols.tar.gz,aix,ppc64,jdk,1
2026-09-15T00:24:48+00:00,sapmachine-28+11,370765788,True,sapmachine-jdk-28-ea.11_macos-aarch64_bin.tar.gz,macos,aarch64,jdk,40
2026-09-15T00:24:48+00:00,sapmachine-28+11,370765788,True,sapmachine-jre-28-ea.11_macos-aarch64_bin.tar.gz,macos,aarch64,jre,40
2026-09-15T00:24:48+00:00,sapmachine-28+11,370765788,True,sapmachine-jdk-28-ea.11_macos-aarch64_bin-symbols.tar.gz,macos,aarch64,jdk,1
2026-09-15T00:24:48+00:00,sapmachine-28+11,370765788,True,sapmachine-jdk-28-ea.11_macos-aarch64_bin.dmg,macos,aarch64,jdk,43
2026-09-15T00:24:48+00:00,sapmachine-28+11,370765788,True,sapmachine-jre-28-ea.11_macos-aarch64_bin.dmg,macos,aarch64,jre,41
2026-09-15T00:24:48+00:00,sapmachine-28+11,370765788,True,sapmachine-jdk-28-ea.11_linux-ppc64le_bin.tar.gz,linux,ppc64,jdk,38
2026-09-15T00:24:48+00:00,sapmachine-28+11,370765788,True,sapmachine-jre-28-ea.11_linux-ppc64le_bin.tar.gz,linux,ppc64,jre,38
2026-09-15T00:24:48+00:00,sapmachine-28+11,370765788,True,sapmachine-jdk-28-ea.11_linux-ppc64le_bin-symbols.tar.gz,linux,ppc64,jdk,1
2026-09-15T00:24:48+00:00,sapmachine-28+11,370765788,True,sapmachine-jdk-28-ea.11_linux-aarch64_bin.tar.gz,linux,aarch64,jdk,39
2026-09-15T00:24:48+00:00,sapmachine-28+11,370765788,True,sapmachine-jre-28-ea.11_linux-aarch64_bin.tar.gz,linux,aarch64,jre,39
2026-09-15T00:24:48+00:00,sapmachine-28+11,370765788,True,sapmachine-jdk-28-ea.11_linux-aarch64_bin-symbols.tar.gz,linux,aarch64,jdk,1
2026-09-15T00:24:48+00:00,sapmachine-28+11,370765788,True,sapmachine-jdk-28-ea.11_windows-x64_bin.zip,windows,x64,jdk,42
2026-09-15T00:24:48+00:00,sapmachine-28+11,370765788,True,sapmachine-jre-28-ea.11_windows-x64_bin.zip,windows,x64,jre,42
2026-09-15T00:24:48+00:00,sapmachine-28+11,370765788,True,sapmachine-jdk-28-ea.11_windows-x64_bin-symbols.tar.gz,windows,x64,jdk,1
2026-09-15T00:24:48+00:00,sapmachine-17.0.20.1,372686560,False,sapmachine-17.0.20.1-sbom-linux-aarch64.json,linux,aarch64,,31
2026-09-15T00:24:48+00:00,sapmachine-17.0.20.1,372686560,False,sapmachine-17.0.20.1-sbom-linux-ppc64le.json,linux,ppc64,,31
2026-09-15T00:24:48+00:00,sapmachine-17.0.20.1,372686560,False,sapmachine-17.0.20.1-sbom-linux-x64-musl.json,alpine,x64,,31
2026-09-15T00:24:48+00:00,sapmachine-17.0.20.1,372686560,False,sapmachine-17.0.20.1-sbom-linux-x64.json,linux,x64,,32
2026-09-15T00:24:48+00:00,sapmachine-17.0.20.1,372686560,False,sapmachine-17.0.20.1-sbom-macos-aarch64.json,macos,aarch64,,31
2026-09-15T00:24:48+00:00,sapmachine-17.0.20.1,372686560,False,sapmachine-17.0.20.1-sbom-macos-x64.json,macos,x64,,32
2026-09-15T00:24:48+00:00,sapmachine-17.0.20.1,372686560,False,sapmachine-17.0.20.1-sbom-windows-x64.json,windows,x64,,32
2026-09-15T00:24:48+00:00,sapmachine-17.0.20.1,372686560,False,sapmachine-jdk-17.0.20.1_linux-aarch64_bin-symbols.tar.gz,linux,aarch64,jdk,3
2026-09-15T00:24:48+00:00,sapmachine-17.0.20.1,372686560,False,sapmachine-jdk-17.0.20.1_linux-aarch64_bin.tar.gz,linux,aarch64,jdk,203
2026-09-15T00:24:48+00:00,sapmachine-17.0.20.1,372686560,False,sapmachine-jdk-17.0.20.1_linux-ppc64le_bin-symbols.tar.gz,linux,ppc64,jdk,3
2026-09-15T00:24:48+00:00,sapmachine-17.0.20.1,372686560,False,sapmachine-jdk-17.0.20.1_linux-ppc64le_bin.tar.gz,linux,ppc64,jdk,63
2026-09-15T00:24:48+00:00,sapmachine-17.0.20.1,372686560,False,sapmachine-jdk-17.0.20.1_linux-x64-musl_bin-symbols.tar.gz,alpine,x64,jdk,3
2026-09-15T00:24:48+00:00,sapmachine-17.0.20.1,372686560,False,sapmachine-jdk-17.0.20.1_linux-x64-musl_bin.tar.gz,alpine,x64,jdk,1216
2026-09-15T00:24:48+00:00,sapmachine-17.0.20.1,372686560,False,sapmachine-jdk-17.0.20.1_linux-x64_bin-symbols.tar.gz,linux,x64,jdk,3
2026-09-15T00:24:48+00:00,sapmachine-17.0.20.1,372686560,False,sapmachine-jdk-17.0.20.1_linux-x64_bin.tar.gz,linux,x64,jdk,23959
2026-09-15T00:24:48+00:00,sapmachine-17.0.20.1,372686560,False,sapmachine-jdk-17.0.20.1_macos-aarch64_bin-symbols.tar.gz,macos,aarch64,jdk,3
2026-09-15T00:24:48+00:00,sapmachine-17.0.20.1,372686560,False,sapmachine-jdk-17.0.20.1_macos-aarch64_bin.dmg,macos,aarch64,jdk,431
2026-09-15T00:24:48+00:00,sapmachine-17.0.20.1,372686560,False,sapmachine-jdk-17.0.20.1_macos-aarch64_bin.tar.gz,macos,aarch64,jdk,15196
2026-09-15T00:24:48+00:00,sapmachine-17.0.20.1,372686560,False,sapmachine-jdk-17.0.20.1_macos-x64_bin-symbols.tar.gz,macos,x64,jdk,3
2026-09-15T00:24:48+00:00,sapmachine-17.0.20.1,372686560,False,sapmachine-jdk-17.0.20.1_macos-x64_bin.dmg,macos,x64,jdk,179
2026-09-15T00:24:48+00:00,sapmachine-17.0.20.1,372686560,False,sapmachine-jdk-17.0.20.1_macos-x64_bin.tar.gz,macos,x64,jdk,1578
2026-09-15T00:24:48+00:00,sapmachine-17.0.20.1,372686560,False,sapmachine-jdk-17.0.20.1_windows-x64_bin-symbols.tar.gz,windows,x64,jdk,4
2026-09-15T00:24:48+00:00,sapmachine-17.0.20.1,372686560,False,sapmachine-jdk-17.0.20.1_windows-x64_bin.msi,windows,x64,jdk,813
2026-09-15T00:24:48+00:00,sapmachine-17.0.20.1,372686560,False,sapmachine-jdk-17.0.20.1_windows-x64_bin.zip,windows,x64,jdk,2826
2026-09-15T00:24:48+00:00,sapmachine-17.0.20.1,372686560,False,sapmachine-jre-17.0.20.1_linux-aarch64_bin.tar.gz,linux,aarch64,jre,134
2026-09-15T00:24:48+00:00,sapmachine-17.0.20.1,372686560,False,sapmachine-jre-17.0.20.1_linux-ppc64le_bin.tar.gz,linux,ppc64,jre,48
2026-09-15T00:24:48+00:00,sapmachine-17.0.20.1,372686560,False,sapmachine-jre-17.0.20.1_linux-x64-musl_bin.tar.gz,alpine,x64,jre,49
2026-09-15T00:24:48+00:00,sapmachine-17.0.20.1,372686560,False,sapmachine-jre-17.0.20.1_linux-x64_bin.tar.gz,linux,x64,jre,14904
2026-09-15T00:24:48+00:00,sapmachine-17.0.20.1,372686560,False,sapmachine-jre-17.0.20.1_macos-aarch64_bin.dmg,macos,aarch64,jre,46
2026-09-15T00:24:48+00:00,sapmachine-17.0.20.1,372686560,False,sapmachine-jre-17.0.20.1_macos-aarch64_bin.tar.gz,macos,aarch64,jre,805
2026-09-15T00:24:48+00:00,sapmachine-17.0.20.1,372686560,False,sapmachine-jre-17.0.20.1_macos-x64_bin.dmg,macos,x64,jre,44
2026-09-15T00:24:48+00:00,sapmachine-17.0.20.1,372686560,False,sapmachine-jre-17.0.20.1_macos-x64_bin.tar.gz,macos,x64,jre,957
2026-09-15T00:24:48+00:00,sapmachine-17.0.20.1,372686560,False,sapmachine-jre-17.0.20.1_windows-x64_bin.msi,windows,x64,jre,1623
2026-09-15T00:24:48+00:00,sapmachine-17.0.20.1,372686560,False,sapmachine-jre-17.0.20.1_windows-x64_bin.zip,windows,x64,jre,991
2026-09-15T00:24:48+00:00,sapmachine-21.0.12.1,372718652,False,sapmachine-21.0.12.1-sbom-aix-ppc64.json,aix,ppc64,,30
2026-09-15T00:24:48+00:00,sapmachine-21.0.12.1,372718652,False,sapmachine-21.0.12.1-sbom-linux-aarch64.json,linux,aarch64,,30
2026-09-15T00:24:48+00:00,sapmachine-21.0.12.1,372718652,False,sapmachine-21.0.12.1-sbom-linux-ppc64le.json,linux,ppc64,,30
2026-09-15T00:24:48+00:00,sapmachine-21.0.12.1,372718652,False,sapmachine-21.0.12.1-sbom-linux-x64-musl.json,alpine,x64,,30
2026-09-15T00:24:48+00:00,sapmachine-21.0.12.1,372718652,False,sapmachine-21.0.12.1-sbom-linux-x64.json,linux,x64,,30
2026-09-15T00:24:48+00:00,sapmachine-21.0.12.1,372718652,False,sapmachine-21.0.12.1-sbom-macos-aarch64.json,macos,aarch64,,31
2026-09-15T00:24:48+00:00,sapmachine-21.0.12.1,372718652,False,sapmachine-21.0.12.1-sbom-windows-x64.json,windows,x64,,30
2026-09-15T00:24:48+00:00,sapmachine-21.0.12.1,372718652,False,sapmachine-jdk-21.0.12.1_aix-ppc64_bin-symbols.tar.gz,aix,ppc64,jdk,2
2026-09-15T00:24:48+00:00,sapmachine-21.0.12.1,372718652,False,sapmachine-jdk-21.0.12.1_aix-ppc64_bin.tar.gz,aix,ppc64,jdk,81
2026-09-15T00:24:48+00:00,sapmachine-21.0.12.1,372718652,False,sapmachine-jdk-21.0.12.1_linux-aarch64_bin-symbols.tar.gz,linux,aarch64,jdk,2
2026-09-15T00:24:48+00:00,sapmachine-21.0.12.1,372718652,False,sapmachine-jdk-21.0.12.1_linux-aarch64_bin.tar.gz,linux,aarch64,jdk,1621
2026-09-15T00:24:48+00:00,sapmachine-21.0.12.1,372718652,False,sapmachine-jdk-21.0.12.1_linux-ppc64le_bin-symbols.tar.gz,linux,ppc64,jdk,2
2026-09-15T00:24:48+00:00,sapmachine-21.0.12.1,372718652,False,sapmachine-jdk-21.0.12.1_linux-ppc64le_bin.tar.gz,linux,ppc64,jdk,69
2026-09-15T00:24:48+00:00,sapmachine-21.0.12.1,372718652,False,sapmachine-jdk-21.0.12.1_linux-x64-musl_bin-symbols.tar.gz,alpine,x64,jdk,2
2026-09-15T00:24:48+00:00,sapmachine-21.0.12.1,372718652,False,sapmachine-jdk-21.0.12.1_linux-x64-musl_bin.tar.gz,alpine,x64,jdk,1210
2026-09-15T00:24:48+00:00,sapmachine-21.0.12.1,372718652,False,sapmachine-jdk-21.0.12.1_linux-x64_bin-symbols.tar.gz,linux,x64,jdk,2
2026-09-15T00:24:48+00:00,sapmachine-21.0.12.1,372718652,False,sapmachine-jdk-21.0.12.1_linux-x64_bin.tar.gz,linux,x64,jdk,65252
2026-09-15T00:24:48+00:00,sapmachine-21.0.12.1,372718652,False,sapmachine-jdk-21.0.12.1_macos-aarch64_bin-symbols.tar.gz,macos,aarch64,jdk,2
2026-09-15T00:24:48+00:00,sapmachine-21.0.12.1,372718652,False,sapmachine-jdk-21.0.12.1_macos-aarch64_bin.dmg,macos,aarch64,jdk,727
2026-09-15T00:24:48+00:00,sapmachine-21.0.12.1,372718652,False,sapmachine-jdk-21.0.12.1_macos-aarch64_bin.tar.gz,macos,aarch64,jdk,28191
2026-09-15T00:24:48+00:00,sapmachine-21.0.12.1,372718652,False,sapmachine-jdk-21.0.12.1_macos-x64_bin-symbols.tar.gz,macos,x64,jdk,3
2026-09-15T00:24:48+00:00,sapmachine-21.0.12.1,372718652,False,sapmachine-jdk-21.0.12.1_macos-x64_bin.dmg,macos,x64,jdk,304
2026-09-15T00:24:48+00:00,sapmachine-21.0.12.1,372718652,False,sapmachine-jdk-21.0.12.1_macos-x64_bin.tar.gz,macos,x64,jdk,1797
2026-09-15T00:24:48+00:00,sapmachine-21.0.12.1,372718652,False,sapmachine-jdk-21.0.12.1_windows-x64_bin-symbols.tar.gz,windows,x64,jdk,3
2026-09-15T00:24:48+00:00,sapmachine-21.0.12.1,372718652,False,sapmachine-jdk-21.0.12.1_windows-x64_bin.msi,windows,x64,jdk,1015
2026-09-15T00:24:48+00:00,sapmachine-21.0.12.1,372718652,False,sapmachine-jdk-21.0.12.1_windows-x64_bin.zip,windows,x64,jdk,2070
2026-09-15T00:24:48+00:00,sapmachine-21.0.12.1,372718652,False,sapmachine-jre-21.0.12.1_aix-ppc64_bin.tar.gz,aix,ppc64,jre,46
2026-09-15T00:24:48+00:00,sapmachine-21.0.12.1,372718652,False,sapmachine-jre-21.0.12.1_linux-aarch64_bin.tar.gz,linux,aarch64,jre,139
2026-09-15T00:24:48+00:00,sapmachine-21.0.12.1,372718652,False,sapmachine-jre-21.0.12.1_linux-ppc64le_bin.tar.gz,linux,ppc64,jre,47
2026-09-15T00:24:48+00:00,sapmachine-21.0.12.1,372718652,False,sapmachine-jre-21.0.12.1_linux-x64-musl_bin.tar.gz,alpine,x64,jre,52
2026-09-15T00:24:48+00:00,sapmachine-21.0.12.1,372718652,False,sapmachine-jre-21.0.12.1_linux-x64_bin.tar.gz,linux,x64,jre,32310
2026-09-15T00:24:48+00:00,sapmachine-21.0.12.1,372718652,False,sapmachine-jre-21.0.12.1_macos-aarch64_bin.dmg,macos,aarch64,jre,57
2026-09-15T00:24:48+00:00,sapmachine-21.0.12.1,372718652,False,sapmachine-jre-21.0.12.1_macos-aarch64_bin.tar.gz,macos,aarch64,jre,433
2026-09-15T00:24:48+00:00,sapmachine-21.0.12.1,372718652,False,sapmachine-jre-21.0.12.1_macos-x64_bin.dmg,macos,x64,jre,42
2026-09-15T00:24:48+00:00,sapmachine-21.0.12.1,372718652,False,sapmachine-jre-21.0.12.1_macos-x64_bin.tar.gz,macos,x64,jre,222
2026-09-15T00:24:48+00:00,sapmachine-21.0.12.1,372718652,False,sapmachine-jre-21.0.12.1_windows-x64_bin.msi,windows,x64,jre,455
2026-09-15T00:24:48+00:00,sapmachine-21.0.12.1,372718652,False,sapmachine-jre-21.0.12.1_windows-x64_bin.zip,windows,x64,jre,252
2026-09-15T00:24:48+00:00,sapmachine-25.0.4.1,372726787,False,sapmachine-25.0.4.1-sbom-aix-ppc64.json,aix,ppc64,,31
2026-09-15T00:24:48+00:00,sapmachine-25.0.4.1,372726787,False,sapmachine-25.0.4.1-sbom-linux-aarch64.json,linux,aarch64,,32
2026-09-15T00:24:48+00:00,sapmachine-25.0.4.1,372726787,False,sapmachine-25.0.4.1-sbom-linux-ppc64le.json,linux,ppc64,,31
2026-09-15T00:24:48+00:00,sapmachine-25.0.4.1,372726787,False,sapmachine-25.0.4.1-sbom-linux-x64-musl.json,alpine,x64,,31
2026-09-15T00:24:48+00:00,sapmachine-25.0.4.1,372726787,False,sapmachine-25.0.4.1-sbom-linux-x64.json,linux,x64,,32
2026-09-15T00:24:48+00:00,sapmachine-25.0.4.1,372726787,False,sapmachine-25.0.4.1-sbom-macos-aarch64.json,macos,aarch64,,31
2026-09-15T00:24:48+00:00,sapmachine-25.0.4.1,372726787,False,sapmachine-25.0.4.1-sbom-windows-x64.json,windows,x64,,31
2026-09-15T00:24:48+00:00,sapmachine-25.0.4.1,372726787,False,sapmachine-jdk-25.0.4.1_aix-ppc64_bin-symbols.tar.gz,aix,ppc64,jdk,3
2026-09-15T00:24:48+00:00,sapmachine-25.0.4.1,372726787,False,sapmachine-jdk-25.0.4.1_aix-ppc64_bin.tar.gz,aix,ppc64,jdk,108
2026-09-15T00:24:48+00:00,sapmachine-25.0.4.1,372726787,False,sapmachine-jdk-25.0.4.1_linux-aarch64_bin-symbols.tar.gz,linux,aarch64,jdk,4
2026-09-15T00:24:48+00:00,sapmachine-25.0.4.1,372726787,False,sapmachine-jdk-25.0.4.1_linux-aarch64_bin.tar.gz,linux,aarch64,jdk,201
2026-09-15T00:24:48+00:00,sapmachine-25.0.4.1,372726787,False,sapmachine-jdk-25.0.4.1_linux-ppc64le_bin-symbols.tar.gz,linux,ppc64,jdk,4
2026-09-15T00:24:48+00:00,sapmachine-25.0.4.1,372726787,False,sapmachine-jdk-25.0.4.1_linux-ppc64le_bin.tar.gz,linux,ppc64,jdk,74
2026-09-15T00:24:48+00:00,sapmachine-25.0.4.1,372726787,False,sapmachine-jdk-25.0.4.1_linux-x64-musl_bin-symbols.tar.gz,alpine,x64,jdk,4
2026-09-15T00:24:48+00:00,sapmachine-25.0.4.1,372726787,False,sapmachine-jdk-25.0.4.1_linux-x64-musl_bin.tar.gz,alpine,x64,jdk,70
2026-09-15T00:24:48+00:00,sapmachine-25.0.4.1,372726787,False,sapmachine-jdk-25.0.4.1_linux-x64_bin-symbols.tar.gz,linux,x64,jdk,4
2026-09-15T00:24:48+00:00,sapmachine-25.0.4.1,372726787,False,sapmachine-jdk-25.0.4.1_linux-x64_bin.tar.gz,linux,x64,jdk,48435
2026-09-15T00:24:48+00:00,sapmachine-25.0.4.1,372726787,False,sapmachine-jdk-25.0.4.1_macos-aarch64_bin-symbols.tar.gz,macos,aarch64,jdk,4
2026-09-15T00:24:48+00:00,sapmachine-25.0.4.1,372726787,False,sapmachine-jdk-25.0.4.1_macos-aarch64_bin.dmg,macos,aarch64,jdk,469
2026-09-15T00:24:48+00:00,sapmachine-25.0.4.1,372726787,False,sapmachine-jdk-25.0.4.1_macos-aarch64_bin.tar.gz,macos,aarch64,jdk,21887
2026-09-15T00:24:48+00:00,sapmachine-25.0.4.1,372726787,False,sapmachine-jdk-25.0.4.1_windows-x64_bin-symbols.tar.gz,windows,x64,jdk,5
2026-09-15T00:24:48+00:00,sapmachine-25.0.4.1,372726787,False,sapmachine-jdk-25.0.4.1_windows-x64_bin.msi,windows,x64,jdk,1031
2026-09-15T00:24:48+00:00,sapmachine-25.0.4.1,372726787,False,sapmachine-jdk-25.0.4.1_windows-x64_bin.zip,windows,x64,jdk,1172
2026-09-15T00:24:48+00:00,sapmachine-25.0.4.1,372726787,False,sapmachine-jre-25.0.4.1_aix-ppc64_bin.tar.gz,aix,ppc64,jre,46
2026-09-15T00:24:48+00:00,sapmachine-25.0.4.1,372726787,False,sapmachine-jre-25.0.4.1_linux-aarch64_bin.tar.gz,linux,aarch64,jre,116
2026-09-15T00:24:48+00:00,sapmachine-25.0.4.1,372726787,False,sapmachine-jre-25.0.4.1_linux-ppc64le_bin.tar.gz,linux,ppc64,jre,47
2026-09-15T00:24:48+00:00,sapmachine-25.0.4.1,372726787,False,sapmachine-jre-25.0.4.1_linux-x64-musl_bin.tar.gz,alpine,x64,jre,46
2026-09-15T00:24:48+00:00,sapmachine-25.0.4.1,372726787,False,sapmachine-jre-25.0.4.1_linux-x64_bin.tar.gz,linux,x64,jre,11455
2026-09-15T00:24:48+00:00,sapmachine-25.0.4.1,372726787,False,sapmachine-jre-25.0.4.1_macos-aarch64_bin.dmg,macos,aarch64,jre,52
2026-09-15T00:24:48+00:00,sapmachine-25.0.4.1,372726787,False,sapmachine-jre-25.0.4.1_macos-aarch64_bin.tar.gz,macos,aarch64,jre,166
2026-09-15T00:24:48+00:00,sapmachine-25.0.4.1,372726787,False,sapmachine-jre-25.0.4.1_windows-x64_bin.msi,windows,x64,jre,270
2026-09-15T00:24:48+00:00,sapmachine-25.0.4.1,372726787,False,sapmachine-jre-25.0.4.1_windows-x64_bin.zip,windows,x64,jre,123
2026-09-15T00:24:48+00:00,sapmachine-26.0.2.1,372737378,False,sapmachine-jdk-26.0.2.1_aix-ppc64_bin-symbols.tar.gz,aix,ppc64,jdk,6
2026-09-15T00:24:48+00:00,sapmachine-26.0.2.1,372737378,False,sapmachine-jdk-26.0.2.1_aix-ppc64_bin.tar.gz,aix,ppc64,jdk,89
2026-09-15T00:24:48+00:00,sapmachine-26.0.2.1,372737378,False,sapmachine-jdk-26.0.2.1_linux-aarch64_bin-symbols.tar.gz,linux,aarch64,jdk,4
2026-09-15T00:24:48+00:00,sapmachine-26.0.2.1,372737378,False,sapmachine-jdk-26.0.2.1_linux-aarch64_bin.tar.gz,linux,aarch64,jdk,120
2026-09-15T00:24:48+00:00,sapmachine-26.0.2.1,372737378,False,sapmachine-jdk-26.0.2.1_linux-ppc64le_bin-symbols.tar.gz,linux,ppc64,jdk,4
2026-09-15T00:24:48+00:00,sapmachine-26.0.2.1,372737378,False,sapmachine-jdk-26.0.2.1_linux-ppc64le_bin.tar.gz,linux,ppc64,jdk,87
2026-09-15T00:24:48+00:00,sapmachine-26.0.2.1,372737378,False,sapmachine-jdk-26.0.2.1_linux-x64-musl_bin-symbols.tar.gz,alpine,x64,jdk,4
2026-09-15T00:24:48+00:00,sapmachine-26.0.2.1,372737378,False,sapmachine-jdk-26.0.2.1_linux-x64-musl_bin.tar.gz,alpine,x64,jdk,79
2026-09-15T00:24:48+00:00,sapmachine-26.0.2.1,372737378,False,sapmachine-jdk-26.0.2.1_linux-x64_bin-symbols.tar.gz,linux,x64,jdk,4
2026-09-15T00:24:48+00:00,sapmachine-26.0.2.1,372737378,False,sapmachine-jdk-26.0.2.1_linux-x64_bin.tar.gz,linux,x64,jdk,1024
2026-09-15T00:24:48+00:00,sapmachine-26.0.2.1,372737378,False,sapmachine-jdk-26.0.2.1_macos-aarch64_bin-symbols.tar.gz,macos,aarch64,jdk,4
2026-09-15T00:24:48+00:00,sapmachine-26.0.2.1,372737378,False,sapmachine-jdk-26.0.2.1_macos-aarch64_bin.dmg,macos,aarch64,jdk,1076
2026-09-15T00:24:48+00:00,sapmachine-26.0.2.1,372737378,False,sapmachine-jdk-26.0.2.1_macos-aarch64_bin.tar.gz,macos,aarch64,jdk,1670
2026-09-15T00:24:48+00:00,sapmachine-26.0.2.1,372737378,False,sapmachine-jdk-26.0.2.1_windows-x64_bin-symbols.tar.gz,windows,x64,jdk,3
2026-09-15T00:24:48+00:00,sapmachine-26.0.2.1,372737378,False,sapmachine-jdk-26.0.2.1_windows-x64_bin.msi,windows,x64,jdk,473
2026-09-15T00:24:48+00:00,sapmachine-26.0.2.1,372737378,False,sapmachine-jdk-26.0.2.1_windows-x64_bin.zip,windows,x64,jdk,527
2026-09-15T00:24:48+00:00,sapmachine-26.0.2.1,372737378,False,sapmachine-jre-26.0.2.1_aix-ppc64_bin.tar.gz,aix,ppc64,jre,43
2026-09-15T00:24:48+00:00,sapmachine-26.0.2.1,372737378,False,sapmachine-jre-26.0.2.1_linux-aarch64_bin.tar.gz,linux,aarch64,jre,75
2026-09-15T00:24:48+00:00,sapmachine-26.0.2.1,372737378,False,sapmachine-jre-26.0.2.1_linux-ppc64le_bin.tar.gz,linux,ppc64,jre,47
2026-09-15T00:24:48+00:00,sapmachine-26.0.2.1,372737378,False,sapmachine-jre-26.0.2.1_linux-x64-musl_bin.tar.gz,alpine,x64,jre,43
2026-09-15T00:24:48+00:00,sapmachine-26.0.2.1,372737378,False,sapmachine-jre-26.0.2.1_linux-x64_bin.tar.gz,linux,x64,jre,103
2026-09-15T00:24:48+00:00,sapmachine-26.0.2.1,372737378,False,sapmachine-jre-26.0.2.1_macos-aarch64_bin.dmg,macos,aarch64,jre,49
2026-09-15T00:24:48+00:00,sapmachine-26.0.2.1,372737378,False,sapmachine-jre-26.0.2.1_macos-aarch64_bin.tar.gz,macos,aarch64,jre,184
2026-09-15T00:24:48+00:00,sapmachine-26.0.2.1,372737378,False,sapmachine-jre-26.0.2.1_windows-x64_bin.msi,windows,x64,jre,203
2026-09-15T00:24:48+00:00,sapmachine-26.0.2.1,372737378,False,sapmachine-jre-26.0.2.1_windows-x64_bin.zip,windows,x64,jre,63
2026-09-15T00:24:48+00:00,sapmachine-21.0.13+1,369673274,True,sapmachine-jdk-21.0.13-ea.1_linux-x64-musl_bin.tar.gz,alpine,x64,jdk,44
2026-09-15T00:24:48+00:00,sapmachine-21.0.13+1,369673274,True,sapmachine-jre-21.0.13-ea.1_linux-x64-musl_bin.tar.gz,alpine,x64,jre,44
2026-09-15T00:24:48+00:00,sapmachine-21.0.13+1,369673274,True,sapmachine-jdk-21.0.13-ea.1_linux-x64-musl_bin-symbols.tar.gz,alpine,x64,jdk,2
2026-09-15T00:24:48+00:00,sapmachine-21.0.13+1,369673274,True,sapmachine-jdk-21.0.13-ea.1_macos-aarch64_bin.tar.gz,macos,aarch64,jdk,121
2026-09-15T00:24:48+00:00,sapmachine-21.0.13+1,369673274,True,sapmachine-jre-21.0.13-ea.1_macos-aarch64_bin.tar.gz,macos,aarch64,jre,49
2026-09-15T00:24:48+00:00,sapmachine-21.0.13+1,369673274,True,sapmachine-jdk-21.0.13-ea.1_macos-aarch64_bin-symbols.tar.gz,macos,aarch64,jdk,2
2026-09-15T00:24:48+00:00,sapmachine-21.0.13+1,369673274,True,sapmachine-jdk-21.0.13-ea.1_macos-aarch64_bin.dmg,macos,aarch64,jdk,44
2026-09-15T00:24:48+00:00,sapmachine-21.0.13+1,369673274,True,sapmachine-jre-21.0.13-ea.1_macos-aarch64_bin.dmg,macos,aarch64,jre,44
2026-09-15T00:24:48+00:00,sapmachine-21.0.13+1,369673274,True,sapmachine-jdk-21.0.13-ea.1_linux-x64_bin.tar.gz,linux,x64,jdk,73
2026-09-15T00:24:48+00:00,sapmachine-21.0.13+1,369673274,True,sapmachine-jre-21.0.13-ea.1_linux-x64_bin.tar.gz,linux,x64,jre,45
2026-09-15T00:24:48+00:00,sapmachine-21.0.13+1,369673274,True,sapmachine-jdk-21.0.13-ea.1_linux-x64_bin-symbols.tar.gz,linux,x64,jdk,1
2026-09-15T00:24:48+00:00,sapmachine-21.0.13+1,369673274,True,sapmachine-jdk-21.0.13-ea.1_aix-ppc64_bin.tar.gz,aix,ppc64,jdk,43
2026-09-15T00:24:48+00:00,sapmachine-21.0.13+1,369673274,True,sapmachine-jre-21.0.13-ea.1_aix-ppc64_bin.tar.gz,aix,ppc64,jre,43
2026-09-15T00:24:48+00:00,sapmachine-21.0.13+1,369673274,True,sapmachine-jdk-21.0.13-ea.1_aix-ppc64_bin-symbols.tar.gz,aix,ppc64,jdk,1
2026-09-15T00:24:48+00:00,sapmachine-21.0.13+1,369673274,True,sapmachine-jdk-21.0.13-ea.1_linux-ppc64le_bin.tar.gz,linux,ppc64,jdk,45
2026-09-15T00:24:48+00:00,sapmachine-21.0.13+1,369673274,True,sapmachine-jre-21.0.13-ea.1_linux-ppc64le_bin.tar.gz,linux,ppc64,jre,45
2026-09-15T00:24:48+00:00,sapmachine-21.0.13+1,369673274,True,sapmachine-jdk-21.0.13-ea.1_linux-ppc64le_bin-symbols.tar.gz,linux,ppc64,jdk,1
2026-09-15T00:24:48+00:00,sapmachine-21.0.13+1,369673274,True,sapmachine-jdk-21.0.13-ea.1_macos-x64_bin.tar.gz,macos,x64,jdk,44
2026-09-15T00:24:48+00:00,sapmachine-21.0.13+1,369673274,True,sapmachine-jre-21.0.13-ea.1_macos-x64_bin.tar.gz,macos,x64,jre,43
2026-09-15T00:24:48+00:00,sapmachine-21.0.13+1,369673274,True,sapmachine-jdk-21.0.13-ea.1_macos-x64_bin-symbols.tar.gz,macos,x64,jdk,1
2026-09-15T00:24:48+00:00,sapmachine-21.0.13+1,369673274,True,sapmachine-jdk-21.0.13-ea.1_macos-x64_bin.dmg,macos,x64,jdk,42
2026-09-15T00:24:48+00:00,sapmachine-21.0.13+1,369673274,True,sapmachine-jre-21.0.13-ea.1_macos-x64_bin.dmg,macos,x64,jre,42
2026-09-15T00:24:48+00:00,sapmachine-21.0.13+1,369673274,True,sapmachine-jdk-21.0.13-ea.1_linux-aarch64_bin.tar.gz,linux,aarch64,jdk,45
2026-09-15T00:24:48+00:00,sapmachine-21.0.13+1,369673274,True,sapmachine-jre-21.0.13-ea.1_linux-aarch64_bin.tar.gz,linux,aarch64,jre,45
2026-09-15T00:24:48+00:00,sapmachine-21.0.13+1,369673274,True,sapmachine-jdk-21.0.13-ea.1_linux-aarch64_bin-symbols.tar.gz,linux,aarch64,jdk,1
2026-09-15T00:24:48+00:00,sapmachine-21.0.13+1,369673274,True,sapmachine-jdk-21.0.13-ea.1_windows-x64_bin.zip,windows,x64,jdk,77
2026-09-15T00:24:48+00:00,sapmachine-21.0.13+1,369673274,True,sapmachine-jre-21.0.13-ea.1_windows-x64_bin.zip,windows,x64,jre,46
2026-09-15T00:24:48+00:00,sapmachine-21.0.13+1,369673274,True,sapmachine-jdk-21.0.13-ea.1_windows-x64_bin-symbols.tar.gz,windows,x64,jdk,1
2026-09-15T00:24:48+00:00,sapmachine-25.0.5+1,369669143,True,sapmachine-jdk-25.0.5-ea.1_linux-x64-musl_bin.tar.gz,alpine,x64,jdk,44
2026-09-15T00:24:48+00:00,sapmachine-25.0.5+1,369669143,True,sapmachine-jre-25.0.5-ea.1_linux-x64-musl_bin.tar.gz,alpine,x64,jre,44
2026-09-15T00:24:48+00:00,sapmachine-25.0.5+1,369669143,True,sapmachine-jdk-25.0.5-ea.1_linux-x64-musl_bin-symbols.tar.gz,alpine,x64,jdk,2
2026-09-15T00:24:48+00:00,sapmachine-25.0.5+1,369669143,True,sapmachine-jdk-25.0.5-ea.1_linux-x64_bin.tar.gz,linux,x64,jdk,48
2026-09-15T00:24:48+00:00,sapmachine-25.0.5+1,369669143,True,sapmachine-jre-25.0.5-ea.1_linux-x64_bin.tar.gz,linux,x64,jre,45
2026-09-15T00:24:48+00:00,sapmachine-25.0.5+1,369669143,True,sapmachine-jdk-25.0.5-ea.1_linux-x64_bin-symbols.tar.gz,linux,x64,jdk,1
2026-09-15T00:24:48+00:00,sapmachine-25.0.5+1,369669143,True,sapmachine-jdk-25.0.5-ea.1_macos-aarch64_bin.tar.gz,macos,aarch64,jdk,64
2026-09-15T00:24:48+00:00,sapmachine-25.0.5+1,369669143,True,sapmachine-jre-25.0.5-ea.1_macos-aarch64_bin.tar.gz,macos,aarch64,jre,45
2026-09-15T00:24:48+00:00,sapmachine-25.0.5+1,369669143,True,sapmachine-jdk-25.0.5-ea.1_macos-aarch64_bin-symbols.tar.gz,macos,aarch64,jdk,2
2026-09-15T00:24:48+00:00,sapmachine-25.0.5+1,369669143,True,sapmachine-jdk-25.0.5-ea.1_macos-aarch64_bin.dmg,macos,aarch64,jdk,45
2026-09-15T00:24:48+00:00,sapmachine-25.0.5+1,369669143,True,sapmachine-jre-25.0.5-ea.1_macos-aarch64_bin.dmg,macos,aarch64,jre,43
2026-09-15T00:24:48+00:00,sapmachine-25.0.5+1,369669143,True,sapmachine-jdk-25.0.5-ea.1_linux-aarch64_bin.tar.gz,linux,aarch64,jdk,45
2026-09-15T00:24:48+00:00,sapmachine-25.0.5+1,369669143,True,sapmachine-jre-25.0.5-ea.1_linux-aarch64_bin.tar.gz,linux,aarch64,jre,45
2026-09-15T00:24:48+00:00,sapmachine-25.0.5+1,369669143,True,sapmachine-jdk-25.0.5-ea.1_linux-aarch64_bin-symbols.tar.gz,linux,aarch64,jdk,1
2026-09-15T00:24:48+00:00,sapmachine-25.0.5+1,369669143,True,sapmachine-jdk-25.0.5-ea.1_linux-ppc64le_bin.tar.gz,linux,ppc64,jdk,45
2026-09-15T00:24:48+00:00,sapmachine-25.0.5+1,369669143,True,sapmachine-jre-25.0.5-ea.1_linux-ppc64le_bin.tar.gz,linux,ppc64,jre,45
2026-09-15T00:24:48+00:00,sapmachine-25.0.5+1,369669143,True,sapmachine-jdk-25.0.5-ea.1_linux-ppc64le_bin-symbols.tar.gz,linux,ppc64,jdk,1
2026-09-15T00:24:48+00:00,sapmachine-25.0.5+1,369669143,True,sapmachine-jdk-25.0.5-ea.1_aix-ppc64_bin.tar.gz,aix,ppc64,jdk,43
2026-09-15T00:24:48+00:00,sapmachine-25.0.5+1,369669143,True,sapmachine-jre-25.0.5-ea.1_aix-ppc64_bin.tar.gz,aix,ppc64,jre,43
2026-09-15T00:24:48+00:00,sapmachine-25.0.5+1,369669143,True,sapmachine-jdk-25.0.5-ea.1_aix-ppc64_bin-symbols.tar.gz,aix,ppc64,jdk,3
2026-09-15T00:24:48+00:00,sapmachine-25.0.5+1,369669143,True,sapmachine-jdk-25.0.5-ea.1_windows-x64_bin.zip,windows,x64,jdk,45
2026-09-15T00:24:48+00:00,sapmachine-25.0.5+1,369669143,True,sapmachine-jre-25.0.5-ea.1_windows-x64_bin.zip,windows,x64,jre,45
2026-09-15T00:24:48+00:00,sapmachine-25.0.5+1,369669143,True,sapmachine-jdk-25.0.5-ea.1_windows-x64_bin-symbols.tar.gz,windows,x64,jdk,1
2026-09-15T00:24:48+00:00,sapmachine-28+10,368940347,True,sapmachine-jdk-28-ea.10_linux-x64-musl_bin.tar.gz,alpine,x64,jdk,44
2026-09-15T00:24:48+00:00,sapmachine-28+10,368940347,True,sapmachine-jre-28-ea.10_linux-x64-musl_bin.tar.gz,alpine,x64,jre,44
2026-09-15T00:24:48+00:00,sapmachine-28+10,368940347,True,sapmachine-jdk-28-ea.10_linux-x64-musl_bin-symbols.tar.gz,alpine,x64,jdk,2
2026-09-15T00:24:48+00:00,sapmachine-28+10,368940347,True,sapmachine-jdk-28-ea.10_macos-aarch64_bin.tar.gz,macos,aarch64,jdk,44
2026-09-15T00:24:48+00:00,sapmachine-28+10,368940347,True,sapmachine-jre-28-ea.10_macos-aarch64_bin.tar.gz,macos,aarch64,jre,44
2026-09-15T00:24:48+00:00,sapmachine-28+10,368940347,True,sapmachine-jdk-28-ea.10_macos-aarch64_bin-symbols.tar.gz,macos,aarch64,jdk,2
2026-09-15T00:24:48+00:00,sapmachine-28+10,368940347,True,sapmachine-jdk-28-ea.10_macos-aarch64_bin.dmg,macos,aarch64,jdk,46
2026-09-15T00:24:48+00:00,sapmachine-28+10,368940347,True,sapmachine-jre-28-ea.10_macos-aarch64_bin.dmg,macos,aarch64,jre,45
2026-09-15T00:24:48+00:00,sapmachine-28+10,368940347,True,sapmachine-jdk-28-ea.10_linux-x64_bin.tar.gz,linux,x64,jdk,49
2026-09-15T00:24:48+00:00,sapmachine-28+10,368940347,True,sapmachine-jre-28-ea.10_linux-x64_bin.tar.gz,linux,x64,jre,45
2026-09-15T00:24:48+00:00,sapmachine-28+10,368940347,True,sapmachine-jdk-28-ea.10_linux-x64_bin-symbols.tar.gz,linux,x64,jdk,2
2026-09-15T00:24:48+00:00,sapmachine-28+10,368940347,True,sapmachine-jdk-28-ea.10_linux-ppc64le_bin.tar.gz,linux,ppc64,jdk,44
2026-09-15T00:24:48+00:00,sapmachine-28+10,368940347,True,sapmachine-jre-28-ea.10_linux-ppc64le_bin.tar.gz,linux,ppc64,jre,44
2026-09-15T00:24:48+00:00,sapmachine-28+10,368940347,True,sapmachine-jdk-28-ea.10_linux-ppc64le_bin-symbols.tar.gz,linux,ppc64,jdk,1
2026-09-15T00:24:48+00:00,sapmachine-28+10,368940347,True,sapmachine-jdk-28-ea.10_linux-aarch64_bin.tar.gz,linux,aarch64,jdk,44
2026-09-15T00:24:48+00:00,sapmachine-28+10,368940347,True,sapmachine-jre-28-ea.10_linux-aarch64_bin.tar.gz,linux,aarch64,jre,44
2026-09-15T00:24:48+00:00,sapmachine-28+10,368940347,True,sapmachine-jdk-28-ea.10_linux-aarch64_bin-symbols.tar.gz,linux,aarch64,jdk,1
2026-09-15T00:24:48+00:00,sapmachine-28+10,368940347,True,sapmachine-jdk-28-ea.10_aix-ppc64_bin.tar.gz,aix,ppc64,jdk,43
2026-09-15T00:24:48+00:00,sapmachine-28+10,368940347,True,sapmachine-jre-28-ea.10_aix-ppc64_bin.tar.gz,aix,ppc64,jre,43
2026-09-15T00:24:48+00:00,sapmachine-28+10,368940347,True,sapmachine-jdk-28-ea.10_aix-ppc64_bin-symbols.tar.gz,aix,ppc64,jdk,1
2026-09-15T00:24:48+00:00,sapmachine-28+10,368940347,True,sapmachine-jdk-28-ea.10_windows-x64_bin.zip,windows,x64,jdk,43
2026-09-15T00:24:48+00:00,sapmachine-28+10,368940347,True,sapmachine-jre-28-ea.10_windows-x64_bin.zip,windows,x64,jre,43
2026-09-15T00:24:48+00:00,sapmachine-28+10,368940347,True,sapmachine-jdk-28-ea.10_windows-x64_bin-symbols.tar.gz,windows,x64,jdk,1
2026-09-15T00:24:48+00:00,sapmachine-17.0.21+1,367347641,True,sapmachine-jdk-17.0.21-ea.1_linux-x64-musl_bin.tar.gz,alpine,x64,jdk,49
2026-09-15T00:24:48+00:00,sapmachine-17.0.21+1,367347641,True,sapmachine-jre-17.0.21-ea.1_linux-x64-musl_bin.tar.gz,alpine,x64,jre,48
2026-09-15T00:24:48+00:00,sapmachine-17.0.21+1,367347641,True,sapmachine-jdk-17.0.21-ea.1_linux-x64-musl_bin-symbols.tar.gz,alpine,x64,jdk,1
2026-09-15T00:24:48+00:00,sapmachine-17.0.21+1,367347641,True,sapmachine-jdk-17.0.21-ea.1_linux-x64_bin.tar.gz,linux,x64,jdk,165
2026-09-15T00:24:48+00:00,sapmachine-17.0.21+1,367347641,True,sapmachine-jre-17.0.21-ea.1_linux-x64_bin.tar.gz,linux,x64,jre,51
2026-09-15T00:24:48+00:00,sapmachine-17.0.21+1,367347641,True,sapmachine-jdk-17.0.21-ea.1_linux-x64_bin-symbols.tar.gz,linux,x64,jdk,1
2026-09-15T00:24:48+00:00,sapmachine-17.0.21+1,367347641,True,sapmachine-jdk-17.0.21-ea.1_linux-ppc64le_bin.tar.gz,linux,ppc64,jdk,52
2026-09-15T00:24:48+00:00,sapmachine-17.0.21+1,367347641,True,sapmachine-jre-17.0.21-ea.1_linux-ppc64le_bin.tar.gz,linux,ppc64,jre,51
2026-09-15T00:24:48+00:00,sapmachine-17.0.21+1,367347641,True,sapmachine-jdk-17.0.21-ea.1_linux-ppc64le_bin-symbols.tar.gz,linux,ppc64,jdk,1
2026-09-15T00:24:48+00:00,sapmachine-17.0.21+1,367347641,True,sapmachine-jdk-17.0.21-ea.1_linux-aarch64_bin.tar.gz,linux,aarch64,jdk,53
2026-09-15T00:24:48+00:00,sapmachine-17.0.21+1,367347641,True,sapmachine-jre-17.0.21-ea.1_linux-aarch64_bin.tar.gz,linux,aarch64,jre,51
2026-09-15T00:24:48+00:00,sapmachine-17.0.21+1,367347641,True,sapmachine-jdk-17.0.21-ea.1_linux-aarch64_bin-symbols.tar.gz,linux,aarch64,jdk,1
2026-09-15T00:24:48+00:00,sapmachine-17.0.21+1,367347641,True,sapmachine-jdk-17.0.21-ea.1_macos-x64_bin.tar.gz,macos,x64,jdk,49
2026-09-15T00:24:48+00:00,sapmachine-17.0.21+1,367347641,True,sapmachine-jre-17.0.21-ea.1_macos-x64_bin.tar.gz,macos,x64,jre,48
2026-09-15T00:24:48+00:00,sapmachine-17.0.21+1,367347641,True,sapmachine-jdk-17.0.21-ea.1_macos-x64_bin-symbols.tar.gz,macos,x64,jdk,1
2026-09-15T00:24:48+00:00,sapmachine-17.0.21+1,367347641,True,sapmachine-jdk-17.0.21-ea.1_macos-x64_bin.dmg,macos,x64,jdk,49
2026-09-15T00:24:48+00:00,sapmachine-17.0.21+1,367347641,True,sapmachine-jre-17.0.21-ea.1_macos-x64_bin.dmg,macos,x64,jre,47
2026-09-15T00:24:48+00:00,sapmachine-17.0.21+1,367347641,True,sapmachine-jdk-17.0.21-ea.1_macos-aarch64_bin.tar.gz,macos,aarch64,jdk,441
2026-09-15T00:24:48+00:00,sapmachine-17.0.21+1,367347641,True,sapmachine-jre-17.0.21-ea.1_macos-aarch64_bin.tar.gz,macos,aarch64,jre,51
2026-09-15T00:24:48+00:00,sapmachine-17.0.21+1,367347641,True,sapmachine-jdk-17.0.21-ea.1_macos-aarch64_bin-symbols.tar.gz,macos,aarch64,jdk,1
2026-09-15T00:24:48+00:00,sapmachine-17.0.21+1,367347641,True,sapmachine-jdk-17.0.21-ea.1_macos-aarch64_bin.dmg,macos,aarch64,jdk,52
2026-09-15T00:24:48+00:00,sapmachine-17.0.21+1,367347641,True,sapmachine-jre-17.0.21-ea.1_macos-aarch64_bin.dmg,macos,aarch64,jre,50
2026-09-15T00:24:48+00:00,sapmachine-17.0.21+1,367347641,True,sapmachine-jdk-17.0.21-ea.1_windows-x64_bin.zip,windows,x64,jdk,155
2026-09-15T00:24:48+00:00,sapmachine-17.0.21+1,367347641,True,sapmachine-jre-17.0.21-ea.1_windows-x64_bin.zip,windows,x64,jre,50
2026-09-15T00:24:48+00:00,sapmachine-17.0.21+1,367347641,True,sapmachine-jdk-17.0.21-ea.1_windows-x64_bin-symbols.tar.gz,windows,x64,jdk,1
2026-09-15T00:24:48+00:00,sapmachine-27+33,364570882,True,sapmachine-jdk-27-ea.33_linux-x64-musl_bin.tar.gz,alpine,x64,jdk,57
2026-09-15T00:24:48+00:00,sapmachine-27+33,364570882,True,sapmachine-jre-27-ea.33_linux-x64-musl_bin.tar.gz,alpine,x64,jre,57
2026-09-15T00:24:48+00:00,sapmachine-27+33,364570882,True,sapmachine-jdk-27-ea.33_linux-x64-musl_bin-symbols.tar.gz,alpine,x64,jdk,4
2026-09-15T00:24:48+00:00,sapmachine-27+33,364570882,True,sapmachine-jdk-27-ea.33_aix-ppc64_bin.tar.gz,aix,ppc64,jdk,55
2026-09-15T00:24:48+00:00,sapmachine-27+33,364570882,True,sapmachine-jre-27-ea.33_aix-ppc64_bin.tar.gz,aix,ppc64,jre,56
2026-09-15T00:24:48+00:00,sapmachine-27+33,364570882,True,sapmachine-jdk-27-ea.33_aix-ppc64_bin-symbols.tar.gz,aix,ppc64,jdk,3
2026-09-15T00:24:48+00:00,sapmachine-27+33,364570882,True,sapmachine-jdk-27-ea.33_linux-x64_bin.tar.gz,linux,x64,jdk,83
2026-09-15T00:24:48+00:00,sapmachine-27+33,364570882,True,sapmachine-jre-27-ea.33_linux-x64_bin.tar.gz,linux,x64,jre,59
2026-09-15T00:24:48+00:00,sapmachine-27+33,364570882,True,sapmachine-jdk-27-ea.33_linux-x64_bin-symbols.tar.gz,linux,x64,jdk,3
2026-09-15T00:24:48+00:00,sapmachine-27+33,364570882,True,sapmachine-jdk-27-ea.33_linux-ppc64le_bin.tar.gz,linux,ppc64,jdk,58
2026-09-15T00:24:48+00:00,sapmachine-27+33,364570882,True,sapmachine-jre-27-ea.33_linux-ppc64le_bin.tar.gz,linux,ppc64,jre,58
2026-09-15T00:24:48+00:00,sapmachine-27+33,364570882,True,sapmachine-jdk-27-ea.33_linux-ppc64le_bin-symbols.tar.gz,linux,ppc64,jdk,3
2026-09-15T00:24:48+00:00,sapmachine-27+33,364570882,True,sapmachine-jdk-27-ea.33_linux-aarch64_bin.tar.gz,linux,aarch64,jdk,59
2026-09-15T00:24:48+00:00,sapmachine-27+33,364570882,True,sapmachine-jre-27-ea.33_linux-aarch64_bin.tar.gz,linux,aarch64,jre,59
2026-09-15T00:24:48+00:00,sapmachine-27+33,364570882,True,sapmachine-jdk-27-ea.33_linux-aarch64_bin-symbols.tar.gz,linux,aarch64,jdk,3
2026-09-15T00:24:48+00:00,sapmachine-27+33,364570882,True,sapmachine-jdk-27-ea.33_macos-aarch64_bin.tar.gz,macos,aarch64,jdk,59
2026-09-15T00:24:48+00:00,sapmachine-27+33,364570882,True,sapmachine-jre-27-ea.33_macos-aarch64_bin.tar.gz,macos,aarch64,jre,58
2026-09-15T00:24:48+00:00,sapmachine-27+33,364570882,True,sapmachine-jdk-27-ea.33_macos-aarch64_bin-symbols.tar.gz,macos,aarch64,jdk,3
2026-09-15T00:24:48+00:00,sapmachine-27+33,364570882,True,sapmachine-jdk-27-ea.33_macos-aarch64_bin.dmg,macos,aarch64,jdk,57
2026-09-15T00:24:48+00:00,sapmachine-27+33,364570882,True,sapmachine-jre-27-ea.33_macos-aarch64_bin.dmg,macos,aarch64,jre,53
2026-09-15T00:24:48+00:00,sapmachine-27+33,364570882,True,sapmachine-jdk-27-ea.33_windows-x64_bin.zip,windows,x64,jdk,58
2026-09-15T00:24:48+00:00,sapmachine-27+33,364570882,True,sapmachine-jre-27-ea.33_windows-x64_bin.zip,windows,x64,jre,56
2026-09-15T00:24:48+00:00,sapmachine-27+33,364570882,True,sapmachine-jdk-27-ea.33_windows-x64_bin-symbols.tar.gz,windows,x64,jdk,3
2026-09-15T00:24:48+00:00,sapmachine-28+9,364570758,True,sapmachine-jdk-28-ea.9_linux-x64-musl_bin.tar.gz,alpine,x64,jdk,56
2026-09-15T00:24:48+00:00,sapmachine-28+9,364570758,True,sapmachine-jre-28-ea.9_linux-x64-musl_bin.tar.gz,alpine,x64,jre,56
2026-09-15T00:24:48+00:00,sapmachine-28+9,364570758,True,sapmachine-jdk-28-ea.9_linux-x64-musl_bin-symbols.tar.gz,alpine,x64,jdk,4
2026-09-15T00:24:48+00:00,sapmachine-28+9,364570758,True,sapmachine-jdk-28-ea.9_linux-x64_bin.tar.gz,linux,x64,jdk,56
2026-09-15T00:24:48+00:00,sapmachine-28+9,364570758,True,sapmachine-jre-28-ea.9_linux-x64_bin.tar.gz,linux,x64,jre,57
2026-09-15T00:24:48+00:00,sapmachine-28+9,364570758,True,sapmachine-jdk-28-ea.9_linux-x64_bin-symbols.tar.gz,linux,x64,jdk,4
2026-09-15T00:24:48+00:00,sapmachine-28+9,364570758,True,sapmachine-jdk-28-ea.9_macos-aarch64_bin.tar.gz,macos,aarch64,jdk,55
2026-09-15T00:24:48+00:00,sapmachine-28+9,364570758,True,sapmachine-jre-28-ea.9_macos-aarch64_bin.tar.gz,macos,aarch64,jre,56
2026-09-15T00:24:48+00:00,sapmachine-28+9,364570758,True,sapmachine-jdk-28-ea.9_macos-aarch64_bin-symbols.tar.gz,macos,aarch64,jdk,3
2026-09-15T00:24:48+00:00,sapmachine-28+9,364570758,True,sapmachine-jdk-28-ea.9_macos-aarch64_bin.dmg,macos,aarch64,jdk,57
2026-09-15T00:24:48+00:00,sapmachine-28+9,364570758,True,sapmachine-jre-28-ea.9_macos-aarch64_bin.dmg,macos,aarch64,jre,54
2026-09-15T00:24:48+00:00,sapmachine-28+9,364570758,True,sapmachine-jdk-28-ea.9_linux-aarch64_bin.tar.gz,linux,aarch64,jdk,55
2026-09-15T00:24:48+00:00,sapmachine-28+9,364570758,True,sapmachine-jre-28-ea.9_linux-aarch64_bin.tar.gz,linux,aarch64,jre,55
2026-09-15T00:24:48+00:00,sapmachine-28+9,364570758,True,sapmachine-jdk-28-ea.9_linux-aarch64_bin-symbols.tar.gz,linux,aarch64,jdk,3
2026-09-15T00:24:48+00:00,sapmachine-28+9,364570758,True,sapmachine-jdk-28-ea.9_linux-ppc64le_bin.tar.gz,linux,ppc64,jdk,55
2026-09-15T00:24:48+00:00,sapmachine-28+9,364570758,True,sapmachine-jre-28-ea.9_linux-ppc64le_bin.tar.gz,linux,ppc64,jre,55
2026-09-15T00:24:48+00:00,sapmachine-28+9,364570758,True,sapmachine-jdk-28-ea.9_linux-ppc64le_bin-symbols.tar.gz,linux,ppc64,jdk,3
2026-09-15T00:24:48+00:00,sapmachine-28+9,364570758,True,sapmachine-jdk-28-ea.9_aix-ppc64_bin.tar.gz,aix,ppc64,jdk,55
2026-09-15T00:24:48+00:00,sapmachine-28+9,364570758,True,sapmachine-jre-28-ea.9_aix-ppc64_bin.tar.gz,aix,ppc64,jre,55
2026-09-15T00:24:48+00:00,sapmachine-28+9,364570758,True,sapmachine-jdk-28-ea.9_aix-ppc64_bin-symbols.tar.gz,aix,ppc64,jdk,4
2026-09-15T00:24:48+00:00,sapmachine-28+9,364570758,True,sapmachine-jdk-28-ea.9_windows-x64_bin.zip,windows,x64,jdk,53
2026-09-15T00:24:48+00:00,sapmachine-28+9,364570758,True,sapmachine-jre-28-ea.9_windows-x64_bin.zip,windows,x64,jre,54
2026-09-15T00:24:48+00:00,sapmachine-28+9,364570758,True,sapmachine-jdk-28-ea.9_windows-x64_bin-symbols.tar.gz,windows,x64,jdk,3
2026-09-15T00:24:48+00:00,sapmachine-27+32,361458805,True,sapmachine-jdk-27-ea.32_linux-x64-musl_bin.tar.gz,alpine,x64,jdk,62
2026-09-15T00:24:48+00:00,sapmachine-27+32,361458805,True,sapmachine-jre-27-ea.32_linux-x64-musl_bin.tar.gz,alpine,x64,jre,62
2026-09-15T00:24:48+00:00,sapmachine-27+32,361458805,True,sapmachine-jdk-27-ea.32_linux-x64-musl_bin-symbols.tar.gz,alpine,x64,jdk,2
2026-09-15T00:24:48+00:00,sapmachine-27+32,361458805,True,sapmachine-jdk-27-ea.32_aix-ppc64_bin.tar.gz,aix,ppc64,jdk,61
2026-09-15T00:24:48+00:00,sapmachine-27+32,361458805,True,sapmachine-jre-27-ea.32_aix-ppc64_bin.tar.gz,aix,ppc64,jre,62
2026-09-15T00:24:48+00:00,sapmachine-27+32,361458805,True,sapmachine-jdk-27-ea.32_aix-ppc64_bin-symbols.tar.gz,aix,ppc64,jdk,1
2026-09-15T00:24:48+00:00,sapmachine-27+32,361458805,True,sapmachine-jdk-27-ea.32_linux-x64_bin.tar.gz,linux,x64,jdk,66
2026-09-15T00:24:48+00:00,sapmachine-27+32,361458805,True,sapmachine-jre-27-ea.32_linux-x64_bin.tar.gz,linux,x64,jre,63
2026-09-15T00:24:48+00:00,sapmachine-27+32,361458805,True,sapmachine-jdk-27-ea.32_linux-x64_bin-symbols.tar.gz,linux,x64,jdk,1
2026-09-15T00:24:48+00:00,sapmachine-27+32,361458805,True,sapmachine-jdk-27-ea.32_linux-aarch64_bin.tar.gz,linux,aarch64,jdk,64
2026-09-15T00:24:48+00:00,sapmachine-27+32,361458805,True,sapmachine-jre-27-ea.32_linux-aarch64_bin.tar.gz,linux,aarch64,jre,63
2026-09-15T00:24:48+00:00,sapmachine-27+32,361458805,True,sapmachine-jdk-27-ea.32_linux-aarch64_bin-symbols.tar.gz,linux,aarch64,jdk,1
2026-09-15T00:24:48+00:00,sapmachine-27+32,361458805,True,sapmachine-jdk-27-ea.32_macos-aarch64_bin.tar.gz,macos,aarch64,jdk,66
2026-09-15T00:24:48+00:00,sapmachine-27+32,361458805,True,sapmachine-jre-27-ea.32_macos-aarch64_bin.tar.gz,macos,aarch64,jre,66
2026-09-15T00:24:48+00:00,sapmachine-27+32,361458805,True,sapmachine-jdk-27-ea.32_macos-aarch64_bin-symbols.tar.gz,macos,aarch64,jdk,1
2026-09-15T00:24:48+00:00,sapmachine-27+32,361458805,True,sapmachine-jdk-27-ea.32_macos-aarch64_bin.dmg,macos,aarch64,jdk,64
2026-09-15T00:24:48+00:00,sapmachine-27+32,361458805,True,sapmachine-jre-27-ea.32_macos-aarch64_bin.dmg,macos,aarch64,jre,60
2026-09-15T00:24:48+00:00,sapmachine-27+32,361458805,True,sapmachine-jdk-27-ea.32_linux-ppc64le_bin.tar.gz,linux,ppc64,jdk,62
2026-09-15T00:24:48+00:00,sapmachine-27+32,361458805,True,sapmachine-jre-27-ea.32_linux-ppc64le_bin.tar.gz,linux,ppc64,jre,62
2026-09-15T00:24:48+00:00,sapmachine-27+32,361458805,True,sapmachine-jdk-27-ea.32_linux-ppc64le_bin-symbols.tar.gz,linux,ppc64,jdk,1
2026-09-15T00:24:48+00:00,sapmachine-27+32,361458805,True,sapmachine-jdk-27-ea.32_windows-x64_bin.zip,windows,x64,jdk,63
2026-09-15T00:24:48+00:00,sapmachine-27+32,361458805,True,sapmachine-jre-27-ea.32_windows-x64_bin.zip,windows,x64,jre,61
2026-09-15T00:24:48+00:00,sapmachine-27+32,361458805,True,sapmachine-jdk-27-ea.32_windows-x64_bin-symbols.tar.gz,windows,x64,jdk,1
2026-09-15T00:24:48+00:00,sapmachine-28+8,361458945,True,sapmachine-jdk-28-ea.8_linux-x64-musl_bin.tar.gz,alpine,x64,jdk,60
2026-09-15T00:24:48+00:00,sapmachine-28+8,361458945,True,sapmachine-jre-28-ea.8_linux-x64-musl_bin.tar.gz,alpine,x64,jre,60
2026-09-15T00:24:48+00:00,sapmachine-28+8,361458945,True,sapmachine-jdk-28-ea.8_linux-x64-musl_bin-symbols.tar.gz,alpine,x64,jdk,2
2026-09-15T00:24:48+00:00,sapmachine-28+8,361458945,True,sapmachine-jdk-28-ea.8_linux-x64_bin.tar.gz,linux,x64,jdk,61
2026-09-15T00:24:48+00:00,sapmachine-28+8,361458945,True,sapmachine-jre-28-ea.8_linux-x64_bin.tar.gz,linux,x64,jre,61
2026-09-15T00:24:48+00:00,sapmachine-28+8,361458945,True,sapmachine-jdk-28-ea.8_linux-x64_bin-symbols.tar.gz,linux,x64,jdk,1
2026-09-15T00:24:48+00:00,sapmachine-28+8,361458945,True,sapmachine-jdk-28-ea.8_macos-aarch64_bin.tar.gz,macos,aarch64,jdk,59
2026-09-15T00:24:48+00:00,sapmachine-28+8,361458945,True,sapmachine-jre-28-ea.8_macos-aarch64_bin.tar.gz,macos,aarch64,jre,59
2026-09-15T00:24:48+00:00,sapmachine-28+8,361458945,True,sapmachine-jdk-28-ea.8_macos-aarch64_bin-symbols.tar.gz,macos,aarch64,jdk,1
2026-09-15T00:24:48+00:00,sapmachine-28+8,361458945,True,sapmachine-jdk-28-ea.8_macos-aarch64_bin.dmg,macos,aarch64,jdk,59
2026-09-15T00:24:48+00:00,sapmachine-28+8,361458945,True,sapmachine-jre-28-ea.8_macos-aarch64_bin.dmg,macos,aarch64,jre,58
2026-09-15T00:24:48+00:00,sapmachine-28+8,361458945,True,sapmachine-jdk-28-ea.8_linux-aarch64_bin.tar.gz,linux,aarch64,jdk,62
2026-09-15T00:24:48+00:00,sapmachine-28+8,361458945,True,sapmachine-jre-28-ea.8_linux-aarch64_bin.tar.gz,linux,aarch64,jre,61
2026-09-15T00:24:48+00:00,sapmachine-28+8,361458945,True,sapmachine-jdk-28-ea.8_linux-aarch64_bin-symbols.tar.gz,linux,aarch64,jdk,1
2026-09-15T00:24:48+00:00,sapmachine-28+8,361458945,True,sapmachine-jdk-28-ea.8_linux-ppc64le_bin.tar.gz,linux,ppc64,jdk,61
2026-09-15T00:24:48+00:00,sapmachine-28+8,361458945,True,sapmachine-jre-28-ea.8_linux-ppc64le_bin.tar.gz,linux,ppc64,jre,62
2026-09-15T00:24:48+00:00,sapmachine-28+8,361458945,True,sapmachine-jdk-28-ea.8_linux-ppc64le_bin-symbols.tar.gz,linux,ppc64,jdk,1
2026-09-15T00:24:48+00:00,sapmachine-28+8,361458945,True,sapmachine-jdk-28-ea.8_aix-ppc64_bin.tar.gz,aix,ppc64,jdk,59
2026-09-15T00:24:48+00:00,sapmachine-28+8,361458945,True,sapmachine-jre-28-ea.8_aix-ppc64_bin.tar.gz,aix,ppc64,jre,59
2026-09-15T00:24:48+00:00,sapmachine-28+8,361458945,True,sapmachine-jdk-28-ea.8_aix-ppc64_bin-symbols.tar.gz,aix,ppc64,jdk,1
2026-09-15T00:24:48+00:00,sapmachine-28+8,361458945,True,sapmachine-jdk-28-ea.8_windows-x64_bin.zip,windows,x64,jdk,62
2026-09-15T00:24:48+00:00,sapmachine-28+8,361458945,True,sapmachine-jre-28-ea.8_windows-x64_bin.zip,windows,x64,jre,61
2026-09-15T00:24:48+00:00,sapmachine-28+8,361458945,True,sapmachine-jdk-28-ea.8_windows-x64_bin-symbols.tar.gz,windows,x64,jdk,1
2026-09-15T00:24:48+00:00,sapmachine-27+31,357067002,True,sapmachine-jdk-27-ea.31_linux-x64_bin.tar.gz,linux,x64,jdk,83
2026-09-15T00:24:48+00:00,sapmachine-27+31,357067002,True,sapmachine-jre-27-ea.31_linux-x64_bin.tar.gz,linux,x64,jre,83
2026-09-15T00:24:48+00:00,sapmachine-27+31,357067002,True,sapmachine-jdk-27-ea.31_linux-x64_bin-symbols.tar.gz,linux,x64,jdk,2
2026-09-15T00:24:48+00:00,sapmachine-27+31,357067002,True,sapmachine-jdk-27-ea.31_aix-ppc64_bin.tar.gz,aix,ppc64,jdk,80
2026-09-15T00:24:48+00:00,sapmachine-27+31,357067002,True,sapmachine-jre-27-ea.31_aix-ppc64_bin.tar.gz,aix,ppc64,jre,80
2026-09-15T00:24:48+00:00,sapmachine-27+31,357067002,True,sapmachine-jdk-27-ea.31_aix-ppc64_bin-symbols.tar.gz,aix,ppc64,jdk,2
2026-09-15T00:24:48+00:00,sapmachine-27+31,357067002,True,sapmachine-jdk-27-ea.31_linux-x64-musl_bin.tar.gz,alpine,x64,jdk,80
2026-09-15T00:24:48+00:00,sapmachine-27+31,357067002,True,sapmachine-jre-27-ea.31_linux-x64-musl_bin.tar.gz,alpine,x64,jre,80
2026-09-15T00:24:48+00:00,sapmachine-27+31,357067002,True,sapmachine-jdk-27-ea.31_linux-x64-musl_bin-symbols.tar.gz,alpine,x64,jdk,1
2026-09-15T00:24:48+00:00,sapmachine-27+31,357067002,True,sapmachine-jdk-27-ea.31_linux-ppc64le_bin.tar.gz,linux,ppc64,jdk,82
2026-09-15T00:24:48+00:00,sapmachine-27+31,357067002,True,sapmachine-jre-27-ea.31_linux-ppc64le_bin.tar.gz,linux,ppc64,jre,82
2026-09-15T00:24:48+00:00,sapmachine-27+31,357067002,True,sapmachine-jdk-27-ea.31_linux-ppc64le_bin-symbols.tar.gz,linux,ppc64,jdk,1
2026-09-15T00:24:48+00:00,sapmachine-27+31,357067002,True,sapmachine-jdk-27-ea.31_macos-aarch64_bin.tar.gz,macos,aarch64,jdk,86
2026-09-15T00:24:48+00:00,sapmachine-27+31,357067002,True,sapmachine-jre-27-ea.31_macos-aarch64_bin.tar.gz,macos,aarch64,jre,83
2026-09-15T00:24:48+00:00,sapmachine-27+31,357067002,True,sapmachine-jdk-27-ea.31_macos-aarch64_bin-symbols.tar.gz,macos,aarch64,jdk,1
2026-09-15T00:24:48+00:00,sapmachine-27+31,357067002,True,sapmachine-jdk-27-ea.31_macos-aarch64_bin.dmg,macos,aarch64,jdk,83
2026-09-15T00:24:48+00:00,sapmachine-27+31,357067002,True,sapmachine-jre-27-ea.31_macos-aarch64_bin.dmg,macos,aarch64,jre,79
2026-09-15T00:24:48+00:00,sapmachine-27+31,357067002,True,sapmachine-jdk-27-ea.31_linux-aarch64_bin.tar.gz,linux,aarch64,jdk,81
2026-09-15T00:24:48+00:00,sapmachine-27+31,357067002,True,sapmachine-jre-27-ea.31_linux-aarch64_bin.tar.gz,linux,aarch64,jre,81
2026-09-15T00:24:48+00:00,sapmachine-27+31,357067002,True,sapmachine-jdk-27-ea.31_linux-aarch64_bin-symbols.tar.gz,linux,aarch64,jdk,1
2026-09-15T00:24:48+00:00,sapmachine-27+31,357067002,True,sapmachine-jdk-27-ea.31_windows-x64_bin.zip,windows,x64,jdk,80
2026-09-15T00:24:48+00:00,sapmachine-27+31,357067002,True,sapmachine-jre-27-ea.31_windows-x64_bin.zip,windows,x64,jre,80
2026-09-15T00:24:48+00:00,sapmachine-27+31,357067002,True,sapmachine-jdk-27-ea.31_windows-x64_bin-symbols.tar.gz,windows,x64,jdk,1
2026-09-15T00:24:48+00:00,sapmachine-28+7,357065760,True,sapmachine-jdk-28-ea.7_linux-x64-musl_bin.tar.gz,alpine,x64,jdk,70
2026-09-15T00:24:48+00:00,sapmachine-28+7,357065760,True,sapmachine-jre-28-ea.7_linux-x64-musl_bin.tar.gz,alpine,x64,jre,70
2026-09-15T00:24:48+00:00,sapmachine-28+7,357065760,True,sapmachine-jdk-28-ea.7_linux-x64-musl_bin-symbols.tar.gz,alpine,x64,jdk,2
2026-09-15T00:24:48+00:00,sapmachine-28+7,357065760,True,sapmachine-jdk-28-ea.7_linux-x64_bin.tar.gz,linux,x64,jdk,80
2026-09-15T00:24:48+00:00,sapmachine-28+7,357065760,True,sapmachine-jre-28-ea.7_linux-x64_bin.tar.gz,linux,x64,jre,80
2026-09-15T00:24:48+00:00,sapmachine-28+7,357065760,True,sapmachine-jdk-28-ea.7_linux-x64_bin-symbols.tar.gz,linux,x64,jdk,1
2026-09-15T00:24:48+00:00,sapmachine-28+7,357065760,True,sapmachine-jdk-28-ea.7_macos-aarch64_bin.tar.gz,macos,aarch64,jdk,68
2026-09-15T00:24:48+00:00,sapmachine-28+7,357065760,True,sapmachine-jre-28-ea.7_macos-aarch64_bin.tar.gz,macos,aarch64,jre,68
2026-09-15T00:24:48+00:00,sapmachine-28+7,357065760,True,sapmachine-jdk-28-ea.7_macos-aarch64_bin-symbols.tar.gz,macos,aarch64,jdk,1
2026-09-15T00:24:48+00:00,sapmachine-28+7,357065760,True,sapmachine-jdk-28-ea.7_macos-aarch64_bin.dmg,macos,aarch64,jdk,70
2026-09-15T00:24:48+00:00,sapmachine-28+7,357065760,True,sapmachine-jre-28-ea.7_macos-aarch64_bin.dmg,macos,aarch64,jre,68
2026-09-15T00:24:48+00:00,sapmachine-28+7,357065760,True,sapmachine-jdk-28-ea.7_linux-aarch64_bin.tar.gz,linux,aarch64,jdk,78
2026-09-15T00:24:48+00:00,sapmachine-28+7,357065760,True,sapmachine-jre-28-ea.7_linux-aarch64_bin.tar.gz,linux,aarch64,jre,78
2026-09-15T00:24:48+00:00,sapmachine-28+7,357065760,True,sapmachine-jdk-28-ea.7_linux-aarch64_bin-symbols.tar.gz,linux,aarch64,jdk,1
2026-09-15T00:24:48+00:00,sapmachine-28+7,357065760,True,sapmachine-jdk-28-ea.7_linux-ppc64le_bin.tar.gz,linux,ppc64,jdk,78
2026-09-15T00:24:48+00:00,sapmachine-28+7,357065760,True,sapmachine-jre-28-ea.7_linux-ppc64le_bin.tar.gz,linux,ppc64,jre,78
2026-09-15T00:24:48+00:00,sapmachine-28+7,357065760,True,sapmachine-jdk-28-ea.7_linux-ppc64le_bin-symbols.tar.gz,linux,ppc64,jdk,1
2026-09-15T00:24:48+00:00,sapmachine-28+7,357065760,True,sapmachine-jdk-28-ea.7_aix-ppc64_bin.tar.gz,aix,ppc64,jdk,68
2026-09-15T00:24:48+00:00,sapmachine-28+7,357065760,True,sapmachine-jre-28-ea.7_aix-ppc64_bin.tar.gz,aix,ppc64,jre,68
2026-09-15T00:24:48+00:00,sapmachine-28+7,357065760,True,sapmachine-jdk-28-ea.7_aix-ppc64_bin-symbols.tar.gz,aix,ppc64,jdk,1
2026-09-15T00:24:48+00:00,sapmachine-28+7,357065760,True,sapmachine-jdk-28-ea.7_windows-x64_bin.zip,windows,x64,jdk,75
2026-09-15T00:24:48+00:00,sapmachine-28+7,357065760,True,sapmachine-jre-28-ea.7_windows-x64_bin.zip,windows,x64,jre,75
2026-09-15T00:24:48+00:00,sapmachine-28+7,357065760,True,sapmachine-jdk-28-ea.7_windows-x64_bin-symbols.tar.gz,windows,x64,jdk,1
2026-09-15T00:24:48+00:00,sapmachine-17.0.20+8,357843096,True,sapmachine-jdk-17.0.20-ea.8_linux-x64-musl_bin.tar.gz,alpine,x64,jdk,72
2026-09-15T00:24:48+00:00,sapmachine-17.0.20+8,357843096,True,sapmachine-jre-17.0.20-ea.8_linux-x64-musl_bin.tar.gz,alpine,x64,jre,71
2026-09-15T00:24:48+00:00,sapmachine-17.0.20+8,357843096,True,sapmachine-jdk-17.0.20-ea.8_linux-x64-musl_bin-symbols.tar.gz,alpine,x64,jdk,2
2026-09-15T00:24:48+00:00,sapmachine-17.0.20+8,357843096,True,sapmachine-jdk-17.0.20-ea.8_linux-ppc64le_bin.tar.gz,linux,ppc64,jdk,72
2026-09-15T00:24:48+00:00,sapmachine-17.0.20+8,357843096,True,sapmachine-jre-17.0.20-ea.8_linux-ppc64le_bin.tar.gz,linux,ppc64,jre,71
2026-09-15T00:24:48+00:00,sapmachine-17.0.20+8,357843096,True,sapmachine-jdk-17.0.20-ea.8_linux-ppc64le_bin-symbols.tar.gz,linux,ppc64,jdk,1
2026-09-15T00:24:48+00:00,sapmachine-17.0.20+8,357843096,True,sapmachine-jdk-17.0.20-ea.8_macos-aarch64_bin.tar.gz,macos,aarch64,jdk,3457
2026-09-15T00:24:48+00:00,sapmachine-17.0.20+8,357843096,True,sapmachine-jre-17.0.20-ea.8_macos-aarch64_bin.tar.gz,macos,aarch64,jre,282
2026-09-15T00:24:48+00:00,sapmachine-17.0.20+8,357843096,True,sapmachine-jdk-17.0.20-ea.8_macos-aarch64_bin-symbols.tar.gz,macos,aarch64,jdk,1
2026-09-15T00:24:48+00:00,sapmachine-17.0.20+8,357843096,True,sapmachine-jdk-17.0.20-ea.8_macos-aarch64_bin.dmg,macos,aarch64,jdk,71
2026-09-15T00:24:48+00:00,sapmachine-17.0.20+8,357843096,True,sapmachine-jre-17.0.20-ea.8_macos-aarch64_bin.dmg,macos,aarch64,jre,70
2026-09-15T00:24:48+00:00,sapmachine-17.0.20+8,357843096,True,sapmachine-jdk-17.0.20-ea.8_linux-x64_bin.tar.gz,linux,x64,jdk,870
2026-09-15T00:24:48+00:00,sapmachine-17.0.20+8,357843096,True,sapmachine-jre-17.0.20-ea.8_linux-x64_bin.tar.gz,linux,x64,jre,71
2026-09-15T00:24:48+00:00,sapmachine-17.0.20+8,357843096,True,sapmachine-jdk-17.0.20-ea.8_linux-x64_bin-symbols.tar.gz,linux,x64,jdk,1
2026-09-15T00:24:48+00:00,sapmachine-17.0.20+8,357843096,True,sapmachine-jdk-17.0.20-ea.8_linux-aarch64_bin.tar.gz,linux,aarch64,jdk,73
2026-09-15T00:24:48+00:00,sapmachine-17.0.20+8,357843096,True,sapmachine-jre-17.0.20-ea.8_linux-aarch64_bin.tar.gz,linux,aarch64,jre,72
2026-09-15T00:24:48+00:00,sapmachine-17.0.20+8,357843096,True,sapmachine-jdk-17.0.20-ea.8_linux-aarch64_bin-symbols.tar.gz,linux,aarch64,jdk,1
2026-09-15T00:24:48+00:00,sapmachine-17.0.20+8,357843096,True,sapmachine-jdk-17.0.20-ea.8_macos-x64_bin.tar.gz,macos,x64,jdk,73
2026-09-15T00:24:48+00:00,sapmachine-17.0.20+8,357843096,True,sapmachine-jre-17.0.20-ea.8_macos-x64_bin.tar.gz,macos,x64,jre,72
2026-09-15T00:24:48+00:00,sapmachine-17.0.20+8,357843096,True,sapmachine-jdk-17.0.20-ea.8_macos-x64_bin-symbols.tar.gz,macos,x64,jdk,1
2026-09-15T00:24:48+00:00,sapmachine-17.0.20+8,357843096,True,sapmachine-jdk-17.0.20-ea.8_macos-x64_bin.dmg,macos,x64,jdk,72
2026-09-15T00:24:48+00:00,sapmachine-17.0.20+8,357843096,True,sapmachine-jre-17.0.20-ea.8_macos-x64_bin.dmg,macos,x64,jre,71
2026-09-15T00:24:48+00:00,sapmachine-17.0.20+8,357843096,True,sapmachine-jdk-17.0.20-ea.8_windows-x64_bin.zip,windows,x64,jdk,858
2026-09-15T00:24:48+00:00,sapmachine-17.0.20+8,357843096,True,sapmachine-jre-17.0.20-ea.8_windows-x64_bin.zip,windows,x64,jre,75
2026-09-15T00:24:48+00:00,sapmachine-17.0.20+8,357843096,True,sapmachine-jdk-17.0.20-ea.8_windows-x64_bin-symbols.tar.gz,windows,x64,jdk,1
2026-09-15T00:24:48+00:00,sapmachine-17.0.20,357795553,False,sapmachine-17.0.20-sbom-linux-aarch64.json,linux,aarch64,,60
2026-09-15T00:24:48+00:00,sapmachine-17.0.20,357795553,False,sapmachine-17.0.20-sbom-linux-ppc64le.json,linux,ppc64,,59
2026-09-15T00:24:48+00:00,sapmachine-17.0.20,357795553,False,sapmachine-17.0.20-sbom-linux-x64-musl.json,alpine,x64,,59
2026-09-15T00:24:48+00:00,sapmachine-17.0.20,357795553,False,sapmachine-17.0.20-sbom-linux-x64.json,linux,x64,,60
2026-09-15T00:24:48+00:00,sapmachine-17.0.20,357795553,False,sapmachine-17.0.20-sbom-macos-aarch64.json,macos,aarch64,,60
2026-09-15T00:24:48+00:00,sapmachine-17.0.20,357795553,False,sapmachine-17.0.20-sbom-macos-x64.json,macos,x64,,59
2026-09-15T00:24:48+00:00,sapmachine-17.0.20,357795553,False,sapmachine-17.0.20-sbom-windows-x64.json,windows,x64,,59
2026-09-15T00:24:48+00:00,sapmachine-17.0.20,357795553,False,sapmachine-jdk-17.0.20_linux-aarch64_bin-symbols.tar.gz,linux,aarch64,jdk,2
2026-09-15T00:24:48+00:00,sapmachine-17.0.20,357795553,False,sapmachine-jdk-17.0.20_linux-aarch64_bin.tar.gz,linux,aarch64,jdk,316
2026-09-15T00:24:48+00:00,sapmachine-17.0.20,357795553,False,sapmachine-jdk-17.0.20_linux-ppc64le_bin-symbols.tar.gz,linux,ppc64,jdk,2
2026-09-15T00:24:48+00:00,sapmachine-17.0.20,357795553,False,sapmachine-jdk-17.0.20_linux-ppc64le_bin.tar.gz,linux,ppc64,jdk,110
2026-09-15T00:24:48+00:00,sapmachine-17.0.20,357795553,False,sapmachine-jdk-17.0.20_linux-x64-musl_bin-symbols.tar.gz,alpine,x64,jdk,2
2026-09-15T00:24:48+00:00,sapmachine-17.0.20,357795553,False,sapmachine-jdk-17.0.20_linux-x64-musl_bin.tar.gz,alpine,x64,jdk,1485
2026-09-15T00:24:48+00:00,sapmachine-17.0.20,357795553,False,sapmachine-jdk-17.0.20_linux-x64_bin-symbols.tar.gz,linux,x64,jdk,2
2026-09-15T00:24:48+00:00,sapmachine-17.0.20,357795553,False,sapmachine-jdk-17.0.20_linux-x64_bin.tar.gz,linux,x64,jdk,25384
2026-09-15T00:24:48+00:00,sapmachine-17.0.20,357795553,False,sapmachine-jdk-17.0.20_macos-aarch64_bin-symbols.tar.gz,macos,aarch64,jdk,2
2026-09-15T00:24:48+00:00,sapmachine-17.0.20,357795553,False,sapmachine-jdk-17.0.20_macos-aarch64_bin.dmg,macos,aarch64,jdk,505
2026-09-15T00:24:48+00:00,sapmachine-17.0.20,357795553,False,sapmachine-jdk-17.0.20_macos-aarch64_bin.tar.gz,macos,aarch64,jdk,16792
2026-09-15T00:24:48+00:00,sapmachine-17.0.20,357795553,False,sapmachine-jdk-17.0.20_macos-x64_bin-symbols.tar.gz,macos,x64,jdk,2
2026-09-15T00:24:48+00:00,sapmachine-17.0.20,357795553,False,sapmachine-jdk-17.0.20_macos-x64_bin.dmg,macos,x64,jdk,294
2026-09-15T00:24:48+00:00,sapmachine-17.0.20,357795553,False,sapmachine-jdk-17.0.20_macos-x64_bin.tar.gz,macos,x64,jdk,1715
2026-09-15T00:24:48+00:00,sapmachine-17.0.20,357795553,False,sapmachine-jdk-17.0.20_windows-x64_bin-symbols.tar.gz,windows,x64,jdk,2
2026-09-15T00:24:48+00:00,sapmachine-17.0.20,357795553,False,sapmachine-jdk-17.0.20_windows-x64_bin.msi,windows,x64,jdk,686
2026-09-15T00:24:48+00:00,sapmachine-17.0.20,357795553,False,sapmachine-jdk-17.0.20_windows-x64_bin.zip,windows,x64,jdk,2970
2026-09-15T00:24:48+00:00,sapmachine-17.0.20,357795553,False,sapmachine-jre-17.0.20_linux-aarch64_bin.tar.gz,linux,aarch64,jre,282
2026-09-15T00:24:48+00:00,sapmachine-17.0.20,357795553,False,sapmachine-jre-17.0.20_linux-ppc64le_bin.tar.gz,linux,ppc64,jre,82
2026-09-15T00:24:48+00:00,sapmachine-17.0.20,357795553,False,sapmachine-jre-17.0.20_linux-x64-musl_bin.tar.gz,alpine,x64,jre,86
2026-09-15T00:24:48+00:00,sapmachine-17.0.20,357795553,False,sapmachine-jre-17.0.20_linux-x64_bin.tar.gz,linux,x64,jre,20743
2026-09-15T00:24:48+00:00,sapmachine-17.0.20,357795553,False,sapmachine-jre-17.0.20_macos-aarch64_bin.dmg,macos,aarch64,jre,83
2026-09-15T00:24:48+00:00,sapmachine-17.0.20,357795553,False,sapmachine-jre-17.0.20_macos-aarch64_bin.tar.gz,macos,aarch64,jre,683
2026-09-15T00:24:48+00:00,sapmachine-17.0.20,357795553,False,sapmachine-jre-17.0.20_macos-x64_bin.dmg,macos,x64,jre,76
2026-09-15T00:24:48+00:00,sapmachine-17.0.20,357795553,False,sapmachine-jre-17.0.20_macos-x64_bin.tar.gz,macos,x64,jre,1030
2026-09-15T00:24:48+00:00,sapmachine-17.0.20,357795553,False,sapmachine-jre-17.0.20_windows-x64_bin.msi,windows,x64,jre,1256
2026-09-15T00:24:48+00:00,sapmachine-17.0.20,357795553,False,sapmachine-jre-17.0.20_windows-x64_bin.zip,windows,x64,jre,1104
2026-09-15T00:24:48+00:00,sapmachine-21.0.12,357792575,False,sapmachine-21.0.12-sbom-aix-ppc64.json,aix,ppc64,,60
2026-09-15T00:24:48+00:00,sapmachine-21.0.12,357792575,False,sapmachine-21.0.12-sbom-linux-aarch64.json,linux,aarch64,,60
2026-09-15T00:24:48+00:00,sapmachine-21.0.12,357792575,False,sapmachine-21.0.12-sbom-linux-ppc64le.json,linux,ppc64,,60
2026-09-15T00:24:48+00:00,sapmachine-21.0.12,357792575,False,sapmachine-21.0.12-sbom-linux-x64-musl.json,alpine,x64,,60
2026-09-15T00:24:48+00:00,sapmachine-21.0.12,357792575,False,sapmachine-21.0.12-sbom-linux-x64.json,linux,x64,,63
2026-09-15T00:24:48+00:00,sapmachine-21.0.12,357792575,False,sapmachine-21.0.12-sbom-macos-aarch64.json,macos,aarch64,,62
2026-09-15T00:24:48+00:00,sapmachine-21.0.12,357792575,False,sapmachine-21.0.12-sbom-macos-x64.json,macos,x64,,61
2026-09-15T00:24:48+00:00,sapmachine-21.0.12,357792575,False,sapmachine-21.0.12-sbom-windows-x64.json,windows,x64,,62
2026-09-15T00:24:48+00:00,sapmachine-21.0.12,357792575,False,sapmachine-jdk-21.0.12_aix-ppc64_bin-symbols.tar.gz,aix,ppc64,jdk,4
2026-09-15T00:24:48+00:00,sapmachine-21.0.12,357792575,False,sapmachine-jdk-21.0.12_aix-ppc64_bin.tar.gz,aix,ppc64,jdk,124
2026-09-15T00:24:48+00:00,sapmachine-21.0.12,357792575,False,sapmachine-jdk-21.0.12_linux-aarch64_bin-symbols.tar.gz,linux,aarch64,jdk,4
2026-09-15T00:24:48+00:00,sapmachine-21.0.12,357792575,False,sapmachine-jdk-21.0.12_linux-aarch64_bin.tar.gz,linux,aarch64,jdk,1724
2026-09-15T00:24:48+00:00,sapmachine-21.0.12,357792575,False,sapmachine-jdk-21.0.12_linux-ppc64le_bin-symbols.tar.gz,linux,ppc64,jdk,4
2026-09-15T00:24:48+00:00,sapmachine-21.0.12,357792575,False,sapmachine-jdk-21.0.12_linux-ppc64le_bin.tar.gz,linux,ppc64,jdk,122
2026-09-15T00:24:48+00:00,sapmachine-21.0.12,357792575,False,sapmachine-jdk-21.0.12_linux-x64-musl_bin-symbols.tar.gz,alpine,x64,jdk,4
2026-09-15T00:24:48+00:00,sapmachine-21.0.12,357792575,False,sapmachine-jdk-21.0.12_linux-x64-musl_bin.tar.gz,alpine,x64,jdk,1490
2026-09-15T00:24:48+00:00,sapmachine-21.0.12,357792575,False,sapmachine-jdk-21.0.12_linux-x64_bin-symbols.tar.gz,linux,x64,jdk,4
2026-09-15T00:24:48+00:00,sapmachine-21.0.12,357792575,False,sapmachine-jdk-21.0.12_linux-x64_bin.tar.gz,linux,x64,jdk,62990
2026-09-15T00:24:48+00:00,sapmachine-21.0.12,357792575,False,sapmachine-jdk-21.0.12_macos-aarch64_bin-symbols.tar.gz,macos,aarch64,jdk,4
2026-09-15T00:24:48+00:00,sapmachine-21.0.12,357792575,False,sapmachine-jdk-21.0.12_macos-aarch64_bin.dmg,macos,aarch64,jdk,931
2026-09-15T00:24:48+00:00,sapmachine-21.0.12,357792575,False,sapmachine-jdk-21.0.12_macos-aarch64_bin.tar.gz,macos,aarch64,jdk,28111
2026-09-15T00:24:48+00:00,sapmachine-21.0.12,357792575,False,sapmachine-jdk-21.0.12_macos-x64_bin-symbols.tar.gz,macos,x64,jdk,4
2026-09-15T00:24:48+00:00,sapmachine-21.0.12,357792575,False,sapmachine-jdk-21.0.12_macos-x64_bin.dmg,macos,x64,jdk,468
2026-09-15T00:24:48+00:00,sapmachine-21.0.12,357792575,False,sapmachine-jdk-21.0.12_macos-x64_bin.tar.gz,macos,x64,jdk,2247
2026-09-15T00:24:48+00:00,sapmachine-21.0.12,357792575,False,sapmachine-jdk-21.0.12_windows-x64_bin-symbols.tar.gz,windows,x64,jdk,5
2026-09-15T00:24:48+00:00,sapmachine-21.0.12,357792575,False,sapmachine-jdk-21.0.12_windows-x64_bin.msi,windows,x64,jdk,1031
2026-09-15T00:24:48+00:00,sapmachine-21.0.12,357792575,False,sapmachine-jdk-21.0.12_windows-x64_bin.zip,windows,x64,jdk,2181
2026-09-15T00:24:48+00:00,sapmachine-21.0.12,357792575,False,sapmachine-jre-21.0.12_aix-ppc64_bin.tar.gz,aix,ppc64,jre,89
2026-09-15T00:24:48+00:00,sapmachine-21.0.12,357792575,False,sapmachine-jre-21.0.12_linux-aarch64_bin.tar.gz,linux,aarch64,jre,451
2026-09-15T00:24:48+00:00,sapmachine-21.0.12,357792575,False,sapmachine-jre-21.0.12_linux-ppc64le_bin.tar.gz,linux,ppc64,jre,90
2026-09-15T00:24:48+00:00,sapmachine-21.0.12,357792575,False,sapmachine-jre-21.0.12_linux-x64-musl_bin.tar.gz,alpine,x64,jre,84
2026-09-15T00:24:48+00:00,sapmachine-21.0.12,357792575,False,sapmachine-jre-21.0.12_linux-x64_bin.tar.gz,linux,x64,jre,30633
2026-09-15T00:24:48+00:00,sapmachine-21.0.12,357792575,False,sapmachine-jre-21.0.12_macos-aarch64_bin.dmg,macos,aarch64,jre,110
2026-09-15T00:24:48+00:00,sapmachine-21.0.12,357792575,False,sapmachine-jre-21.0.12_macos-aarch64_bin.tar.gz,macos,aarch64,jre,436
2026-09-15T00:24:48+00:00,sapmachine-21.0.12,357792575,False,sapmachine-jre-21.0.12_macos-x64_bin.dmg,macos,x64,jre,85
2026-09-15T00:24:48+00:00,sapmachine-21.0.12,357792575,False,sapmachine-jre-21.0.12_macos-x64_bin.tar.gz,macos,x64,jre,219
2026-09-15T00:24:48+00:00,sapmachine-21.0.12,357792575,False,sapmachine-jre-21.0.12_windows-x64_bin.msi,windows,x64,jre,442
2026-09-15T00:24:48+00:00,sapmachine-21.0.12,357792575,False,sapmachine-jre-21.0.12_windows-x64_bin.zip,windows,x64,jre,241
2026-09-15T00:24:48+00:00,sapmachine-21.0.12+8,357843630,True,sapmachine-jdk-21.0.12-ea.8_linux-x64-musl_bin.tar.gz,alpine,x64,jdk,69
2026-09-15T00:24:48+00:00,sapmachine-21.0.12+8,357843630,True,sapmachine-jre-21.0.12-ea.8_linux-x64-musl_bin.tar.gz,alpine,x64,jre,69
2026-09-15T00:24:48+00:00,sapmachine-21.0.12+8,357843630,True,sapmachine-jdk-21.0.12-ea.8_linux-x64-musl_bin-symbols.tar.gz,alpine,x64,jdk,2
2026-09-15T00:24:48+00:00,sapmachine-21.0.12+8,357843630,True,sapmachine-jdk-21.0.12-ea.8_linux-x64_bin.tar.gz,linux,x64,jdk,932
2026-09-15T00:24:48+00:00,sapmachine-21.0.12+8,357843630,True,sapmachine-jre-21.0.12-ea.8_linux-x64_bin.tar.gz,linux,x64,jre,70
2026-09-15T00:24:48+00:00,sapmachine-21.0.12+8,357843630,True,sapmachine-jdk-21.0.12-ea.8_linux-x64_bin-symbols.tar.gz,linux,x64,jdk,2
2026-09-15T00:24:48+00:00,sapmachine-21.0.12+8,357843630,True,sapmachine-jdk-21.0.12-ea.8_linux-aarch64_bin.tar.gz,linux,aarch64,jdk,69
2026-09-15T00:24:48+00:00,sapmachine-21.0.12+8,357843630,True,sapmachine-jre-21.0.12-ea.8_linux-aarch64_bin.tar.gz,linux,aarch64,jre,69
2026-09-15T00:24:48+00:00,sapmachine-21.0.12+8,357843630,True,sapmachine-jdk-21.0.12-ea.8_linux-aarch64_bin-symbols.tar.gz,linux,aarch64,jdk,1
2026-09-15T00:24:48+00:00,sapmachine-21.0.12+8,357843630,True,sapmachine-jdk-21.0.12-ea.8_linux-ppc64le_bin.tar.gz,linux,ppc64,jdk,71
2026-09-15T00:24:48+00:00,sapmachine-21.0.12+8,357843630,True,sapmachine-jre-21.0.12-ea.8_linux-ppc64le_bin.tar.gz,linux,ppc64,jre,71
2026-09-15T00:24:48+00:00,sapmachine-21.0.12+8,357843630,True,sapmachine-jdk-21.0.12-ea.8_linux-ppc64le_bin-symbols.tar.gz,linux,ppc64,jdk,1
2026-09-15T00:24:48+00:00,sapmachine-21.0.12+8,357843630,True,sapmachine-jdk-21.0.12-ea.8_aix-ppc64_bin.tar.gz,aix,ppc64,jdk,70
2026-09-15T00:24:48+00:00,sapmachine-21.0.12+8,357843630,True,sapmachine-jre-21.0.12-ea.8_aix-ppc64_bin.tar.gz,aix,ppc64,jre,70
2026-09-15T00:24:48+00:00,sapmachine-21.0.12+8,357843630,True,sapmachine-jdk-21.0.12-ea.8_aix-ppc64_bin-symbols.tar.gz,aix,ppc64,jdk,1
2026-09-15T00:24:48+00:00,sapmachine-21.0.12+8,357843630,True,sapmachine-jdk-21.0.12-ea.8_macos-aarch64_bin.tar.gz,macos,aarch64,jdk,2789
2026-09-15T00:24:48+00:00,sapmachine-21.0.12+8,357843630,True,sapmachine-jre-21.0.12-ea.8_macos-aarch64_bin.tar.gz,macos,aarch64,jre,254
2026-09-15T00:24:48+00:00,sapmachine-21.0.12+8,357843630,True,sapmachine-jdk-21.0.12-ea.8_macos-aarch64_bin-symbols.tar.gz,macos,aarch64,jdk,1
2026-09-15T00:24:48+00:00,sapmachine-21.0.12+8,357843630,True,sapmachine-jdk-21.0.12-ea.8_macos-aarch64_bin.dmg,macos,aarch64,jdk,72
2026-09-15T00:24:48+00:00,sapmachine-21.0.12+8,357843630,True,sapmachine-jre-21.0.12-ea.8_macos-aarch64_bin.dmg,macos,aarch64,jre,70
2026-09-15T00:24:48+00:00,sapmachine-21.0.12+8,357843630,True,sapmachine-jdk-21.0.12-ea.8_macos-x64_bin.tar.gz,macos,x64,jdk,99
2026-09-15T00:24:48+00:00,sapmachine-21.0.12+8,357843630,True,sapmachine-jre-21.0.12-ea.8_macos-x64_bin.tar.gz,macos,x64,jre,70
2026-09-15T00:24:48+00:00,sapmachine-21.0.12+8,357843630,True,sapmachine-jdk-21.0.12-ea.8_macos-x64_bin-symbols.tar.gz,macos,x64,jdk,1
2026-09-15T00:24:48+00:00,sapmachine-21.0.12+8,357843630,True,sapmachine-jdk-21.0.12-ea.8_macos-x64_bin.dmg,macos,x64,jdk,71
2026-09-15T00:24:48+00:00,sapmachine-21.0.12+8,357843630,True,sapmachine-jre-21.0.12-ea.8_macos-x64_bin.dmg,macos,x64,jre,69
2026-09-15T00:24:48+00:00,sapmachine-21.0.12+8,357843630,True,sapmachine-jdk-21.0.12-ea.8_windows-x64_bin.zip,windows,x64,jdk,927
2026-09-15T00:24:48+00:00,sapmachine-21.0.12+8,357843630,True,sapmachine-jre-21.0.12-ea.8_windows-x64_bin.zip,windows,x64,jre,73
2026-09-15T00:24:48+00:00,sapmachine-21.0.12+8,357843630,True,sapmachine-jdk-21.0.12-ea.8_windows-x64_bin-symbols.tar.gz,windows,x64,jdk,1
2026-09-15T00:24:48+00:00,sapmachine-25.0.4+7,357805950,True,sapmachine-jdk-25.0.4-ea.7_linux-x64-musl_bin.tar.gz,alpine,x64,jdk,73
2026-09-15T00:24:48+00:00,sapmachine-25.0.4+7,357805950,True,sapmachine-jre-25.0.4-ea.7_linux-x64-musl_bin.tar.gz,alpine,x64,jre,73
2026-09-15T00:24:48+00:00,sapmachine-25.0.4+7,357805950,True,sapmachine-jdk-25.0.4-ea.7_linux-x64-musl_bin-symbols.tar.gz,alpine,x64,jdk,2
2026-09-15T00:24:48+00:00,sapmachine-25.0.4+7,357805950,True,sapmachine-jdk-25.0.4-ea.7_aix-ppc64_bin.tar.gz,aix,ppc64,jdk,73
2026-09-15T00:24:48+00:00,sapmachine-25.0.4+7,357805950,True,sapmachine-jre-25.0.4-ea.7_aix-ppc64_bin.tar.gz,aix,ppc64,jre,73
2026-09-15T00:24:48+00:00,sapmachine-25.0.4+7,357805950,True,sapmachine-jdk-25.0.4-ea.7_aix-ppc64_bin-symbols.tar.gz,aix,ppc64,jdk,2
2026-09-15T00:24:48+00:00,sapmachine-25.0.4+7,357805950,True,sapmachine-jdk-25.0.4-ea.7_linux-x64_bin.tar.gz,linux,x64,jdk,84
2026-09-15T00:24:48+00:00,sapmachine-25.0.4+7,357805950,True,sapmachine-jre-25.0.4-ea.7_linux-x64_bin.tar.gz,linux,x64,jre,75
2026-09-15T00:24:48+00:00,sapmachine-25.0.4+7,357805950,True,sapmachine-jdk-25.0.4-ea.7_linux-x64_bin-symbols.tar.gz,linux,x64,jdk,1
2026-09-15T00:24:48+00:00,sapmachine-25.0.4+7,357805950,True,sapmachine-jdk-25.0.4-ea.7_linux-ppc64le_bin.tar.gz,linux,ppc64,jdk,75
2026-09-15T00:24:48+00:00,sapmachine-25.0.4+7,357805950,True,sapmachine-jre-25.0.4-ea.7_linux-ppc64le_bin.tar.gz,linux,ppc64,jre,75
2026-09-15T00:24:48+00:00,sapmachine-25.0.4+7,357805950,True,sapmachine-jdk-25.0.4-ea.7_linux-ppc64le_bin-symbols.tar.gz,linux,ppc64,jdk,1
2026-09-15T00:24:48+00:00,sapmachine-25.0.4+7,357805950,True,sapmachine-jdk-25.0.4-ea.7_macos-aarch64_bin.tar.gz,macos,aarch64,jdk,90
2026-09-15T00:24:48+00:00,sapmachine-25.0.4+7,357805950,True,sapmachine-jre-25.0.4-ea.7_macos-aarch64_bin.tar.gz,macos,aarch64,jre,73
2026-09-15T00:24:48+00:00,sapmachine-25.0.4+7,357805950,True,sapmachine-jdk-25.0.4-ea.7_macos-aarch64_bin-symbols.tar.gz,macos,aarch64,jdk,1
2026-09-15T00:24:48+00:00,sapmachine-25.0.4+7,357805950,True,sapmachine-jdk-25.0.4-ea.7_macos-aarch64_bin.dmg,macos,aarch64,jdk,73
2026-09-15T00:24:48+00:00,sapmachine-25.0.4+7,357805950,True,sapmachine-jre-25.0.4-ea.7_macos-aarch64_bin.dmg,macos,aarch64,jre,72
2026-09-15T00:24:48+00:00,sapmachine-25.0.4+7,357805950,True,sapmachine-jdk-25.0.4-ea.7_linux-aarch64_bin.tar.gz,linux,aarch64,jdk,75
2026-09-15T00:24:48+00:00,sapmachine-25.0.4+7,357805950,True,sapmachine-jre-25.0.4-ea.7_linux-aarch64_bin.tar.gz,linux,aarch64,jre,75
2026-09-15T00:24:48+00:00,sapmachine-25.0.4+7,357805950,True,sapmachine-jdk-25.0.4-ea.7_linux-aarch64_bin-symbols.tar.gz,linux,aarch64,jdk,1
2026-09-15T00:24:48+00:00,sapmachine-25.0.4+7,357805950,True,sapmachine-jdk-25.0.4-ea.7_windows-x64_bin.zip,windows,x64,jdk,75
2026-09-15T00:24:48+00:00,sapmachine-25.0.4+7,357805950,True,sapmachine-jre-25.0.4-ea.7_windows-x64_bin.zip,windows,x64,jre,75
2026-09-15T00:24:48+00:00,sapmachine-25.0.4+7,357805950,True,sapmachine-jdk-25.0.4-ea.7_windows-x64_bin-symbols.tar.gz,windows,x64,jdk,1
2026-09-15T00:24:48+00:00,sapmachine-25.0.4,357626706,False,sapmachine-25.0.4-sbom-aix-ppc64.json,aix,ppc64,,62
2026-09-15T00:24:48+00:00,sapmachine-25.0.4,357626706,False,sapmachine-25.0.4-sbom-linux-aarch64.json,linux,aarch64,,60
2026-09-15T00:24:48+00:00,sapmachine-25.0.4,357626706,False,sapmachine-25.0.4-sbom-linux-ppc64le.json,linux,ppc64,,60
2026-09-15T00:24:48+00:00,sapmachine-25.0.4,357626706,False,sapmachine-25.0.4-sbom-linux-x64-musl.json,alpine,x64,,60
2026-09-15T00:24:48+00:00,sapmachine-25.0.4,357626706,False,sapmachine-25.0.4-sbom-linux-x64.json,linux,x64,,62
2026-09-15T00:24:48+00:00,sapmachine-25.0.4,357626706,False,sapmachine-25.0.4-sbom-macos-aarch64.json,macos,aarch64,,61
2026-09-15T00:24:48+00:00,sapmachine-25.0.4,357626706,False,sapmachine-25.0.4-sbom-windows-x64.json,windows,x64,,62
2026-09-15T00:24:48+00:00,sapmachine-25.0.4,357626706,False,sapmachine-jdk-25.0.4_aix-ppc64_bin-symbols.tar.gz,aix,ppc64,jdk,2
2026-09-15T00:24:48+00:00,sapmachine-25.0.4,357626706,False,sapmachine-jdk-25.0.4_aix-ppc64_bin.tar.gz,aix,ppc64,jdk,114
2026-09-15T00:24:48+00:00,sapmachine-25.0.4,357626706,False,sapmachine-jdk-25.0.4_linux-aarch64_bin-symbols.tar.gz,linux,aarch64,jdk,2
2026-09-15T00:24:48+00:00,sapmachine-25.0.4,357626706,False,sapmachine-jdk-25.0.4_linux-aarch64_bin.tar.gz,linux,aarch64,jdk,357
2026-09-15T00:24:48+00:00,sapmachine-25.0.4,357626706,False,sapmachine-jdk-25.0.4_linux-ppc64le_bin-symbols.tar.gz,linux,ppc64,jdk,2
2026-09-15T00:24:48+00:00,sapmachine-25.0.4,357626706,False,sapmachine-jdk-25.0.4_linux-ppc64le_bin.tar.gz,linux,ppc64,jdk,127
2026-09-15T00:24:48+00:00,sapmachine-25.0.4,357626706,False,sapmachine-jdk-25.0.4_linux-x64-musl_bin-symbols.tar.gz,alpine,x64,jdk,2
2026-09-15T00:24:48+00:00,sapmachine-25.0.4,357626706,False,sapmachine-jdk-25.0.4_linux-x64-musl_bin.tar.gz,alpine,x64,jdk,121
2026-09-15T00:24:48+00:00,sapmachine-25.0.4,357626706,False,sapmachine-jdk-25.0.4_linux-x64_bin-symbols.tar.gz,linux,x64,jdk,3
2026-09-15T00:24:48+00:00,sapmachine-25.0.4,357626706,False,sapmachine-jdk-25.0.4_linux-x64_bin.tar.gz,linux,x64,jdk,44625
2026-09-15T00:24:48+00:00,sapmachine-25.0.4,357626706,False,sapmachine-jdk-25.0.4_macos-aarch64_bin-symbols.tar.gz,macos,aarch64,jdk,2
2026-09-15T00:24:48+00:00,sapmachine-25.0.4,357626706,False,sapmachine-jdk-25.0.4_macos-aarch64_bin.dmg,macos,aarch64,jdk,456
2026-09-15T00:24:48+00:00,sapmachine-25.0.4,357626706,False,sapmachine-jdk-25.0.4_macos-aarch64_bin.tar.gz,macos,aarch64,jdk,18583
2026-09-15T00:24:48+00:00,sapmachine-25.0.4,357626706,False,sapmachine-jdk-25.0.4_windows-x64_bin-symbols.tar.gz,windows,x64,jdk,2
2026-09-15T00:24:48+00:00,sapmachine-25.0.4,357626706,False,sapmachine-jdk-25.0.4_windows-x64_bin.msi,windows,x64,jdk,646
2026-09-15T00:24:48+00:00,sapmachine-25.0.4,357626706,False,sapmachine-jdk-25.0.4_windows-x64_bin.zip,windows,x64,jdk,957
2026-09-15T00:24:48+00:00,sapmachine-25.0.4,357626706,False,sapmachine-jre-25.0.4_aix-ppc64_bin.tar.gz,aix,ppc64,jre,82
2026-09-15T00:24:48+00:00,sapmachine-25.0.4,357626706,False,sapmachine-jre-25.0.4_linux-aarch64_bin.tar.gz,linux,aarch64,jre,256
2026-09-15T00:24:48+00:00,sapmachine-25.0.4,357626706,False,sapmachine-jre-25.0.4_linux-ppc64le_bin.tar.gz,linux,ppc64,jre,86
2026-09-15T00:24:48+00:00,sapmachine-25.0.4,357626706,False,sapmachine-jre-25.0.4_linux-x64-musl_bin.tar.gz,alpine,x64,jre,86
2026-09-15T00:24:48+00:00,sapmachine-25.0.4,357626706,False,sapmachine-jre-25.0.4_linux-x64_bin.tar.gz,linux,x64,jre,9577
2026-09-15T00:24:48+00:00,sapmachine-25.0.4,357626706,False,sapmachine-jre-25.0.4_macos-aarch64_bin.dmg,macos,aarch64,jre,96
2026-09-15T00:24:48+00:00,sapmachine-25.0.4,357626706,False,sapmachine-jre-25.0.4_macos-aarch64_bin.tar.gz,macos,aarch64,jre,205
2026-09-15T00:24:48+00:00,sapmachine-25.0.4,357626706,False,sapmachine-jre-25.0.4_windows-x64_bin.msi,windows,x64,jre,274
2026-09-15T00:24:48+00:00,sapmachine-25.0.4,357626706,False,sapmachine-jre-25.0.4_windows-x64_bin.zip,windows,x64,jre,125
2026-09-15T00:24:48+00:00,sapmachine-26.0.2+10,357802906,True,sapmachine-jdk-26.0.2-ea.10_linux-x64-musl_bin.tar.gz,alpine,x64,jdk,74
2026-09-15T00:24:48+00:00,sapmachine-26.0.2+10,357802906,True,sapmachine-jre-26.0.2-ea.10_linux-x64-musl_bin.tar.gz,alpine,x64,jre,73
2026-09-15T00:24:48+00:00,sapmachine-26.0.2+10,357802906,True,sapmachine-jdk-26.0.2-ea.10_linux-x64-musl_bin-symbols.tar.gz,alpine,x64,jdk,2
2026-09-15T00:24:48+00:00,sapmachine-26.0.2+10,357802906,True,sapmachine-jdk-26.0.2-ea.10_macos-aarch64_bin.tar.gz,macos,aarch64,jdk,77
2026-09-15T00:24:48+00:00,sapmachine-26.0.2+10,357802906,True,sapmachine-jre-26.0.2-ea.10_macos-aarch64_bin.tar.gz,macos,aarch64,jre,80
2026-09-15T00:24:48+00:00,sapmachine-26.0.2+10,357802906,True,sapmachine-jdk-26.0.2-ea.10_macos-aarch64_bin-symbols.tar.gz,macos,aarch64,jdk,1
2026-09-15T00:24:48+00:00,sapmachine-26.0.2+10,357802906,True,sapmachine-jdk-26.0.2-ea.10_macos-aarch64_bin.dmg,macos,aarch64,jdk,73
2026-09-15T00:24:48+00:00,sapmachine-26.0.2+10,357802906,True,sapmachine-jre-26.0.2-ea.10_macos-aarch64_bin.dmg,macos,aarch64,jre,72
2026-09-15T00:24:48+00:00,sapmachine-26.0.2+10,357802906,True,sapmachine-jdk-26.0.2-ea.10_linux-x64_bin.tar.gz,linux,x64,jdk,76
2026-09-15T00:24:48+00:00,sapmachine-26.0.2+10,357802906,True,sapmachine-jre-26.0.2-ea.10_linux-x64_bin.tar.gz,linux,x64,jre,75
2026-09-15T00:24:48+00:00,sapmachine-26.0.2+10,357802906,True,sapmachine-jdk-26.0.2-ea.10_linux-x64_bin-symbols.tar.gz,linux,x64,jdk,1
2026-09-15T00:24:48+00:00,sapmachine-26.0.2+10,357802906,True,sapmachine-jdk-26.0.2-ea.10_aix-ppc64_bin.tar.gz,aix,ppc64,jdk,72
2026-09-15T00:24:48+00:00,sapmachine-26.0.2+10,357802906,True,sapmachine-jre-26.0.2-ea.10_aix-ppc64_bin.tar.gz,aix,ppc64,jre,72
2026-09-15T00:24:48+00:00,sapmachine-26.0.2+10,357802906,True,sapmachine-jdk-26.0.2-ea.10_aix-ppc64_bin-symbols.tar.gz,aix,ppc64,jdk,1
2026-09-15T00:24:48+00:00,sapmachine-26.0.2+10,357802906,True,sapmachine-jdk-26.0.2-ea.10_linux-ppc64le_bin.tar.gz,linux,ppc64,jdk,76
2026-09-15T00:24:48+00:00,sapmachine-26.0.2+10,357802906,True,sapmachine-jre-26.0.2-ea.10_linux-ppc64le_bin.tar.gz,linux,ppc64,jre,75
2026-09-15T00:24:48+00:00,sapmachine-26.0.2+10,357802906,True,sapmachine-jdk-26.0.2-ea.10_linux-ppc64le_bin-symbols.tar.gz,linux,ppc64,jdk,1
2026-09-15T00:24:48+00:00,sapmachine-26.0.2+10,357802906,True,sapmachine-jdk-26.0.2-ea.10_linux-aarch64_bin.tar.gz,linux,aarch64,jdk,75
2026-09-15T00:24:48+00:00,sapmachine-26.0.2+10,357802906,True,sapmachine-jre-26.0.2-ea.10_linux-aarch64_bin.tar.gz,linux,aarch64,jre,75
2026-09-15T00:24:48+00:00,sapmachine-26.0.2+10,357802906,True,sapmachine-jdk-26.0.2-ea.10_linux-aarch64_bin-symbols.tar.gz,linux,aarch64,jdk,1
2026-09-15T00:24:48+00:00,sapmachine-26.0.2+10,357802906,True,sapmachine-jdk-26.0.2-ea.10_windows-x64_bin.zip,windows,x64,jdk,76
2026-09-15T00:24:48+00:00,sapmachine-26.0.2+10,357802906,True,sapmachine-jre-26.0.2-ea.10_windows-x64_bin.zip,windows,x64,jre,75
2026-09-15T00:24:48+00:00,sapmachine-26.0.2+10,357802906,True,sapmachine-jdk-26.0.2-ea.10_windows-x64_bin-symbols.tar.gz,windows,x64,jdk,1
2026-09-15T00:24:48+00:00,sapmachine-26.0.2,357619279,False,sapmachine-jdk-26.0.2_aix-ppc64_bin-symbols.tar.gz,aix,ppc64,jdk,3
2026-09-15T00:24:48+00:00,sapmachine-26.0.2,357619279,False,sapmachine-jdk-26.0.2_aix-ppc64_bin.tar.gz,aix,ppc64,jdk,146
2026-09-15T00:24:48+00:00,sapmachine-26.0.2,357619279,False,sapmachine-jdk-26.0.2_linux-aarch64_bin-symbols.tar.gz,linux,aarch64,jdk,2
2026-09-15T00:24:48+00:00,sapmachine-26.0.2,357619279,False,sapmachine-jdk-26.0.2_linux-aarch64_bin.tar.gz,linux,aarch64,jdk,212
2026-09-15T00:24:48+00:00,sapmachine-26.0.2,357619279,False,sapmachine-jdk-26.0.2_linux-ppc64le_bin-symbols.tar.gz,linux,ppc64,jdk,1
2026-09-15T00:24:48+00:00,sapmachine-26.0.2,357619279,False,sapmachine-jdk-26.0.2_linux-ppc64le_bin.tar.gz,linux,ppc64,jdk,146
2026-09-15T00:24:48+00:00,sapmachine-26.0.2,357619279,False,sapmachine-jdk-26.0.2_linux-x64-musl_bin-symbols.tar.gz,alpine,x64,jdk,2
2026-09-15T00:24:48+00:00,sapmachine-26.0.2,357619279,False,sapmachine-jdk-26.0.2_linux-x64-musl_bin.tar.gz,alpine,x64,jdk,129
2026-09-15T00:24:48+00:00,sapmachine-26.0.2,357619279,False,sapmachine-jdk-26.0.2_linux-x64_bin-symbols.tar.gz,linux,x64,jdk,1
2026-09-15T00:24:48+00:00,sapmachine-26.0.2,357619279,False,sapmachine-jdk-26.0.2_linux-x64_bin.tar.gz,linux,x64,jdk,1009
2026-09-15T00:24:48+00:00,sapmachine-26.0.2,357619279,False,sapmachine-jdk-26.0.2_macos-aarch64_bin-symbols.tar.gz,macos,aarch64,jdk,1
2026-09-15T00:24:48+00:00,sapmachine-26.0.2,357619279,False,sapmachine-jdk-26.0.2_macos-aarch64_bin.dmg,macos,aarch64,jdk,1372
2026-09-15T00:24:48+00:00,sapmachine-26.0.2,357619279,False,sapmachine-jdk-26.0.2_macos-aarch64_bin.tar.gz,macos,aarch64,jdk,1135
2026-09-15T00:24:48+00:00,sapmachine-26.0.2,357619279,False,sapmachine-jdk-26.0.2_windows-x64_bin-symbols.tar.gz,windows,x64,jdk,1
2026-09-15T00:24:48+00:00,sapmachine-26.0.2,357619279,False,sapmachine-jdk-26.0.2_windows-x64_bin.msi,windows,x64,jdk,1365
2026-09-15T00:24:48+00:00,sapmachine-26.0.2,357619279,False,sapmachine-jdk-26.0.2_windows-x64_bin.zip,windows,x64,jdk,430
2026-09-15T00:24:48+00:00,sapmachine-26.0.2,357619279,False,sapmachine-jre-26.0.2_aix-ppc64_bin.tar.gz,aix,ppc64,jre,79
2026-09-15T00:24:48+00:00,sapmachine-26.0.2,357619279,False,sapmachine-jre-26.0.2_linux-aarch64_bin.tar.gz,linux,aarch64,jre,148
2026-09-15T00:24:48+00:00,sapmachine-26.0.2,357619279,False,sapmachine-jre-26.0.2_linux-ppc64le_bin.tar.gz,linux,ppc64,jre,83
2026-09-15T00:24:48+00:00,sapmachine-26.0.2,357619279,False,sapmachine-jre-26.0.2_linux-x64-musl_bin.tar.gz,alpine,x64,jre,82
2026-09-15T00:24:48+00:00,sapmachine-26.0.2,357619279,False,sapmachine-jre-26.0.2_linux-x64_bin.tar.gz,linux,x64,jre,567
2026-09-15T00:24:48+00:00,sapmachine-26.0.2,357619279,False,sapmachine-jre-26.0.2_macos-aarch64_bin.dmg,macos,aarch64,jre,88
2026-09-15T00:24:48+00:00,sapmachine-26.0.2,357619279,False,sapmachine-jre-26.0.2_macos-aarch64_bin.tar.gz,macos,aarch64,jre,169
2026-09-15T00:24:48+00:00,sapmachine-26.0.2,357619279,False,sapmachine-jre-26.0.2_windows-x64_bin.msi,windows,x64,jre,346
2026-09-15T00:24:48+00:00,sapmachine-26.0.2,357619279,False,sapmachine-jre-26.0.2_windows-x64_bin.zip,windows,x64,jre,118
2026-09-15T00:24:48+00:00,sapmachine-26.0.2+1,355181493,True,sapmachine-jdk-26.0.2-ea.1_linux-x64-musl_bin.tar.gz,alpine,x64,jdk,77
2026-09-15T00:24:48+00:00,sapmachine-26.0.2+1,355181493,True,sapmachine-jre-26.0.2-ea.1_linux-x64-musl_bin.tar.gz,alpine,x64,jre,77
2026-09-15T00:24:48+00:00,sapmachine-26.0.2+1,355181493,True,sapmachine-jdk-26.0.2-ea.1_linux-x64-musl_bin-symbols.tar.gz,alpine,x64,jdk,2
2026-09-15T00:24:48+00:00,sapmachine-26.0.2+1,355181493,True,sapmachine-jdk-26.0.2-ea.1_aix-ppc64_bin.tar.gz,aix,ppc64,jdk,75
2026-09-15T00:24:48+00:00,sapmachine-26.0.2+1,355181493,True,sapmachine-jre-26.0.2-ea.1_aix-ppc64_bin.tar.gz,aix,ppc64,jre,76
2026-09-15T00:24:48+00:00,sapmachine-26.0.2+1,355181493,True,sapmachine-jdk-26.0.2-ea.1_aix-ppc64_bin-symbols.tar.gz,aix,ppc64,jdk,1
2026-09-15T00:24:48+00:00,sapmachine-26.0.2+1,355181493,True,sapmachine-jdk-26.0.2-ea.1_linux-x64_bin.tar.gz,linux,x64,jdk,80
2026-09-15T00:24:48+00:00,sapmachine-26.0.2+1,355181493,True,sapmachine-jre-26.0.2-ea.1_linux-x64_bin.tar.gz,linux,x64,jre,79
2026-09-15T00:24:48+00:00,sapmachine-26.0.2+1,355181493,True,sapmachine-jdk-26.0.2-ea.1_linux-x64_bin-symbols.tar.gz,linux,x64,jdk,1
2026-09-15T00:24:48+00:00,sapmachine-26.0.2+1,355181493,True,sapmachine-jdk-26.0.2-ea.1_linux-ppc64le_bin.tar.gz,linux,ppc64,jdk,79
2026-09-15T00:24:48+00:00,sapmachine-26.0.2+1,355181493,True,sapmachine-jre-26.0.2-ea.1_linux-ppc64le_bin.tar.gz,linux,ppc64,jre,79
2026-09-15T00:24:48+00:00,sapmachine-26.0.2+1,355181493,True,sapmachine-jdk-26.0.2-ea.1_linux-ppc64le_bin-symbols.tar.gz,linux,ppc64,jdk,1
2026-09-15T00:24:48+00:00,sapmachine-26.0.2+1,355181493,True,sapmachine-jdk-26.0.2-ea.1_macos-aarch64_bin.tar.gz,macos,aarch64,jdk,80
2026-09-15T00:24:48+00:00,sapmachine-26.0.2+1,355181493,True,sapmachine-jre-26.0.2-ea.1_macos-aarch64_bin.tar.gz,macos,aarch64,jre,82
2026-09-15T00:24:48+00:00,sapmachine-26.0.2+1,355181493,True,sapmachine-jdk-26.0.2-ea.1_macos-aarch64_bin-symbols.tar.gz,macos,aarch64,jdk,1
2026-09-15T00:24:48+00:00,sapmachine-26.0.2+1,355181493,True,sapmachine-jdk-26.0.2-ea.1_macos-aarch64_bin.dmg,macos,aarch64,jdk,77
2026-09-15T00:24:48+00:00,sapmachine-26.0.2+1,355181493,True,sapmachine-jre-26.0.2-ea.1_macos-aarch64_bin.dmg,macos,aarch64,jre,75
2026-09-15T00:24:48+00:00,sapmachine-26.0.2+1,355181493,True,sapmachine-jdk-26.0.2-ea.1_linux-aarch64_bin.tar.gz,linux,aarch64,jdk,79
2026-09-15T00:24:48+00:00,sapmachine-26.0.2+1,355181493,True,sapmachine-jre-26.0.2-ea.1_linux-aarch64_bin.tar.gz,linux,aarch64,jre,80
2026-09-15T00:24:48+00:00,sapmachine-26.0.2+1,355181493,True,sapmachine-jdk-26.0.2-ea.1_linux-aarch64_bin-symbols.tar.gz,linux,aarch64,jdk,1
2026-09-15T00:24:48+00:00,sapmachine-26.0.2+1,355181493,True,sapmachine-jdk-26.0.2-ea.1_windows-x64_bin.zip,windows,x64,jdk,80
2026-09-15T00:24:48+00:00,sapmachine-26.0.2+1,355181493,True,sapmachine-jre-26.0.2-ea.1_windows-x64_bin.zip,windows,x64,jre,79
2026-09-15T00:24:48+00:00,sapmachine-26.0.2+1,355181493,True,sapmachine-jdk-26.0.2-ea.1_windows-x64_bin-symbols.tar.gz,windows,x64,jdk,1
2026-09-15T00:24:48+00:00,sapmachine-27+30,355155816,True,sapmachine-jdk-27-ea.30_linux-x64-musl_bin.tar.gz,alpine,x64,jdk,76
2026-09-15T00:24:48+00:00,sapmachine-27+30,355155816,True,sapmachine-jre-27-ea.30_linux-x64-musl_bin.tar.gz,alpine,x64,jre,76
2026-09-15T00:24:48+00:00,sapmachine-27+30,355155816,True,sapmachine-jdk-27-ea.30_linux-x64-musl_bin-symbols.tar.gz,alpine,x64,jdk,1
2026-09-15T00:24:48+00:00,sapmachine-27+30,355155816,True,sapmachine-jdk-27-ea.30_linux-x64_bin.tar.gz,linux,x64,jdk,79
2026-09-15T00:24:48+00:00,sapmachine-27+30,355155816,True,sapmachine-jre-27-ea.30_linux-x64_bin.tar.gz,linux,x64,jre,79
2026-09-15T00:24:48+00:00,sapmachine-27+30,355155816,True,sapmachine-jdk-27-ea.30_linux-x64_bin-symbols.tar.gz,linux,x64,jdk,1
2026-09-15T00:24:48+00:00,sapmachine-27+30,355155816,True,sapmachine-jdk-27-ea.30_linux-aarch64_bin.tar.gz,linux,aarch64,jdk,79
2026-09-15T00:24:48+00:00,sapmachine-27+30,355155816,True,sapmachine-jre-27-ea.30_linux-aarch64_bin.tar.gz,linux,aarch64,jre,79
2026-09-15T00:24:48+00:00,sapmachine-27+30,355155816,True,sapmachine-jdk-27-ea.30_linux-aarch64_bin-symbols.tar.gz,linux,aarch64,jdk,1
2026-09-15T00:24:48+00:00,sapmachine-27+30,355155816,True,sapmachine-jdk-27-ea.30_aix-ppc64_bin.tar.gz,aix,ppc64,jdk,76
2026-09-15T00:24:48+00:00,sapmachine-27+30,355155816,True,sapmachine-jre-27-ea.30_aix-ppc64_bin.tar.gz,aix,ppc64,jre,76
2026-09-15T00:24:48+00:00,sapmachine-27+30,355155816,True,sapmachine-jdk-27-ea.30_aix-ppc64_bin-symbols.tar.gz,aix,ppc64,jdk,1
2026-09-15T00:24:48+00:00,sapmachine-27+30,355155816,True,sapmachine-jdk-27-ea.30_linux-ppc64le_bin.tar.gz,linux,ppc64,jdk,79
2026-09-15T00:24:48+00:00,sapmachine-27+30,355155816,True,sapmachine-jre-27-ea.30_linux-ppc64le_bin.tar.gz,linux,ppc64,jre,79
2026-09-15T00:24:48+00:00,sapmachine-27+30,355155816,True,sapmachine-jdk-27-ea.30_linux-ppc64le_bin-symbols.tar.gz,linux,ppc64,jdk,1
2026-09-15T00:24:48+00:00,sapmachine-27+30,355155816,True,sapmachine-jdk-27-ea.30_macos-aarch64_bin.tar.gz,macos,aarch64,jdk,82
2026-09-15T00:24:48+00:00,sapmachine-27+30,355155816,True,sapmachine-jre-27-ea.30_macos-aarch64_bin.tar.gz,macos,aarch64,jre,81
2026-09-15T00:24:48+00:00,sapmachine-27+30,355155816,True,sapmachine-jdk-27-ea.30_macos-aarch64_bin-symbols.tar.gz,macos,aarch64,jdk,1
2026-09-15T00:24:48+00:00,sapmachine-27+30,355155816,True,sapmachine-jdk-27-ea.30_macos-aarch64_bin.dmg,macos,aarch64,jdk,78
2026-09-15T00:24:48+00:00,sapmachine-27+30,355155816,True,sapmachine-jre-27-ea.30_macos-aarch64_bin.dmg,macos,aarch64,jre,75
2026-09-15T00:24:48+00:00,sapmachine-27+30,355155816,True,sapmachine-jdk-27-ea.30_windows-x64_bin.zip,windows,x64,jdk,79
2026-09-15T00:24:48+00:00,sapmachine-27+30,355155816,True,sapmachine-jre-27-ea.30_windows-x64_bin.zip,windows,x64,jre,79
2026-09-15T00:24:48+00:00,sapmachine-27+30,355155816,True,sapmachine-jdk-27-ea.30_windows-x64_bin-symbols.tar.gz,windows,x64,jdk,1
2026-09-15T00:24:48+00:00,sapmachine-28+6,355175502,True,sapmachine-jdk-28-ea.6_linux-x64-musl_bin.tar.gz,alpine,x64,jdk,75
2026-09-15T00:24:48+00:00,sapmachine-28+6,355175502,True,sapmachine-jre-28-ea.6_linux-x64-musl_bin.tar.gz,alpine,x64,jre,75
2026-09-15T00:24:48+00:00,sapmachine-28+6,355175502,True,sapmachine-jdk-28-ea.6_linux-x64-musl_bin-symbols.tar.gz,alpine,x64,jdk,2
2026-09-15T00:24:48+00:00,sapmachine-28+6,355175502,True,sapmachine-jdk-28-ea.6_linux-aarch64_bin.tar.gz,linux,aarch64,jdk,76
2026-09-15T00:24:48+00:00,sapmachine-28+6,355175502,True,sapmachine-jre-28-ea.6_linux-aarch64_bin.tar.gz,linux,aarch64,jre,76
2026-09-15T00:24:48+00:00,sapmachine-28+6,355175502,True,sapmachine-jdk-28-ea.6_linux-aarch64_bin-symbols.tar.gz,linux,aarch64,jdk,1
2026-09-15T00:24:48+00:00,sapmachine-28+6,355175502,True,sapmachine-jdk-28-ea.6_linux-x64_bin.tar.gz,linux,x64,jdk,75
2026-09-15T00:24:48+00:00,sapmachine-28+6,355175502,True,sapmachine-jre-28-ea.6_linux-x64_bin.tar.gz,linux,x64,jre,76
2026-09-15T00:24:48+00:00,sapmachine-28+6,355175502,True,sapmachine-jdk-28-ea.6_linux-x64_bin-symbols.tar.gz,linux,x64,jdk,1
2026-09-15T00:24:48+00:00,sapmachine-28+6,355175502,True,sapmachine-jdk-28-ea.6_macos-aarch64_bin.tar.gz,macos,aarch64,jdk,74
2026-09-15T00:24:48+00:00,sapmachine-28+6,355175502,True,sapmachine-jre-28-ea.6_macos-aarch64_bin.tar.gz,macos,aarch64,jre,74
2026-09-15T00:24:48+00:00,sapmachine-28+6,355175502,True,sapmachine-jdk-28-ea.6_macos-aarch64_bin-symbols.tar.gz,macos,aarch64,jdk,1
2026-09-15T00:24:48+00:00,sapmachine-28+6,355175502,True,sapmachine-jdk-28-ea.6_macos-aarch64_bin.dmg,macos,aarch64,jdk,74
2026-09-15T00:24:48+00:00,sapmachine-28+6,355175502,True,sapmachine-jre-28-ea.6_macos-aarch64_bin.dmg,macos,aarch64,jre,73
2026-09-15T00:24:48+00:00,sapmachine-28+6,355175502,True,sapmachine-jdk-28-ea.6_aix-ppc64_bin.tar.gz,aix,ppc64,jdk,74
2026-09-15T00:24:48+00:00,sapmachine-28+6,355175502,True,sapmachine-jre-28-ea.6_aix-ppc64_bin.tar.gz,aix,ppc64,jre,74
2026-09-15T00:24:48+00:00,sapmachine-28+6,355175502,True,sapmachine-jdk-28-ea.6_aix-ppc64_bin-symbols.tar.gz,aix,ppc64,jdk,1
2026-09-15T00:24:48+00:00,sapmachine-28+6,355175502,True,sapmachine-jdk-28-ea.6_linux-ppc64le_bin.tar.gz,linux,ppc64,jdk,76
2026-09-15T00:24:48+00:00,sapmachine-28+6,355175502,True,sapmachine-jre-28-ea.6_linux-ppc64le_bin.tar.gz,linux,ppc64,jre,76
2026-09-15T00:24:48+00:00,sapmachine-28+6,355175502,True,sapmachine-jdk-28-ea.6_linux-ppc64le_bin-symbols.tar.gz,linux,ppc64,jdk,1
2026-09-15T00:24:48+00:00,sapmachine-28+6,355175502,True,sapmachine-jdk-28-ea.6_windows-x64_bin.zip,windows,x64,jdk,70
2026-09-15T00:24:48+00:00,sapmachine-28+6,355175502,True,sapmachine-jre-28-ea.6_windows-x64_bin.zip,windows,x64,jre,71
2026-09-15T00:24:48+00:00,sapmachine-28+6,355175502,True,sapmachine-jdk-28-ea.6_windows-x64_bin-symbols.tar.gz,windows,x64,jdk,1
2026-09-15T00:24:48+00:00,sapmachine-27+29,348838230,True,sapmachine-jdk-27-ea.29_linux-x64_bin.tar.gz,linux,x64,jdk,92
2026-09-15T00:24:48+00:00,sapmachine-27+29,348838230,True,sapmachine-jre-27-ea.29_linux-x64_bin.tar.gz,linux,x64,jre,92
2026-09-15T00:24:48+00:00,sapmachine-27+29,348838230,True,sapmachine-jdk-27-ea.29_linux-x64_bin-symbols.tar.gz,linux,x64,jdk,2
2026-09-15T00:24:48+00:00,sapmachine-27+29,348838230,True,sapmachine-jdk-27-ea.29_aix-ppc64_bin.tar.gz,aix,ppc64,jdk,89
2026-09-15T00:24:48+00:00,sapmachine-27+29,348838230,True,sapmachine-jre-27-ea.29_aix-ppc64_bin.tar.gz,aix,ppc64,jre,89
2026-09-15T00:24:48+00:00,sapmachine-27+29,348838230,True,sapmachine-jdk-27-ea.29_aix-ppc64_bin-symbols.tar.gz,aix,ppc64,jdk,2
2026-09-15T00:24:48+00:00,sapmachine-27+29,348838230,True,sapmachine-jdk-27-ea.29_macos-aarch64_bin.tar.gz,macos,aarch64,jdk,99
2026-09-15T00:24:48+00:00,sapmachine-27+29,348838230,True,sapmachine-jre-27-ea.29_macos-aarch64_bin.tar.gz,macos,aarch64,jre,93
2026-09-15T00:24:48+00:00,sapmachine-27+29,348838230,True,sapmachine-jdk-27-ea.29_macos-aarch64_bin-symbols.tar.gz,macos,aarch64,jdk,2
2026-09-15T00:24:48+00:00,sapmachine-27+29,348838230,True,sapmachine-jdk-27-ea.29_macos-aarch64_bin.dmg,macos,aarch64,jdk,94
2026-09-15T00:24:48+00:00,sapmachine-27+29,348838230,True,sapmachine-jre-27-ea.29_macos-aarch64_bin.dmg,macos,aarch64,jre,89
2026-09-15T00:24:48+00:00,sapmachine-27+29,348838230,True,sapmachine-jdk-27-ea.29_linux-x64-musl_bin.tar.gz,alpine,x64,jdk,88
2026-09-15T00:24:48+00:00,sapmachine-27+29,348838230,True,sapmachine-jre-27-ea.29_linux-x64-musl_bin.tar.gz,alpine,x64,jre,88
2026-09-15T00:24:48+00:00,sapmachine-27+29,348838230,True,sapmachine-jdk-27-ea.29_linux-x64-musl_bin-symbols.tar.gz,alpine,x64,jdk,1
2026-09-15T00:24:48+00:00,sapmachine-27+29,348838230,True,sapmachine-jdk-27-ea.29_linux-ppc64le_bin.tar.gz,linux,ppc64,jdk,91
2026-09-15T00:24:48+00:00,sapmachine-27+29,348838230,True,sapmachine-jre-27-ea.29_linux-ppc64le_bin.tar.gz,linux,ppc64,jre,91
2026-09-15T00:24:48+00:00,sapmachine-27+29,348838230,True,sapmachine-jdk-27-ea.29_linux-ppc64le_bin-symbols.tar.gz,linux,ppc64,jdk,1
2026-09-15T00:24:48+00:00,sapmachine-27+29,348838230,True,sapmachine-jdk-27-ea.29_linux-aarch64_bin.tar.gz,linux,aarch64,jdk,91
2026-09-15T00:24:48+00:00,sapmachine-27+29,348838230,True,sapmachine-jre-27-ea.29_linux-aarch64_bin.tar.gz,linux,aarch64,jre,91
2026-09-15T00:24:48+00:00,sapmachine-27+29,348838230,True,sapmachine-jdk-27-ea.29_linux-aarch64_bin-symbols.tar.gz,linux,aarch64,jdk,1
2026-09-15T00:24:48+00:00,sapmachine-27+29,348838230,True,sapmachine-jdk-27-ea.29_windows-x64_bin.zip,windows,x64,jdk,91
2026-09-15T00:24:48+00:00,sapmachine-27+29,348838230,True,sapmachine-jre-27-ea.29_windows-x64_bin.zip,windows,x64,jre,92
2026-09-15T00:24:48+00:00,sapmachine-27+29,348838230,True,sapmachine-jdk-27-ea.29_windows-x64_bin-symbols.tar.gz,windows,x64,jdk,1
2026-09-15T00:24:48+00:00,sapmachine-28+5,348837538,True,sapmachine-jdk-28-ea.5_linux-x64-musl_bin.tar.gz,alpine,x64,jdk,94
2026-09-15T00:24:48+00:00,sapmachine-28+5,348837538,True,sapmachine-jre-28-ea.5_linux-x64-musl_bin.tar.gz,alpine,x64,jre,94
2026-09-15T00:24:48+00:00,sapmachine-28+5,348837538,True,sapmachine-jdk-28-ea.5_linux-x64-musl_bin-symbols.tar.gz,alpine,x64,jdk,3
2026-09-15T00:24:48+00:00,sapmachine-28+5,348837538,True,sapmachine-jdk-28-ea.5_macos-aarch64_bin.tar.gz,macos,aarch64,jdk,94
2026-09-15T00:24:48+00:00,sapmachine-28+5,348837538,True,sapmachine-jre-28-ea.5_macos-aarch64_bin.tar.gz,macos,aarch64,jre,95
2026-09-15T00:24:48+00:00,sapmachine-28+5,348837538,True,sapmachine-jdk-28-ea.5_macos-aarch64_bin-symbols.tar.gz,macos,aarch64,jdk,3
2026-09-15T00:24:48+00:00,sapmachine-28+5,348837538,True,sapmachine-jdk-28-ea.5_macos-aarch64_bin.dmg,macos,aarch64,jdk,95
2026-09-15T00:24:48+00:00,sapmachine-28+5,348837538,True,sapmachine-jre-28-ea.5_macos-aarch64_bin.dmg,macos,aarch64,jre,94
2026-09-15T00:24:48+00:00,sapmachine-28+5,348837538,True,sapmachine-jdk-28-ea.5_linux-x64_bin.tar.gz,linux,x64,jdk,90
2026-09-15T00:24:48+00:00,sapmachine-28+5,348837538,True,sapmachine-jre-28-ea.5_linux-x64_bin.tar.gz,linux,x64,jre,88
2026-09-15T00:24:48+00:00,sapmachine-28+5,348837538,True,sapmachine-jdk-28-ea.5_linux-x64_bin-symbols.tar.gz,linux,x64,jdk,1
2026-09-15T00:24:48+00:00,sapmachine-28+5,348837538,True,sapmachine-jdk-28-ea.5_linux-aarch64_bin.tar.gz,linux,aarch64,jdk,88
2026-09-15T00:24:48+00:00,sapmachine-28+5,348837538,True,sapmachine-jre-28-ea.5_linux-aarch64_bin.tar.gz,linux,aarch64,jre,88
2026-09-15T00:24:48+00:00,sapmachine-28+5,348837538,True,sapmachine-jdk-28-ea.5_linux-aarch64_bin-symbols.tar.gz,linux,aarch64,jdk,1
2026-09-15T00:24:48+00:00,sapmachine-28+5,348837538,True,sapmachine-jdk-28-ea.5_aix-ppc64_bin.tar.gz,aix,ppc64,jdk,92
2026-09-15T00:24:48+00:00,sapmachine-28+5,348837538,True,sapmachine-jre-28-ea.5_aix-ppc64_bin.tar.gz,aix,ppc64,jre,92
2026-09-15T00:24:48+00:00,sapmachine-28+5,348837538,True,sapmachine-jdk-28-ea.5_aix-ppc64_bin-symbols.tar.gz,aix,ppc64,jdk,1
2026-09-15T00:24:48+00:00,sapmachine-28+5,348837538,True,sapmachine-jdk-28-ea.5_linux-ppc64le_bin.tar.gz,linux,ppc64,jdk,88
2026-09-15T00:24:48+00:00,sapmachine-28+5,348837538,True,sapmachine-jre-28-ea.5_linux-ppc64le_bin.tar.gz,linux,ppc64,jre,88
2026-09-15T00:24:48+00:00,sapmachine-28+5,348837538,True,sapmachine-jdk-28-ea.5_linux-ppc64le_bin-symbols.tar.gz,linux,ppc64,jdk,1
2026-09-15T00:24:48+00:00,sapmachine-28+5,348837538,True,sapmachine-jdk-28-ea.5_windows-x64_bin.zip,windows,x64,jdk,97
2026-09-15T00:24:48+00:00,sapmachine-28+5,348837538,True,sapmachine-jre-28-ea.5_windows-x64_bin.zip,windows,x64,jre,91
2026-09-15T00:24:48+00:00,sapmachine-28+5,348837538,True,sapmachine-jdk-28-ea.5_windows-x64_bin-symbols.tar.gz,windows,x64,jdk,1
2026-09-15T00:24:48+00:00,sapmachine-28+4,347179004,True,sapmachine-jdk-28-ea.4_linux-x64-musl_bin.tar.gz,alpine,x64,jdk,96
2026-09-15T00:24:48+00:00,sapmachine-28+4,347179004,True,sapmachine-jre-28-ea.4_linux-x64-musl_bin.tar.gz,alpine,x64,jre,96
2026-09-15T00:24:48+00:00,sapmachine-28+4,347179004,True,sapmachine-jdk-28-ea.4_linux-x64-musl_bin-symbols.tar.gz,alpine,x64,jdk,2
2026-09-15T00:24:48+00:00,sapmachine-28+4,347179004,True,sapmachine-jdk-28-ea.4_macos-aarch64_bin.tar.gz,macos,aarch64,jdk,96
2026-09-15T00:24:48+00:00,sapmachine-28+4,347179004,True,sapmachine-jre-28-ea.4_macos-aarch64_bin.tar.gz,macos,aarch64,jre,96
2026-09-15T00:24:48+00:00,sapmachine-28+4,347179004,True,sapmachine-jdk-28-ea.4_macos-aarch64_bin-symbols.tar.gz,macos,aarch64,jdk,2
2026-09-15T00:24:48+00:00,sapmachine-28+4,347179004,True,sapmachine-jdk-28-ea.4_macos-aarch64_bin.dmg,macos,aarch64,jdk,97
2026-09-15T00:24:48+00:00,sapmachine-28+4,347179004,True,sapmachine-jre-28-ea.4_macos-aarch64_bin.dmg,macos,aarch64,jre,96
2026-09-15T00:24:48+00:00,sapmachine-28+4,347179004,True,sapmachine-jdk-28-ea.4_linux-x64_bin.tar.gz,linux,x64,jdk,93
2026-09-15T00:24:48+00:00,sapmachine-28+4,347179004,True,sapmachine-jre-28-ea.4_linux-x64_bin.tar.gz,linux,x64,jre,97
2026-09-15T00:24:48+00:00,sapmachine-28+4,347179004,True,sapmachine-jdk-28-ea.4_linux-x64_bin-symbols.tar.gz,linux,x64,jdk,1
2026-09-15T00:24:48+00:00,sapmachine-28+4,347179004,True,sapmachine-jdk-28-ea.4_linux-ppc64le_bin.tar.gz,linux,ppc64,jdk,93
2026-09-15T00:24:48+00:00,sapmachine-28+4,347179004,True,sapmachine-jre-28-ea.4_linux-ppc64le_bin.tar.gz,linux,ppc64,jre,94
2026-09-15T00:24:48+00:00,sapmachine-28+4,347179004,True,sapmachine-jdk-28-ea.4_linux-ppc64le_bin-symbols.tar.gz,linux,ppc64,jdk,1
2026-09-15T00:24:48+00:00,sapmachine-28+4,347179004,True,sapmachine-jdk-28-ea.4_linux-aarch64_bin.tar.gz,linux,aarch64,jdk,93
2026-09-15T00:24:48+00:00,sapmachine-28+4,347179004,True,sapmachine-jre-28-ea.4_linux-aarch64_bin.tar.gz,linux,aarch64,jre,92
2026-09-15T00:24:48+00:00,sapmachine-28+4,347179004,True,sapmachine-jdk-28-ea.4_linux-aarch64_bin-symbols.tar.gz,linux,aarch64,jdk,1
2026-09-15T00:24:48+00:00,sapmachine-28+4,347179004,True,sapmachine-jdk-28-ea.4_aix-ppc64_bin.tar.gz,aix,ppc64,jdk,95
2026-09-15T00:24:48+00:00,sapmachine-28+4,347179004,True,sapmachine-jre-28-ea.4_aix-ppc64_bin.tar.gz,aix,ppc64,jre,95
2026-09-15T00:24:48+00:00,sapmachine-28+4,347179004,True,sapmachine-jdk-28-ea.4_aix-ppc64_bin-symbols.tar.gz,aix,ppc64,jdk,1
2026-09-15T00:24:48+00:00,sapmachine-28+4,347179004,True,sapmachine-jdk-28-ea.4_windows-x64_bin.zip,windows,x64,jdk,92
2026-09-15T00:24:48+00:00,sapmachine-28+4,347179004,True,sapmachine-jre-28-ea.4_windows-x64_bin.zip,windows,x64,jre,92
2026-09-15T00:24:48+00:00,sapmachine-28+4,347179004,True,sapmachine-jdk-28-ea.4_windows-x64_bin-symbols.tar.gz,windows,x64,jdk,1
2026-09-15T00:24:48+00:00,sapmachine-27+28,345266471,True,sapmachine-jdk-27-ea.28_linux-x64-musl_bin.tar.gz,alpine,x64,jdk,104
2026-09-15T00:24:48+00:00,sapmachine-27+28,345266471,True,sapmachine-jre-27-ea.28_linux-x64-musl_bin.tar.gz,alpine,x64,jre,101
2026-09-15T00:24:48+00:00,sapmachine-27+28,345266471,True,sapmachine-jdk-27-ea.28_linux-x64-musl_bin-symbols.tar.gz,alpine,x64,jdk,1
2026-09-15T00:24:48+00:00,sapmachine-27+28,345266471,True,sapmachine-jdk-27-ea.28_linux-x64_bin.tar.gz,linux,x64,jdk,103
2026-09-15T00:24:48+00:00,sapmachine-27+28,345266471,True,sapmachine-jre-27-ea.28_linux-x64_bin.tar.gz,linux,x64,jre,103
2026-09-15T00:24:48+00:00,sapmachine-27+28,345266471,True,sapmachine-jdk-27-ea.28_linux-x64_bin-symbols.tar.gz,linux,x64,jdk,1
2026-09-15T00:24:48+00:00,sapmachine-27+28,345266471,True,sapmachine-jdk-27-ea.28_linux-ppc64le_bin.tar.gz,linux,ppc64,jdk,104
2026-09-15T00:24:48+00:00,sapmachine-27+28,345266471,True,sapmachine-jre-27-ea.28_linux-ppc64le_bin.tar.gz,linux,ppc64,jre,105
2026-09-15T00:24:48+00:00,sapmachine-27+28,345266471,True,sapmachine-jdk-27-ea.28_linux-ppc64le_bin-symbols.tar.gz,linux,ppc64,jdk,1
2026-09-15T00:24:48+00:00,sapmachine-27+28,345266471,True,sapmachine-jdk-27-ea.28_macos-aarch64_bin.tar.gz,macos,aarch64,jdk,113
2026-09-15T00:24:48+00:00,sapmachine-27+28,345266471,True,sapmachine-jre-27-ea.28_macos-aarch64_bin.tar.gz,macos,aarch64,jre,103
2026-09-15T00:24:48+00:00,sapmachine-27+28,345266471,True,sapmachine-jdk-27-ea.28_macos-aarch64_bin-symbols.tar.gz,macos,aarch64,jdk,1
2026-09-15T00:24:48+00:00,sapmachine-27+28,345266471,True,sapmachine-jdk-27-ea.28_macos-aarch64_bin.dmg,macos,aarch64,jdk,106
2026-09-15T00:24:48+00:00,sapmachine-27+28,345266471,True,sapmachine-jre-27-ea.28_macos-aarch64_bin.dmg,macos,aarch64,jre,102
2026-09-15T00:24:48+00:00,sapmachine-27+28,345266471,True,sapmachine-jdk-27-ea.28_aix-ppc64_bin.tar.gz,aix,ppc64,jdk,100
2026-09-15T00:24:48+00:00,sapmachine-27+28,345266471,True,sapmachine-jre-27-ea.28_aix-ppc64_bin.tar.gz,aix,ppc64,jre,105
2026-09-15T00:24:48+00:00,sapmachine-27+28,345266471,True,sapmachine-jdk-27-ea.28_aix-ppc64_bin-symbols.tar.gz,aix,ppc64,jdk,1
2026-09-15T00:24:48+00:00,sapmachine-27+28,345266471,True,sapmachine-jdk-27-ea.28_linux-aarch64_bin.tar.gz,linux,aarch64,jdk,104
2026-09-15T00:24:48+00:00,sapmachine-27+28,345266471,True,sapmachine-jre-27-ea.28_linux-aarch64_bin.tar.gz,linux,aarch64,jre,104
2026-09-15T00:24:48+00:00,sapmachine-27+28,345266471,True,sapmachine-jdk-27-ea.28_linux-aarch64_bin-symbols.tar.gz,linux,aarch64,jdk,1
2026-09-15T00:24:48+00:00,sapmachine-27+28,345266471,True,sapmachine-jdk-27-ea.28_windows-x64_bin.zip,windows,x64,jdk,106
2026-09-15T00:24:48+00:00,sapmachine-27+28,345266471,True,sapmachine-jre-27-ea.28_windows-x64_bin.zip,windows,x64,jre,110
2026-09-15T00:24:48+00:00,sapmachine-27+28,345266471,True,sapmachine-jdk-27-ea.28_windows-x64_bin-symbols.tar.gz,windows,x64,jdk,1
2026-09-15T00:24:48+00:00,sapmachine-21.0.12+7,345167640,True,sapmachine-jdk-21.0.12-ea.7_linux-x64_bin.tar.gz,linux,x64,jdk,1722
2026-09-15T00:24:48+00:00,sapmachine-21.0.12+7,345167640,True,sapmachine-jre-21.0.12-ea.7_linux-x64_bin.tar.gz,linux,x64,jre,104
2026-09-15T00:24:48+00:00,sapmachine-21.0.12+7,345167640,True,sapmachine-jdk-21.0.12-ea.7_linux-x64_bin-symbols.tar.gz,linux,x64,jdk,2
2026-09-15T00:24:48+00:00,sapmachine-21.0.12+7,345167640,True,sapmachine-jdk-21.0.12-ea.7_aix-ppc64_bin.tar.gz,aix,ppc64,jdk,101
2026-09-15T00:24:48+00:00,sapmachine-21.0.12+7,345167640,True,sapmachine-jre-21.0.12-ea.7_aix-ppc64_bin.tar.gz,aix,ppc64,jre,99
2026-09-15T00:24:48+00:00,sapmachine-21.0.12+7,345167640,True,sapmachine-jdk-21.0.12-ea.7_aix-ppc64_bin-symbols.tar.gz,aix,ppc64,jdk,2
2026-09-15T00:24:48+00:00,sapmachine-21.0.12+7,345167640,True,sapmachine-jdk-21.0.12-ea.7_macos-aarch64_bin.tar.gz,macos,aarch64,jdk,1747
2026-09-15T00:24:48+00:00,sapmachine-21.0.12+7,345167640,True,sapmachine-jre-21.0.12-ea.7_macos-aarch64_bin.tar.gz,macos,aarch64,jre,111
2026-09-15T00:24:48+00:00,sapmachine-21.0.12+7,345167640,True,sapmachine-jdk-21.0.12-ea.7_macos-aarch64_bin-symbols.tar.gz,macos,aarch64,jdk,1
2026-09-15T00:24:48+00:00,sapmachine-21.0.12+7,345167640,True,sapmachine-jdk-21.0.12-ea.7_macos-aarch64_bin.dmg,macos,aarch64,jdk,108
2026-09-15T00:24:48+00:00,sapmachine-21.0.12+7,345167640,True,sapmachine-jre-21.0.12-ea.7_macos-aarch64_bin.dmg,macos,aarch64,jre,99
2026-09-15T00:24:48+00:00,sapmachine-21.0.12+7,345167640,True,sapmachine-jdk-21.0.12-ea.7_linux-x64-musl_bin.tar.gz,alpine,x64,jdk,99
2026-09-15T00:24:48+00:00,sapmachine-21.0.12+7,345167640,True,sapmachine-jre-21.0.12-ea.7_linux-x64-musl_bin.tar.gz,alpine,x64,jre,99
2026-09-15T00:24:48+00:00,sapmachine-21.0.12+7,345167640,True,sapmachine-jdk-21.0.12-ea.7_linux-x64-musl_bin-symbols.tar.gz,alpine,x64,jdk,1
2026-09-15T00:24:48+00:00,sapmachine-21.0.12+7,345167640,True,sapmachine-jdk-21.0.12-ea.7_linux-ppc64le_bin.tar.gz,linux,ppc64,jdk,102
2026-09-15T00:24:48+00:00,sapmachine-21.0.12+7,345167640,True,sapmachine-jre-21.0.12-ea.7_linux-ppc64le_bin.tar.gz,linux,ppc64,jre,104
2026-09-15T00:24:48+00:00,sapmachine-21.0.12+7,345167640,True,sapmachine-jdk-21.0.12-ea.7_linux-ppc64le_bin-symbols.tar.gz,linux,ppc64,jdk,1
2026-09-15T00:24:48+00:00,sapmachine-21.0.12+7,345167640,True,sapmachine-jdk-21.0.12-ea.7_linux-aarch64_bin.tar.gz,linux,aarch64,jdk,102
2026-09-15T00:24:48+00:00,sapmachine-21.0.12+7,345167640,True,sapmachine-jre-21.0.12-ea.7_linux-aarch64_bin.tar.gz,linux,aarch64,jre,106
2026-09-15T00:24:48+00:00,sapmachine-21.0.12+7,345167640,True,sapmachine-jdk-21.0.12-ea.7_linux-aarch64_bin-symbols.tar.gz,linux,aarch64,jdk,1
2026-09-15T00:24:48+00:00,sapmachine-21.0.12+7,345167640,True,sapmachine-jdk-21.0.12-ea.7_macos-x64_bin.tar.gz,macos,x64,jdk,103
2026-09-15T00:24:48+00:00,sapmachine-21.0.12+7,345167640,True,sapmachine-jre-21.0.12-ea.7_macos-x64_bin.tar.gz,macos,x64,jre,98
2026-09-15T00:24:48+00:00,sapmachine-21.0.12+7,345167640,True,sapmachine-jdk-21.0.12-ea.7_macos-x64_bin-symbols.tar.gz,macos,x64,jdk,2
2026-09-15T00:24:48+00:00,sapmachine-21.0.12+7,345167640,True,sapmachine-jdk-21.0.12-ea.7_macos-x64_bin.dmg,macos,x64,jdk,100
2026-09-15T00:24:48+00:00,sapmachine-21.0.12+7,345167640,True,sapmachine-jre-21.0.12-ea.7_macos-x64_bin.dmg,macos,x64,jre,102
2026-09-15T00:24:48+00:00,sapmachine-21.0.12+7,345167640,True,sapmachine-jdk-21.0.12-ea.7_windows-x64_bin.zip,windows,x64,jdk,1698
2026-09-15T00:24:48+00:00,sapmachine-21.0.12+7,345167640,True,sapmachine-jre-21.0.12-ea.7_windows-x64_bin.zip,windows,x64,jre,103
2026-09-15T00:24:48+00:00,sapmachine-21.0.12+7,345167640,True,sapmachine-jdk-21.0.12-ea.7_windows-x64_bin-symbols.tar.gz,windows,x64,jdk,1
2026-09-15T00:24:48+00:00,sapmachine-25.0.4+6,345165761,True,sapmachine-jdk-25.0.4-ea.6_linux-x64-musl_bin.tar.gz,alpine,x64,jdk,101
2026-09-15T00:24:48+00:00,sapmachine-25.0.4+6,345165761,True,sapmachine-jre-25.0.4-ea.6_linux-x64-musl_bin.tar.gz,alpine,x64,jre,104
2026-09-15T00:24:48+00:00,sapmachine-25.0.4+6,345165761,True,sapmachine-jdk-25.0.4-ea.6_linux-x64-musl_bin-symbols.tar.gz,alpine,x64,jdk,2
2026-09-15T00:24:48+00:00,sapmachine-25.0.4+6,345165761,True,sapmachine-jdk-25.0.4-ea.6_linux-x64_bin.tar.gz,linux,x64,jdk,130
2026-09-15T00:24:48+00:00,sapmachine-25.0.4+6,345165761,True,sapmachine-jre-25.0.4-ea.6_linux-x64_bin.tar.gz,linux,x64,jre,104
2026-09-15T00:24:48+00:00,sapmachine-25.0.4+6,345165761,True,sapmachine-jdk-25.0.4-ea.6_linux-x64_bin-symbols.tar.gz,linux,x64,jdk,1
2026-09-15T00:24:48+00:00,sapmachine-25.0.4+6,345165761,True,sapmachine-jdk-25.0.4-ea.6_aix-ppc64_bin.tar.gz,aix,ppc64,jdk,99
2026-09-15T00:24:48+00:00,sapmachine-25.0.4+6,345165761,True,sapmachine-jre-25.0.4-ea.6_aix-ppc64_bin.tar.gz,aix,ppc64,jre,99
2026-09-15T00:24:48+00:00,sapmachine-25.0.4+6,345165761,True,sapmachine-jdk-25.0.4-ea.6_aix-ppc64_bin-symbols.tar.gz,aix,ppc64,jdk,2
2026-09-15T00:24:48+00:00,sapmachine-25.0.4+6,345165761,True,sapmachine-jdk-25.0.4-ea.6_macos-aarch64_bin.tar.gz,macos,aarch64,jdk,111
2026-09-15T00:24:48+00:00,sapmachine-25.0.4+6,345165761,True,sapmachine-jre-25.0.4-ea.6_macos-aarch64_bin.tar.gz,macos,aarch64,jre,106
2026-09-15T00:24:48+00:00,sapmachine-25.0.4+6,345165761,True,sapmachine-jdk-25.0.4-ea.6_macos-aarch64_bin-symbols.tar.gz,macos,aarch64,jdk,1
2026-09-15T00:24:48+00:00,sapmachine-25.0.4+6,345165761,True,sapmachine-jdk-25.0.4-ea.6_macos-aarch64_bin.dmg,macos,aarch64,jdk,106
2026-09-15T00:24:48+00:00,sapmachine-25.0.4+6,345165761,True,sapmachine-jre-25.0.4-ea.6_macos-aarch64_bin.dmg,macos,aarch64,jre,101
2026-09-15T00:24:48+00:00,sapmachine-25.0.4+6,345165761,True,sapmachine-jdk-25.0.4-ea.6_linux-aarch64_bin.tar.gz,linux,aarch64,jdk,108
2026-09-15T00:24:48+00:00,sapmachine-25.0.4+6,345165761,True,sapmachine-jre-25.0.4-ea.6_linux-aarch64_bin.tar.gz,linux,aarch64,jre,102
2026-09-15T00:24:48+00:00,sapmachine-25.0.4+6,345165761,True,sapmachine-jdk-25.0.4-ea.6_linux-aarch64_bin-symbols.tar.gz,linux,aarch64,jdk,1
2026-09-15T00:24:48+00:00,sapmachine-25.0.4+6,345165761,True,sapmachine-jdk-25.0.4-ea.6_linux-ppc64le_bin.tar.gz,linux,ppc64,jdk,103
2026-09-15T00:24:48+00:00,sapmachine-25.0.4+6,345165761,True,sapmachine-jre-25.0.4-ea.6_linux-ppc64le_bin.tar.gz,linux,ppc64,jre,104
2026-09-15T00:24:48+00:00,sapmachine-25.0.4+6,345165761,True,sapmachine-jdk-25.0.4-ea.6_linux-ppc64le_bin-symbols.tar.gz,linux,ppc64,jdk,1
2026-09-15T00:24:48+00:00,sapmachine-25.0.4+6,345165761,True,sapmachine-jdk-25.0.4-ea.6_windows-x64_bin.zip,windows,x64,jdk,108
2026-09-15T00:24:48+00:00,sapmachine-25.0.4+6,345165761,True,sapmachine-jre-25.0.4-ea.6_windows-x64_bin.zip,windows,x64,jre,105
2026-09-15T00:24:48+00:00,sapmachine-25.0.4+6,345165761,True,sapmachine-jdk-25.0.4-ea.6_windows-x64_bin-symbols.tar.gz,windows,x64,jdk,1
2026-09-15T00:24:48+00:00,sapmachine-17.0.20+7,344562073,True,sapmachine-jdk-17.0.20-ea.7_macos-aarch64_bin.tar.gz,macos,aarch64,jdk,2178
2026-09-15T00:24:48+00:00,sapmachine-17.0.20+7,344562073,True,sapmachine-jre-17.0.20-ea.7_macos-aarch64_bin.tar.gz,macos,aarch64,jre,111
2026-09-15T00:24:48+00:00,sapmachine-17.0.20+7,344562073,True,sapmachine-jdk-17.0.20-ea.7_macos-aarch64_bin-symbols.tar.gz,macos,aarch64,jdk,1
2026-09-15T00:24:48+00:00,sapmachine-17.0.20+7,344562073,True,sapmachine-jdk-17.0.20-ea.7_macos-aarch64_bin.dmg,macos,aarch64,jdk,116
2026-09-15T00:24:48+00:00,sapmachine-17.0.20+7,344562073,True,sapmachine-jre-17.0.20-ea.7_macos-aarch64_bin.dmg,macos,aarch64,jre,103
2026-09-15T00:24:48+00:00,sapmachine-17.0.20+7,344562073,True,sapmachine-jdk-17.0.20-ea.7_linux-x64-musl_bin.tar.gz,alpine,x64,jdk,102
2026-09-15T00:24:48+00:00,sapmachine-17.0.20+7,344562073,True,sapmachine-jre-17.0.20-ea.7_linux-x64-musl_bin.tar.gz,alpine,x64,jre,100
2026-09-15T00:24:48+00:00,sapmachine-17.0.20+7,344562073,True,sapmachine-jdk-17.0.20-ea.7_linux-x64-musl_bin-symbols.tar.gz,alpine,x64,jdk,1
2026-09-15T00:24:48+00:00,sapmachine-17.0.20+7,344562073,True,sapmachine-jdk-17.0.20-ea.7_linux-x64_bin.tar.gz,linux,x64,jdk,1779
2026-09-15T00:24:48+00:00,sapmachine-17.0.20+7,344562073,True,sapmachine-jre-17.0.20-ea.7_linux-x64_bin.tar.gz,linux,x64,jre,108
2026-09-15T00:24:48+00:00,sapmachine-17.0.20+7,344562073,True,sapmachine-jdk-17.0.20-ea.7_linux-x64_bin-symbols.tar.gz,linux,x64,jdk,1
2026-09-15T00:24:48+00:00,sapmachine-17.0.20+7,344562073,True,sapmachine-jdk-17.0.20-ea.7_macos-x64_bin.tar.gz,macos,x64,jdk,101
2026-09-15T00:24:48+00:00,sapmachine-17.0.20+7,344562073,True,sapmachine-jre-17.0.20-ea.7_macos-x64_bin.tar.gz,macos,x64,jre,101
2026-09-15T00:24:48+00:00,sapmachine-17.0.20+7,344562073,True,sapmachine-jdk-17.0.20-ea.7_macos-x64_bin-symbols.tar.gz,macos,x64,jdk,1
2026-09-15T00:24:48+00:00,sapmachine-17.0.20+7,344562073,True,sapmachine-jdk-17.0.20-ea.7_macos-x64_bin.dmg,macos,x64,jdk,104
2026-09-15T00:24:48+00:00,sapmachine-17.0.20+7,344562073,True,sapmachine-jre-17.0.20-ea.7_macos-x64_bin.dmg,macos,x64,jre,98
2026-09-15T00:24:48+00:00,sapmachine-17.0.20+7,344562073,True,sapmachine-jdk-17.0.20-ea.7_linux-ppc64le_bin.tar.gz,linux,ppc64,jdk,111
2026-09-15T00:24:48+00:00,sapmachine-17.0.20+7,344562073,True,sapmachine-jre-17.0.20-ea.7_linux-ppc64le_bin.tar.gz,linux,ppc64,jre,109
2026-09-15T00:24:48+00:00,sapmachine-17.0.20+7,344562073,True,sapmachine-jdk-17.0.20-ea.7_linux-ppc64le_bin-symbols.tar.gz,linux,ppc64,jdk,1
2026-09-15T00:24:48+00:00,sapmachine-17.0.20+7,344562073,True,sapmachine-jdk-17.0.20-ea.7_linux-aarch64_bin.tar.gz,linux,aarch64,jdk,104
2026-09-15T00:24:48+00:00,sapmachine-17.0.20+7,344562073,True,sapmachine-jre-17.0.20-ea.7_linux-aarch64_bin.tar.gz,linux,aarch64,jre,103
2026-09-15T00:24:48+00:00,sapmachine-17.0.20+7,344562073,True,sapmachine-jdk-17.0.20-ea.7_linux-aarch64_bin-symbols.tar.gz,linux,aarch64,jdk,1
2026-09-15T00:24:48+00:00,sapmachine-17.0.20+7,344562073,True,sapmachine-jdk-17.0.20-ea.7_windows-x64_bin.zip,windows,x64,jdk,1765
2026-09-15T00:24:48+00:00,sapmachine-17.0.20+7,344562073,True,sapmachine-jre-17.0.20-ea.7_windows-x64_bin.zip,windows,x64,jre,109
2026-09-15T00:24:48+00:00,sapmachine-17.0.20+7,344562073,True,sapmachine-jdk-17.0.20-ea.7_windows-x64_bin-symbols.tar.gz,windows,x64,jdk,1
2026-09-15T00:24:48+00:00,sapmachine-27+27,344554280,True,sapmachine-jdk-27-ea.27_linux-x64-musl_bin.tar.gz,alpine,x64,jdk,100
2026-09-15T00:24:48+00:00,sapmachine-27+27,344554280,True,sapmachine-jre-27-ea.27_linux-x64-musl_bin.tar.gz,alpine,x64,jre,101
2026-09-15T00:24:48+00:00,sapmachine-27+27,344554280,True,sapmachine-jdk-27-ea.27_linux-x64-musl_bin-symbols.tar.gz,alpine,x64,jdk,1
2026-09-15T00:24:48+00:00,sapmachine-27+27,344554280,True,sapmachine-jdk-27-ea.27_aix-ppc64_bin.tar.gz,aix,ppc64,jdk,99
2026-09-15T00:24:48+00:00,sapmachine-27+27,344554280,True,sapmachine-jre-27-ea.27_aix-ppc64_bin.tar.gz,aix,ppc64,jre,99
2026-09-15T00:24:48+00:00,sapmachine-27+27,344554280,True,sapmachine-jdk-27-ea.27_aix-ppc64_bin-symbols.tar.gz,aix,ppc64,jdk,1
2026-09-15T00:24:48+00:00,sapmachine-27+27,344554280,True,sapmachine-jdk-27-ea.27_macos-aarch64_bin.tar.gz,macos,aarch64,jdk,103
2026-09-15T00:24:48+00:00,sapmachine-27+27,344554280,True,sapmachine-jre-27-ea.27_macos-aarch64_bin.tar.gz,macos,aarch64,jre,106
2026-09-15T00:24:48+00:00,sapmachine-27+27,344554280,True,sapmachine-jdk-27-ea.27_macos-aarch64_bin-symbols.tar.gz,macos,aarch64,jdk,1
2026-09-15T00:24:48+00:00,sapmachine-27+27,344554280,True,sapmachine-jdk-27-ea.27_macos-aarch64_bin.dmg,macos,aarch64,jdk,100
2026-09-15T00:24:48+00:00,sapmachine-27+27,344554280,True,sapmachine-jre-27-ea.27_macos-aarch64_bin.dmg,macos,aarch64,jre,99
2026-09-15T00:24:48+00:00,sapmachine-27+27,344554280,True,sapmachine-jdk-27-ea.27_linux-ppc64le_bin.tar.gz,linux,ppc64,jdk,104
2026-09-15T00:24:48+00:00,sapmachine-27+27,344554280,True,sapmachine-jre-27-ea.27_linux-ppc64le_bin.tar.gz,linux,ppc64,jre,104
2026-09-15T00:24:48+00:00,sapmachine-27+27,344554280,True,sapmachine-jdk-27-ea.27_linux-ppc64le_bin-symbols.tar.gz,linux,ppc64,jdk,1
2026-09-15T00:24:48+00:00,sapmachine-27+27,344554280,True,sapmachine-jdk-27-ea.27_linux-x64_bin.tar.gz,linux,x64,jdk,107
2026-09-15T00:24:48+00:00,sapmachine-27+27,344554280,True,sapmachine-jre-27-ea.27_linux-x64_bin.tar.gz,linux,x64,jre,103
2026-09-15T00:24:48+00:00,sapmachine-27+27,344554280,True,sapmachine-jdk-27-ea.27_linux-x64_bin-symbols.tar.gz,linux,x64,jdk,1
2026-09-15T00:24:48+00:00,sapmachine-27+27,344554280,True,sapmachine-jdk-27-ea.27_linux-aarch64_bin.tar.gz,linux,aarch64,jdk,104
2026-09-15T00:24:48+00:00,sapmachine-27+27,344554280,True,sapmachine-jre-27-ea.27_linux-aarch64_bin.tar.gz,linux,aarch64,jre,103
2026-09-15T00:24:48+00:00,sapmachine-27+27,344554280,True,sapmachine-jdk-27-ea.27_linux-aarch64_bin-symbols.tar.gz,linux,aarch64,jdk,1
2026-09-15T00:24:48+00:00,sapmachine-27+27,344554280,True,sapmachine-jdk-27-ea.27_windows-x64_bin.zip,windows,x64,jdk,104
2026-09-15T00:24:48+00:00,sapmachine-27+27,344554280,True,sapmachine-jre-27-ea.27_windows-x64_bin.zip,windows,x64,jre,104
2026-09-15T00:24:48+00:00,sapmachine-27+27,344554280,True,sapmachine-jdk-27-ea.27_windows-x64_bin-symbols.tar.gz,windows,x64,jdk,1
2026-09-15T00:24:48+00:00,sapmachine-28+3,344554012,True,sapmachine-jdk-28-ea.3_macos-aarch64_bin.tar.gz,macos,aarch64,jdk,101
2026-09-15T00:24:48+00:00,sapmachine-28+3,344554012,True,sapmachine-jre-28-ea.3_macos-aarch64_bin.tar.gz,macos,aarch64,jre,101
2026-09-15T00:24:48+00:00,sapmachine-28+3,344554012,True,sapmachine-jdk-28-ea.3_macos-aarch64_bin-symbols.tar.gz,macos,aarch64,jdk,1
2026-09-15T00:24:48+00:00,sapmachine-28+3,344554012,True,sapmachine-jdk-28-ea.3_macos-aarch64_bin.dmg,macos,aarch64,jdk,102
2026-09-15T00:24:48+00:00,sapmachine-28+3,344554012,True,sapmachine-jre-28-ea.3_macos-aarch64_bin.dmg,macos,aarch64,jre,102
2026-09-15T00:24:48+00:00,sapmachine-28+3,344554012,True,sapmachine-jdk-28-ea.3_linux-x64-musl_bin.tar.gz,alpine,x64,jdk,101
2026-09-15T00:24:48+00:00,sapmachine-28+3,344554012,True,sapmachine-jre-28-ea.3_linux-x64-musl_bin.tar.gz,alpine,x64,jre,101
2026-09-15T00:24:48+00:00,sapmachine-28+3,344554012,True,sapmachine-jdk-28-ea.3_linux-x64-musl_bin-symbols.tar.gz,alpine,x64,jdk,2
2026-09-15T00:24:48+00:00,sapmachine-28+3,344554012,True,sapmachine-jdk-28-ea.3_linux-x64_bin.tar.gz,linux,x64,jdk,100
2026-09-15T00:24:48+00:00,sapmachine-28+3,344554012,True,sapmachine-jre-28-ea.3_linux-x64_bin.tar.gz,linux,x64,jre,100
2026-09-15T00:24:48+00:00,sapmachine-28+3,344554012,True,sapmachine-jdk-28-ea.3_linux-x64_bin-symbols.tar.gz,linux,x64,jdk,1
2026-09-15T00:24:48+00:00,sapmachine-28+3,344554012,True,sapmachine-jdk-28-ea.3_aix-ppc64_bin.tar.gz,aix,ppc64,jdk,101
2026-09-15T00:24:48+00:00,sapmachine-28+3,344554012,True,sapmachine-jre-28-ea.3_aix-ppc64_bin.tar.gz,aix,ppc64,jre,101
2026-09-15T00:24:48+00:00,sapmachine-28+3,344554012,True,sapmachine-jdk-28-ea.3_aix-ppc64_bin-symbols.tar.gz,aix,ppc64,jdk,1
2026-09-15T00:24:48+00:00,sapmachine-28+3,344554012,True,sapmachine-jdk-28-ea.3_linux-aarch64_bin.tar.gz,linux,aarch64,jdk,100
2026-09-15T00:24:48+00:00,sapmachine-28+3,344554012,True,sapmachine-jre-28-ea.3_linux-aarch64_bin.tar.gz,linux,aarch64,jre,100
2026-09-15T00:24:48+00:00,sapmachine-28+3,344554012,True,sapmachine-jdk-28-ea.3_linux-aarch64_bin-symbols.tar.gz,linux,aarch64,jdk,1
2026-09-15T00:24:48+00:00,sapmachine-28+3,344554012,True,sapmachine-jdk-28-ea.3_linux-ppc64le_bin.tar.gz,linux,ppc64,jdk,103
2026-09-15T00:24:48+00:00,sapmachine-28+3,344554012,True,sapmachine-jre-28-ea.3_linux-ppc64le_bin.tar.gz,linux,ppc64,jre,99
2026-09-15T00:24:48+00:00,sapmachine-28+3,344554012,True,sapmachine-jdk-28-ea.3_linux-ppc64le_bin-symbols.tar.gz,linux,ppc64,jdk,1
2026-09-15T00:24:48+00:00,sapmachine-28+3,344554012,True,sapmachine-jdk-28-ea.3_windows-x64_bin.zip,windows,x64,jdk,105
2026-09-15T00:24:48+00:00,sapmachine-28+3,344554012,True,sapmachine-jre-28-ea.3_windows-x64_bin.zip,windows,x64,jre,100
2026-09-15T00:24:48+00:00,sapmachine-28+3,344554012,True,sapmachine-jdk-28-ea.3_windows-x64_bin-symbols.tar.gz,windows,x64,jdk,1
2026-09-15T00:24:48+00:00,sapmachine-27+26,340482411,True,sapmachine-jdk-27-ea.26_aix-ppc64_bin.tar.gz,aix,ppc64,jdk,111
2026-09-15T00:24:48+00:00,sapmachine-27+26,340482411,True,sapmachine-jre-27-ea.26_aix-ppc64_bin.tar.gz,aix,ppc64,jre,111
2026-09-15T00:24:48+00:00,sapmachine-27+26,340482411,True,sapmachine-jdk-27-ea.26_aix-ppc64_bin-symbols.tar.gz,aix,ppc64,jdk,3
2026-09-15T00:24:48+00:00,sapmachine-27+26,340482411,True,sapmachine-jdk-27-ea.26_macos-aarch64_bin.tar.gz,macos,aarch64,jdk,118
2026-09-15T00:24:48+00:00,sapmachine-27+26,340482411,True,sapmachine-jre-27-ea.26_macos-aarch64_bin.tar.gz,macos,aarch64,jre,115
2026-09-15T00:24:48+00:00,sapmachine-27+26,340482411,True,sapmachine-jdk-27-ea.26_macos-aarch64_bin-symbols.tar.gz,macos,aarch64,jdk,3
2026-09-15T00:24:48+00:00,sapmachine-27+26,340482411,True,sapmachine-jdk-27-ea.26_macos-aarch64_bin.dmg,macos,aarch64,jdk,115
2026-09-15T00:24:48+00:00,sapmachine-27+26,340482411,True,sapmachine-jre-27-ea.26_macos-aarch64_bin.dmg,macos,aarch64,jre,112
2026-09-15T00:24:48+00:00,sapmachine-27+26,340482411,True,sapmachine-jdk-27-ea.26_linux-ppc64le_bin.tar.gz,linux,ppc64,jdk,114
2026-09-15T00:24:48+00:00,sapmachine-27+26,340482411,True,sapmachine-jre-27-ea.26_linux-ppc64le_bin.tar.gz,linux,ppc64,jre,114
2026-09-15T00:24:48+00:00,sapmachine-27+26,340482411,True,sapmachine-jdk-27-ea.26_linux-ppc64le_bin-symbols.tar.gz,linux,ppc64,jdk,1
2026-09-15T00:24:48+00:00,sapmachine-27+26,340482411,True,sapmachine-jdk-27-ea.26_linux-aarch64_bin.tar.gz,linux,aarch64,jdk,114
2026-09-15T00:24:48+00:00,sapmachine-27+26,340482411,True,sapmachine-jre-27-ea.26_linux-aarch64_bin.tar.gz,linux,aarch64,jre,114
2026-09-15T00:24:48+00:00,sapmachine-27+26,340482411,True,sapmachine-jdk-27-ea.26_linux-aarch64_bin-symbols.tar.gz,linux,aarch64,jdk,1
2026-09-15T00:24:48+00:00,sapmachine-27+26,340482411,True,sapmachine-jdk-27-ea.26_windows-x64_bin.zip,windows,x64,jdk,113
2026-09-15T00:24:48+00:00,sapmachine-27+26,340482411,True,sapmachine-jre-27-ea.26_windows-x64_bin.zip,windows,x64,jre,114
2026-09-15T00:24:48+00:00,sapmachine-27+26,340482411,True,sapmachine-jdk-27-ea.26_windows-x64_bin-symbols.tar.gz,windows,x64,jdk,1
2026-09-15T00:24:48+00:00,sapmachine-27+26,340482411,True,sapmachine-jdk-27-ea.26_linux-x64-musl_bin.tar.gz,alpine,x64,jdk,108
2026-09-15T00:24:48+00:00,sapmachine-27+26,340482411,True,sapmachine-jre-27-ea.26_linux-x64-musl_bin.tar.gz,alpine,x64,jre,108
2026-09-15T00:24:48+00:00,sapmachine-27+26,340482411,True,sapmachine-jdk-27-ea.26_linux-x64-musl_bin-symbols.tar.gz,alpine,x64,jdk,1
2026-09-15T00:24:48+00:00,sapmachine-27+26,340482411,True,sapmachine-jdk-27-ea.26_linux-x64_bin.tar.gz,linux,x64,jdk,114
2026-09-15T00:24:48+00:00,sapmachine-27+26,340482411,True,sapmachine-jre-27-ea.26_linux-x64_bin.tar.gz,linux,x64,jre,113
2026-09-15T00:24:48+00:00,sapmachine-27+26,340482411,True,sapmachine-jdk-27-ea.26_linux-x64_bin-symbols.tar.gz,linux,x64,jdk,1
2026-09-15T00:24:48+00:00,sapmachine-28+2,340481979,True,sapmachine-jdk-28-ea.2_macos-aarch64_bin.tar.gz,macos,aarch64,jdk,119
2026-09-15T00:24:48+00:00,sapmachine-28+2,340481979,True,sapmachine-jre-28-ea.2_macos-aarch64_bin.tar.gz,macos,aarch64,jre,117
2026-09-15T00:24:48+00:00,sapmachine-28+2,340481979,True,sapmachine-jdk-28-ea.2_macos-aarch64_bin-symbols.tar.gz,macos,aarch64,jdk,3
2026-09-15T00:24:48+00:00,sapmachine-28+2,340481979,True,sapmachine-jdk-28-ea.2_macos-aarch64_bin.dmg,macos,aarch64,jdk,120
2026-09-15T00:24:48+00:00,sapmachine-28+2,340481979,True,sapmachine-jre-28-ea.2_macos-aarch64_bin.dmg,macos,aarch64,jre,120
2026-09-15T00:24:48+00:00,sapmachine-28+2,340481979,True,sapmachine-jdk-28-ea.2_linux-aarch64_bin.tar.gz,linux,aarch64,jdk,112
2026-09-15T00:24:48+00:00,sapmachine-28+2,340481979,True,sapmachine-jre-28-ea.2_linux-aarch64_bin.tar.gz,linux,aarch64,jre,112
2026-09-15T00:24:48+00:00,sapmachine-28+2,340481979,True,sapmachine-jdk-28-ea.2_linux-aarch64_bin-symbols.tar.gz,linux,aarch64,jdk,1
2026-09-15T00:24:48+00:00,sapmachine-28+2,340481979,True,sapmachine-jdk-28-ea.2_aix-ppc64_bin.tar.gz,aix,ppc64,jdk,118
2026-09-15T00:24:48+00:00,sapmachine-28+2,340481979,True,sapmachine-jre-28-ea.2_aix-ppc64_bin.tar.gz,aix,ppc64,jre,116
2026-09-15T00:24:48+00:00,sapmachine-28+2,340481979,True,sapmachine-jdk-28-ea.2_aix-ppc64_bin-symbols.tar.gz,aix,ppc64,jdk,1
2026-09-15T00:24:48+00:00,sapmachine-28+2,340481979,True,sapmachine-jdk-28-ea.2_linux-ppc64le_bin.tar.gz,linux,ppc64,jdk,110
2026-09-15T00:24:48+00:00,sapmachine-28+2,340481979,True,sapmachine-jre-28-ea.2_linux-ppc64le_bin.tar.gz,linux,ppc64,jre,110
2026-09-15T00:24:48+00:00,sapmachine-28+2,340481979,True,sapmachine-jdk-28-ea.2_linux-ppc64le_bin-symbols.tar.gz,linux,ppc64,jdk,1
2026-09-15T00:24:48+00:00,sapmachine-28+2,340481979,True,sapmachine-jdk-28-ea.2_windows-x64_bin.zip,windows,x64,jdk,114
2026-09-15T00:24:48+00:00,sapmachine-28+2,340481979,True,sapmachine-jre-28-ea.2_windows-x64_bin.zip,windows,x64,jre,112
2026-09-15T00:24:48+00:00,sapmachine-28+2,340481979,True,sapmachine-jdk-28-ea.2_windows-x64_bin-symbols.tar.gz,windows,x64,jdk,1
2026-09-15T00:24:48+00:00,sapmachine-28+2,340481979,True,sapmachine-jdk-28-ea.2_linux-x64-musl_bin.tar.gz,alpine,x64,jdk,116
2026-09-15T00:24:48+00:00,sapmachine-28+2,340481979,True,sapmachine-jre-28-ea.2_linux-x64-musl_bin.tar.gz,alpine,x64,jre,116
2026-09-15T00:24:48+00:00,sapmachine-28+2,340481979,True,sapmachine-jdk-28-ea.2_linux-x64-musl_bin-symbols.tar.gz,alpine,x64,jdk,1
2026-09-15T00:24:48+00:00,sapmachine-28+2,340481979,True,sapmachine-jdk-28-ea.2_linux-x64_bin.tar.gz,linux,x64,jdk,109
2026-09-15T00:24:48+00:00,sapmachine-28+2,340481979,True,sapmachine-jre-28-ea.2_linux-x64_bin.tar.gz,linux,x64,jre,109
2026-09-15T00:24:48+00:00,sapmachine-28+2,340481979,True,sapmachine-jdk-28-ea.2_linux-x64_bin-symbols.tar.gz,linux,x64,jdk,1
2026-09-15T00:24:48+00:00,sapmachine-17.0.20+6,338866805,True,sapmachine-jdk-17.0.20-ea.6_linux-x64-musl_bin.tar.gz,alpine,x64,jdk,121
2026-09-15T00:24:48+00:00,sapmachine-17.0.20+6,338866805,True,sapmachine-jre-17.0.20-ea.6_linux-x64-musl_bin.tar.gz,alpine,x64,jre,120
2026-09-15T00:24:48+00:00,sapmachine-17.0.20+6,338866805,True,sapmachine-jdk-17.0.20-ea.6_linux-x64-musl_bin-symbols.tar.gz,alpine,x64,jdk,2
2026-09-15T00:24:48+00:00,sapmachine-17.0.20+6,338866805,True,sapmachine-jdk-17.0.20-ea.6_linux-x64_bin.tar.gz,linux,x64,jdk,727
2026-09-15T00:24:48+00:00,sapmachine-17.0.20+6,338866805,True,sapmachine-jre-17.0.20-ea.6_linux-x64_bin.tar.gz,linux,x64,jre,125
2026-09-15T00:24:48+00:00,sapmachine-17.0.20+6,338866805,True,sapmachine-jdk-17.0.20-ea.6_linux-x64_bin-symbols.tar.gz,linux,x64,jdk,2
2026-09-15T00:24:48+00:00,sapmachine-17.0.20+6,338866805,True,sapmachine-jdk-17.0.20-ea.6_linux-aarch64_bin.tar.gz,linux,aarch64,jdk,125
2026-09-15T00:24:48+00:00,sapmachine-17.0.20+6,338866805,True,sapmachine-jre-17.0.20-ea.6_linux-aarch64_bin.tar.gz,linux,aarch64,jre,124
2026-09-15T00:24:48+00:00,sapmachine-17.0.20+6,338866805,True,sapmachine-jdk-17.0.20-ea.6_linux-aarch64_bin-symbols.tar.gz,linux,aarch64,jdk,1
2026-09-15T00:24:48+00:00,sapmachine-17.0.20+6,338866805,True,sapmachine-jdk-17.0.20-ea.6_linux-ppc64le_bin.tar.gz,linux,ppc64,jdk,125
2026-09-15T00:24:48+00:00,sapmachine-17.0.20+6,338866805,True,sapmachine-jre-17.0.20-ea.6_linux-ppc64le_bin.tar.gz,linux,ppc64,jre,124
2026-09-15T00:24:48+00:00,sapmachine-17.0.20+6,338866805,True,sapmachine-jdk-17.0.20-ea.6_linux-ppc64le_bin-symbols.tar.gz,linux,ppc64,jdk,1
2026-09-15T00:24:48+00:00,sapmachine-17.0.20+6,338866805,True,sapmachine-jdk-17.0.20-ea.6_macos-x64_bin.tar.gz,macos,x64,jdk,120
2026-09-15T00:24:48+00:00,sapmachine-17.0.20+6,338866805,True,sapmachine-jre-17.0.20-ea.6_macos-x64_bin.tar.gz,macos,x64,jre,119
2026-09-15T00:24:48+00:00,sapmachine-17.0.20+6,338866805,True,sapmachine-jdk-17.0.20-ea.6_macos-x64_bin-symbols.tar.gz,macos,x64,jdk,1
2026-09-15T00:24:48+00:00,sapmachine-17.0.20+6,338866805,True,sapmachine-jdk-17.0.20-ea.6_macos-x64_bin.dmg,macos,x64,jdk,121
2026-09-15T00:24:48+00:00,sapmachine-17.0.20+6,338866805,True,sapmachine-jre-17.0.20-ea.6_macos-x64_bin.dmg,macos,x64,jre,118
2026-09-15T00:24:48+00:00,sapmachine-17.0.20+6,338866805,True,sapmachine-jdk-17.0.20-ea.6_windows-x64_bin.zip,windows,x64,jdk,712
2026-09-15T00:24:48+00:00,sapmachine-17.0.20+6,338866805,True,sapmachine-jre-17.0.20-ea.6_windows-x64_bin.zip,windows,x64,jre,124
2026-09-15T00:24:48+00:00,sapmachine-17.0.20+6,338866805,True,sapmachine-jdk-17.0.20-ea.6_windows-x64_bin-symbols.tar.gz,windows,x64,jdk,1
2026-09-15T00:24:48+00:00,sapmachine-17.0.20+6,338866805,True,sapmachine-jdk-17.0.20-ea.6_macos-aarch64_bin.tar.gz,macos,aarch64,jdk,1062
2026-09-15T00:24:48+00:00,sapmachine-17.0.20+6,338866805,True,sapmachine-jre-17.0.20-ea.6_macos-aarch64_bin.tar.gz,macos,aarch64,jre,122
2026-09-15T00:24:48+00:00,sapmachine-17.0.20+6,338866805,True,sapmachine-jdk-17.0.20-ea.6_macos-aarch64_bin-symbols.tar.gz,macos,aarch64,jdk,1
2026-09-15T00:24:48+00:00,sapmachine-17.0.20+6,338866805,True,sapmachine-jdk-17.0.20-ea.6_macos-aarch64_bin.dmg,macos,aarch64,jdk,130
2026-09-15T00:24:48+00:00,sapmachine-17.0.20+6,338866805,True,sapmachine-jre-17.0.20-ea.6_macos-aarch64_bin.dmg,macos,aarch64,jre,118
2026-09-15T00:24:48+00:00,sapmachine-21.0.12+6,338333512,True,sapmachine-jdk-21.0.12-ea.6_linux-x64-musl_bin.tar.gz,alpine,x64,jdk,129
2026-09-15T00:24:48+00:00,sapmachine-21.0.12+6,338333512,True,sapmachine-jre-21.0.12-ea.6_linux-x64-musl_bin.tar.gz,alpine,x64,jre,129
2026-09-15T00:24:48+00:00,sapmachine-21.0.12+6,338333512,True,sapmachine-jdk-21.0.12-ea.6_linux-x64-musl_bin-symbols.tar.gz,alpine,x64,jdk,2
2026-09-15T00:24:48+00:00,sapmachine-21.0.12+6,338333512,True,sapmachine-jdk-21.0.12-ea.6_linux-x64_bin.tar.gz,linux,x64,jdk,860
2026-09-15T00:24:48+00:00,sapmachine-21.0.12+6,338333512,True,sapmachine-jre-21.0.12-ea.6_linux-x64_bin.tar.gz,linux,x64,jre,134
2026-09-15T00:24:48+00:00,sapmachine-21.0.12+6,338333512,True,sapmachine-jdk-21.0.12-ea.6_linux-x64_bin-symbols.tar.gz,linux,x64,jdk,2
2026-09-15T00:24:48+00:00,sapmachine-21.0.12+6,338333512,True,sapmachine-jdk-21.0.12-ea.6_macos-aarch64_bin.tar.gz,macos,aarch64,jdk,960
2026-09-15T00:24:48+00:00,sapmachine-21.0.12+6,338333512,True,sapmachine-jre-21.0.12-ea.6_macos-aarch64_bin.tar.gz,macos,aarch64,jre,137
2026-09-15T00:24:48+00:00,sapmachine-21.0.12+6,338333512,True,sapmachine-jdk-21.0.12-ea.6_macos-aarch64_bin-symbols.tar.gz,macos,aarch64,jdk,2
2026-09-15T00:24:48+00:00,sapmachine-21.0.12+6,338333512,True,sapmachine-jdk-21.0.12-ea.6_macos-aarch64_bin.dmg,macos,aarch64,jdk,130
2026-09-15T00:24:48+00:00,sapmachine-21.0.12+6,338333512,True,sapmachine-jre-21.0.12-ea.6_macos-aarch64_bin.dmg,macos,aarch64,jre,128
2026-09-15T00:24:48+00:00,sapmachine-21.0.12+6,338333512,True,sapmachine-jdk-21.0.12-ea.6_macos-x64_bin.tar.gz,macos,x64,jdk,129
2026-09-15T00:24:48+00:00,sapmachine-21.0.12+6,338333512,True,sapmachine-jre-21.0.12-ea.6_macos-x64_bin.tar.gz,macos,x64,jre,128
2026-09-15T00:24:48+00:00,sapmachine-21.0.12+6,338333512,True,sapmachine-jdk-21.0.12-ea.6_macos-x64_bin-symbols.tar.gz,macos,x64,jdk,1
2026-09-15T00:24:48+00:00,sapmachine-21.0.12+6,338333512,True,sapmachine-jdk-21.0.12-ea.6_macos-x64_bin.dmg,macos,x64,jdk,126
2026-09-15T00:24:48+00:00,sapmachine-21.0.12+6,338333512,True,sapmachine-jre-21.0.12-ea.6_macos-x64_bin.dmg,macos,x64,jre,126
2026-09-15T00:24:48+00:00,sapmachine-21.0.12+6,338333512,True,sapmachine-jdk-21.0.12-ea.6_aix-ppc64_bin.tar.gz,aix,ppc64,jdk,127
2026-09-15T00:24:48+00:00,sapmachine-21.0.12+6,338333512,True,sapmachine-jre-21.0.12-ea.6_aix-ppc64_bin.tar.gz,aix,ppc64,jre,127
2026-09-15T00:24:48+00:00,sapmachine-21.0.12+6,338333512,True,sapmachine-jdk-21.0.12-ea.6_aix-ppc64_bin-symbols.tar.gz,aix,ppc64,jdk,1
2026-09-15T00:24:48+00:00,sapmachine-21.0.12+6,338333512,True,sapmachine-jdk-21.0.12-ea.6_linux-ppc64le_bin.tar.gz,linux,ppc64,jdk,131
2026-09-15T00:24:48+00:00,sapmachine-21.0.12+6,338333512,True,sapmachine-jre-21.0.12-ea.6_linux-ppc64le_bin.tar.gz,linux,ppc64,jre,131
2026-09-15T00:24:48+00:00,sapmachine-21.0.12+6,338333512,True,sapmachine-jdk-21.0.12-ea.6_linux-ppc64le_bin-symbols.tar.gz,linux,ppc64,jdk,1
2026-09-15T00:24:48+00:00,sapmachine-21.0.12+6,338333512,True,sapmachine-jdk-21.0.12-ea.6_linux-aarch64_bin.tar.gz,linux,aarch64,jdk,132
2026-09-15T00:24:48+00:00,sapmachine-21.0.12+6,338333512,True,sapmachine-jre-21.0.12-ea.6_linux-aarch64_bin.tar.gz,linux,aarch64,jre,131
2026-09-15T00:24:48+00:00,sapmachine-21.0.12+6,338333512,True,sapmachine-jdk-21.0.12-ea.6_linux-aarch64_bin-symbols.tar.gz,linux,aarch64,jdk,1
2026-09-15T00:24:48+00:00,sapmachine-21.0.12+6,338333512,True,sapmachine-jdk-21.0.12-ea.6_windows-x64_bin.zip,windows,x64,jdk,835
2026-09-15T00:24:48+00:00,sapmachine-21.0.12+6,338333512,True,sapmachine-jre-21.0.12-ea.6_windows-x64_bin.zip,windows,x64,jre,132
2026-09-15T00:24:48+00:00,sapmachine-21.0.12+6,338333512,True,sapmachine-jdk-21.0.12-ea.6_windows-x64_bin-symbols.tar.gz,windows,x64,jdk,1
2026-09-15T00:24:48+00:00,sapmachine-25.0.4+5,338326997,True,sapmachine-jdk-25.0.4-ea.5_aix-ppc64_bin.tar.gz,aix,ppc64,jdk,128
2026-09-15T00:24:48+00:00,sapmachine-25.0.4+5,338326997,True,sapmachine-jre-25.0.4-ea.5_aix-ppc64_bin.tar.gz,aix,ppc64,jre,127
2026-09-15T00:24:48+00:00,sapmachine-25.0.4+5,338326997,True,sapmachine-jdk-25.0.4-ea.5_aix-ppc64_bin-symbols.tar.gz,aix,ppc64,jdk,1
2026-09-15T00:24:48+00:00,sapmachine-25.0.4+5,338326997,True,sapmachine-jdk-25.0.4-ea.5_linux-x64-musl_bin.tar.gz,alpine,x64,jdk,128
2026-09-15T00:24:48+00:00,sapmachine-25.0.4+5,338326997,True,sapmachine-jre-25.0.4-ea.5_linux-x64-musl_bin.tar.gz,alpine,x64,jre,128
2026-09-15T00:24:48+00:00,sapmachine-25.0.4+5,338326997,True,sapmachine-jdk-25.0.4-ea.5_linux-x64-musl_bin-symbols.tar.gz,alpine,x64,jdk,1
2026-09-15T00:24:48+00:00,sapmachine-25.0.4+5,338326997,True,sapmachine-jdk-25.0.4-ea.5_linux-x64_bin.tar.gz,linux,x64,jdk,152
2026-09-15T00:24:48+00:00,sapmachine-25.0.4+5,338326997,True,sapmachine-jre-25.0.4-ea.5_linux-x64_bin.tar.gz,linux,x64,jre,134
2026-09-15T00:24:48+00:00,sapmachine-25.0.4+5,338326997,True,sapmachine-jdk-25.0.4-ea.5_linux-x64_bin-symbols.tar.gz,linux,x64,jdk,1
2026-09-15T00:24:48+00:00,sapmachine-25.0.4+5,338326997,True,sapmachine-jdk-25.0.4-ea.5_linux-ppc64le_bin.tar.gz,linux,ppc64,jdk,133
2026-09-15T00:24:48+00:00,sapmachine-25.0.4+5,338326997,True,sapmachine-jre-25.0.4-ea.5_linux-ppc64le_bin.tar.gz,linux,ppc64,jre,133
2026-09-15T00:24:48+00:00,sapmachine-25.0.4+5,338326997,True,sapmachine-jdk-25.0.4-ea.5_linux-ppc64le_bin-symbols.tar.gz,linux,ppc64,jdk,1
2026-09-15T00:24:48+00:00,sapmachine-25.0.4+5,338326997,True,sapmachine-jdk-25.0.4-ea.5_linux-aarch64_bin.tar.gz,linux,aarch64,jdk,131
2026-09-15T00:24:48+00:00,sapmachine-25.0.4+5,338326997,True,sapmachine-jre-25.0.4-ea.5_linux-aarch64_bin.tar.gz,linux,aarch64,jre,131
2026-09-15T00:24:48+00:00,sapmachine-25.0.4+5,338326997,True,sapmachine-jdk-25.0.4-ea.5_linux-aarch64_bin-symbols.tar.gz,linux,aarch64,jdk,1
2026-09-15T00:24:48+00:00,sapmachine-25.0.4+5,338326997,True,sapmachine-jdk-25.0.4-ea.5_windows-x64_bin.zip,windows,x64,jdk,137
2026-09-15T00:24:48+00:00,sapmachine-25.0.4+5,338326997,True,sapmachine-jre-25.0.4-ea.5_windows-x64_bin.zip,windows,x64,jre,132
2026-09-15T00:24:48+00:00,sapmachine-25.0.4+5,338326997,True,sapmachine-jdk-25.0.4-ea.5_windows-x64_bin-symbols.tar.gz,windows,x64,jdk,1
2026-09-15T00:24:48+00:00,sapmachine-25.0.4+5,338326997,True,sapmachine-jdk-25.0.4-ea.5_macos-aarch64_bin.tar.gz,macos,aarch64,jdk,136
2026-09-15T00:24:48+00:00,sapmachine-25.0.4+5,338326997,True,sapmachine-jre-25.0.4-ea.5_macos-aarch64_bin.tar.gz,macos,aarch64,jre,127
2026-09-15T00:24:48+00:00,sapmachine-25.0.4+5,338326997,True,sapmachine-jdk-25.0.4-ea.5_macos-aarch64_bin-symbols.tar.gz,macos,aarch64,jdk,1
2026-09-15T00:24:48+00:00,sapmachine-25.0.4+5,338326997,True,sapmachine-jdk-25.0.4-ea.5_macos-aarch64_bin.dmg,macos,aarch64,jdk,128
2026-09-15T00:24:48+00:00,sapmachine-25.0.4+5,338326997,True,sapmachine-jre-25.0.4-ea.5_macos-aarch64_bin.dmg,macos,aarch64,jre,126
2026-09-15T00:24:48+00:00,sapmachine-28+1,338325526,True,sapmachine-jdk-28-ea.1_macos-aarch64_bin.tar.gz,macos,aarch64,jdk,125
2026-09-15T00:24:48+00:00,sapmachine-28+1,338325526,True,sapmachine-jre-28-ea.1_macos-aarch64_bin.tar.gz,macos,aarch64,jre,126
2026-09-15T00:24:48+00:00,sapmachine-28+1,338325526,True,sapmachine-jdk-28-ea.1_macos-aarch64_bin-symbols.tar.gz,macos,aarch64,jdk,2
2026-09-15T00:24:48+00:00,sapmachine-28+1,338325526,True,sapmachine-jdk-28-ea.1_macos-aarch64_bin.dmg,macos,aarch64,jdk,124
2026-09-15T00:24:48+00:00,sapmachine-28+1,338325526,True,sapmachine-jre-28-ea.1_macos-aarch64_bin.dmg,macos,aarch64,jre,125
2026-09-15T00:24:48+00:00,sapmachine-28+1,338325526,True,sapmachine-jdk-28-ea.1_linux-x64-musl_bin.tar.gz,alpine,x64,jdk,125
2026-09-15T00:24:48+00:00,sapmachine-28+1,338325526,True,sapmachine-jre-28-ea.1_linux-x64-musl_bin.tar.gz,alpine,x64,jre,126
2026-09-15T00:24:48+00:00,sapmachine-28+1,338325526,True,sapmachine-jdk-28-ea.1_linux-x64-musl_bin-symbols.tar.gz,alpine,x64,jdk,2
2026-09-15T00:24:48+00:00,sapmachine-28+1,338325526,True,sapmachine-jdk-28-ea.1_linux-x64_bin.tar.gz,linux,x64,jdk,126
2026-09-15T00:24:48+00:00,sapmachine-28+1,338325526,True,sapmachine-jre-28-ea.1_linux-x64_bin.tar.gz,linux,x64,jre,126
2026-09-15T00:24:48+00:00,sapmachine-28+1,338325526,True,sapmachine-jdk-28-ea.1_linux-x64_bin-symbols.tar.gz,linux,x64,jdk,1
2026-09-15T00:24:48+00:00,sapmachine-28+1,338325526,True,sapmachine-jdk-28-ea.1_linux-aarch64_bin.tar.gz,linux,aarch64,jdk,126
2026-09-15T00:24:48+00:00,sapmachine-28+1,338325526,True,sapmachine-jre-28-ea.1_linux-aarch64_bin.tar.gz,linux,aarch64,jre,126
2026-09-15T00:24:48+00:00,sapmachine-28+1,338325526,True,sapmachine-jdk-28-ea.1_linux-aarch64_bin-symbols.tar.gz,linux,aarch64,jdk,1
2026-09-15T00:24:48+00:00,sapmachine-28+1,338325526,True,sapmachine-jdk-28-ea.1_linux-ppc64le_bin.tar.gz,linux,ppc64,jdk,127
2026-09-15T00:24:48+00:00,sapmachine-28+1,338325526,True,sapmachine-jre-28-ea.1_linux-ppc64le_bin.tar.gz,linux,ppc64,jre,126
2026-09-15T00:24:48+00:00,sapmachine-28+1,338325526,True,sapmachine-jdk-28-ea.1_linux-ppc64le_bin-symbols.tar.gz,linux,ppc64,jdk,1
2026-09-15T00:24:48+00:00,sapmachine-28+1,338325526,True,sapmachine-jdk-28-ea.1_aix-ppc64_bin.tar.gz,aix,ppc64,jdk,124
2026-09-15T00:24:48+00:00,sapmachine-28+1,338325526,True,sapmachine-jre-28-ea.1_aix-ppc64_bin.tar.gz,aix,ppc64,jre,123
2026-09-15T00:24:48+00:00,sapmachine-28+1,338325526,True,sapmachine-jdk-28-ea.1_aix-ppc64_bin-symbols.tar.gz,aix,ppc64,jdk,1
2026-09-15T00:24:48+00:00,sapmachine-28+1,338325526,True,sapmachine-jdk-28-ea.1_windows-x64_bin.zip,windows,x64,jdk,125
2026-09-15T00:24:48+00:00,sapmachine-28+1,338325526,True,sapmachine-jre-28-ea.1_windows-x64_bin.zip,windows,x64,jre,126
2026-09-15T00:24:48+00:00,sapmachine-28+1,338325526,True,sapmachine-jdk-28-ea.1_windows-x64_bin-symbols.tar.gz,windows,x64,jdk,1
2026-09-15T00:24:48+00:00,sapmachine-17.0.20+5,336315864,True,sapmachine-jdk-17.0.20-ea.5_linux-x64_bin.tar.gz,linux,x64,jdk,266
2026-09-15T00:24:48+00:00,sapmachine-17.0.20+5,336315864,True,sapmachine-jre-17.0.20-ea.5_linux-x64_bin.tar.gz,linux,x64,jre,130
2026-09-15T00:24:48+00:00,sapmachine-17.0.20+5,336315864,True,sapmachine-jdk-17.0.20-ea.5_linux-x64_bin-symbols.tar.gz,linux,x64,jdk,2
2026-09-15T00:24:48+00:00,sapmachine-17.0.20+5,336315864,True,sapmachine-jdk-17.0.20-ea.5_linux-x64-musl_bin.tar.gz,alpine,x64,jdk,126
2026-09-15T00:24:48+00:00,sapmachine-17.0.20+5,336315864,True,sapmachine-jre-17.0.20-ea.5_linux-x64-musl_bin.tar.gz,alpine,x64,jre,124
2026-09-15T00:24:48+00:00,sapmachine-17.0.20+5,336315864,True,sapmachine-jdk-17.0.20-ea.5_linux-x64-musl_bin-symbols.tar.gz,alpine,x64,jdk,2
2026-09-15T00:24:48+00:00,sapmachine-17.0.20+5,336315864,True,sapmachine-jdk-17.0.20-ea.5_linux-ppc64le_bin.tar.gz,linux,ppc64,jdk,129
2026-09-15T00:24:48+00:00,sapmachine-17.0.20+5,336315864,True,sapmachine-jre-17.0.20-ea.5_linux-ppc64le_bin.tar.gz,linux,ppc64,jre,129
2026-09-15T00:24:48+00:00,sapmachine-17.0.20+5,336315864,True,sapmachine-jdk-17.0.20-ea.5_linux-ppc64le_bin-symbols.tar.gz,linux,ppc64,jdk,1
2026-09-15T00:24:48+00:00,sapmachine-17.0.20+5,336315864,True,sapmachine-jdk-17.0.20-ea.5_macos-aarch64_bin.tar.gz,macos,aarch64,jdk,457
2026-09-15T00:24:48+00:00,sapmachine-17.0.20+5,336315864,True,sapmachine-jre-17.0.20-ea.5_macos-aarch64_bin.tar.gz,macos,aarch64,jre,126
2026-09-15T00:24:48+00:00,sapmachine-17.0.20+5,336315864,True,sapmachine-jdk-17.0.20-ea.5_macos-aarch64_bin-symbols.tar.gz,macos,aarch64,jdk,1
2026-09-15T00:24:48+00:00,sapmachine-17.0.20+5,336315864,True,sapmachine-jdk-17.0.20-ea.5_macos-aarch64_bin.dmg,macos,aarch64,jdk,124
2026-09-15T00:24:48+00:00,sapmachine-17.0.20+5,336315864,True,sapmachine-jre-17.0.20-ea.5_macos-aarch64_bin.dmg,macos,aarch64,jre,124
2026-09-15T00:24:48+00:00,sapmachine-17.0.20+5,336315864,True,sapmachine-jdk-17.0.20-ea.5_linux-aarch64_bin.tar.gz,linux,aarch64,jdk,128
2026-09-15T00:24:48+00:00,sapmachine-17.0.20+5,336315864,True,sapmachine-jre-17.0.20-ea.5_linux-aarch64_bin.tar.gz,linux,aarch64,jre,127
2026-09-15T00:24:48+00:00,sapmachine-17.0.20+5,336315864,True,sapmachine-jdk-17.0.20-ea.5_linux-aarch64_bin-symbols.tar.gz,linux,aarch64,jdk,1
2026-09-15T00:24:48+00:00,sapmachine-17.0.20+5,336315864,True,sapmachine-jdk-17.0.20-ea.5_windows-x64_bin.zip,windows,x64,jdk,254
2026-09-15T00:24:48+00:00,sapmachine-17.0.20+5,336315864,True,sapmachine-jre-17.0.20-ea.5_windows-x64_bin.zip,windows,x64,jre,129
2026-09-15T00:24:48+00:00,sapmachine-17.0.20+5,336315864,True,sapmachine-jdk-17.0.20-ea.5_windows-x64_bin-symbols.tar.gz,windows,x64,jdk,2
2026-09-15T00:24:48+00:00,sapmachine-17.0.20+5,336315864,True,sapmachine-jdk-17.0.20-ea.5_macos-x64_bin.tar.gz,macos,x64,jdk,123
2026-09-15T00:24:48+00:00,sapmachine-17.0.20+5,336315864,True,sapmachine-jre-17.0.20-ea.5_macos-x64_bin.tar.gz,macos,x64,jre,122
2026-09-15T00:24:48+00:00,sapmachine-17.0.20+5,336315864,True,sapmachine-jdk-17.0.20-ea.5_macos-x64_bin-symbols.tar.gz,macos,x64,jdk,1
2026-09-15T00:24:48+00:00,sapmachine-17.0.20+5,336315864,True,sapmachine-jdk-17.0.20-ea.5_macos-x64_bin.dmg,macos,x64,jdk,123
2026-09-15T00:24:48+00:00,sapmachine-17.0.20+5,336315864,True,sapmachine-jre-17.0.20-ea.5_macos-x64_bin.dmg,macos,x64,jre,121
2026-09-15T00:24:48+00:00,sapmachine-21.0.12+5,336313636,True,sapmachine-jdk-21.0.12-ea.5_aix-ppc64_bin.tar.gz,aix,ppc64,jdk,126
2026-09-15T00:24:48+00:00,sapmachine-21.0.12+5,336313636,True,sapmachine-jre-21.0.12-ea.5_aix-ppc64_bin.tar.gz,aix,ppc64,jre,125
2026-09-15T00:24:48+00:00,sapmachine-21.0.12+5,336313636,True,sapmachine-jdk-21.0.12-ea.5_aix-ppc64_bin-symbols.tar.gz,aix,ppc64,jdk,2
2026-09-15T00:24:48+00:00,sapmachine-21.0.12+5,336313636,True,sapmachine-jdk-21.0.12-ea.5_linux-x64-musl_bin.tar.gz,alpine,x64,jdk,125
2026-09-15T00:24:48+00:00,sapmachine-21.0.12+5,336313636,True,sapmachine-jre-21.0.12-ea.5_linux-x64-musl_bin.tar.gz,alpine,x64,jre,124
2026-09-15T00:24:48+00:00,sapmachine-21.0.12+5,336313636,True,sapmachine-jdk-21.0.12-ea.5_linux-x64-musl_bin-symbols.tar.gz,alpine,x64,jdk,2
2026-09-15T00:24:48+00:00,sapmachine-21.0.12+5,336313636,True,sapmachine-jdk-21.0.12-ea.5_linux-x64_bin.tar.gz,linux,x64,jdk,201
2026-09-15T00:24:48+00:00,sapmachine-21.0.12+5,336313636,True,sapmachine-jre-21.0.12-ea.5_linux-x64_bin.tar.gz,linux,x64,jre,129
2026-09-15T00:24:48+00:00,sapmachine-21.0.12+5,336313636,True,sapmachine-jdk-21.0.12-ea.5_linux-x64_bin-symbols.tar.gz,linux,x64,jdk,1
2026-09-15T00:24:48+00:00,sapmachine-21.0.12+5,336313636,True,sapmachine-jdk-21.0.12-ea.5_macos-aarch64_bin.tar.gz,macos,aarch64,jdk,244
2026-09-15T00:24:48+00:00,sapmachine-21.0.12+5,336313636,True,sapmachine-jre-21.0.12-ea.5_macos-aarch64_bin.tar.gz,macos,aarch64,jre,131
2026-09-15T00:24:48+00:00,sapmachine-21.0.12+5,336313636,True,sapmachine-jdk-21.0.12-ea.5_macos-aarch64_bin-symbols.tar.gz,macos,aarch64,jdk,1
2026-09-15T00:24:48+00:00,sapmachine-21.0.12+5,336313636,True,sapmachine-jdk-21.0.12-ea.5_macos-aarch64_bin.dmg,macos,aarch64,jdk,124
2026-09-15T00:24:48+00:00,sapmachine-21.0.12+5,336313636,True,sapmachine-jre-21.0.12-ea.5_macos-aarch64_bin.dmg,macos,aarch64,jre,124
2026-09-15T00:24:48+00:00,sapmachine-21.0.12+5,336313636,True,sapmachine-jdk-21.0.12-ea.5_linux-ppc64le_bin.tar.gz,linux,ppc64,jdk,127
2026-09-15T00:24:48+00:00,sapmachine-21.0.12+5,336313636,True,sapmachine-jre-21.0.12-ea.5_linux-ppc64le_bin.tar.gz,linux,ppc64,jre,128
2026-09-15T00:24:48+00:00,sapmachine-21.0.12+5,336313636,True,sapmachine-jdk-21.0.12-ea.5_linux-ppc64le_bin-symbols.tar.gz,linux,ppc64,jdk,1
2026-09-15T00:24:48+00:00,sapmachine-21.0.12+5,336313636,True,sapmachine-jdk-21.0.12-ea.5_linux-aarch64_bin.tar.gz,linux,aarch64,jdk,128
2026-09-15T00:24:48+00:00,sapmachine-21.0.12+5,336313636,True,sapmachine-jre-21.0.12-ea.5_linux-aarch64_bin.tar.gz,linux,aarch64,jre,127
2026-09-15T00:24:48+00:00,sapmachine-21.0.12+5,336313636,True,sapmachine-jdk-21.0.12-ea.5_linux-aarch64_bin-symbols.tar.gz,linux,aarch64,jdk,1
2026-09-15T00:24:48+00:00,sapmachine-21.0.12+5,336313636,True,sapmachine-jdk-21.0.12-ea.5_windows-x64_bin.zip,windows,x64,jdk,200
2026-09-15T00:24:48+00:00,sapmachine-21.0.12+5,336313636,True,sapmachine-jre-21.0.12-ea.5_windows-x64_bin.zip,windows,x64,jre,127
2026-09-15T00:24:48+00:00,sapmachine-21.0.12+5,336313636,True,sapmachine-jdk-21.0.12-ea.5_windows-x64_bin-symbols.tar.gz,windows,x64,jdk,1
2026-09-15T00:24:48+00:00,sapmachine-21.0.12+5,336313636,True,sapmachine-jdk-21.0.12-ea.5_macos-x64_bin.tar.gz,macos,x64,jdk,125
2026-09-15T00:24:48+00:00,sapmachine-21.0.12+5,336313636,True,sapmachine-jre-21.0.12-ea.5_macos-x64_bin.tar.gz,macos,x64,jre,124
2026-09-15T00:24:48+00:00,sapmachine-21.0.12+5,336313636,True,sapmachine-jdk-21.0.12-ea.5_macos-x64_bin-symbols.tar.gz,macos,x64,jdk,1
2026-09-15T00:24:48+00:00,sapmachine-21.0.12+5,336313636,True,sapmachine-jdk-21.0.12-ea.5_macos-x64_bin.dmg,macos,x64,jdk,122
2026-09-15T00:24:48+00:00,sapmachine-21.0.12+5,336313636,True,sapmachine-jre-21.0.12-ea.5_macos-x64_bin.dmg,macos,x64,jre,121
2026-09-15T00:24:48+00:00,sapmachine-25.0.4+4,336311152,True,sapmachine-jdk-25.0.4-ea.4_linux-x64_bin.tar.gz,linux,x64,jdk,133
2026-09-15T00:24:48+00:00,sapmachine-25.0.4+4,336311152,True,sapmachine-jre-25.0.4-ea.4_linux-x64_bin.tar.gz,linux,x64,jre,130
2026-09-15T00:24:48+00:00,sapmachine-25.0.4+4,336311152,True,sapmachine-jdk-25.0.4-ea.4_linux-x64_bin-symbols.tar.gz,linux,x64,jdk,2
2026-09-15T00:24:48+00:00,sapmachine-25.0.4+4,336311152,True,sapmachine-jdk-25.0.4-ea.4_macos-aarch64_bin.tar.gz,macos,aarch64,jdk,132
2026-09-15T00:24:48+00:00,sapmachine-25.0.4+4,336311152,True,sapmachine-jre-25.0.4-ea.4_macos-aarch64_bin.tar.gz,macos,aarch64,jre,126
2026-09-15T00:24:48+00:00,sapmachine-25.0.4+4,336311152,True,sapmachine-jdk-25.0.4-ea.4_macos-aarch64_bin-symbols.tar.gz,macos,aarch64,jdk,2
2026-09-15T00:24:48+00:00,sapmachine-25.0.4+4,336311152,True,sapmachine-jdk-25.0.4-ea.4_macos-aarch64_bin.dmg,macos,aarch64,jdk,124
2026-09-15T00:24:48+00:00,sapmachine-25.0.4+4,336311152,True,sapmachine-jre-25.0.4-ea.4_macos-aarch64_bin.dmg,macos,aarch64,jre,125
2026-09-15T00:24:48+00:00,sapmachine-25.0.4+4,336311152,True,sapmachine-jdk-25.0.4-ea.4_aix-ppc64_bin.tar.gz,aix,ppc64,jdk,124
2026-09-15T00:24:48+00:00,sapmachine-25.0.4+4,336311152,True,sapmachine-jre-25.0.4-ea.4_aix-ppc64_bin.tar.gz,aix,ppc64,jre,124
2026-09-15T00:24:48+00:00,sapmachine-25.0.4+4,336311152,True,sapmachine-jdk-25.0.4-ea.4_aix-ppc64_bin-symbols.tar.gz,aix,ppc64,jdk,2
2026-09-15T00:24:48+00:00,sapmachine-25.0.4+4,336311152,True,sapmachine-jdk-25.0.4-ea.4_linux-x64-musl_bin.tar.gz,alpine,x64,jdk,125
2026-09-15T00:24:48+00:00,sapmachine-25.0.4+4,336311152,True,sapmachine-jre-25.0.4-ea.4_linux-x64-musl_bin.tar.gz,alpine,x64,jre,124
2026-09-15T00:24:48+00:00,sapmachine-25.0.4+4,336311152,True,sapmachine-jdk-25.0.4-ea.4_linux-x64-musl_bin-symbols.tar.gz,alpine,x64,jdk,1
2026-09-15T00:24:48+00:00,sapmachine-25.0.4+4,336311152,True,sapmachine-jdk-25.0.4-ea.4_linux-ppc64le_bin.tar.gz,linux,ppc64,jdk,128
2026-09-15T00:24:48+00:00,sapmachine-25.0.4+4,336311152,True,sapmachine-jre-25.0.4-ea.4_linux-ppc64le_bin.tar.gz,linux,ppc64,jre,129
2026-09-15T00:24:48+00:00,sapmachine-25.0.4+4,336311152,True,sapmachine-jdk-25.0.4-ea.4_linux-ppc64le_bin-symbols.tar.gz,linux,ppc64,jdk,1
2026-09-15T00:24:48+00:00,sapmachine-25.0.4+4,336311152,True,sapmachine-jdk-25.0.4-ea.4_linux-aarch64_bin.tar.gz,linux,aarch64,jdk,127
2026-09-15T00:24:48+00:00,sapmachine-25.0.4+4,336311152,True,sapmachine-jre-25.0.4-ea.4_linux-aarch64_bin.tar.gz,linux,aarch64,jre,127
2026-09-15T00:24:48+00:00,sapmachine-25.0.4+4,336311152,True,sapmachine-jdk-25.0.4-ea.4_linux-aarch64_bin-symbols.tar.gz,linux,aarch64,jdk,1
2026-09-15T00:24:48+00:00,sapmachine-25.0.4+4,336311152,True,sapmachine-jdk-25.0.4-ea.4_windows-x64_bin.zip,windows,x64,jdk,129
2026-09-15T00:24:48+00:00,sapmachine-25.0.4+4,336311152,True,sapmachine-jre-25.0.4-ea.4_windows-x64_bin.zip,windows,x64,jre,127
2026-09-15T00:24:48+00:00,sapmachine-25.0.4+4,336311152,True,sapmachine-jdk-25.0.4-ea.4_windows-x64_bin-symbols.tar.gz,windows,x64,jdk,1
2026-09-15T00:24:48+00:00,sapmachine-27+25,336310460,True,sapmachine-jdk-27-ea.25_linux-x64-musl_bin.tar.gz,alpine,x64,jdk,124
2026-09-15T00:24:48+00:00,sapmachine-27+25,336310460,True,sapmachine-jre-27-ea.25_linux-x64-musl_bin.tar.gz,alpine,x64,jre,125
2026-09-15T00:24:48+00:00,sapmachine-27+25,336310460,True,sapmachine-jdk-27-ea.25_linux-x64-musl_bin-symbols.tar.gz,alpine,x64,jdk,2
2026-09-15T00:24:48+00:00,sapmachine-27+25,336310460,True,sapmachine-jdk-27-ea.25_linux-x64_bin.tar.gz,linux,x64,jdk,129
2026-09-15T00:24:48+00:00,sapmachine-27+25,336310460,True,sapmachine-jre-27-ea.25_linux-x64_bin.tar.gz,linux,x64,jre,129
2026-09-15T00:24:48+00:00,sapmachine-27+25,336310460,True,sapmachine-jdk-27-ea.25_linux-x64_bin-symbols.tar.gz,linux,x64,jdk,1
2026-09-15T00:24:48+00:00,sapmachine-27+25,336310460,True,sapmachine-jdk-27-ea.25_linux-ppc64le_bin.tar.gz,linux,ppc64,jdk,128
2026-09-15T00:24:48+00:00,sapmachine-27+25,336310460,True,sapmachine-jre-27-ea.25_linux-ppc64le_bin.tar.gz,linux,ppc64,jre,128
2026-09-15T00:24:48+00:00,sapmachine-27+25,336310460,True,sapmachine-jdk-27-ea.25_linux-ppc64le_bin-symbols.tar.gz,linux,ppc64,jdk,1
2026-09-15T00:24:48+00:00,sapmachine-27+25,336310460,True,sapmachine-jdk-27-ea.25_linux-aarch64_bin.tar.gz,linux,aarch64,jdk,129
2026-09-15T00:24:48+00:00,sapmachine-27+25,336310460,True,sapmachine-jre-27-ea.25_linux-aarch64_bin.tar.gz,linux,aarch64,jre,128
2026-09-15T00:24:48+00:00,sapmachine-27+25,336310460,True,sapmachine-jdk-27-ea.25_linux-aarch64_bin-symbols.tar.gz,linux,aarch64,jdk,1
2026-09-15T00:24:48+00:00,sapmachine-27+25,336310460,True,sapmachine-jdk-27-ea.25_macos-aarch64_bin.tar.gz,macos,aarch64,jdk,134
2026-09-15T00:24:48+00:00,sapmachine-27+25,336310460,True,sapmachine-jre-27-ea.25_macos-aarch64_bin.tar.gz,macos,aarch64,jre,127
2026-09-15T00:24:48+00:00,sapmachine-27+25,336310460,True,sapmachine-jdk-27-ea.25_macos-aarch64_bin-symbols.tar.gz,macos,aarch64,jdk,1
2026-09-15T00:24:48+00:00,sapmachine-27+25,336310460,True,sapmachine-jdk-27-ea.25_macos-aarch64_bin.dmg,macos,aarch64,jdk,129
2026-09-15T00:24:48+00:00,sapmachine-27+25,336310460,True,sapmachine-jre-27-ea.25_macos-aarch64_bin.dmg,macos,aarch64,jre,125
2026-09-15T00:24:48+00:00,sapmachine-27+25,336310460,True,sapmachine-jdk-27-ea.25_windows-x64_bin.zip,windows,x64,jdk,128
2026-09-15T00:24:48+00:00,sapmachine-27+25,336310460,True,sapmachine-jre-27-ea.25_windows-x64_bin.zip,windows,x64,jre,131
2026-09-15T00:24:48+00:00,sapmachine-27+25,336310460,True,sapmachine-jdk-27-ea.25_windows-x64_bin-symbols.tar.gz,windows,x64,jdk,2
2026-09-15T00:24:48+00:00,sapmachine-27+25,336310460,True,sapmachine-jdk-27-ea.25_aix-ppc64_bin.tar.gz,aix,ppc64,jdk,123
2026-09-15T00:24:48+00:00,sapmachine-27+25,336310460,True,sapmachine-jre-27-ea.25_aix-ppc64_bin.tar.gz,aix,ppc64,jre,123
2026-09-15T00:24:48+00:00,sapmachine-27+25,336310460,True,sapmachine-jdk-27-ea.25_aix-ppc64_bin-symbols.tar.gz,aix,ppc64,jdk,1
2026-09-15T00:24:48+00:00,sapmachine-27+24,334077931,True,sapmachine-jdk-27-ea.24_linux-x64-musl_bin.tar.gz,alpine,x64,jdk,127
2026-09-15T00:24:48+00:00,sapmachine-27+24,334077931,True,sapmachine-jre-27-ea.24_linux-x64-musl_bin.tar.gz,alpine,x64,jre,126
2026-09-15T00:24:48+00:00,sapmachine-27+24,334077931,True,sapmachine-jdk-27-ea.24_linux-x64-musl_bin-symbols.tar.gz,alpine,x64,jdk,1
2026-09-15T00:24:48+00:00,sapmachine-27+24,334077931,True,sapmachine-jdk-27-ea.24_macos-aarch64_bin.tar.gz,macos,aarch64,jdk,135
2026-09-15T00:24:48+00:00,sapmachine-27+24,334077931,True,sapmachine-jre-27-ea.24_macos-aarch64_bin.tar.gz,macos,aarch64,jre,131
2026-09-15T00:24:48+00:00,sapmachine-27+24,334077931,True,sapmachine-jdk-27-ea.24_macos-aarch64_bin-symbols.tar.gz,macos,aarch64,jdk,1
2026-09-15T00:24:48+00:00,sapmachine-27+24,334077931,True,sapmachine-jdk-27-ea.24_macos-aarch64_bin.dmg,macos,aarch64,jdk,134
2026-09-15T00:24:48+00:00,sapmachine-27+24,334077931,True,sapmachine-jre-27-ea.24_macos-aarch64_bin.dmg,macos,aarch64,jre,127
2026-09-15T00:24:48+00:00,sapmachine-27+24,334077931,True,sapmachine-jdk-27-ea.24_linux-x64_bin.tar.gz,linux,x64,jdk,129
2026-09-15T00:24:48+00:00,sapmachine-27+24,334077931,True,sapmachine-jre-27-ea.24_linux-x64_bin.tar.gz,linux,x64,jre,129
2026-09-15T00:24:48+00:00,sapmachine-27+24,334077931,True,sapmachine-jdk-27-ea.24_linux-x64_bin-symbols.tar.gz,linux,x64,jdk,1
2026-09-15T00:24:48+00:00,sapmachine-27+24,334077931,True,sapmachine-jdk-27-ea.24_aix-ppc64_bin.tar.gz,aix,ppc64,jdk,126
2026-09-15T00:24:48+00:00,sapmachine-27+24,334077931,True,sapmachine-jre-27-ea.24_aix-ppc64_bin.tar.gz,aix,ppc64,jre,127
2026-09-15T00:24:48+00:00,sapmachine-27+24,334077931,True,sapmachine-jdk-27-ea.24_aix-ppc64_bin-symbols.tar.gz,aix,ppc64,jdk,1
2026-09-15T00:24:48+00:00,sapmachine-27+24,334077931,True,sapmachine-jdk-27-ea.24_linux-aarch64_bin.tar.gz,linux,aarch64,jdk,129
2026-09-15T00:24:48+00:00,sapmachine-27+24,334077931,True,sapmachine-jre-27-ea.24_linux-aarch64_bin.tar.gz,linux,aarch64,jre,130
2026-09-15T00:24:48+00:00,sapmachine-27+24,334077931,True,sapmachine-jdk-27-ea.24_linux-aarch64_bin-symbols.tar.gz,linux,aarch64,jdk,1
2026-09-15T00:24:48+00:00,sapmachine-27+24,334077931,True,sapmachine-jdk-27-ea.24_linux-ppc64le_bin.tar.gz,linux,ppc64,jdk,128
2026-09-15T00:24:48+00:00,sapmachine-27+24,334077931,True,sapmachine-jre-27-ea.24_linux-ppc64le_bin.tar.gz,linux,ppc64,jre,129
2026-09-15T00:24:48+00:00,sapmachine-27+24,334077931,True,sapmachine-jdk-27-ea.24_linux-ppc64le_bin-symbols.tar.gz,linux,ppc64,jdk,1
2026-09-15T00:24:48+00:00,sapmachine-27+24,334077931,True,sapmachine-jdk-27-ea.24_windows-x64_bin.zip,windows,x64,jdk,129
2026-09-15T00:24:48+00:00,sapmachine-27+24,334077931,True,sapmachine-jre-27-ea.24_windows-x64_bin.zip,windows,x64,jre,129
2026-09-15T00:24:48+00:00,sapmachine-27+24,334077931,True,sapmachine-jdk-27-ea.24_windows-x64_bin-symbols.tar.gz,windows,x64,jdk,1
2026-09-15T00:24:48+00:00,sapmachine-17.0.20+4,332851414,True,sapmachine-jdk-17.0.20-ea.4_linux-x64-musl_bin.tar.gz,alpine,x64,jdk,127
2026-09-15T00:24:48+00:00,sapmachine-17.0.20+4,332851414,True,sapmachine-jre-17.0.20-ea.4_linux-x64-musl_bin.tar.gz,alpine,x64,jre,126
2026-09-15T00:24:48+00:00,sapmachine-17.0.20+4,332851414,True,sapmachine-jdk-17.0.20-ea.4_linux-x64-musl_bin-symbols.tar.gz,alpine,x64,jdk,2
2026-09-15T00:24:48+00:00,sapmachine-17.0.20+4,332851414,True,sapmachine-jdk-17.0.20-ea.4_linux-x64_bin.tar.gz,linux,x64,jdk,310
2026-09-15T00:24:48+00:00,sapmachine-17.0.20+4,332851414,True,sapmachine-jre-17.0.20-ea.4_linux-x64_bin.tar.gz,linux,x64,jre,131
2026-09-15T00:24:48+00:00,sapmachine-17.0.20+4,332851414,True,sapmachine-jdk-17.0.20-ea.4_linux-x64_bin-symbols.tar.gz,linux,x64,jdk,2
2026-09-15T00:24:48+00:00,sapmachine-17.0.20+4,332851414,True,sapmachine-jdk-17.0.20-ea.4_macos-aarch64_bin.tar.gz,macos,aarch64,jdk,500
2026-09-15T00:24:48+00:00,sapmachine-17.0.20+4,332851414,True,sapmachine-jre-17.0.20-ea.4_macos-aarch64_bin.tar.gz,macos,aarch64,jre,130
2026-09-15T00:24:48+00:00,sapmachine-17.0.20+4,332851414,True,sapmachine-jdk-17.0.20-ea.4_macos-aarch64_bin-symbols.tar.gz,macos,aarch64,jdk,1
2026-09-15T00:24:48+00:00,sapmachine-17.0.20+4,332851414,True,sapmachine-jdk-17.0.20-ea.4_macos-aarch64_bin.dmg,macos,aarch64,jdk,131
2026-09-15T00:24:48+00:00,sapmachine-17.0.20+4,332851414,True,sapmachine-jre-17.0.20-ea.4_macos-aarch64_bin.dmg,macos,aarch64,jre,127
2026-09-15T00:24:48+00:00,sapmachine-17.0.20+4,332851414,True,sapmachine-jdk-17.0.20-ea.4_linux-ppc64le_bin.tar.gz,linux,ppc64,jdk,128
2026-09-15T00:24:48+00:00,sapmachine-17.0.20+4,332851414,True,sapmachine-jre-17.0.20-ea.4_linux-ppc64le_bin.tar.gz,linux,ppc64,jre,128
2026-09-15T00:24:48+00:00,sapmachine-17.0.20+4,332851414,True,sapmachine-jdk-17.0.20-ea.4_linux-ppc64le_bin-symbols.tar.gz,linux,ppc64,jdk,1
2026-09-15T00:24:48+00:00,sapmachine-17.0.20+4,332851414,True,sapmachine-jdk-17.0.20-ea.4_linux-aarch64_bin.tar.gz,linux,aarch64,jdk,129
2026-09-15T00:24:48+00:00,sapmachine-17.0.20+4,332851414,True,sapmachine-jre-17.0.20-ea.4_linux-aarch64_bin.tar.gz,linux,aarch64,jre,127
2026-09-15T00:24:48+00:00,sapmachine-17.0.20+4,332851414,True,sapmachine-jdk-17.0.20-ea.4_linux-aarch64_bin-symbols.tar.gz,linux,aarch64,jdk,1
2026-09-15T00:24:48+00:00,sapmachine-17.0.20+4,332851414,True,sapmachine-jdk-17.0.20-ea.4_macos-x64_bin.tar.gz,macos,x64,jdk,126
2026-09-15T00:24:48+00:00,sapmachine-17.0.20+4,332851414,True,sapmachine-jre-17.0.20-ea.4_macos-x64_bin.tar.gz,macos,x64,jre,125
2026-09-15T00:24:48+00:00,sapmachine-17.0.20+4,332851414,True,sapmachine-jdk-17.0.20-ea.4_macos-x64_bin-symbols.tar.gz,macos,x64,jdk,1
2026-09-15T00:24:48+00:00,sapmachine-17.0.20+4,332851414,True,sapmachine-jdk-17.0.20-ea.4_macos-x64_bin.dmg,macos,x64,jdk,125
2026-09-15T00:24:48+00:00,sapmachine-17.0.20+4,332851414,True,sapmachine-jre-17.0.20-ea.4_macos-x64_bin.dmg,macos,x64,jre,124
2026-09-15T00:24:48+00:00,sapmachine-17.0.20+4,332851414,True,sapmachine-jdk-17.0.20-ea.4_windows-x64_bin.zip,windows,x64,jdk,306
2026-09-15T00:24:48+00:00,sapmachine-17.0.20+4,332851414,True,sapmachine-jre-17.0.20-ea.4_windows-x64_bin.zip,windows,x64,jre,128
2026-09-15T00:24:48+00:00,sapmachine-17.0.20+4,332851414,True,sapmachine-jdk-17.0.20-ea.4_windows-x64_bin-symbols.tar.gz,windows,x64,jdk,1
2026-09-15T00:24:48+00:00,sapmachine-21.0.12+4,332848230,True,sapmachine-jdk-21.0.12-ea.4_linux-x64_bin.tar.gz,linux,x64,jdk,307
2026-09-15T00:24:48+00:00,sapmachine-21.0.12+4,332848230,True,sapmachine-jre-21.0.12-ea.4_linux-x64_bin.tar.gz,linux,x64,jre,129
2026-09-15T00:24:48+00:00,sapmachine-21.0.12+4,332848230,True,sapmachine-jdk-21.0.12-ea.4_linux-x64_bin-symbols.tar.gz,linux,x64,jdk,1
2026-09-15T00:24:48+00:00,sapmachine-21.0.12+4,332848230,True,sapmachine-jdk-21.0.12-ea.4_aix-ppc64_bin.tar.gz,aix,ppc64,jdk,126
2026-09-15T00:24:48+00:00,sapmachine-21.0.12+4,332848230,True,sapmachine-jre-21.0.12-ea.4_aix-ppc64_bin.tar.gz,aix,ppc64,jre,127
2026-09-15T00:24:48+00:00,sapmachine-21.0.12+4,332848230,True,sapmachine-jdk-21.0.12-ea.4_aix-ppc64_bin-symbols.tar.gz,aix,ppc64,jdk,2
2026-09-15T00:24:48+00:00,sapmachine-21.0.12+4,332848230,True,sapmachine-jdk-21.0.12-ea.4_macos-aarch64_bin.tar.gz,macos,aarch64,jdk,390
2026-09-15T00:24:48+00:00,sapmachine-21.0.12+4,332848230,True,sapmachine-jre-21.0.12-ea.4_macos-aarch64_bin.tar.gz,macos,aarch64,jre,135
2026-09-15T00:24:48+00:00,sapmachine-21.0.12+4,332848230,True,sapmachine-jdk-21.0.12-ea.4_macos-aarch64_bin-symbols.tar.gz,macos,aarch64,jdk,1
2026-09-15T00:24:48+00:00,sapmachine-21.0.12+4,332848230,True,sapmachine-jdk-21.0.12-ea.4_macos-aarch64_bin.dmg,macos,aarch64,jdk,132
2026-09-15T00:24:48+00:00,sapmachine-21.0.12+4,332848230,True,sapmachine-jre-21.0.12-ea.4_macos-aarch64_bin.dmg,macos,aarch64,jre,127
2026-09-15T00:24:48+00:00,sapmachine-21.0.12+4,332848230,True,sapmachine-jdk-21.0.12-ea.4_linux-x64-musl_bin.tar.gz,alpine,x64,jdk,127
2026-09-15T00:24:48+00:00,sapmachine-21.0.12+4,332848230,True,sapmachine-jre-21.0.12-ea.4_linux-x64-musl_bin.tar.gz,alpine,x64,jre,126
2026-09-15T00:24:48+00:00,sapmachine-21.0.12+4,332848230,True,sapmachine-jdk-21.0.12-ea.4_linux-x64-musl_bin-symbols.tar.gz,alpine,x64,jdk,1
2026-09-15T00:24:48+00:00,sapmachine-21.0.12+4,332848230,True,sapmachine-jdk-21.0.12-ea.4_linux-ppc64le_bin.tar.gz,linux,ppc64,jdk,130
2026-09-15T00:24:48+00:00,sapmachine-21.0.12+4,332848230,True,sapmachine-jre-21.0.12-ea.4_linux-ppc64le_bin.tar.gz,linux,ppc64,jre,129
2026-09-15T00:24:48+00:00,sapmachine-21.0.12+4,332848230,True,sapmachine-jdk-21.0.12-ea.4_linux-ppc64le_bin-symbols.tar.gz,linux,ppc64,jdk,1
2026-09-15T00:24:48+00:00,sapmachine-21.0.12+4,332848230,True,sapmachine-jdk-21.0.12-ea.4_macos-x64_bin.tar.gz,macos,x64,jdk,128
2026-09-15T00:24:48+00:00,sapmachine-21.0.12+4,332848230,True,sapmachine-jre-21.0.12-ea.4_macos-x64_bin.tar.gz,macos,x64,jre,127
2026-09-15T00:24:48+00:00,sapmachine-21.0.12+4,332848230,True,sapmachine-jdk-21.0.12-ea.4_macos-x64_bin-symbols.tar.gz,macos,x64,jdk,1
2026-09-15T00:24:48+00:00,sapmachine-21.0.12+4,332848230,True,sapmachine-jdk-21.0.12-ea.4_macos-x64_bin.dmg,macos,x64,jdk,126
2026-09-15T00:24:48+00:00,sapmachine-21.0.12+4,332848230,True,sapmachine-jre-21.0.12-ea.4_macos-x64_bin.dmg,macos,x64,jre,125
2026-09-15T00:24:48+00:00,sapmachine-21.0.12+4,332848230,True,sapmachine-jdk-21.0.12-ea.4_linux-aarch64_bin.tar.gz,linux,aarch64,jdk,129
2026-09-15T00:24:48+00:00,sapmachine-21.0.12+4,332848230,True,sapmachine-jre-21.0.12-ea.4_linux-aarch64_bin.tar.gz,linux,aarch64,jre,128
2026-09-15T00:24:48+00:00,sapmachine-21.0.12+4,332848230,True,sapmachine-jdk-21.0.12-ea.4_linux-aarch64_bin-symbols.tar.gz,linux,aarch64,jdk,1
2026-09-15T00:24:48+00:00,sapmachine-21.0.12+4,332848230,True,sapmachine-jdk-21.0.12-ea.4_windows-x64_bin.zip,windows,x64,jdk,299
2026-09-15T00:24:48+00:00,sapmachine-21.0.12+4,332848230,True,sapmachine-jre-21.0.12-ea.4_windows-x64_bin.zip,windows,x64,jre,129
2026-09-15T00:24:48+00:00,sapmachine-21.0.12+4,332848230,True,sapmachine-jdk-21.0.12-ea.4_windows-x64_bin-symbols.tar.gz,windows,x64,jdk,1
2026-09-15T00:24:48+00:00,sapmachine-25.0.4+3,332847674,True,sapmachine-jdk-25.0.4-ea.3_linux-x64-musl_bin.tar.gz,alpine,x64,jdk,127
2026-09-15T00:24:48+00:00,sapmachine-25.0.4+3,332847674,True,sapmachine-jre-25.0.4-ea.3_linux-x64-musl_bin.tar.gz,alpine,x64,jre,127
2026-09-15T00:24:48+00:00,sapmachine-25.0.4+3,332847674,True,sapmachine-jdk-25.0.4-ea.3_linux-x64-musl_bin-symbols.tar.gz,alpine,x64,jdk,2
2026-09-15T00:24:48+00:00,sapmachine-25.0.4+3,332847674,True,sapmachine-jdk-25.0.4-ea.3_linux-x64_bin.tar.gz,linux,x64,jdk,142
2026-09-15T00:24:48+00:00,sapmachine-25.0.4+3,332847674,True,sapmachine-jre-25.0.4-ea.3_linux-x64_bin.tar.gz,linux,x64,jre,129
2026-09-15T00:24:48+00:00,sapmachine-25.0.4+3,332847674,True,sapmachine-jdk-25.0.4-ea.3_linux-x64_bin-symbols.tar.gz,linux,x64,jdk,1
2026-09-15T00:24:48+00:00,sapmachine-25.0.4+3,332847674,True,sapmachine-jdk-25.0.4-ea.3_linux-aarch64_bin.tar.gz,linux,aarch64,jdk,128
2026-09-15T00:24:48+00:00,sapmachine-25.0.4+3,332847674,True,sapmachine-jre-25.0.4-ea.3_linux-aarch64_bin.tar.gz,linux,aarch64,jre,127
2026-09-15T00:24:48+00:00,sapmachine-25.0.4+3,332847674,True,sapmachine-jdk-25.0.4-ea.3_linux-aarch64_bin-symbols.tar.gz,linux,aarch64,jdk,1
2026-09-15T00:24:48+00:00,sapmachine-25.0.4+3,332847674,True,sapmachine-jdk-25.0.4-ea.3_linux-ppc64le_bin.tar.gz,linux,ppc64,jdk,129
2026-09-15T00:24:48+00:00,sapmachine-25.0.4+3,332847674,True,sapmachine-jre-25.0.4-ea.3_linux-ppc64le_bin.tar.gz,linux,ppc64,jre,128
2026-09-15T00:24:48+00:00,sapmachine-25.0.4+3,332847674,True,sapmachine-jdk-25.0.4-ea.3_linux-ppc64le_bin-symbols.tar.gz,linux,ppc64,jdk,1
2026-09-15T00:24:48+00:00,sapmachine-25.0.4+3,332847674,True,sapmachine-jdk-25.0.4-ea.3_aix-ppc64_bin.tar.gz,aix,ppc64,jdk,126
2026-09-15T00:24:48+00:00,sapmachine-25.0.4+3,332847674,True,sapmachine-jre-25.0.4-ea.3_aix-ppc64_bin.tar.gz,aix,ppc64,jre,126
2026-09-15T00:24:48+00:00,sapmachine-25.0.4+3,332847674,True,sapmachine-jdk-25.0.4-ea.3_aix-ppc64_bin-symbols.tar.gz,aix,ppc64,jdk,2
2026-09-15T00:24:48+00:00,sapmachine-25.0.4+3,332847674,True,sapmachine-jdk-25.0.4-ea.3_macos-aarch64_bin.tar.gz,macos,aarch64,jdk,136
2026-09-15T00:24:48+00:00,sapmachine-25.0.4+3,332847674,True,sapmachine-jre-25.0.4-ea.3_macos-aarch64_bin.tar.gz,macos,aarch64,jre,129
2026-09-15T00:24:48+00:00,sapmachine-25.0.4+3,332847674,True,sapmachine-jdk-25.0.4-ea.3_macos-aarch64_bin-symbols.tar.gz,macos,aarch64,jdk,1
2026-09-15T00:24:48+00:00,sapmachine-25.0.4+3,332847674,True,sapmachine-jdk-25.0.4-ea.3_macos-aarch64_bin.dmg,macos,aarch64,jdk,126
2026-09-15T00:24:48+00:00,sapmachine-25.0.4+3,332847674,True,sapmachine-jre-25.0.4-ea.3_macos-aarch64_bin.dmg,macos,aarch64,jre,125
2026-09-15T00:24:48+00:00,sapmachine-25.0.4+3,332847674,True,sapmachine-jdk-25.0.4-ea.3_windows-x64_bin.zip,windows,x64,jdk,129
2026-09-15T00:24:48+00:00,sapmachine-25.0.4+3,332847674,True,sapmachine-jre-25.0.4-ea.3_windows-x64_bin.zip,windows,x64,jre,128
2026-09-15T00:24:48+00:00,sapmachine-25.0.4+3,332847674,True,sapmachine-jdk-25.0.4-ea.3_windows-x64_bin-symbols.tar.gz,windows,x64,jdk,1
2026-09-15T00:24:48+00:00,sapmachine-17.0.20+3,328421215,True,sapmachine-jdk-17.0.20-ea.3_linux-x64_bin.tar.gz,linux,x64,jdk,277
2026-09-15T00:24:48+00:00,sapmachine-17.0.20+3,328421215,True,sapmachine-jre-17.0.20-ea.3_linux-x64_bin.tar.gz,linux,x64,jre,147
2026-09-15T00:24:48+00:00,sapmachine-17.0.20+3,328421215,True,sapmachine-jdk-17.0.20-ea.3_linux-x64_bin-symbols.tar.gz,linux,x64,jdk,6
2026-09-15T00:24:48+00:00,sapmachine-17.0.20+3,328421215,True,sapmachine-jdk-17.0.20-ea.3_linux-x64-musl_bin.tar.gz,alpine,x64,jdk,145
2026-09-15T00:24:48+00:00,sapmachine-17.0.20+3,328421215,True,sapmachine-jre-17.0.20-ea.3_linux-x64-musl_bin.tar.gz,alpine,x64,jre,142
2026-09-15T00:24:48+00:00,sapmachine-17.0.20+3,328421215,True,sapmachine-jdk-17.0.20-ea.3_linux-x64-musl_bin-symbols.tar.gz,alpine,x64,jdk,5
2026-09-15T00:24:48+00:00,sapmachine-17.0.20+3,328421215,True,sapmachine-jdk-17.0.20-ea.3_macos-aarch64_bin.tar.gz,macos,aarch64,jdk,574
2026-09-15T00:24:48+00:00,sapmachine-17.0.20+3,328421215,True,sapmachine-jre-17.0.20-ea.3_macos-aarch64_bin.tar.gz,macos,aarch64,jre,146
2026-09-15T00:24:48+00:00,sapmachine-17.0.20+3,328421215,True,sapmachine-jdk-17.0.20-ea.3_macos-aarch64_bin-symbols.tar.gz,macos,aarch64,jdk,3
2026-09-15T00:24:48+00:00,sapmachine-17.0.20+3,328421215,True,sapmachine-jdk-17.0.20-ea.3_macos-aarch64_bin.dmg,macos,aarch64,jdk,158
2026-09-15T00:24:48+00:00,sapmachine-17.0.20+3,328421215,True,sapmachine-jre-17.0.20-ea.3_macos-aarch64_bin.dmg,macos,aarch64,jre,141
2026-09-15T00:24:48+00:00,sapmachine-17.0.20+3,328421215,True,sapmachine-jdk-17.0.20-ea.3_linux-ppc64le_bin.tar.gz,linux,ppc64,jdk,151
2026-09-15T00:24:48+00:00,sapmachine-17.0.20+3,328421215,True,sapmachine-jre-17.0.20-ea.3_linux-ppc64le_bin.tar.gz,linux,ppc64,jre,148
2026-09-15T00:24:48+00:00,sapmachine-17.0.20+3,328421215,True,sapmachine-jdk-17.0.20-ea.3_linux-ppc64le_bin-symbols.tar.gz,linux,ppc64,jdk,3
2026-09-15T00:24:48+00:00,sapmachine-17.0.20+3,328421215,True,sapmachine-jdk-17.0.20-ea.3_windows-x64_bin.zip,windows,x64,jdk,264
2026-09-15T00:24:48+00:00,sapmachine-17.0.20+3,328421215,True,sapmachine-jre-17.0.20-ea.3_windows-x64_bin.zip,windows,x64,jre,154
2026-09-15T00:24:48+00:00,sapmachine-17.0.20+3,328421215,True,sapmachine-jdk-17.0.20-ea.3_windows-x64_bin-symbols.tar.gz,windows,x64,jdk,3
2026-09-15T00:24:48+00:00,sapmachine-17.0.20+3,328421215,True,sapmachine-jdk-17.0.20-ea.3_macos-x64_bin.tar.gz,macos,x64,jdk,141
2026-09-15T00:24:48+00:00,sapmachine-17.0.20+3,328421215,True,sapmachine-jre-17.0.20-ea.3_macos-x64_bin.tar.gz,macos,x64,jre,141
2026-09-15T00:24:48+00:00,sapmachine-17.0.20+3,328421215,True,sapmachine-jdk-17.0.20-ea.3_macos-x64_bin-symbols.tar.gz,macos,x64,jdk,3
2026-09-15T00:24:48+00:00,sapmachine-17.0.20+3,328421215,True,sapmachine-jdk-17.0.20-ea.3_macos-x64_bin.dmg,macos,x64,jdk,151
2026-09-15T00:24:48+00:00,sapmachine-17.0.20+3,328421215,True,sapmachine-jre-17.0.20-ea.3_macos-x64_bin.dmg,macos,x64,jre,138
2026-09-15T00:24:48+00:00,sapmachine-17.0.20+3,328421215,True,sapmachine-jdk-17.0.20-ea.3_linux-aarch64_bin.tar.gz,linux,aarch64,jdk,145
2026-09-15T00:24:48+00:00,sapmachine-17.0.20+3,328421215,True,sapmachine-jre-17.0.20-ea.3_linux-aarch64_bin.tar.gz,linux,aarch64,jre,144
2026-09-15T00:24:48+00:00,sapmachine-17.0.20+3,328421215,True,sapmachine-jdk-17.0.20-ea.3_linux-aarch64_bin-symbols.tar.gz,linux,aarch64,jdk,3
2026-09-15T00:24:48+00:00,sapmachine-21.0.12+3,328419676,True,sapmachine-jdk-21.0.12-ea.3_linux-x64-musl_bin.tar.gz,alpine,x64,jdk,142
2026-09-15T00:24:48+00:00,sapmachine-21.0.12+3,328419676,True,sapmachine-jre-21.0.12-ea.3_linux-x64-musl_bin.tar.gz,alpine,x64,jre,141
2026-09-15T00:24:48+00:00,sapmachine-21.0.12+3,328419676,True,sapmachine-jdk-21.0.12-ea.3_linux-x64-musl_bin-symbols.tar.gz,alpine,x64,jdk,3
2026-09-15T00:24:48+00:00,sapmachine-21.0.12+3,328419676,True,sapmachine-jdk-21.0.12-ea.3_macos-aarch64_bin.tar.gz,macos,aarch64,jdk,365
2026-09-15T00:24:48+00:00,sapmachine-21.0.12+3,328419676,True,sapmachine-jre-21.0.12-ea.3_macos-aarch64_bin.tar.gz,macos,aarch64,jre,149
2026-09-15T00:24:48+00:00,sapmachine-21.0.12+3,328419676,True,sapmachine-jdk-21.0.12-ea.3_macos-aarch64_bin-symbols.tar.gz,macos,aarch64,jdk,2
2026-09-15T00:24:48+00:00,sapmachine-21.0.12+3,328419676,True,sapmachine-jdk-21.0.12-ea.3_macos-aarch64_bin.dmg,macos,aarch64,jdk,149
2026-09-15T00:24:48+00:00,sapmachine-21.0.12+3,328419676,True,sapmachine-jre-21.0.12-ea.3_macos-aarch64_bin.dmg,macos,aarch64,jre,153
2026-09-15T00:24:48+00:00,sapmachine-21.0.12+3,328419676,True,sapmachine-jdk-21.0.12-ea.3_aix-ppc64_bin.tar.gz,aix,ppc64,jdk,144
2026-09-15T00:24:48+00:00,sapmachine-21.0.12+3,328419676,True,sapmachine-jre-21.0.12-ea.3_aix-ppc64_bin.tar.gz,aix,ppc64,jre,141
2026-09-15T00:24:48+00:00,sapmachine-21.0.12+3,328419676,True,sapmachine-jdk-21.0.12-ea.3_aix-ppc64_bin-symbols.tar.gz,aix,ppc64,jdk,2
2026-09-15T00:24:48+00:00,sapmachine-21.0.12+3,328419676,True,sapmachine-jdk-21.0.12-ea.3_linux-ppc64le_bin.tar.gz,linux,ppc64,jdk,144
2026-09-15T00:24:48+00:00,sapmachine-21.0.12+3,328419676,True,sapmachine-jre-21.0.12-ea.3_linux-ppc64le_bin.tar.gz,linux,ppc64,jre,143
2026-09-15T00:24:48+00:00,sapmachine-21.0.12+3,328419676,True,sapmachine-jdk-21.0.12-ea.3_linux-ppc64le_bin-symbols.tar.gz,linux,ppc64,jdk,2
2026-09-15T00:24:48+00:00,sapmachine-21.0.12+3,328419676,True,sapmachine-jdk-21.0.12-ea.3_macos-x64_bin.tar.gz,macos,x64,jdk,144
2026-09-15T00:24:48+00:00,sapmachine-21.0.12+3,328419676,True,sapmachine-jre-21.0.12-ea.3_macos-x64_bin.tar.gz,macos,x64,jre,141
2026-09-15T00:24:48+00:00,sapmachine-21.0.12+3,328419676,True,sapmachine-jdk-21.0.12-ea.3_macos-x64_bin-symbols.tar.gz,macos,x64,jdk,2
2026-09-15T00:24:48+00:00,sapmachine-21.0.12+3,328419676,True,sapmachine-jdk-21.0.12-ea.3_macos-x64_bin.dmg,macos,x64,jdk,143
2026-09-15T00:24:48+00:00,sapmachine-21.0.12+3,328419676,True,sapmachine-jre-21.0.12-ea.3_macos-x64_bin.dmg,macos,x64,jre,144
2026-09-15T00:24:48+00:00,sapmachine-21.0.12+3,328419676,True,sapmachine-jdk-21.0.12-ea.3_linux-aarch64_bin.tar.gz,linux,aarch64,jdk,145
2026-09-15T00:24:48+00:00,sapmachine-21.0.12+3,328419676,True,sapmachine-jre-21.0.12-ea.3_linux-aarch64_bin.tar.gz,linux,aarch64,jre,143
2026-09-15T00:24:48+00:00,sapmachine-21.0.12+3,328419676,True,sapmachine-jdk-21.0.12-ea.3_linux-aarch64_bin-symbols.tar.gz,linux,aarch64,jdk,2
2026-09-15T00:24:48+00:00,sapmachine-21.0.12+3,328419676,True,sapmachine-jdk-21.0.12-ea.3_linux-x64_bin.tar.gz,linux,x64,jdk,273
2026-09-15T00:24:48+00:00,sapmachine-21.0.12+3,328419676,True,sapmachine-jre-21.0.12-ea.3_linux-x64_bin.tar.gz,linux,x64,jre,142
2026-09-15T00:24:48+00:00,sapmachine-21.0.12+3,328419676,True,sapmachine-jdk-21.0.12-ea.3_linux-x64_bin-symbols.tar.gz,linux,x64,jdk,2
2026-09-15T00:24:48+00:00,sapmachine-21.0.12+3,328419676,True,sapmachine-jdk-21.0.12-ea.3_windows-x64_bin.zip,windows,x64,jdk,260
2026-09-15T00:24:48+00:00,sapmachine-21.0.12+3,328419676,True,sapmachine-jre-21.0.12-ea.3_windows-x64_bin.zip,windows,x64,jre,147
2026-09-15T00:24:48+00:00,sapmachine-21.0.12+3,328419676,True,sapmachine-jdk-21.0.12-ea.3_windows-x64_bin-symbols.tar.gz,windows,x64,jdk,2
2026-09-15T00:24:48+00:00,sapmachine-27+23,328419594,True,sapmachine-jdk-27-ea.23_linux-x64-musl_bin.tar.gz,alpine,x64,jdk,143
2026-09-15T00:24:48+00:00,sapmachine-27+23,328419594,True,sapmachine-jre-27-ea.23_linux-x64-musl_bin.tar.gz,alpine,x64,jre,146
2026-09-15T00:24:48+00:00,sapmachine-27+23,328419594,True,sapmachine-jdk-27-ea.23_linux-x64-musl_bin-symbols.tar.gz,alpine,x64,jdk,5
2026-09-15T00:24:48+00:00,sapmachine-27+23,328419594,True,sapmachine-jdk-27-ea.23_linux-x64_bin.tar.gz,linux,x64,jdk,146
2026-09-15T00:24:48+00:00,sapmachine-27+23,328419594,True,sapmachine-jre-27-ea.23_linux-x64_bin.tar.gz,linux,x64,jre,144
2026-09-15T00:24:48+00:00,sapmachine-27+23,328419594,True,sapmachine-jdk-27-ea.23_linux-x64_bin-symbols.tar.gz,linux,x64,jdk,3
2026-09-15T00:24:48+00:00,sapmachine-27+23,328419594,True,sapmachine-jdk-27-ea.23_linux-ppc64le_bin.tar.gz,linux,ppc64,jdk,145
2026-09-15T00:24:48+00:00,sapmachine-27+23,328419594,True,sapmachine-jre-27-ea.23_linux-ppc64le_bin.tar.gz,linux,ppc64,jre,145
2026-09-15T00:24:48+00:00,sapmachine-27+23,328419594,True,sapmachine-jdk-27-ea.23_linux-ppc64le_bin-symbols.tar.gz,linux,ppc64,jdk,3
2026-09-15T00:24:48+00:00,sapmachine-27+23,328419594,True,sapmachine-jdk-27-ea.23_linux-aarch64_bin.tar.gz,linux,aarch64,jdk,149
2026-09-15T00:24:48+00:00,sapmachine-27+23,328419594,True,sapmachine-jre-27-ea.23_linux-aarch64_bin.tar.gz,linux,aarch64,jre,144
2026-09-15T00:24:48+00:00,sapmachine-27+23,328419594,True,sapmachine-jdk-27-ea.23_linux-aarch64_bin-symbols.tar.gz,linux,aarch64,jdk,3
2026-09-15T00:24:48+00:00,sapmachine-27+23,328419594,True,sapmachine-jdk-27-ea.23_aix-ppc64_bin.tar.gz,aix,ppc64,jdk,141
2026-09-15T00:24:48+00:00,sapmachine-27+23,328419594,True,sapmachine-jre-27-ea.23_aix-ppc64_bin.tar.gz,aix,ppc64,jre,149
2026-09-15T00:24:48+00:00,sapmachine-27+23,328419594,True,sapmachine-jdk-27-ea.23_aix-ppc64_bin-symbols.tar.gz,aix,ppc64,jdk,3
2026-09-15T00:24:48+00:00,sapmachine-27+23,328419594,True,sapmachine-jdk-27-ea.23_macos-aarch64_bin.tar.gz,macos,aarch64,jdk,148
2026-09-15T00:24:48+00:00,sapmachine-27+23,328419594,True,sapmachine-jre-27-ea.23_macos-aarch64_bin.tar.gz,macos,aarch64,jre,150
2026-09-15T00:24:48+00:00,sapmachine-27+23,328419594,True,sapmachine-jdk-27-ea.23_macos-aarch64_bin-symbols.tar.gz,macos,aarch64,jdk,3
2026-09-15T00:24:48+00:00,sapmachine-27+23,328419594,True,sapmachine-jdk-27-ea.23_macos-aarch64_bin.dmg,macos,aarch64,jdk,146
2026-09-15T00:24:48+00:00,sapmachine-27+23,328419594,True,sapmachine-jre-27-ea.23_macos-aarch64_bin.dmg,macos,aarch64,jre,140
2026-09-15T00:24:48+00:00,sapmachine-27+23,328419594,True,sapmachine-jdk-27-ea.23_windows-x64_bin.zip,windows,x64,jdk,145
2026-09-15T00:24:48+00:00,sapmachine-27+23,328419594,True,sapmachine-jre-27-ea.23_windows-x64_bin.zip,windows,x64,jre,155
2026-09-15T00:24:48+00:00,sapmachine-27+23,328419594,True,sapmachine-jdk-27-ea.23_windows-x64_bin-symbols.tar.gz,windows,x64,jdk,3
2026-09-15T00:24:48+00:00,sapmachine-25.0.4+2,327490497,True,sapmachine-jdk-25.0.4-ea.2_linux-x64-musl_bin.tar.gz,alpine,x64,jdk,145
2026-09-15T00:24:48+00:00,sapmachine-25.0.4+2,327490497,True,sapmachine-jre-25.0.4-ea.2_linux-x64-musl_bin.tar.gz,alpine,x64,jre,143
2026-09-15T00:24:48+00:00,sapmachine-25.0.4+2,327490497,True,sapmachine-jdk-25.0.4-ea.2_linux-x64-musl_bin-symbols.tar.gz,alpine,x64,jdk,3
2026-09-15T00:24:48+00:00,sapmachine-25.0.4+2,327490497,True,sapmachine-jdk-25.0.4-ea.2_linux-x64_bin.tar.gz,linux,x64,jdk,163
2026-09-15T00:24:48+00:00,sapmachine-25.0.4+2,327490497,True,sapmachine-jre-25.0.4-ea.2_linux-x64_bin.tar.gz,linux,x64,jre,146
2026-09-15T00:24:48+00:00,sapmachine-25.0.4+2,327490497,True,sapmachine-jdk-25.0.4-ea.2_linux-x64_bin-symbols.tar.gz,linux,x64,jdk,2
2026-09-15T00:24:48+00:00,sapmachine-25.0.4+2,327490497,True,sapmachine-jdk-25.0.4-ea.2_macos-aarch64_bin.tar.gz,macos,aarch64,jdk,157
2026-09-15T00:24:48+00:00,sapmachine-25.0.4+2,327490497,True,sapmachine-jre-25.0.4-ea.2_macos-aarch64_bin.tar.gz,macos,aarch64,jre,145
2026-09-15T00:24:48+00:00,sapmachine-25.0.4+2,327490497,True,sapmachine-jdk-25.0.4-ea.2_macos-aarch64_bin-symbols.tar.gz,macos,aarch64,jdk,2
2026-09-15T00:24:48+00:00,sapmachine-25.0.4+2,327490497,True,sapmachine-jdk-25.0.4-ea.2_macos-aarch64_bin.dmg,macos,aarch64,jdk,145
2026-09-15T00:24:48+00:00,sapmachine-25.0.4+2,327490497,True,sapmachine-jre-25.0.4-ea.2_macos-aarch64_bin.dmg,macos,aarch64,jre,145
2026-09-15T00:24:48+00:00,sapmachine-25.0.4+2,327490497,True,sapmachine-jdk-25.0.4-ea.2_linux-ppc64le_bin.tar.gz,linux,ppc64,jdk,148
2026-09-15T00:24:48+00:00,sapmachine-25.0.4+2,327490497,True,sapmachine-jre-25.0.4-ea.2_linux-ppc64le_bin.tar.gz,linux,ppc64,jre,152
2026-09-15T00:24:48+00:00,sapmachine-25.0.4+2,327490497,True,sapmachine-jdk-25.0.4-ea.2_linux-ppc64le_bin-symbols.tar.gz,linux,ppc64,jdk,2
2026-09-15T00:24:48+00:00,sapmachine-25.0.4+2,327490497,True,sapmachine-jdk-25.0.4-ea.2_linux-aarch64_bin.tar.gz,linux,aarch64,jdk,153
2026-09-15T00:24:48+00:00,sapmachine-25.0.4+2,327490497,True,sapmachine-jre-25.0.4-ea.2_linux-aarch64_bin.tar.gz,linux,aarch64,jre,150
2026-09-15T00:24:48+00:00,sapmachine-25.0.4+2,327490497,True,sapmachine-jdk-25.0.4-ea.2_linux-aarch64_bin-symbols.tar.gz,linux,aarch64,jdk,2
2026-09-15T00:24:48+00:00,sapmachine-25.0.4+2,327490497,True,sapmachine-jdk-25.0.4-ea.2_windows-x64_bin.zip,windows,x64,jdk,149
2026-09-15T00:24:48+00:00,sapmachine-25.0.4+2,327490497,True,sapmachine-jre-25.0.4-ea.2_windows-x64_bin.zip,windows,x64,jre,145
2026-09-15T00:24:48+00:00,sapmachine-25.0.4+2,327490497,True,sapmachine-jdk-25.0.4-ea.2_windows-x64_bin-symbols.tar.gz,windows,x64,jdk,2
2026-09-15T00:24:48+00:00,sapmachine-25.0.4+2,327490497,True,sapmachine-jdk-25.0.4-ea.2_aix-ppc64_bin.tar.gz,aix,ppc64,jdk,146
2026-09-15T00:24:48+00:00,sapmachine-25.0.4+2,327490497,True,sapmachine-jre-25.0.4-ea.2_aix-ppc64_bin.tar.gz,aix,ppc64,jre,151
2026-09-15T00:24:48+00:00,sapmachine-25.0.4+2,327490497,True,sapmachine-jdk-25.0.4-ea.2_aix-ppc64_bin-symbols.tar.gz,aix,ppc64,jdk,2
2026-09-15T00:24:48+00:00,sapmachine-17.0.20+2,326368701,True,sapmachine-jdk-17.0.20-ea.2_linux-x64-musl_bin.tar.gz,alpine,x64,jdk,159
2026-09-15T00:24:48+00:00,sapmachine-17.0.20+2,326368701,True,sapmachine-jre-17.0.20-ea.2_linux-x64-musl_bin.tar.gz,alpine,x64,jre,158
2026-09-15T00:24:48+00:00,sapmachine-17.0.20+2,326368701,True,sapmachine-jdk-17.0.20-ea.2_linux-x64-musl_bin-symbols.tar.gz,alpine,x64,jdk,4
2026-09-15T00:24:48+00:00,sapmachine-17.0.20+2,326368701,True,sapmachine-jdk-17.0.20-ea.2_macos-aarch64_bin.tar.gz,macos,aarch64,jdk,369
2026-09-15T00:24:48+00:00,sapmachine-17.0.20+2,326368701,True,sapmachine-jre-17.0.20-ea.2_macos-aarch64_bin.tar.gz,macos,aarch64,jre,163
2026-09-15T00:24:48+00:00,sapmachine-17.0.20+2,326368701,True,sapmachine-jdk-17.0.20-ea.2_macos-aarch64_bin-symbols.tar.gz,macos,aarch64,jdk,4
2026-09-15T00:24:48+00:00,sapmachine-17.0.20+2,326368701,True,sapmachine-jdk-17.0.20-ea.2_macos-aarch64_bin.dmg,macos,aarch64,jdk,165
2026-09-15T00:24:48+00:00,sapmachine-17.0.20+2,326368701,True,sapmachine-jre-17.0.20-ea.2_macos-aarch64_bin.dmg,macos,aarch64,jre,169
2026-09-15T00:24:48+00:00,sapmachine-17.0.20+2,326368701,True,sapmachine-jdk-17.0.20-ea.2_linux-x64_bin.tar.gz,linux,x64,jdk,176
2026-09-15T00:24:48+00:00,sapmachine-17.0.20+2,326368701,True,sapmachine-jre-17.0.20-ea.2_linux-x64_bin.tar.gz,linux,x64,jre,160
2026-09-15T00:24:48+00:00,sapmachine-17.0.20+2,326368701,True,sapmachine-jdk-17.0.20-ea.2_linux-x64_bin-symbols.tar.gz,linux,x64,jdk,2
2026-09-15T00:24:48+00:00,sapmachine-17.0.20+2,326368701,True,sapmachine-jdk-17.0.20-ea.2_linux-ppc64le_bin.tar.gz,linux,ppc64,jdk,160
2026-09-15T00:24:48+00:00,sapmachine-17.0.20+2,326368701,True,sapmachine-jre-17.0.20-ea.2_linux-ppc64le_bin.tar.gz,linux,ppc64,jre,159
2026-09-15T00:24:48+00:00,sapmachine-17.0.20+2,326368701,True,sapmachine-jdk-17.0.20-ea.2_linux-ppc64le_bin-symbols.tar.gz,linux,ppc64,jdk,2
2026-09-15T00:24:48+00:00,sapmachine-17.0.20+2,326368701,True,sapmachine-jdk-17.0.20-ea.2_macos-x64_bin.tar.gz,macos,x64,jdk,172
2026-09-15T00:24:48+00:00,sapmachine-17.0.20+2,326368701,True,sapmachine-jre-17.0.20-ea.2_macos-x64_bin.tar.gz,macos,x64,jre,161
2026-09-15T00:24:48+00:00,sapmachine-17.0.20+2,326368701,True,sapmachine-jdk-17.0.20-ea.2_macos-x64_bin-symbols.tar.gz,macos,x64,jdk,4
2026-09-15T00:24:48+00:00,sapmachine-17.0.20+2,326368701,True,sapmachine-jdk-17.0.20-ea.2_macos-x64_bin.dmg,macos,x64,jdk,161
2026-09-15T00:24:48+00:00,sapmachine-17.0.20+2,326368701,True,sapmachine-jre-17.0.20-ea.2_macos-x64_bin.dmg,macos,x64,jre,174
2026-09-15T00:24:48+00:00,sapmachine-17.0.20+2,326368701,True,sapmachine-jdk-17.0.20-ea.2_linux-aarch64_bin.tar.gz,linux,aarch64,jdk,161
2026-09-15T00:24:48+00:00,sapmachine-17.0.20+2,326368701,True,sapmachine-jre-17.0.20-ea.2_linux-aarch64_bin.tar.gz,linux,aarch64,jre,159
2026-09-15T00:24:48+00:00,sapmachine-17.0.20+2,326368701,True,sapmachine-jdk-17.0.20-ea.2_linux-aarch64_bin-symbols.tar.gz,linux,aarch64,jdk,2
2026-09-15T00:24:48+00:00,sapmachine-17.0.20+2,326368701,True,sapmachine-jdk-17.0.20-ea.2_windows-x64_bin.zip,windows,x64,jdk,161
2026-09-15T00:24:48+00:00,sapmachine-17.0.20+2,326368701,True,sapmachine-jre-17.0.20-ea.2_windows-x64_bin.zip,windows,x64,jre,158
2026-09-15T00:24:48+00:00,sapmachine-17.0.20+2,326368701,True,sapmachine-jdk-17.0.20-ea.2_windows-x64_bin-symbols.tar.gz,windows,x64,jdk,3
2026-09-15T00:24:48+00:00,sapmachine-27+22,326368129,True,sapmachine-jdk-27-ea.22_linux-x64-musl_bin.tar.gz,alpine,x64,jdk,158
2026-09-15T00:24:48+00:00,sapmachine-27+22,326368129,True,sapmachine-jre-27-ea.22_linux-x64-musl_bin.tar.gz,alpine,x64,jre,158
2026-09-15T00:24:48+00:00,sapmachine-27+22,326368129,True,sapmachine-jdk-27-ea.22_linux-x64-musl_bin-symbols.tar.gz,alpine,x64,jdk,4
2026-09-15T00:24:48+00:00,sapmachine-27+22,326368129,True,sapmachine-jdk-27-ea.22_linux-x64_bin.tar.gz,linux,x64,jdk,161
2026-09-15T00:24:48+00:00,sapmachine-27+22,326368129,True,sapmachine-jre-27-ea.22_linux-x64_bin.tar.gz,linux,x64,jre,160
2026-09-15T00:24:48+00:00,sapmachine-27+22,326368129,True,sapmachine-jdk-27-ea.22_linux-x64_bin-symbols.tar.gz,linux,x64,jdk,3
2026-09-15T00:24:48+00:00,sapmachine-27+22,326368129,True,sapmachine-jdk-27-ea.22_macos-aarch64_bin.tar.gz,macos,aarch64,jdk,166
2026-09-15T00:24:48+00:00,sapmachine-27+22,326368129,True,sapmachine-jre-27-ea.22_macos-aarch64_bin.tar.gz,macos,aarch64,jre,163
2026-09-15T00:24:48+00:00,sapmachine-27+22,326368129,True,sapmachine-jdk-27-ea.22_macos-aarch64_bin-symbols.tar.gz,macos,aarch64,jdk,5
2026-09-15T00:24:48+00:00,sapmachine-27+22,326368129,True,sapmachine-jdk-27-ea.22_macos-aarch64_bin.dmg,macos,aarch64,jdk,168
2026-09-15T00:24:48+00:00,sapmachine-27+22,326368129,True,sapmachine-jre-27-ea.22_macos-aarch64_bin.dmg,macos,aarch64,jre,163
2026-09-15T00:24:48+00:00,sapmachine-27+22,326368129,True,sapmachine-jdk-27-ea.22_linux-aarch64_bin.tar.gz,linux,aarch64,jdk,160
2026-09-15T00:24:48+00:00,sapmachine-27+22,326368129,True,sapmachine-jre-27-ea.22_linux-aarch64_bin.tar.gz,linux,aarch64,jre,160
2026-09-15T00:24:48+00:00,sapmachine-27+22,326368129,True,sapmachine-jdk-27-ea.22_linux-aarch64_bin-symbols.tar.gz,linux,aarch64,jdk,3
2026-09-15T00:24:48+00:00,sapmachine-27+22,326368129,True,sapmachine-jdk-27-ea.22_linux-ppc64le_bin.tar.gz,linux,ppc64,jdk,160
2026-09-15T00:24:48+00:00,sapmachine-27+22,326368129,True,sapmachine-jre-27-ea.22_linux-ppc64le_bin.tar.gz,linux,ppc64,jre,160
2026-09-15T00:24:48+00:00,sapmachine-27+22,326368129,True,sapmachine-jdk-27-ea.22_linux-ppc64le_bin-symbols.tar.gz,linux,ppc64,jdk,3
2026-09-15T00:24:48+00:00,sapmachine-27+22,326368129,True,sapmachine-jdk-27-ea.22_aix-ppc64_bin.tar.gz,aix,ppc64,jdk,161
2026-09-15T00:24:48+00:00,sapmachine-27+22,326368129,True,sapmachine-jre-27-ea.22_aix-ppc64_bin.tar.gz,aix,ppc64,jre,158
2026-09-15T00:24:48+00:00,sapmachine-27+22,326368129,True,sapmachine-jdk-27-ea.22_aix-ppc64_bin-symbols.tar.gz,aix,ppc64,jdk,5
2026-09-15T00:24:48+00:00,sapmachine-27+22,326368129,True,sapmachine-jdk-27-ea.22_windows-x64_bin.zip,windows,x64,jdk,148
2026-09-15T00:24:48+00:00,sapmachine-27+22,326368129,True,sapmachine-jre-27-ea.22_windows-x64_bin.zip,windows,x64,jre,149
2026-09-15T00:24:48+00:00,sapmachine-27+22,326368129,True,sapmachine-jdk-27-ea.22_windows-x64_bin-symbols.tar.gz,windows,x64,jdk,3
2026-09-15T00:24:48+00:00,sapmachine-21.0.12+2,325722095,True,sapmachine-jdk-21.0.12-ea.2_linux-x64-musl_bin.tar.gz,alpine,x64,jdk,161
2026-09-15T00:24:48+00:00,sapmachine-21.0.12+2,325722095,True,sapmachine-jre-21.0.12-ea.2_linux-x64-musl_bin.tar.gz,alpine,x64,jre,161
2026-09-15T00:24:48+00:00,sapmachine-21.0.12+2,325722095,True,sapmachine-jdk-21.0.12-ea.2_linux-x64-musl_bin-symbols.tar.gz,alpine,x64,jdk,3
2026-09-15T00:24:48+00:00,sapmachine-21.0.12+2,325722095,True,sapmachine-jdk-21.0.12-ea.2_linux-x64_bin.tar.gz,linux,x64,jdk,183
2026-09-15T00:24:48+00:00,sapmachine-21.0.12+2,325722095,True,sapmachine-jre-21.0.12-ea.2_linux-x64_bin.tar.gz,linux,x64,jre,163
2026-09-15T00:24:48+00:00,sapmachine-21.0.12+2,325722095,True,sapmachine-jdk-21.0.12-ea.2_linux-x64_bin-symbols.tar.gz,linux,x64,jdk,2
2026-09-15T00:24:48+00:00,sapmachine-21.0.12+2,325722095,True,sapmachine-jdk-21.0.12-ea.2_aix-ppc64_bin.tar.gz,aix,ppc64,jdk,161
2026-09-15T00:24:48+00:00,sapmachine-21.0.12+2,325722095,True,sapmachine-jre-21.0.12-ea.2_aix-ppc64_bin.tar.gz,aix,ppc64,jre,160
2026-09-15T00:24:48+00:00,sapmachine-21.0.12+2,325722095,True,sapmachine-jdk-21.0.12-ea.2_aix-ppc64_bin-symbols.tar.gz,aix,ppc64,jdk,2
2026-09-15T00:24:48+00:00,sapmachine-21.0.12+2,325722095,True,sapmachine-jdk-21.0.12-ea.2_macos-aarch64_bin.tar.gz,macos,aarch64,jdk,245
2026-09-15T00:24:48+00:00,sapmachine-21.0.12+2,325722095,True,sapmachine-jre-21.0.12-ea.2_macos-aarch64_bin.tar.gz,macos,aarch64,jre,168
2026-09-15T00:24:48+00:00,sapmachine-21.0.12+2,325722095,True,sapmachine-jdk-21.0.12-ea.2_macos-aarch64_bin-symbols.tar.gz,macos,aarch64,jdk,3
2026-09-15T00:24:48+00:00,sapmachine-21.0.12+2,325722095,True,sapmachine-jdk-21.0.12-ea.2_macos-aarch64_bin.dmg,macos,aarch64,jdk,161
2026-09-15T00:24:48+00:00,sapmachine-21.0.12+2,325722095,True,sapmachine-jre-21.0.12-ea.2_macos-aarch64_bin.dmg,macos,aarch64,jre,163
2026-09-15T00:24:48+00:00,sapmachine-21.0.12+2,325722095,True,sapmachine-jdk-21.0.12-ea.2_linux-ppc64le_bin.tar.gz,linux,ppc64,jdk,163
2026-09-15T00:24:48+00:00,sapmachine-21.0.12+2,325722095,True,sapmachine-jre-21.0.12-ea.2_linux-ppc64le_bin.tar.gz,linux,ppc64,jre,163
2026-09-15T00:24:48+00:00,sapmachine-21.0.12+2,325722095,True,sapmachine-jdk-21.0.12-ea.2_linux-ppc64le_bin-symbols.tar.gz,linux,ppc64,jdk,2
2026-09-15T00:24:48+00:00,sapmachine-21.0.12+2,325722095,True,sapmachine-jdk-21.0.12-ea.2_linux-aarch64_bin.tar.gz,linux,aarch64,jdk,163
2026-09-15T00:24:48+00:00,sapmachine-21.0.12+2,325722095,True,sapmachine-jre-21.0.12-ea.2_linux-aarch64_bin.tar.gz,linux,aarch64,jre,163
2026-09-15T00:24:48+00:00,sapmachine-21.0.12+2,325722095,True,sapmachine-jdk-21.0.12-ea.2_linux-aarch64_bin-symbols.tar.gz,linux,aarch64,jdk,2
2026-09-15T00:24:48+00:00,sapmachine-21.0.12+2,325722095,True,sapmachine-jdk-21.0.12-ea.2_windows-x64_bin.zip,windows,x64,jdk,164
2026-09-15T00:24:48+00:00,sapmachine-21.0.12+2,325722095,True,sapmachine-jre-21.0.12-ea.2_windows-x64_bin.zip,windows,x64,jre,164
2026-09-15T00:24:48+00:00,sapmachine-21.0.12+2,325722095,True,sapmachine-jdk-21.0.12-ea.2_windows-x64_bin-symbols.tar.gz,windows,x64,jdk,2
2026-09-15T00:24:48+00:00,sapmachine-21.0.12+2,325722095,True,sapmachine-jdk-21.0.12-ea.2_macos-x64_bin.tar.gz,macos,x64,jdk,162
2026-09-15T00:24:48+00:00,sapmachine-21.0.12+2,325722095,True,sapmachine-jre-21.0.12-ea.2_macos-x64_bin.tar.gz,macos,x64,jre,161
2026-09-15T00:24:48+00:00,sapmachine-21.0.12+2,325722095,True,sapmachine-jdk-21.0.12-ea.2_macos-x64_bin-symbols.tar.gz,macos,x64,jdk,3
2026-09-15T00:24:48+00:00,sapmachine-21.0.12+2,325722095,True,sapmachine-jdk-21.0.12-ea.2_macos-x64_bin.dmg,macos,x64,jdk,160
2026-09-15T00:24:48+00:00,sapmachine-21.0.12+2,325722095,True,sapmachine-jre-21.0.12-ea.2_macos-x64_bin.dmg,macos,x64,jre,162
2026-09-15T00:24:48+00:00,sapmachine-17.0.19,311937447,False,sapmachine-jdk-17.0.19_linux-aarch64_bin-symbols.tar.gz,linux,aarch64,jdk,6
2026-09-15T00:24:48+00:00,sapmachine-17.0.19,311937447,False,sapmachine-jdk-17.0.19_linux-aarch64_bin.tar.gz,linux,aarch64,jdk,1628
2026-09-15T00:24:48+00:00,sapmachine-17.0.19,311937447,False,sapmachine-jdk-17.0.19_linux-ppc64le_bin-symbols.tar.gz,linux,ppc64,jdk,3
2026-09-15T00:24:48+00:00,sapmachine-17.0.19,311937447,False,sapmachine-jdk-17.0.19_linux-ppc64le_bin.tar.gz,linux,ppc64,jdk,297
2026-09-15T00:24:48+00:00,sapmachine-17.0.19,311937447,False,sapmachine-jdk-17.0.19_linux-x64-musl_bin-symbols.tar.gz,alpine,x64,jdk,3
2026-09-15T00:24:48+00:00,sapmachine-17.0.19,311937447,False,sapmachine-jdk-17.0.19_linux-x64-musl_bin.tar.gz,alpine,x64,jdk,3089
2026-09-15T00:24:48+00:00,sapmachine-17.0.19,311937447,False,sapmachine-jdk-17.0.19_linux-x64_bin-symbols.tar.gz,linux,x64,jdk,22
2026-09-15T00:24:48+00:00,sapmachine-17.0.19,311937447,False,sapmachine-jdk-17.0.19_linux-x64_bin.tar.gz,linux,x64,jdk,117646
2026-09-15T00:24:48+00:00,sapmachine-17.0.19,311937447,False,sapmachine-jdk-17.0.19_macos-aarch64_bin-symbols.tar.gz,macos,aarch64,jdk,4
2026-09-15T00:24:48+00:00,sapmachine-17.0.19,311937447,False,sapmachine-jdk-17.0.19_macos-aarch64_bin.dmg,macos,aarch64,jdk,2557
2026-09-15T00:24:48+00:00,sapmachine-17.0.19,311937447,False,sapmachine-jdk-17.0.19_macos-aarch64_bin.tar.gz,macos,aarch64,jdk,27767
2026-09-15T00:24:48+00:00,sapmachine-17.0.19,311937447,False,sapmachine-jdk-17.0.19_macos-x64_bin-symbols.tar.gz,macos,x64,jdk,4
2026-09-15T00:24:48+00:00,sapmachine-17.0.19,311937447,False,sapmachine-jdk-17.0.19_macos-x64_bin.dmg,macos,x64,jdk,1063
2026-09-15T00:24:48+00:00,sapmachine-17.0.19,311937447,False,sapmachine-jdk-17.0.19_macos-x64_bin.tar.gz,macos,x64,jdk,5941
2026-09-15T00:24:48+00:00,sapmachine-17.0.19,311937447,False,sapmachine-jdk-17.0.19_windows-x64_bin-symbols.tar.gz,windows,x64,jdk,3
2026-09-15T00:24:48+00:00,sapmachine-17.0.19,311937447,False,sapmachine-jdk-17.0.19_windows-x64_bin.msi,windows,x64,jdk,1897
2026-09-15T00:24:48+00:00,sapmachine-17.0.19,311937447,False,sapmachine-jdk-17.0.19_windows-x64_bin.zip,windows,x64,jdk,10283
2026-09-15T00:24:48+00:00,sapmachine-17.0.19,311937447,False,sapmachine-jre-17.0.19_linux-aarch64_bin.tar.gz,linux,aarch64,jre,541
2026-09-15T00:24:48+00:00,sapmachine-17.0.19,311937447,False,sapmachine-jre-17.0.19_linux-ppc64le_bin.tar.gz,linux,ppc64,jre,215
2026-09-15T00:24:48+00:00,sapmachine-17.0.19,311937447,False,sapmachine-jre-17.0.19_linux-x64-musl_bin.tar.gz,alpine,x64,jre,236
2026-09-15T00:24:48+00:00,sapmachine-17.0.19,311937447,False,sapmachine-jre-17.0.19_linux-x64_bin.tar.gz,linux,x64,jre,77822
2026-09-15T00:24:48+00:00,sapmachine-17.0.19,311937447,False,sapmachine-jre-17.0.19_macos-aarch64_bin.dmg,macos,aarch64,jre,252
2026-09-15T00:24:48+00:00,sapmachine-17.0.19,311937447,False,sapmachine-jre-17.0.19_macos-aarch64_bin.tar.gz,macos,aarch64,jre,1385
2026-09-15T00:24:48+00:00,sapmachine-17.0.19,311937447,False,sapmachine-jre-17.0.19_macos-x64_bin.dmg,macos,x64,jre,225
2026-09-15T00:24:48+00:00,sapmachine-17.0.19,311937447,False,sapmachine-jre-17.0.19_macos-x64_bin.tar.gz,macos,x64,jre,3410
2026-09-15T00:24:48+00:00,sapmachine-17.0.19,311937447,False,sapmachine-jre-17.0.19_windows-x64_bin.msi,windows,x64,jre,2197
2026-09-15T00:24:48+00:00,sapmachine-17.0.19,311937447,False,sapmachine-jre-17.0.19_windows-x64_bin.zip,windows,x64,jre,3620
2026-09-15T00:24:48+00:00,sapmachine-21.0.11,311934519,False,sapmachine-jdk-21.0.11_aix-ppc64_bin-symbols.tar.gz,aix,ppc64,jdk,4
2026-09-15T00:24:48+00:00,sapmachine-21.0.11,311934519,False,sapmachine-jdk-21.0.11_aix-ppc64_bin.tar.gz,aix,ppc64,jdk,294
2026-09-15T00:24:48+00:00,sapmachine-21.0.11,311934519,False,sapmachine-jdk-21.0.11_linux-aarch64_bin-symbols.tar.gz,linux,aarch64,jdk,4
2026-09-15T00:24:48+00:00,sapmachine-21.0.11,311934519,False,sapmachine-jdk-21.0.11_linux-aarch64_bin.tar.gz,linux,aarch64,jdk,3395
2026-09-15T00:24:48+00:00,sapmachine-21.0.11,311934519,False,sapmachine-jdk-21.0.11_linux-ppc64le_bin-symbols.tar.gz,linux,ppc64,jdk,4
2026-09-15T00:24:48+00:00,sapmachine-21.0.11,311934519,False,sapmachine-jdk-21.0.11_linux-ppc64le_bin.tar.gz,linux,ppc64,jdk,290
2026-09-15T00:24:48+00:00,sapmachine-21.0.11,311934519,False,sapmachine-jdk-21.0.11_linux-x64-musl_bin-symbols.tar.gz,alpine,x64,jdk,4
2026-09-15T00:24:48+00:00,sapmachine-21.0.11,311934519,False,sapmachine-jdk-21.0.11_linux-x64-musl_bin.tar.gz,alpine,x64,jdk,2748
2026-09-15T00:24:48+00:00,sapmachine-21.0.11,311934519,False,sapmachine-jdk-21.0.11_linux-x64_bin-symbols.tar.gz,linux,x64,jdk,6
2026-09-15T00:24:48+00:00,sapmachine-21.0.11,311934519,False,sapmachine-jdk-21.0.11_linux-x64_bin.tar.gz,linux,x64,jdk,211085
2026-09-15T00:24:48+00:00,sapmachine-21.0.11,311934519,False,sapmachine-jdk-21.0.11_macos-aarch64_bin-symbols.tar.gz,macos,aarch64,jdk,6
2026-09-15T00:24:48+00:00,sapmachine-21.0.11,311934519,False,sapmachine-jdk-21.0.11_macos-aarch64_bin.dmg,macos,aarch64,jdk,3312
2026-09-15T00:24:48+00:00,sapmachine-21.0.11,311934519,False,sapmachine-jdk-21.0.11_macos-aarch64_bin.tar.gz,macos,aarch64,jdk,38685
2026-09-15T00:24:48+00:00,sapmachine-21.0.11,311934519,False,sapmachine-jdk-21.0.11_macos-x64_bin-symbols.tar.gz,macos,x64,jdk,6
2026-09-15T00:24:48+00:00,sapmachine-21.0.11,311934519,False,sapmachine-jdk-21.0.11_macos-x64_bin.dmg,macos,x64,jdk,1491
2026-09-15T00:24:48+00:00,sapmachine-21.0.11,311934519,False,sapmachine-jdk-21.0.11_macos-x64_bin.tar.gz,macos,x64,jdk,5191
2026-09-15T00:24:48+00:00,sapmachine-21.0.11,311934519,False,sapmachine-jdk-21.0.11_windows-x64_bin-symbols.tar.gz,windows,x64,jdk,4
2026-09-15T00:24:48+00:00,sapmachine-21.0.11,311934519,False,sapmachine-jdk-21.0.11_windows-x64_bin.msi,windows,x64,jdk,2476
2026-09-15T00:24:48+00:00,sapmachine-21.0.11,311934519,False,sapmachine-jdk-21.0.11_windows-x64_bin.zip,windows,x64,jdk,6710
2026-09-15T00:24:48+00:00,sapmachine-21.0.11,311934519,False,sapmachine-jre-21.0.11_aix-ppc64_bin.tar.gz,aix,ppc64,jre,221
2026-09-15T00:24:48+00:00,sapmachine-21.0.11,311934519,False,sapmachine-jre-21.0.11_linux-aarch64_bin.tar.gz,linux,aarch64,jre,786
2026-09-15T00:24:48+00:00,sapmachine-21.0.11,311934519,False,sapmachine-jre-21.0.11_linux-ppc64le_bin.tar.gz,linux,ppc64,jre,215
2026-09-15T00:24:48+00:00,sapmachine-21.0.11,311934519,False,sapmachine-jre-21.0.11_linux-x64-musl_bin.tar.gz,alpine,x64,jre,221
2026-09-15T00:24:48+00:00,sapmachine-21.0.11,311934519,False,sapmachine-jre-21.0.11_linux-x64_bin.tar.gz,linux,x64,jre,118185
2026-09-15T00:24:48+00:00,sapmachine-21.0.11,311934519,False,sapmachine-jre-21.0.11_macos-aarch64_bin.dmg,macos,aarch64,jre,298
2026-09-15T00:24:48+00:00,sapmachine-21.0.11,311934519,False,sapmachine-jre-21.0.11_macos-aarch64_bin.tar.gz,macos,aarch64,jre,985
2026-09-15T00:24:48+00:00,sapmachine-21.0.11,311934519,False,sapmachine-jre-21.0.11_macos-x64_bin.dmg,macos,x64,jre,220
2026-09-15T00:24:48+00:00,sapmachine-21.0.11,311934519,False,sapmachine-jre-21.0.11_macos-x64_bin.tar.gz,macos,x64,jre,620
2026-09-15T00:24:48+00:00,sapmachine-21.0.11,311934519,False,sapmachine-jre-21.0.11_windows-x64_bin.msi,windows,x64,jre,825
2026-09-15T00:24:48+00:00,sapmachine-21.0.11,311934519,False,sapmachine-jre-21.0.11_windows-x64_bin.zip,windows,x64,jre,736
2026-09-15T00:24:48+00:00,sapmachine-25.0.3,311931116,False,sapmachine-jdk-25.0.3_aix-ppc64_bin-symbols.tar.gz,aix,ppc64,jdk,5
2026-09-15T00:24:48+00:00,sapmachine-25.0.3,311931116,False,sapmachine-jdk-25.0.3_aix-ppc64_bin.tar.gz,aix,ppc64,jdk,278
2026-09-15T00:24:48+00:00,sapmachine-25.0.3,311931116,False,sapmachine-jdk-25.0.3_linux-aarch64_bin-symbols.tar.gz,linux,aarch64,jdk,4
2026-09-15T00:24:48+00:00,sapmachine-25.0.3,311931116,False,sapmachine-jdk-25.0.3_linux-aarch64_bin.tar.gz,linux,aarch64,jdk,685
2026-09-15T00:24:48+00:00,sapmachine-25.0.3,311931116,False,sapmachine-jdk-25.0.3_linux-ppc64le_bin-symbols.tar.gz,linux,ppc64,jdk,4
2026-09-15T00:24:48+00:00,sapmachine-25.0.3,311931116,False,sapmachine-jdk-25.0.3_linux-ppc64le_bin.tar.gz,linux,ppc64,jdk,269
2026-09-15T00:24:48+00:00,sapmachine-25.0.3,311931116,False,sapmachine-jdk-25.0.3_linux-x64-musl_bin-symbols.tar.gz,alpine,x64,jdk,4
2026-09-15T00:24:48+00:00,sapmachine-25.0.3,311931116,False,sapmachine-jdk-25.0.3_linux-x64-musl_bin.tar.gz,alpine,x64,jdk,367
2026-09-15T00:24:48+00:00,sapmachine-25.0.3,311931116,False,sapmachine-jdk-25.0.3_linux-x64_bin-symbols.tar.gz,linux,x64,jdk,4
2026-09-15T00:24:48+00:00,sapmachine-25.0.3,311931116,False,sapmachine-jdk-25.0.3_linux-x64_bin.tar.gz,linux,x64,jdk,105429
2026-09-15T00:24:48+00:00,sapmachine-25.0.3,311931116,False,sapmachine-jdk-25.0.3_macos-aarch64_bin-symbols.tar.gz,macos,aarch64,jdk,5
2026-09-15T00:24:48+00:00,sapmachine-25.0.3,311931116,False,sapmachine-jdk-25.0.3_macos-aarch64_bin.dmg,macos,aarch64,jdk,1363
2026-09-15T00:24:48+00:00,sapmachine-25.0.3,311931116,False,sapmachine-jdk-25.0.3_macos-aarch64_bin.tar.gz,macos,aarch64,jdk,18916
2026-09-15T00:24:48+00:00,sapmachine-25.0.3,311931116,False,sapmachine-jdk-25.0.3_windows-x64_bin-symbols.tar.gz,windows,x64,jdk,4
2026-09-15T00:24:48+00:00,sapmachine-25.0.3,311931116,False,sapmachine-jdk-25.0.3_windows-x64_bin.msi,windows,x64,jdk,1534
2026-09-15T00:24:48+00:00,sapmachine-25.0.3,311931116,False,sapmachine-jdk-25.0.3_windows-x64_bin.zip,windows,x64,jdk,2202
2026-09-15T00:24:48+00:00,sapmachine-25.0.3,311931116,False,sapmachine-jre-25.0.3_aix-ppc64_bin.tar.gz,aix,ppc64,jre,212
2026-09-15T00:24:48+00:00,sapmachine-25.0.3,311931116,False,sapmachine-jre-25.0.3_linux-aarch64_bin.tar.gz,linux,aarch64,jre,470
2026-09-15T00:24:48+00:00,sapmachine-25.0.3,311931116,False,sapmachine-jre-25.0.3_linux-ppc64le_bin.tar.gz,linux,ppc64,jre,230
2026-09-15T00:24:48+00:00,sapmachine-25.0.3,311931116,False,sapmachine-jre-25.0.3_linux-x64-musl_bin.tar.gz,alpine,x64,jre,219
2026-09-15T00:24:48+00:00,sapmachine-25.0.3,311931116,False,sapmachine-jre-25.0.3_linux-x64_bin.tar.gz,linux,x64,jre,17451
2026-09-15T00:24:48+00:00,sapmachine-25.0.3,311931116,False,sapmachine-jre-25.0.3_macos-aarch64_bin.dmg,macos,aarch64,jre,241
2026-09-15T00:24:48+00:00,sapmachine-25.0.3,311931116,False,sapmachine-jre-25.0.3_macos-aarch64_bin.tar.gz,macos,aarch64,jre,308
2026-09-15T00:24:48+00:00,sapmachine-25.0.3,311931116,False,sapmachine-jre-25.0.3_windows-x64_bin.msi,windows,x64,jre,698
2026-09-15T00:24:48+00:00,sapmachine-25.0.3,311931116,False,sapmachine-jre-25.0.3_windows-x64_bin.zip,windows,x64,jre,384
2026-09-15T00:24:48+00:00,sapmachine-26.0.1,311925109,False,sapmachine-jdk-26.0.1_aix-ppc64_bin-symbols.tar.gz,aix,ppc64,jdk,5
2026-09-15T00:24:48+00:00,sapmachine-26.0.1,311925109,False,sapmachine-jdk-26.0.1_aix-ppc64_bin.tar.gz,aix,ppc64,jdk,375
2026-09-15T00:24:48+00:00,sapmachine-26.0.1,311925109,False,sapmachine-jdk-26.0.1_linux-aarch64_bin-symbols.tar.gz,linux,aarch64,jdk,5
2026-09-15T00:24:48+00:00,sapmachine-26.0.1,311925109,False,sapmachine-jdk-26.0.1_linux-aarch64_bin.tar.gz,linux,aarch64,jdk,521
2026-09-15T00:24:48+00:00,sapmachine-26.0.1,311925109,False,sapmachine-jdk-26.0.1_linux-ppc64le_bin-symbols.tar.gz,linux,ppc64,jdk,4
2026-09-15T00:24:48+00:00,sapmachine-26.0.1,311925109,False,sapmachine-jdk-26.0.1_linux-ppc64le_bin.tar.gz,linux,ppc64,jdk,375
2026-09-15T00:24:48+00:00,sapmachine-26.0.1,311925109,False,sapmachine-jdk-26.0.1_linux-x64-musl_bin-symbols.tar.gz,alpine,x64,jdk,3
2026-09-15T00:24:48+00:00,sapmachine-26.0.1,311925109,False,sapmachine-jdk-26.0.1_linux-x64-musl_bin.tar.gz,alpine,x64,jdk,392
2026-09-15T00:24:48+00:00,sapmachine-26.0.1,311925109,False,sapmachine-jdk-26.0.1_linux-x64_bin-symbols.tar.gz,linux,x64,jdk,3
2026-09-15T00:24:48+00:00,sapmachine-26.0.1,311925109,False,sapmachine-jdk-26.0.1_linux-x64_bin.tar.gz,linux,x64,jdk,3293
2026-09-15T00:24:48+00:00,sapmachine-26.0.1,311925109,False,sapmachine-jdk-26.0.1_macos-aarch64_bin-symbols.tar.gz,macos,aarch64,jdk,5
2026-09-15T00:24:48+00:00,sapmachine-26.0.1,311925109,False,sapmachine-jdk-26.0.1_macos-aarch64_bin.dmg,macos,aarch64,jdk,4051
2026-09-15T00:24:48+00:00,sapmachine-26.0.1,311925109,False,sapmachine-jdk-26.0.1_macos-aarch64_bin.tar.gz,macos,aarch64,jdk,1189
2026-09-15T00:24:48+00:00,sapmachine-26.0.1,311925109,False,sapmachine-jdk-26.0.1_windows-x64_bin-symbols.tar.gz,windows,x64,jdk,3
2026-09-15T00:24:48+00:00,sapmachine-26.0.1,311925109,False,sapmachine-jdk-26.0.1_windows-x64_bin.msi,windows,x64,jdk,4621
2026-09-15T00:24:48+00:00,sapmachine-26.0.1,311925109,False,sapmachine-jdk-26.0.1_windows-x64_bin.zip,windows,x64,jdk,1223
2026-09-15T00:24:48+00:00,sapmachine-26.0.1,311925109,False,sapmachine-jre-26.0.1_aix-ppc64_bin.tar.gz,aix,ppc64,jre,211
2026-09-15T00:24:48+00:00,sapmachine-26.0.1,311925109,False,sapmachine-jre-26.0.1_linux-aarch64_bin.tar.gz,linux,aarch64,jre,331
2026-09-15T00:24:48+00:00,sapmachine-26.0.1,311925109,False,sapmachine-jre-26.0.1_linux-ppc64le_bin.tar.gz,linux,ppc64,jre,216
2026-09-15T00:24:48+00:00,sapmachine-26.0.1,311925109,False,sapmachine-jre-26.0.1_linux-x64-musl_bin.tar.gz,alpine,x64,jre,210
2026-09-15T00:24:48+00:00,sapmachine-26.0.1,311925109,False,sapmachine-jre-26.0.1_linux-x64_bin.tar.gz,linux,x64,jre,577
2026-09-15T00:24:48+00:00,sapmachine-26.0.1,311925109,False,sapmachine-jre-26.0.1_macos-aarch64_bin.dmg,macos,aarch64,jre,242
2026-09-15T00:24:48+00:00,sapmachine-26.0.1,311925109,False,sapmachine-jre-26.0.1_macos-aarch64_bin.tar.gz,macos,aarch64,jre,255
2026-09-15T00:24:48+00:00,sapmachine-26.0.1,311925109,False,sapmachine-jre-26.0.1_windows-x64_bin.msi,windows,x64,jre,957
2026-09-15T00:24:48+00:00,sapmachine-26.0.1,311925109,False,sapmachine-jre-26.0.1_windows-x64_bin.zip,windows,x64,jre,335
2026-09-15T00:24:48+00:00,sapmachine-26,298302490,False,sapmachine-jdk-26_aix-ppc64_bin-symbols.tar.gz,aix,ppc64,jdk,3
2026-09-15T00:24:48+00:00,sapmachine-26,298302490,False,sapmachine-jdk-26_aix-ppc64_bin.tar.gz,aix,ppc64,jdk,302
2026-09-15T00:24:48+00:00,sapmachine-26,298302490,False,sapmachine-jdk-26_linux-aarch64_bin-symbols.tar.gz,linux,aarch64,jdk,3
2026-09-15T00:24:48+00:00,sapmachine-26,298302490,False,sapmachine-jdk-26_linux-aarch64_bin.tar.gz,linux,aarch64,jdk,311
2026-09-15T00:24:48+00:00,sapmachine-26,298302490,False,sapmachine-jdk-26_linux-ppc64le_bin-symbols.tar.gz,linux,ppc64,jdk,3
2026-09-15T00:24:48+00:00,sapmachine-26,298302490,False,sapmachine-jdk-26_linux-ppc64le_bin.tar.gz,linux,ppc64,jdk,298
2026-09-15T00:24:48+00:00,sapmachine-26,298302490,False,sapmachine-jdk-26_linux-x64-musl_bin-symbols.tar.gz,alpine,x64,jdk,2
2026-09-15T00:24:48+00:00,sapmachine-26,298302490,False,sapmachine-jdk-26_linux-x64-musl_bin.tar.gz,alpine,x64,jdk,307
2026-09-15T00:24:48+00:00,sapmachine-26,298302490,False,sapmachine-jdk-26_linux-x64_bin-symbols.tar.gz,linux,x64,jdk,2
2026-09-15T00:24:48+00:00,sapmachine-26,298302490,False,sapmachine-jdk-26_linux-x64_bin.tar.gz,linux,x64,jdk,786
2026-09-15T00:24:48+00:00,sapmachine-26,298302490,False,sapmachine-jdk-26_macos-aarch64_bin-symbols.tar.gz,macos,aarch64,jdk,4
2026-09-15T00:24:48+00:00,sapmachine-26,298302490,False,sapmachine-jdk-26_macos-aarch64_bin.dmg,macos,aarch64,jdk,1347
2026-09-15T00:24:48+00:00,sapmachine-26,298302490,False,sapmachine-jdk-26_macos-aarch64_bin.tar.gz,macos,aarch64,jdk,549
2026-09-15T00:24:48+00:00,sapmachine-26,298302490,False,sapmachine-jdk-26_windows-x64_bin-symbols.tar.gz,windows,x64,jdk,3
2026-09-15T00:24:48+00:00,sapmachine-26,298302490,False,sapmachine-jdk-26_windows-x64_bin.msi,windows,x64,jdk,1883
2026-09-15T00:24:48+00:00,sapmachine-26,298302490,False,sapmachine-jdk-26_windows-x64_bin.zip,windows,x64,jdk,649
2026-09-15T00:24:48+00:00,sapmachine-26,298302490,False,sapmachine-jre-26_aix-ppc64_bin.tar.gz,aix,ppc64,jre,275
2026-09-15T00:24:48+00:00,sapmachine-26,298302490,False,sapmachine-jre-26_linux-aarch64_bin.tar.gz,linux,aarch64,jre,276
2026-09-15T00:24:48+00:00,sapmachine-26,298302490,False,sapmachine-jre-26_linux-ppc64le_bin.tar.gz,linux,ppc64,jre,271
2026-09-15T00:24:48+00:00,sapmachine-26,298302490,False,sapmachine-jre-26_linux-x64-musl_bin.tar.gz,alpine,x64,jre,272
2026-09-15T00:24:48+00:00,sapmachine-26,298302490,False,sapmachine-jre-26_linux-x64_bin.tar.gz,linux,x64,jre,458
2026-09-15T00:24:48+00:00,sapmachine-26,298302490,False,sapmachine-jre-26_macos-aarch64_bin.dmg,macos,aarch64,jre,284
2026-09-15T00:24:48+00:00,sapmachine-26,298302490,False,sapmachine-jre-26_macos-aarch64_bin.tar.gz,macos,aarch64,jre,280
2026-09-15T00:24:48+00:00,sapmachine-26,298302490,False,sapmachine-jre-26_windows-x64_bin.msi,windows,x64,jre,635
2026-09-15T00:24:48+00:00,sapmachine-26,298302490,False,sapmachine-jre-26_windows-x64_bin.zip,windows,x64,jre,308
2026-09-15T00:24:48+00:00,sapmachine-10,295853378,False,sapmachine-jdk-10.46_linux-x64_bin.tar.gz,linux,x64,jdk,260
2026-09-15T00:24:48+00:00,sapmachine-10,295853378,False,sapmachine-jre-10.46_linux-x64_bin.tar.gz,linux,x64,jre,443
2026-09-15T00:24:48+00:00,sapmachine-10.0.1,295851219,False,sapmachine-jdk-10.0.1.10_linux-x64_bin.tar.gz,linux,x64,jdk,261
2026-09-15T00:24:48+00:00,sapmachine-10.0.1,295851219,False,sapmachine-jre-10.0.1.10_linux-x64_bin.tar.gz,linux,x64,jre,444
2026-09-15T00:24:48+00:00,sapmachine-10.0.2,295845093,False,sapmachine-jdk-10.0.2.13_linux-x64_bin.tar.gz,linux,x64,jdk,265
2026-09-15T00:24:48+00:00,sapmachine-10.0.2,295845093,False,sapmachine-jre-10.0.2.13_linux-x64_bin.tar.gz,linux,x64,jre,438
2026-09-15T00:24:48+00:00,sapmachine-11,295842408,False,sapmachine-jdk-11.28_linux-x64_bin.tar.gz,linux,x64,jdk,1021
2026-09-15T00:24:48+00:00,sapmachine-11,295842408,False,sapmachine-jre-11.28_linux-x64_bin.tar.gz,linux,x64,jre,1180
2026-09-15T00:24:48+00:00,sapmachine-11.0.1,295753174,False,sapmachine-jdk-11.0.1.13_linux-x64_bin.tar.gz,linux,x64,jdk,758
2026-09-15T00:24:48+00:00,sapmachine-11.0.1,295753174,False,sapmachine-jre-11.0.1.13_linux-x64_bin.tar.gz,linux,x64,jre,931
2026-09-15T00:24:48+00:00,sapmachine-21.0.10.0.1,287396686,False,sapmachine-jdk-21.0.10.0.1_aix-ppc64_bin-symbols.tar.gz,aix,ppc64,jdk,2
2026-09-15T00:24:48+00:00,sapmachine-21.0.10.0.1,287396686,False,sapmachine-jdk-21.0.10.0.1_aix-ppc64_bin.tar.gz,aix,ppc64,jdk,358
2026-09-15T00:24:48+00:00,sapmachine-21.0.10.0.1,287396686,False,sapmachine-jdk-21.0.10.0.1_linux-aarch64_bin-symbols.tar.gz,linux,aarch64,jdk,3
2026-09-15T00:24:48+00:00,sapmachine-21.0.10.0.1,287396686,False,sapmachine-jdk-21.0.10.0.1_linux-aarch64_bin.tar.gz,linux,aarch64,jdk,1835
2026-09-15T00:24:48+00:00,sapmachine-21.0.10.0.1,287396686,False,sapmachine-jdk-21.0.10.0.1_linux-ppc64le_bin-symbols.tar.gz,linux,ppc64,jdk,2
2026-09-15T00:24:48+00:00,sapmachine-21.0.10.0.1,287396686,False,sapmachine-jdk-21.0.10.0.1_linux-ppc64le_bin.tar.gz,linux,ppc64,jdk,338
2026-09-15T00:24:48+00:00,sapmachine-21.0.10.0.1,287396686,False,sapmachine-jdk-21.0.10.0.1_linux-x64-musl_bin-symbols.tar.gz,alpine,x64,jdk,2
2026-09-15T00:24:48+00:00,sapmachine-21.0.10.0.1,287396686,False,sapmachine-jdk-21.0.10.0.1_linux-x64-musl_bin.tar.gz,alpine,x64,jdk,351
2026-09-15T00:24:48+00:00,sapmachine-21.0.10.0.1,287396686,False,sapmachine-jdk-21.0.10.0.1_linux-x64_bin-symbols.tar.gz,linux,x64,jdk,1
2026-09-15T00:24:48+00:00,sapmachine-21.0.10.0.1,287396686,False,sapmachine-jdk-21.0.10.0.1_linux-x64_bin.tar.gz,linux,x64,jdk,106822
2026-09-15T00:24:48+00:00,sapmachine-21.0.10.0.1,287396686,False,sapmachine-jdk-21.0.10.0.1_macos-aarch64_bin-symbols.tar.gz,macos,aarch64,jdk,2
2026-09-15T00:24:48+00:00,sapmachine-21.0.10.0.1,287396686,False,sapmachine-jdk-21.0.10.0.1_macos-aarch64_bin.dmg,macos,aarch64,jdk,1781
2026-09-15T00:24:48+00:00,sapmachine-21.0.10.0.1,287396686,False,sapmachine-jdk-21.0.10.0.1_macos-aarch64_bin.tar.gz,macos,aarch64,jdk,27211
2026-09-15T00:24:48+00:00,sapmachine-21.0.10.0.1,287396686,False,sapmachine-jdk-21.0.10.0.1_macos-x64_bin-symbols.tar.gz,macos,x64,jdk,2
2026-09-15T00:24:48+00:00,sapmachine-21.0.10.0.1,287396686,False,sapmachine-jdk-21.0.10.0.1_macos-x64_bin.dmg,macos,x64,jdk,916
2026-09-15T00:24:48+00:00,sapmachine-21.0.10.0.1,287396686,False,sapmachine-jdk-21.0.10.0.1_macos-x64_bin.tar.gz,macos,x64,jdk,2169
2026-09-15T00:24:48+00:00,sapmachine-21.0.10.0.1,287396686,False,sapmachine-jdk-21.0.10.0.1_windows-x64_bin-symbols.tar.gz,windows,x64,jdk,2
2026-09-15T00:24:48+00:00,sapmachine-21.0.10.0.1,287396686,False,sapmachine-jdk-21.0.10.0.1_windows-x64_bin.zip,windows,x64,jdk,3178
2026-09-15T00:24:48+00:00,sapmachine-21.0.10.0.1,287396686,False,sapmachine-jre-21.0.10.0.1_aix-ppc64_bin.tar.gz,aix,ppc64,jre,323
2026-09-15T00:24:48+00:00,sapmachine-21.0.10.0.1,287396686,False,sapmachine-jre-21.0.10.0.1_linux-aarch64_bin.tar.gz,linux,aarch64,jre,421
2026-09-15T00:24:48+00:00,sapmachine-21.0.10.0.1,287396686,False,sapmachine-jre-21.0.10.0.1_linux-ppc64le_bin.tar.gz,linux,ppc64,jre,316
2026-09-15T00:24:48+00:00,sapmachine-21.0.10.0.1,287396686,False,sapmachine-jre-21.0.10.0.1_linux-x64-musl_bin.tar.gz,alpine,x64,jre,313
2026-09-15T00:24:48+00:00,sapmachine-21.0.10.0.1,287396686,False,sapmachine-jre-21.0.10.0.1_linux-x64_bin.tar.gz,linux,x64,jre,61500
2026-09-15T00:24:48+00:00,sapmachine-21.0.10.0.1,287396686,False,sapmachine-jre-21.0.10.0.1_macos-aarch64_bin.dmg,macos,aarch64,jre,345
2026-09-15T00:24:48+00:00,sapmachine-21.0.10.0.1,287396686,False,sapmachine-jre-21.0.10.0.1_macos-aarch64_bin.tar.gz,macos,aarch64,jre,954
2026-09-15T00:24:48+00:00,sapmachine-21.0.10.0.1,287396686,False,sapmachine-jre-21.0.10.0.1_macos-x64_bin.dmg,macos,x64,jre,316
2026-09-15T00:24:48+00:00,sapmachine-21.0.10.0.1,287396686,False,sapmachine-jre-21.0.10.0.1_macos-x64_bin.tar.gz,macos,x64,jre,675
2026-09-15T00:24:48+00:00,sapmachine-21.0.10.0.1,287396686,False,sapmachine-jre-21.0.10.0.1_windows-x64_bin.zip,windows,x64,jre,706
2026-09-15T00:24:48+00:00,sapmachine-21.0.10.0.1,287396686,False,sapmachine-jdk-21.0.10.0.1_windows-x64_bin.msi,windows,x64,jdk,1619
2026-09-15T00:24:48+00:00,sapmachine-21.0.10.0.1,287396686,False,sapmachine-jre-21.0.10.0.1_windows-x64_bin.msi,windows,x64,jre,850
2026-09-15T00:24:48+00:00,sapmachine-11.0.30,278427032,False,sapmachine-jdk-11.0.30_linux-x64_bin-symbols.tar.gz,linux,x64,jdk,6
2026-09-15T00:24:48+00:00,sapmachine-11.0.30,278427032,False,sapmachine-jdk-11.0.30_linux-x64_bin.tar.gz,linux,x64,jdk,31731
2026-09-15T00:24:48+00:00,sapmachine-11.0.30,278427032,False,sapmachine-jre-11.0.30_linux-x64_bin.tar.gz,linux,x64,jre,9028
2026-09-15T00:24:48+00:00,sapmachine-17.0.18,278430768,False,sapmachine-jdk-17.0.18_linux-aarch64_bin-symbols.tar.gz,linux,aarch64,jdk,3
2026-09-15T00:24:48+00:00,sapmachine-17.0.18,278430768,False,sapmachine-jdk-17.0.18_linux-aarch64_bin.tar.gz,linux,aarch64,jdk,656
2026-09-15T00:24:48+00:00,sapmachine-17.0.18,278430768,False,sapmachine-jdk-17.0.18_linux-ppc64le_bin-symbols.tar.gz,linux,ppc64,jdk,2
2026-09-15T00:24:48+00:00,sapmachine-17.0.18,278430768,False,sapmachine-jdk-17.0.18_linux-ppc64le_bin.tar.gz,linux,ppc64,jdk,392
2026-09-15T00:24:48+00:00,sapmachine-17.0.18,278430768,False,sapmachine-jdk-17.0.18_linux-x64-musl_bin-symbols.tar.gz,alpine,x64,jdk,2
2026-09-15T00:24:48+00:00,sapmachine-17.0.18,278430768,False,sapmachine-jdk-17.0.18_linux-x64-musl_bin.tar.gz,alpine,x64,jdk,382
2026-09-15T00:24:48+00:00,sapmachine-17.0.18,278430768,False,sapmachine-jdk-17.0.18_linux-x64_bin-symbols.tar.gz,linux,x64,jdk,20
2026-09-15T00:24:48+00:00,sapmachine-17.0.18,278430768,False,sapmachine-jdk-17.0.18_linux-x64_bin.tar.gz,linux,x64,jdk,115309
2026-09-15T00:24:48+00:00,sapmachine-17.0.18,278430768,False,sapmachine-jdk-17.0.18_macos-aarch64_bin-symbols.tar.gz,macos,aarch64,jdk,3
2026-09-15T00:24:48+00:00,sapmachine-17.0.18,278430768,False,sapmachine-jdk-17.0.18_macos-aarch64_bin.dmg,macos,aarch64,jdk,2058
2026-09-15T00:24:48+00:00,sapmachine-17.0.18,278430768,False,sapmachine-jdk-17.0.18_macos-aarch64_bin.tar.gz,macos,aarch64,jdk,23111
2026-09-15T00:24:48+00:00,sapmachine-17.0.18,278430768,False,sapmachine-jdk-17.0.18_macos-x64_bin-symbols.tar.gz,macos,x64,jdk,3
2026-09-15T00:24:48+00:00,sapmachine-17.0.18,278430768,False,sapmachine-jdk-17.0.18_macos-x64_bin.dmg,macos,x64,jdk,990
2026-09-15T00:24:48+00:00,sapmachine-17.0.18,278430768,False,sapmachine-jdk-17.0.18_macos-x64_bin.tar.gz,macos,x64,jdk,3762
2026-09-15T00:24:48+00:00,sapmachine-17.0.18,278430768,False,sapmachine-jdk-17.0.18_windows-x64_bin-symbols.tar.gz,windows,x64,jdk,2
2026-09-15T00:24:48+00:00,sapmachine-17.0.18,278430768,False,sapmachine-jdk-17.0.18_windows-x64_bin.zip,windows,x64,jdk,6943
2026-09-15T00:24:48+00:00,sapmachine-17.0.18,278430768,False,sapmachine-jre-17.0.18_linux-aarch64_bin.tar.gz,linux,aarch64,jre,813
2026-09-15T00:24:48+00:00,sapmachine-17.0.18,278430768,False,sapmachine-jre-17.0.18_linux-ppc64le_bin.tar.gz,linux,ppc64,jre,352
2026-09-15T00:24:48+00:00,sapmachine-17.0.18,278430768,False,sapmachine-jre-17.0.18_linux-x64-musl_bin.tar.gz,alpine,x64,jre,348
2026-09-15T00:24:48+00:00,sapmachine-17.0.18,278430768,False,sapmachine-jre-17.0.18_linux-x64_bin.tar.gz,linux,x64,jre,87102
2026-09-15T00:24:48+00:00,sapmachine-17.0.18,278430768,False,sapmachine-jre-17.0.18_macos-aarch64_bin.dmg,macos,aarch64,jre,385
2026-09-15T00:24:48+00:00,sapmachine-17.0.18,278430768,False,sapmachine-jre-17.0.18_macos-aarch64_bin.tar.gz,macos,aarch64,jre,716
2026-09-15T00:24:48+00:00,sapmachine-17.0.18,278430768,False,sapmachine-jre-17.0.18_macos-x64_bin.dmg,macos,x64,jre,355
2026-09-15T00:24:48+00:00,sapmachine-17.0.18,278430768,False,sapmachine-jre-17.0.18_macos-x64_bin.tar.gz,macos,x64,jre,2274
2026-09-15T00:24:48+00:00,sapmachine-17.0.18,278430768,False,sapmachine-jre-17.0.18_windows-x64_bin.zip,windows,x64,jre,2677
2026-09-15T00:24:48+00:00,sapmachine-17.0.18,278430768,False,sapmachine-jdk-17.0.18_windows-x64_bin.msi,windows,x64,jdk,2067
2026-09-15T00:24:48+00:00,sapmachine-17.0.18,278430768,False,sapmachine-jre-17.0.18_windows-x64_bin.msi,windows,x64,jre,2611
2026-09-15T00:24:48+00:00,sapmachine-21.0.10,278411440,False,sapmachine-jdk-21.0.10_aix-ppc64_bin-symbols.tar.gz,aix,ppc64,jdk,2
2026-09-15T00:24:48+00:00,sapmachine-21.0.10,278411440,False,sapmachine-jdk-21.0.10_aix-ppc64_bin.tar.gz,aix,ppc64,jdk,385
2026-09-15T00:24:48+00:00,sapmachine-21.0.10,278411440,False,sapmachine-jdk-21.0.10_linux-aarch64_bin-symbols.tar.gz,linux,aarch64,jdk,1
2026-09-15T00:24:48+00:00,sapmachine-21.0.10,278411440,False,sapmachine-jdk-21.0.10_linux-aarch64_bin.tar.gz,linux,aarch64,jdk,534
2026-09-15T00:24:48+00:00,sapmachine-21.0.10,278411440,False,sapmachine-jdk-21.0.10_linux-ppc64le_bin-symbols.tar.gz,linux,ppc64,jdk,1
2026-09-15T00:24:48+00:00,sapmachine-21.0.10,278411440,False,sapmachine-jdk-21.0.10_linux-ppc64le_bin.tar.gz,linux,ppc64,jdk,372
2026-09-15T00:24:48+00:00,sapmachine-21.0.10,278411440,False,sapmachine-jdk-21.0.10_linux-x64-musl_bin-symbols.tar.gz,alpine,x64,jdk,1
2026-09-15T00:24:48+00:00,sapmachine-21.0.10,278411440,False,sapmachine-jdk-21.0.10_linux-x64-musl_bin.tar.gz,alpine,x64,jdk,846
2026-09-15T00:24:48+00:00,sapmachine-21.0.10,278411440,False,sapmachine-jdk-21.0.10_linux-x64_bin-symbols.tar.gz,linux,x64,jdk,11
2026-09-15T00:24:48+00:00,sapmachine-21.0.10,278411440,False,sapmachine-jdk-21.0.10_linux-x64_bin.tar.gz,linux,x64,jdk,41361
2026-09-15T00:24:48+00:00,sapmachine-21.0.10,278411440,False,sapmachine-jdk-21.0.10_macos-aarch64_bin-symbols.tar.gz,macos,aarch64,jdk,3
2026-09-15T00:24:48+00:00,sapmachine-21.0.10,278411440,False,sapmachine-jdk-21.0.10_macos-aarch64_bin.dmg,macos,aarch64,jdk,1118
2026-09-15T00:24:48+00:00,sapmachine-21.0.10,278411440,False,sapmachine-jdk-21.0.10_macos-aarch64_bin.tar.gz,macos,aarch64,jdk,29717
2026-09-15T00:24:48+00:00,sapmachine-21.0.10,278411440,False,sapmachine-jdk-21.0.10_macos-x64_bin-symbols.tar.gz,macos,x64,jdk,3
2026-09-15T00:24:48+00:00,sapmachine-21.0.10,278411440,False,sapmachine-jdk-21.0.10_macos-x64_bin.dmg,macos,x64,jdk,636
2026-09-15T00:24:48+00:00,sapmachine-21.0.10,278411440,False,sapmachine-jdk-21.0.10_macos-x64_bin.tar.gz,macos,x64,jdk,1933
2026-09-15T00:24:48+00:00,sapmachine-21.0.10,278411440,False,sapmachine-jdk-21.0.10_windows-x64_bin-symbols.tar.gz,windows,x64,jdk,2
2026-09-15T00:24:48+00:00,sapmachine-21.0.10,278411440,False,sapmachine-jdk-21.0.10_windows-x64_bin.zip,windows,x64,jdk,2128
2026-09-15T00:24:48+00:00,sapmachine-21.0.10,278411440,False,sapmachine-jre-21.0.10_aix-ppc64_bin.tar.gz,aix,ppc64,jre,342
2026-09-15T00:24:48+00:00,sapmachine-21.0.10,278411440,False,sapmachine-jre-21.0.10_linux-aarch64_bin.tar.gz,linux,aarch64,jre,566
2026-09-15T00:24:48+00:00,sapmachine-21.0.10,278411440,False,sapmachine-jre-21.0.10_linux-ppc64le_bin.tar.gz,linux,ppc64,jre,348
2026-09-15T00:24:48+00:00,sapmachine-21.0.10,278411440,False,sapmachine-jre-21.0.10_linux-x64-musl_bin.tar.gz,alpine,x64,jre,339
2026-09-15T00:24:48+00:00,sapmachine-21.0.10,278411440,False,sapmachine-jre-21.0.10_linux-x64_bin.tar.gz,linux,x64,jre,31441
2026-09-15T00:24:48+00:00,sapmachine-21.0.10,278411440,False,sapmachine-jre-21.0.10_macos-aarch64_bin.dmg,macos,aarch64,jre,361
2026-09-15T00:24:48+00:00,sapmachine-21.0.10,278411440,False,sapmachine-jre-21.0.10_macos-aarch64_bin.tar.gz,macos,aarch64,jre,687
2026-09-15T00:24:48+00:00,sapmachine-21.0.10,278411440,False,sapmachine-jre-21.0.10_macos-x64_bin.dmg,macos,x64,jre,343
2026-09-15T00:24:48+00:00,sapmachine-21.0.10,278411440,False,sapmachine-jre-21.0.10_macos-x64_bin.tar.gz,macos,x64,jre,447
2026-09-15T00:24:48+00:00,sapmachine-21.0.10,278411440,False,sapmachine-jre-21.0.10_windows-x64_bin.zip,windows,x64,jre,514
2026-09-15T00:24:48+00:00,sapmachine-21.0.10,278411440,False,sapmachine-jdk-21.0.10_windows-x64_bin.msi,windows,x64,jdk,1494
2026-09-15T00:24:48+00:00,sapmachine-21.0.10,278411440,False,sapmachine-jre-21.0.10_windows-x64_bin.msi,windows,x64,jre,812
2026-09-15T00:24:48+00:00,sapmachine-25.0.2,278403095,False,sapmachine-jdk-25.0.2_aix-ppc64_bin-symbols.tar.gz,aix,ppc64,jdk,8
2026-09-15T00:24:48+00:00,sapmachine-25.0.2,278403095,False,sapmachine-jdk-25.0.2_aix-ppc64_bin.tar.gz,aix,ppc64,jdk,480
2026-09-15T00:24:48+00:00,sapmachine-25.0.2,278403095,False,sapmachine-jdk-25.0.2_linux-aarch64_bin-symbols.tar.gz,linux,aarch64,jdk,8
2026-09-15T00:24:48+00:00,sapmachine-25.0.2,278403095,False,sapmachine-jdk-25.0.2_linux-aarch64_bin.tar.gz,linux,aarch64,jdk,820
2026-09-15T00:24:48+00:00,sapmachine-25.0.2,278403095,False,sapmachine-jdk-25.0.2_linux-ppc64le_bin-symbols.tar.gz,linux,ppc64,jdk,7
2026-09-15T00:24:48+00:00,sapmachine-25.0.2,278403095,False,sapmachine-jdk-25.0.2_linux-ppc64le_bin.tar.gz,linux,ppc64,jdk,448
2026-09-15T00:24:48+00:00,sapmachine-25.0.2,278403095,False,sapmachine-jdk-25.0.2_linux-x64-musl_bin-symbols.tar.gz,alpine,x64,jdk,2
2026-09-15T00:24:48+00:00,sapmachine-25.0.2,278403095,False,sapmachine-jdk-25.0.2_linux-x64-musl_bin.tar.gz,alpine,x64,jdk,447
2026-09-15T00:24:48+00:00,sapmachine-25.0.2,278403095,False,sapmachine-jdk-25.0.2_linux-x64_bin-symbols.tar.gz,linux,x64,jdk,1
2026-09-15T00:24:48+00:00,sapmachine-25.0.2,278403095,False,sapmachine-jdk-25.0.2_linux-x64_bin.tar.gz,linux,x64,jdk,364675
2026-09-15T00:24:48+00:00,sapmachine-25.0.2,278403095,False,sapmachine-jdk-25.0.2_macos-aarch64_bin-symbols.tar.gz,macos,aarch64,jdk,3
2026-09-15T00:24:48+00:00,sapmachine-25.0.2,278403095,False,sapmachine-jdk-25.0.2_macos-aarch64_bin.dmg,macos,aarch64,jdk,2771
2026-09-15T00:24:48+00:00,sapmachine-25.0.2,278403095,False,sapmachine-jdk-25.0.2_macos-aarch64_bin.tar.gz,macos,aarch64,jdk,11653
2026-09-15T00:24:48+00:00,sapmachine-25.0.2,278403095,False,sapmachine-jdk-25.0.2_windows-x64_bin-symbols.tar.gz,windows,x64,jdk,2
2026-09-15T00:24:48+00:00,sapmachine-25.0.2,278403095,False,sapmachine-jdk-25.0.2_windows-x64_bin.zip,windows,x64,jdk,20898
2026-09-15T00:24:48+00:00,sapmachine-25.0.2,278403095,False,sapmachine-jre-25.0.2_aix-ppc64_bin.tar.gz,aix,ppc64,jre,348
2026-09-15T00:24:48+00:00,sapmachine-25.0.2,278403095,False,sapmachine-jre-25.0.2_linux-aarch64_bin.tar.gz,linux,aarch64,jre,523
2026-09-15T00:24:48+00:00,sapmachine-25.0.2,278403095,False,sapmachine-jre-25.0.2_linux-ppc64le_bin.tar.gz,linux,ppc64,jre,354
2026-09-15T00:24:48+00:00,sapmachine-25.0.2,278403095,False,sapmachine-jre-25.0.2_linux-x64-musl_bin.tar.gz,alpine,x64,jre,353
2026-09-15T00:24:48+00:00,sapmachine-25.0.2,278403095,False,sapmachine-jre-25.0.2_linux-x64_bin.tar.gz,linux,x64,jre,7946
2026-09-15T00:24:48+00:00,sapmachine-25.0.2,278403095,False,sapmachine-jre-25.0.2_macos-aarch64_bin.dmg,macos,aarch64,jre,381
2026-09-15T00:24:48+00:00,sapmachine-25.0.2,278403095,False,sapmachine-jre-25.0.2_macos-aarch64_bin.tar.gz,macos,aarch64,jre,645
2026-09-15T00:24:48+00:00,sapmachine-25.0.2,278403095,False,sapmachine-jre-25.0.2_windows-x64_bin.zip,windows,x64,jre,497
2026-09-15T00:24:48+00:00,sapmachine-25.0.2,278403095,False,sapmachine-jdk-25.0.2_windows-x64_bin.msi,windows,x64,jdk,3871
2026-09-15T00:24:48+00:00,sapmachine-25.0.2,278403095,False,sapmachine-jre-25.0.2_windows-x64_bin.msi,windows,x64,jre,1065
2026-09-15T00:24:48+00:00,sapmachine-11.0.29,256138881,False,sapmachine-jdk-11.0.29_linux-x64_bin-symbols.tar.gz,linux,x64,jdk,1
2026-09-15T00:24:48+00:00,sapmachine-11.0.29,256138881,False,sapmachine-jdk-11.0.29_linux-x64_bin.tar.gz,linux,x64,jdk,13750
2026-09-15T00:24:48+00:00,sapmachine-11.0.29,256138881,False,sapmachine-jre-11.0.29_linux-x64_bin.tar.gz,linux,x64,jre,6288
2026-09-15T00:24:48+00:00,sapmachine-17.0.17,256136879,False,sapmachine-jdk-17.0.17_linux-aarch64_bin-symbols.tar.gz,linux,aarch64,jdk,3
2026-09-15T00:24:48+00:00,sapmachine-17.0.17,256136879,False,sapmachine-jdk-17.0.17_linux-aarch64_bin.tar.gz,linux,aarch64,jdk,905
2026-09-15T00:24:48+00:00,sapmachine-17.0.17,256136879,False,sapmachine-jdk-17.0.17_linux-ppc64le_bin-symbols.tar.gz,linux,ppc64,jdk,3
2026-09-15T00:24:48+00:00,sapmachine-17.0.17,256136879,False,sapmachine-jdk-17.0.17_linux-ppc64le_bin.tar.gz,linux,ppc64,jdk,704
2026-09-15T00:24:48+00:00,sapmachine-17.0.17,256136879,False,sapmachine-jdk-17.0.17_linux-x64-musl_bin-symbols.tar.gz,alpine,x64,jdk,3
2026-09-15T00:24:48+00:00,sapmachine-17.0.17,256136879,False,sapmachine-jdk-17.0.17_linux-x64-musl_bin.tar.gz,alpine,x64,jdk,714
2026-09-15T00:24:48+00:00,sapmachine-17.0.17,256136879,False,sapmachine-jdk-17.0.17_linux-x64_bin-symbols.tar.gz,linux,x64,jdk,22
2026-09-15T00:24:48+00:00,sapmachine-17.0.17,256136879,False,sapmachine-jdk-17.0.17_linux-x64_bin.tar.gz,linux,x64,jdk,119036
2026-09-15T00:24:48+00:00,sapmachine-17.0.17,256136879,False,sapmachine-jdk-17.0.17_macos-aarch64_bin-symbols.tar.gz,macos,aarch64,jdk,4
2026-09-15T00:24:48+00:00,sapmachine-17.0.17,256136879,False,sapmachine-jdk-17.0.17_macos-aarch64_bin.dmg,macos,aarch64,jdk,2335
2026-09-15T00:24:48+00:00,sapmachine-17.0.17,256136879,False,sapmachine-jdk-17.0.17_macos-aarch64_bin.tar.gz,macos,aarch64,jdk,24204
2026-09-15T00:24:48+00:00,sapmachine-17.0.17,256136879,False,sapmachine-jdk-17.0.17_macos-x64_bin-symbols.tar.gz,macos,x64,jdk,4
2026-09-15T00:24:48+00:00,sapmachine-17.0.17,256136879,False,sapmachine-jdk-17.0.17_macos-x64_bin.dmg,macos,x64,jdk,1371
2026-09-15T00:24:48+00:00,sapmachine-17.0.17,256136879,False,sapmachine-jdk-17.0.17_macos-x64_bin.tar.gz,macos,x64,jdk,5812
2026-09-15T00:24:48+00:00,sapmachine-17.0.17,256136879,False,sapmachine-jdk-17.0.17_windows-x64_bin-symbols.tar.gz,windows,x64,jdk,3
2026-09-15T00:24:48+00:00,sapmachine-17.0.17,256136879,False,sapmachine-jdk-17.0.17_windows-x64_bin.zip,windows,x64,jdk,9379
2026-09-15T00:24:48+00:00,sapmachine-17.0.17,256136879,False,sapmachine-jre-17.0.17_linux-aarch64_bin.tar.gz,linux,aarch64,jre,1072
2026-09-15T00:24:48+00:00,sapmachine-17.0.17,256136879,False,sapmachine-jre-17.0.17_linux-ppc64le_bin.tar.gz,linux,ppc64,jre,675
2026-09-15T00:24:48+00:00,sapmachine-17.0.17,256136879,False,sapmachine-jre-17.0.17_linux-x64-musl_bin.tar.gz,alpine,x64,jre,672
2026-09-15T00:24:48+00:00,sapmachine-17.0.17,256136879,False,sapmachine-jre-17.0.17_linux-x64_bin.tar.gz,linux,x64,jre,104480
2026-09-15T00:24:48+00:00,sapmachine-17.0.17,256136879,False,sapmachine-jre-17.0.17_macos-aarch64_bin.dmg,macos,aarch64,jre,732
2026-09-15T00:24:48+00:00,sapmachine-17.0.17,256136879,False,sapmachine-jre-17.0.17_macos-aarch64_bin.tar.gz,macos,aarch64,jre,1068
2026-09-15T00:24:48+00:00,sapmachine-17.0.17,256136879,False,sapmachine-jre-17.0.17_macos-x64_bin.dmg,macos,x64,jre,671
2026-09-15T00:24:48+00:00,sapmachine-17.0.17,256136879,False,sapmachine-jre-17.0.17_macos-x64_bin.tar.gz,macos,x64,jre,3893
2026-09-15T00:24:48+00:00,sapmachine-17.0.17,256136879,False,sapmachine-jre-17.0.17_windows-x64_bin.zip,windows,x64,jre,4099
2026-09-15T00:24:48+00:00,sapmachine-17.0.17,256136879,False,sapmachine-jdk-17.0.17_windows-x64_bin.msi,windows,x64,jdk,2842
2026-09-15T00:24:48+00:00,sapmachine-17.0.17,256136879,False,sapmachine-jre-17.0.17_windows-x64_bin.msi,windows,x64,jre,2639
2026-09-15T00:24:48+00:00,sapmachine-25.0.1,256126506,False,sapmachine-jdk-25.0.1_aix-ppc64_bin-symbols.tar.gz,aix,ppc64,jdk,3
2026-09-15T00:24:48+00:00,sapmachine-25.0.1,256126506,False,sapmachine-jdk-25.0.1_aix-ppc64_bin.tar.gz,aix,ppc64,jdk,831
2026-09-15T00:24:48+00:00,sapmachine-25.0.1,256126506,False,sapmachine-jdk-25.0.1_linux-aarch64_bin-symbols.tar.gz,linux,aarch64,jdk,3
2026-09-15T00:24:48+00:00,sapmachine-25.0.1,256126506,False,sapmachine-jdk-25.0.1_linux-aarch64_bin.tar.gz,linux,aarch64,jdk,989
2026-09-15T00:24:48+00:00,sapmachine-25.0.1,256126506,False,sapmachine-jdk-25.0.1_linux-ppc64le_bin-symbols.tar.gz,linux,ppc64,jdk,1
2026-09-15T00:24:48+00:00,sapmachine-25.0.1,256126506,False,sapmachine-jdk-25.0.1_linux-ppc64le_bin.tar.gz,linux,ppc64,jdk,825
2026-09-15T00:24:48+00:00,sapmachine-25.0.1,256126506,False,sapmachine-jdk-25.0.1_linux-x64-musl_bin-symbols.tar.gz,alpine,x64,jdk,1
2026-09-15T00:24:48+00:00,sapmachine-25.0.1,256126506,False,sapmachine-jdk-25.0.1_linux-x64-musl_bin.tar.gz,alpine,x64,jdk,825
2026-09-15T00:24:48+00:00,sapmachine-25.0.1,256126506,False,sapmachine-jdk-25.0.1_linux-x64_bin-symbols.tar.gz,linux,x64,jdk,1
2026-09-15T00:24:48+00:00,sapmachine-25.0.1,256126506,False,sapmachine-jdk-25.0.1_linux-x64_bin.tar.gz,linux,x64,jdk,26551
2026-09-15T00:24:48+00:00,sapmachine-25.0.1,256126506,False,sapmachine-jdk-25.0.1_macos-aarch64_bin-symbols.tar.gz,macos,aarch64,jdk,3
2026-09-15T00:24:48+00:00,sapmachine-25.0.1,256126506,False,sapmachine-jdk-25.0.1_macos-aarch64_bin.dmg,macos,aarch64,jdk,3491
2026-09-15T00:24:48+00:00,sapmachine-25.0.1,256126506,False,sapmachine-jdk-25.0.1_macos-aarch64_bin.tar.gz,macos,aarch64,jdk,6784
2026-09-15T00:24:48+00:00,sapmachine-25.0.1,256126506,False,sapmachine-jdk-25.0.1_windows-x64_bin-symbols.tar.gz,windows,x64,jdk,4
2026-09-15T00:24:48+00:00,sapmachine-25.0.1,256126506,False,sapmachine-jdk-25.0.1_windows-x64_bin.zip,windows,x64,jdk,2245
2026-09-15T00:24:48+00:00,sapmachine-25.0.1,256126506,False,sapmachine-jre-25.0.1_aix-ppc64_bin.tar.gz,aix,ppc64,jre,678
2026-09-15T00:24:48+00:00,sapmachine-25.0.1,256126506,False,sapmachine-jre-25.0.1_linux-aarch64_bin.tar.gz,linux,aarch64,jre,793
2026-09-15T00:24:48+00:00,sapmachine-25.0.1,256126506,False,sapmachine-jre-25.0.1_linux-ppc64le_bin.tar.gz,linux,ppc64,jre,666
2026-09-15T00:24:48+00:00,sapmachine-25.0.1,256126506,False,sapmachine-jre-25.0.1_linux-x64-musl_bin.tar.gz,alpine,x64,jre,676
2026-09-15T00:24:48+00:00,sapmachine-25.0.1,256126506,False,sapmachine-jre-25.0.1_linux-x64_bin.tar.gz,linux,x64,jre,6302
2026-09-15T00:24:48+00:00,sapmachine-25.0.1,256126506,False,sapmachine-jre-25.0.1_macos-aarch64_bin.dmg,macos,aarch64,jre,697
2026-09-15T00:24:48+00:00,sapmachine-25.0.1,256126506,False,sapmachine-jre-25.0.1_macos-aarch64_bin.tar.gz,macos,aarch64,jre,804
2026-09-15T00:24:48+00:00,sapmachine-25.0.1,256126506,False,sapmachine-jre-25.0.1_windows-x64_bin.zip,windows,x64,jre,917
2026-09-15T00:24:48+00:00,sapmachine-25.0.1,256126506,False,sapmachine-jdk-25.0.1_windows-x64_bin.msi,windows,x64,jdk,5417
2026-09-15T00:24:48+00:00,sapmachine-25.0.1,256126506,False,sapmachine-jre-25.0.1_windows-x64_bin.msi,windows,x64,jre,1601
2026-09-15T00:24:48+00:00,sapmachine-21.0.9,256135083,False,sapmachine-jdk-21.0.9_aix-ppc64_bin-symbols.tar.gz,aix,ppc64,jdk,7
2026-09-15T00:24:48+00:00,sapmachine-21.0.9,256135083,False,sapmachine-jdk-21.0.9_aix-ppc64_bin.tar.gz,aix,ppc64,jdk,728
2026-09-15T00:24:48+00:00,sapmachine-21.0.9,256135083,False,sapmachine-jdk-21.0.9_linux-aarch64_bin-symbols.tar.gz,linux,aarch64,jdk,6
2026-09-15T00:24:48+00:00,sapmachine-21.0.9,256135083,False,sapmachine-jdk-21.0.9_linux-aarch64_bin.tar.gz,linux,aarch64,jdk,967
2026-09-15T00:24:48+00:00,sapmachine-21.0.9,256135083,False,sapmachine-jdk-21.0.9_linux-ppc64le_bin-symbols.tar.gz,linux,ppc64,jdk,6
2026-09-15T00:24:48+00:00,sapmachine-21.0.9,256135083,False,sapmachine-jdk-21.0.9_linux-ppc64le_bin.tar.gz,linux,ppc64,jdk,722
2026-09-15T00:24:48+00:00,sapmachine-21.0.9,256135083,False,sapmachine-jdk-21.0.9_linux-x64-musl_bin-symbols.tar.gz,alpine,x64,jdk,5
2026-09-15T00:24:48+00:00,sapmachine-21.0.9,256135083,False,sapmachine-jdk-21.0.9_linux-x64-musl_bin.tar.gz,alpine,x64,jdk,896
2026-09-15T00:24:48+00:00,sapmachine-21.0.9,256135083,False,sapmachine-jdk-21.0.9_linux-x64_bin-symbols.tar.gz,linux,x64,jdk,8
2026-09-15T00:24:48+00:00,sapmachine-21.0.9,256135083,False,sapmachine-jdk-21.0.9_linux-x64_bin.tar.gz,linux,x64,jdk,99464
2026-09-15T00:24:48+00:00,sapmachine-21.0.9,256135083,False,sapmachine-jdk-21.0.9_macos-aarch64_bin-symbols.tar.gz,macos,aarch64,jdk,6
2026-09-15T00:24:48+00:00,sapmachine-21.0.9,256135083,False,sapmachine-jdk-21.0.9_macos-aarch64_bin.dmg,macos,aarch64,jdk,2481
2026-09-15T00:24:48+00:00,sapmachine-21.0.9,256135083,False,sapmachine-jdk-21.0.9_macos-aarch64_bin.tar.gz,macos,aarch64,jdk,35410
2026-09-15T00:24:48+00:00,sapmachine-21.0.9,256135083,False,sapmachine-jdk-21.0.9_macos-x64_bin-symbols.tar.gz,macos,x64,jdk,6
2026-09-15T00:24:48+00:00,sapmachine-21.0.9,256135083,False,sapmachine-jdk-21.0.9_macos-x64_bin.dmg,macos,x64,jdk,1125
2026-09-15T00:24:48+00:00,sapmachine-21.0.9,256135083,False,sapmachine-jdk-21.0.9_macos-x64_bin.tar.gz,macos,x64,jdk,5224
2026-09-15T00:24:48+00:00,sapmachine-21.0.9,256135083,False,sapmachine-jdk-21.0.9_windows-x64_bin-symbols.tar.gz,windows,x64,jdk,5
2026-09-15T00:24:48+00:00,sapmachine-21.0.9,256135083,False,sapmachine-jdk-21.0.9_windows-x64_bin.zip,windows,x64,jdk,6757
2026-09-15T00:24:48+00:00,sapmachine-21.0.9,256135083,False,sapmachine-jre-21.0.9_aix-ppc64_bin.tar.gz,aix,ppc64,jre,694
2026-09-15T00:24:48+00:00,sapmachine-21.0.9,256135083,False,sapmachine-jre-21.0.9_linux-aarch64_bin.tar.gz,linux,aarch64,jre,895
2026-09-15T00:24:48+00:00,sapmachine-21.0.9,256135083,False,sapmachine-jre-21.0.9_linux-ppc64le_bin.tar.gz,linux,ppc64,jre,677
2026-09-15T00:24:48+00:00,sapmachine-21.0.9,256135083,False,sapmachine-jre-21.0.9_linux-x64-musl_bin.tar.gz,alpine,x64,jre,673
2026-09-15T00:24:48+00:00,sapmachine-21.0.9,256135083,False,sapmachine-jre-21.0.9_linux-x64_bin.tar.gz,linux,x64,jre,92971
2026-09-15T00:24:48+00:00,sapmachine-21.0.9,256135083,False,sapmachine-jre-21.0.9_macos-aarch64_bin.dmg,macos,aarch64,jre,734
2026-09-15T00:24:48+00:00,sapmachine-21.0.9,256135083,False,sapmachine-jre-21.0.9_macos-aarch64_bin.tar.gz,macos,aarch64,jre,1215
2026-09-15T00:24:48+00:00,sapmachine-21.0.9,256135083,False,sapmachine-jre-21.0.9_macos-x64_bin.dmg,macos,x64,jre,685
2026-09-15T00:24:48+00:00,sapmachine-21.0.9,256135083,False,sapmachine-jre-21.0.9_macos-x64_bin.tar.gz,macos,x64,jre,1021
2026-09-15T00:24:48+00:00,sapmachine-21.0.9,256135083,False,sapmachine-jre-21.0.9_windows-x64_bin.zip,windows,x64,jre,1068
2026-09-15T00:24:48+00:00,sapmachine-21.0.9,256135083,False,sapmachine-jdk-21.0.9_windows-x64_bin.msi,windows,x64,jdk,2522
2026-09-15T00:24:48+00:00,sapmachine-21.0.9,256135083,False,sapmachine-jre-21.0.9_windows-x64_bin.msi,windows,x64,jre,1410
2026-09-15T00:24:48+00:00,sapmachine-25,247745290,False,sapmachine-jdk-25_aix-ppc64_bin-symbols.tar.gz,aix,ppc64,jdk,1
2026-09-15T00:24:48+00:00,sapmachine-25,247745290,False,sapmachine-jdk-25_aix-ppc64_bin.tar.gz,aix,ppc64,jdk,914
2026-09-15T00:24:48+00:00,sapmachine-25,247745290,False,sapmachine-jdk-25_linux-aarch64_bin-symbols.tar.gz,linux,aarch64,jdk,3
2026-09-15T00:24:48+00:00,sapmachine-25,247745290,False,sapmachine-jdk-25_linux-aarch64_bin.tar.gz,linux,aarch64,jdk,1081
2026-09-15T00:24:48+00:00,sapmachine-25,247745290,False,sapmachine-jdk-25_linux-ppc64le_bin-symbols.tar.gz,linux,ppc64,jdk,0
2026-09-15T00:24:48+00:00,sapmachine-25,247745290,False,sapmachine-jdk-25_linux-ppc64le_bin.tar.gz,linux,ppc64,jdk,878
2026-09-15T00:24:48+00:00,sapmachine-25,247745290,False,sapmachine-jdk-25_linux-x64-musl_bin-symbols.tar.gz,alpine,x64,jdk,0
2026-09-15T00:24:48+00:00,sapmachine-25,247745290,False,sapmachine-jdk-25_linux-x64-musl_bin.tar.gz,alpine,x64,jdk,882
2026-09-15T00:24:48+00:00,sapmachine-25,247745290,False,sapmachine-jdk-25_linux-x64_bin-symbols.tar.gz,linux,x64,jdk,1
2026-09-15T00:24:48+00:00,sapmachine-25,247745290,False,sapmachine-jdk-25_linux-x64_bin.tar.gz,linux,x64,jdk,17622
2026-09-15T00:24:48+00:00,sapmachine-25,247745290,False,sapmachine-jdk-25_macos-aarch64_bin-symbols.tar.gz,macos,aarch64,jdk,1
2026-09-15T00:24:48+00:00,sapmachine-25,247745290,False,sapmachine-jdk-25_macos-aarch64_bin.dmg,macos,aarch64,jdk,2379
2026-09-15T00:24:48+00:00,sapmachine-25,247745290,False,sapmachine-jdk-25_macos-aarch64_bin.tar.gz,macos,aarch64,jdk,2562
2026-09-15T00:24:48+00:00,sapmachine-25,247745290,False,sapmachine-jdk-25_windows-x64_bin-symbols.tar.gz,windows,x64,jdk,0
2026-09-15T00:24:48+00:00,sapmachine-25,247745290,False,sapmachine-jdk-25_windows-x64_bin.zip,windows,x64,jdk,1877
2026-09-15T00:24:48+00:00,sapmachine-25,247745290,False,sapmachine-jre-25_aix-ppc64_bin.tar.gz,aix,ppc64,jre,795
2026-09-15T00:24:48+00:00,sapmachine-25,247745290,False,sapmachine-jre-25_linux-aarch64_bin.tar.gz,linux,aarch64,jre,866
2026-09-15T00:24:48+00:00,sapmachine-25,247745290,False,sapmachine-jre-25_linux-ppc64le_bin.tar.gz,linux,ppc64,jre,788
2026-09-15T00:24:48+00:00,sapmachine-25,247745290,False,sapmachine-jre-25_linux-x64-musl_bin.tar.gz,alpine,x64,jre,789
2026-09-15T00:24:48+00:00,sapmachine-25,247745290,False,sapmachine-jre-25_linux-x64_bin.tar.gz,linux,x64,jre,1660
2026-09-15T00:24:48+00:00,sapmachine-25,247745290,False,sapmachine-jre-25_macos-aarch64_bin.dmg,macos,aarch64,jre,823
2026-09-15T00:24:48+00:00,sapmachine-25,247745290,False,sapmachine-jre-25_macos-aarch64_bin.tar.gz,macos,aarch64,jre,1020
2026-09-15T00:24:48+00:00,sapmachine-25,247745290,False,sapmachine-jre-25_windows-x64_bin.zip,windows,x64,jre,1006
2026-09-15T00:24:48+00:00,sapmachine-25,247745290,False,sapmachine-jdk-25_windows-x64_bin.msi,windows,x64,jdk,3736
2026-09-15T00:24:48+00:00,sapmachine-25,247745290,False,sapmachine-jre-25_windows-x64_bin.msi,windows,x64,jre,1469
2026-09-15T00:24:48+00:00,sapmachine-11.0.28,232649124,False,sapmachine-jdk-11.0.28_linux-x64_bin-symbols.tar.gz,linux,x64,jdk,0
2026-09-15T00:24:48+00:00,sapmachine-11.0.28,232649124,False,sapmachine-jdk-11.0.28_linux-x64_bin.tar.gz,linux,x64,jdk,13753
2026-09-15T00:24:48+00:00,sapmachine-11.0.28,232649124,False,sapmachine-jre-11.0.28_linux-x64_bin.tar.gz,linux,x64,jre,8294
2026-09-15T00:24:48+00:00,sapmachine-17.0.16,232645750,False,sapmachine-jdk-17.0.16_linux-aarch64_bin-symbols.tar.gz,linux,aarch64,jdk,4
2026-09-15T00:24:48+00:00,sapmachine-17.0.16,232645750,False,sapmachine-jdk-17.0.16_linux-aarch64_bin.tar.gz,linux,aarch64,jdk,1644
2026-09-15T00:24:48+00:00,sapmachine-17.0.16,232645750,False,sapmachine-jdk-17.0.16_linux-ppc64le_bin-symbols.tar.gz,linux,ppc64,jdk,0
2026-09-15T00:24:48+00:00,sapmachine-17.0.16,232645750,False,sapmachine-jdk-17.0.16_linux-ppc64le_bin.tar.gz,linux,ppc64,jdk,1110
2026-09-15T00:24:48+00:00,sapmachine-17.0.16,232645750,False,sapmachine-jdk-17.0.16_linux-x64-musl_bin-symbols.tar.gz,alpine,x64,jdk,0
2026-09-15T00:24:48+00:00,sapmachine-17.0.16,232645750,False,sapmachine-jdk-17.0.16_linux-x64-musl_bin.tar.gz,alpine,x64,jdk,1178
2026-09-15T00:24:48+00:00,sapmachine-17.0.16,232645750,False,sapmachine-jdk-17.0.16_linux-x64_bin-symbols.tar.gz,linux,x64,jdk,18
2026-09-15T00:24:48+00:00,sapmachine-17.0.16,232645750,False,sapmachine-jdk-17.0.16_linux-x64_bin.tar.gz,linux,x64,jdk,137029
2026-09-15T00:24:48+00:00,sapmachine-17.0.16,232645750,False,sapmachine-jdk-17.0.16_macos-aarch64_bin-symbols.tar.gz,macos,aarch64,jdk,7
2026-09-15T00:24:48+00:00,sapmachine-17.0.16,232645750,False,sapmachine-jdk-17.0.16_macos-aarch64_bin.dmg,macos,aarch64,jdk,3356
2026-09-15T00:24:48+00:00,sapmachine-17.0.16,232645750,False,sapmachine-jdk-17.0.16_macos-aarch64_bin.tar.gz,macos,aarch64,jdk,28205
2026-09-15T00:24:48+00:00,sapmachine-17.0.16,232645750,False,sapmachine-jdk-17.0.16_macos-x64_bin-symbols.tar.gz,macos,x64,jdk,2
2026-09-15T00:24:48+00:00,sapmachine-17.0.16,232645750,False,sapmachine-jdk-17.0.16_macos-x64_bin.dmg,macos,x64,jdk,1536
2026-09-15T00:24:48+00:00,sapmachine-17.0.16,232645750,False,sapmachine-jdk-17.0.16_macos-x64_bin.tar.gz,macos,x64,jdk,7087
2026-09-15T00:24:48+00:00,sapmachine-17.0.16,232645750,False,sapmachine-jdk-17.0.16_windows-x64_bin-symbols.tar.gz,windows,x64,jdk,0
2026-09-15T00:24:48+00:00,sapmachine-17.0.16,232645750,False,sapmachine-jdk-17.0.16_windows-x64_bin.zip,windows,x64,jdk,9773
2026-09-15T00:24:48+00:00,sapmachine-17.0.16,232645750,False,sapmachine-jre-17.0.16_linux-aarch64_bin.tar.gz,linux,aarch64,jre,1427
2026-09-15T00:24:48+00:00,sapmachine-17.0.16,232645750,False,sapmachine-jre-17.0.16_linux-ppc64le_bin.tar.gz,linux,ppc64,jre,1012
2026-09-15T00:24:48+00:00,sapmachine-17.0.16,232645750,False,sapmachine-jre-17.0.16_linux-x64-musl_bin.tar.gz,alpine,x64,jre,1056
2026-09-15T00:24:48+00:00,sapmachine-17.0.16,232645750,False,sapmachine-jre-17.0.16_linux-x64_bin.tar.gz,linux,x64,jre,130481
2026-09-15T00:24:48+00:00,sapmachine-17.0.16,232645750,False,sapmachine-jre-17.0.16_macos-aarch64_bin.dmg,macos,aarch64,jre,1125
2026-09-15T00:24:48+00:00,sapmachine-17.0.16,232645750,False,sapmachine-jre-17.0.16_macos-aarch64_bin.tar.gz,macos,aarch64,jre,1454
2026-09-15T00:24:48+00:00,sapmachine-17.0.16,232645750,False,sapmachine-jre-17.0.16_macos-x64_bin.dmg,macos,x64,jre,1032
2026-09-15T00:24:48+00:00,sapmachine-17.0.16,232645750,False,sapmachine-jre-17.0.16_macos-x64_bin.tar.gz,macos,x64,jre,4120
2026-09-15T00:24:48+00:00,sapmachine-17.0.16,232645750,False,sapmachine-jre-17.0.16_windows-x64_bin.zip,windows,x64,jre,4338
2026-09-15T00:24:48+00:00,sapmachine-17.0.16,232645750,False,sapmachine-jdk-17.0.16_windows-x64_bin.msi,windows,x64,jdk,3816
2026-09-15T00:24:48+00:00,sapmachine-17.0.16,232645750,False,sapmachine-jre-17.0.16_windows-x64_bin.msi,windows,x64,jre,3066
2026-09-15T00:24:48+00:00,sapmachine-21.0.8,232641954,False,sapmachine-jdk-21.0.8_aix-ppc64_bin-symbols.tar.gz,aix,ppc64,jdk,8
2026-09-15T00:24:48+00:00,sapmachine-21.0.8,232641954,False,sapmachine-jdk-21.0.8_aix-ppc64_bin.tar.gz,aix,ppc64,jdk,1090
2026-09-15T00:24:48+00:00,sapmachine-21.0.8,232641954,False,sapmachine-jdk-21.0.8_linux-aarch64_bin-symbols.tar.gz,linux,aarch64,jdk,1
2026-09-15T00:24:48+00:00,sapmachine-21.0.8,232641954,False,sapmachine-jdk-21.0.8_linux-aarch64_bin.tar.gz,linux,aarch64,jdk,1362
2026-09-15T00:24:48+00:00,sapmachine-21.0.8,232641954,False,sapmachine-jdk-21.0.8_linux-ppc64le_bin-symbols.tar.gz,linux,ppc64,jdk,2
2026-09-15T00:24:48+00:00,sapmachine-21.0.8,232641954,False,sapmachine-jdk-21.0.8_linux-ppc64le_bin.tar.gz,linux,ppc64,jdk,1093
2026-09-15T00:24:48+00:00,sapmachine-21.0.8,232641954,False,sapmachine-jdk-21.0.8_linux-x64-musl_bin-symbols.tar.gz,alpine,x64,jdk,1
2026-09-15T00:24:48+00:00,sapmachine-21.0.8,232641954,False,sapmachine-jdk-21.0.8_linux-x64-musl_bin.tar.gz,alpine,x64,jdk,1403
2026-09-15T00:24:48+00:00,sapmachine-21.0.8,232641954,False,sapmachine-jdk-21.0.8_linux-x64_bin-symbols.tar.gz,linux,x64,jdk,1
2026-09-15T00:24:48+00:00,sapmachine-21.0.8,232641954,False,sapmachine-jdk-21.0.8_linux-x64_bin.tar.gz,linux,x64,jdk,117395
2026-09-15T00:24:48+00:00,sapmachine-21.0.8,232641954,False,sapmachine-jdk-21.0.8_macos-aarch64_bin-symbols.tar.gz,macos,aarch64,jdk,10
2026-09-15T00:24:48+00:00,sapmachine-21.0.8,232641954,False,sapmachine-jdk-21.0.8_macos-aarch64_bin.dmg,macos,aarch64,jdk,2869
2026-09-15T00:24:48+00:00,sapmachine-21.0.8,232641954,False,sapmachine-jdk-21.0.8_macos-aarch64_bin.tar.gz,macos,aarch64,jdk,38181
2026-09-15T00:24:48+00:00,sapmachine-21.0.8,232641954,False,sapmachine-jdk-21.0.8_macos-x64_bin-symbols.tar.gz,macos,x64,jdk,2
2026-09-15T00:24:48+00:00,sapmachine-21.0.8,232641954,False,sapmachine-jdk-21.0.8_macos-x64_bin.dmg,macos,x64,jdk,1392
2026-09-15T00:24:48+00:00,sapmachine-21.0.8,232641954,False,sapmachine-jdk-21.0.8_macos-x64_bin.tar.gz,macos,x64,jdk,6434
2026-09-15T00:24:48+00:00,sapmachine-21.0.8,232641954,False,sapmachine-jdk-21.0.8_windows-x64_bin-symbols.tar.gz,windows,x64,jdk,2
2026-09-15T00:24:48+00:00,sapmachine-21.0.8,232641954,False,sapmachine-jdk-21.0.8_windows-x64_bin.zip,windows,x64,jdk,6579
2026-09-15T00:24:48+00:00,sapmachine-21.0.8,232641954,False,sapmachine-jre-21.0.8_aix-ppc64_bin.tar.gz,aix,ppc64,jre,1016
2026-09-15T00:24:48+00:00,sapmachine-21.0.8,232641954,False,sapmachine-jre-21.0.8_linux-aarch64_bin.tar.gz,linux,aarch64,jre,1291
2026-09-15T00:24:48+00:00,sapmachine-21.0.8,232641954,False,sapmachine-jre-21.0.8_linux-ppc64le_bin.tar.gz,linux,ppc64,jre,1011
2026-09-15T00:24:48+00:00,sapmachine-21.0.8,232641954,False,sapmachine-jre-21.0.8_linux-x64-musl_bin.tar.gz,alpine,x64,jre,1043
2026-09-15T00:24:48+00:00,sapmachine-21.0.8,232641954,False,sapmachine-jre-21.0.8_linux-x64_bin.tar.gz,linux,x64,jre,87274
2026-09-15T00:24:48+00:00,sapmachine-21.0.8,232641954,False,sapmachine-jre-21.0.8_macos-aarch64_bin.dmg,macos,aarch64,jre,1082
2026-09-15T00:24:48+00:00,sapmachine-21.0.8,232641954,False,sapmachine-jre-21.0.8_macos-aarch64_bin.tar.gz,macos,aarch64,jre,1632
2026-09-15T00:24:48+00:00,sapmachine-21.0.8,232641954,False,sapmachine-jre-21.0.8_macos-x64_bin.dmg,macos,x64,jre,1049
2026-09-15T00:24:48+00:00,sapmachine-21.0.8,232641954,False,sapmachine-jre-21.0.8_macos-x64_bin.tar.gz,macos,x64,jre,1297
2026-09-15T00:24:48+00:00,sapmachine-21.0.8,232641954,False,sapmachine-jre-21.0.8_windows-x64_bin.zip,windows,x64,jre,1449
2026-09-15T00:24:48+00:00,sapmachine-21.0.8,232641954,False,sapmachine-jdk-21.0.8_windows-x64_bin.msi,windows,x64,jdk,3196
2026-09-15T00:24:48+00:00,sapmachine-21.0.8,232641954,False,sapmachine-jre-21.0.8_windows-x64_bin.msi,windows,x64,jre,1924
2026-09-15T00:24:48+00:00,sapmachine-24.0.2,232633082,False,sapmachine-jdk-24.0.2_aix-ppc64_bin-symbols.tar.gz,aix,ppc64,jdk,0
2026-09-15T00:24:48+00:00,sapmachine-24.0.2,232633082,False,sapmachine-jdk-24.0.2_aix-ppc64_bin.tar.gz,aix,ppc64,jdk,1115
2026-09-15T00:24:48+00:00,sapmachine-24.0.2,232633082,False,sapmachine-jdk-24.0.2_linux-aarch64_bin-symbols.tar.gz,linux,aarch64,jdk,0
2026-09-15T00:24:48+00:00,sapmachine-24.0.2,232633082,False,sapmachine-jdk-24.0.2_linux-aarch64_bin.tar.gz,linux,aarch64,jdk,1277
2026-09-15T00:24:48+00:00,sapmachine-24.0.2,232633082,False,sapmachine-jdk-24.0.2_linux-ppc64le_bin-symbols.tar.gz,linux,ppc64,jdk,0
2026-09-15T00:24:48+00:00,sapmachine-24.0.2,232633082,False,sapmachine-jdk-24.0.2_linux-ppc64le_bin.tar.gz,linux,ppc64,jdk,1118
2026-09-15T00:24:48+00:00,sapmachine-24.0.2,232633082,False,sapmachine-jdk-24.0.2_linux-x64-musl_bin-symbols.tar.gz,alpine,x64,jdk,0
2026-09-15T00:24:48+00:00,sapmachine-24.0.2,232633082,False,sapmachine-jdk-24.0.2_linux-x64-musl_bin.tar.gz,alpine,x64,jdk,1432
2026-09-15T00:24:48+00:00,sapmachine-24.0.2,232633082,False,sapmachine-jdk-24.0.2_linux-x64_bin-symbols.tar.gz,linux,x64,jdk,0
2026-09-15T00:24:48+00:00,sapmachine-24.0.2,232633082,False,sapmachine-jdk-24.0.2_linux-x64_bin.tar.gz,linux,x64,jdk,127611
2026-09-15T00:24:48+00:00,sapmachine-24.0.2,232633082,False,sapmachine-jdk-24.0.2_macos-aarch64_bin-symbols.tar.gz,macos,aarch64,jdk,3
2026-09-15T00:24:48+00:00,sapmachine-24.0.2,232633082,False,sapmachine-jdk-24.0.2_macos-aarch64_bin.dmg,macos,aarch64,jdk,2876
2026-09-15T00:24:48+00:00,sapmachine-24.0.2,232633082,False,sapmachine-jdk-24.0.2_macos-aarch64_bin.tar.gz,macos,aarch64,jdk,2784
2026-09-15T00:24:48+00:00,sapmachine-24.0.2,232633082,False,sapmachine-jdk-24.0.2_macos-x64_bin-symbols.tar.gz,macos,x64,jdk,3
2026-09-15T00:24:48+00:00,sapmachine-24.0.2,232633082,False,sapmachine-jdk-24.0.2_macos-x64_bin.dmg,macos,x64,jdk,1889
2026-09-15T00:24:48+00:00,sapmachine-24.0.2,232633082,False,sapmachine-jdk-24.0.2_macos-x64_bin.tar.gz,macos,x64,jdk,1901
2026-09-15T00:24:48+00:00,sapmachine-24.0.2,232633082,False,sapmachine-jdk-24.0.2_windows-x64_bin-symbols.tar.gz,windows,x64,jdk,1
2026-09-15T00:24:48+00:00,sapmachine-24.0.2,232633082,False,sapmachine-jdk-24.0.2_windows-x64_bin.zip,windows,x64,jdk,26341
2026-09-15T00:24:48+00:00,sapmachine-24.0.2,232633082,False,sapmachine-jre-24.0.2_aix-ppc64_bin.tar.gz,aix,ppc64,jre,1050
2026-09-15T00:24:48+00:00,sapmachine-24.0.2,232633082,False,sapmachine-jre-24.0.2_linux-aarch64_bin.tar.gz,linux,aarch64,jre,1088
2026-09-15T00:24:48+00:00,sapmachine-24.0.2,232633082,False,sapmachine-jre-24.0.2_linux-ppc64le_bin.tar.gz,linux,ppc64,jre,1005
2026-09-15T00:24:48+00:00,sapmachine-24.0.2,232633082,False,sapmachine-jre-24.0.2_linux-x64-musl_bin.tar.gz,alpine,x64,jre,1006
2026-09-15T00:24:48+00:00,sapmachine-24.0.2,232633082,False,sapmachine-jre-24.0.2_linux-x64_bin.tar.gz,linux,x64,jre,2028
2026-09-15T00:24:48+00:00,sapmachine-24.0.2,232633082,False,sapmachine-jre-24.0.2_macos-aarch64_bin.dmg,macos,aarch64,jre,1030
2026-09-15T00:24:48+00:00,sapmachine-24.0.2,232633082,False,sapmachine-jre-24.0.2_macos-aarch64_bin.tar.gz,macos,aarch64,jre,1128
2026-09-15T00:24:48+00:00,sapmachine-24.0.2,232633082,False,sapmachine-jre-24.0.2_macos-x64_bin.dmg,macos,x64,jre,1024
2026-09-15T00:24:48+00:00,sapmachine-24.0.2,232633082,False,sapmachine-jre-24.0.2_macos-x64_bin.tar.gz,macos,x64,jre,1096
2026-09-15T00:24:48+00:00,sapmachine-24.0.2,232633082,False,sapmachine-jre-24.0.2_windows-x64_bin.zip,windows,x64,jre,1173
2026-09-15T00:24:48+00:00,sapmachine-24.0.2,232633082,False,sapmachine-jdk-24.0.2_windows-x64_bin.msi,windows,x64,jdk,4887
2026-09-15T00:24:48+00:00,sapmachine-24.0.2,232633082,False,sapmachine-jre-24.0.2_windows-x64_bin.msi,windows,x64,jre,2244
2026-09-15T00:24:48+00:00,sapmachine-11.0.27,212625229,False,sapmachine-jdk-11.0.27-1.x86_64.rpm,linux,x64,jdk,1358
2026-09-15T00:24:48+00:00,sapmachine-11.0.27,212625229,False,sapmachine-jdk-11.0.27_linux-x64_bin-symbols.tar.gz,linux,x64,jdk,0
2026-09-15T00:24:48+00:00,sapmachine-11.0.27,212625229,False,sapmachine-jdk-11.0.27_linux-x64_bin.tar.gz,linux,x64,jdk,36949
2026-09-15T00:24:48+00:00,sapmachine-11.0.27,212625229,False,sapmachine-jre-11.0.27_linux-x64_bin.tar.gz,linux,x64,jre,2831
2026-09-15T00:24:48+00:00,sapmachine-17.0.15,212623278,False,sapmachine-jdk-17.0.15-1.aarch64.rpm,linux,aarch64,jdk,1325
2026-09-15T00:24:48+00:00,sapmachine-17.0.15,212623278,False,sapmachine-jdk-17.0.15-1.ppc64le.rpm,linux,ppc64,jdk,1310
2026-09-15T00:24:48+00:00,sapmachine-17.0.15,212623278,False,sapmachine-jdk-17.0.15-1.x86_64.rpm,linux,x64,jdk,2867
2026-09-15T00:24:48+00:00,sapmachine-17.0.15,212623278,False,sapmachine-jdk-17.0.15_linux-aarch64_bin-symbols.tar.gz,linux,aarch64,jdk,1
2026-09-15T00:24:48+00:00,sapmachine-17.0.15,212623278,False,sapmachine-jdk-17.0.15_linux-aarch64_bin.tar.gz,linux,aarch64,jdk,1636
2026-09-15T00:24:48+00:00,sapmachine-17.0.15,212623278,False,sapmachine-jdk-17.0.15_linux-ppc64le_bin-symbols.tar.gz,linux,ppc64,jdk,0
2026-09-15T00:24:48+00:00,sapmachine-17.0.15,212623278,False,sapmachine-jdk-17.0.15_linux-ppc64le_bin.tar.gz,linux,ppc64,jdk,1402
2026-09-15T00:24:48+00:00,sapmachine-17.0.15,212623278,False,sapmachine-jdk-17.0.15_linux-x64-musl_bin-symbols.tar.gz,alpine,x64,jdk,0
2026-09-15T00:24:48+00:00,sapmachine-17.0.15,212623278,False,sapmachine-jdk-17.0.15_linux-x64-musl_bin.tar.gz,alpine,x64,jdk,1479
2026-09-15T00:24:48+00:00,sapmachine-17.0.15,212623278,False,sapmachine-jdk-17.0.15_linux-x64_bin-symbols.tar.gz,linux,x64,jdk,18
2026-09-15T00:24:48+00:00,sapmachine-17.0.15,212623278,False,sapmachine-jdk-17.0.15_linux-x64_bin.tar.gz,linux,x64,jdk,345313
2026-09-15T00:24:48+00:00,sapmachine-17.0.15,212623278,False,sapmachine-jdk-17.0.15_macos-aarch64_bin-symbols.tar.gz,macos,aarch64,jdk,7
2026-09-15T00:24:48+00:00,sapmachine-17.0.15,212623278,False,sapmachine-jdk-17.0.15_macos-aarch64_bin.dmg,macos,aarch64,jdk,2690
2026-09-15T00:24:48+00:00,sapmachine-17.0.15,212623278,False,sapmachine-jdk-17.0.15_macos-aarch64_bin.tar.gz,macos,aarch64,jdk,19239
2026-09-15T00:24:48+00:00,sapmachine-17.0.15,212623278,False,sapmachine-jdk-17.0.15_macos-x64_bin-symbols.tar.gz,macos,x64,jdk,1
2026-09-15T00:24:48+00:00,sapmachine-17.0.15,212623278,False,sapmachine-jdk-17.0.15_macos-x64_bin.dmg,macos,x64,jdk,2701
2026-09-15T00:24:48+00:00,sapmachine-17.0.15,212623278,False,sapmachine-jdk-17.0.15_macos-x64_bin.tar.gz,macos,x64,jdk,5185
2026-09-15T00:24:48+00:00,sapmachine-17.0.15,212623278,False,sapmachine-jdk-17.0.15_windows-x64_bin-symbols.tar.gz,windows,x64,jdk,0
2026-09-15T00:24:48+00:00,sapmachine-17.0.15,212623278,False,sapmachine-jdk-17.0.15_windows-x64_bin.zip,windows,x64,jdk,6872
2026-09-15T00:24:48+00:00,sapmachine-17.0.15,212623278,False,sapmachine-jre-17.0.15_linux-aarch64_bin.tar.gz,linux,aarch64,jre,1670
2026-09-15T00:24:48+00:00,sapmachine-17.0.15,212623278,False,sapmachine-jre-17.0.15_linux-ppc64le_bin.tar.gz,linux,ppc64,jre,1332
2026-09-15T00:24:48+00:00,sapmachine-17.0.15,212623278,False,sapmachine-jre-17.0.15_linux-x64-musl_bin.tar.gz,alpine,x64,jre,1333
2026-09-15T00:24:48+00:00,sapmachine-17.0.15,212623278,False,sapmachine-jre-17.0.15_linux-x64_bin.tar.gz,linux,x64,jre,126971
2026-09-15T00:24:48+00:00,sapmachine-17.0.15,212623278,False,sapmachine-jre-17.0.15_macos-aarch64_bin.dmg,macos,aarch64,jre,1450
2026-09-15T00:24:48+00:00,sapmachine-17.0.15,212623278,False,sapmachine-jre-17.0.15_macos-aarch64_bin.tar.gz,macos,aarch64,jre,1629
2026-09-15T00:24:48+00:00,sapmachine-17.0.15,212623278,False,sapmachine-jre-17.0.15_macos-x64_bin.dmg,macos,x64,jre,1341
2026-09-15T00:24:48+00:00,sapmachine-17.0.15,212623278,False,sapmachine-jre-17.0.15_macos-x64_bin.tar.gz,macos,x64,jre,3202
2026-09-15T00:24:48+00:00,sapmachine-17.0.15,212623278,False,sapmachine-jre-17.0.15_windows-x64_bin.zip,windows,x64,jre,3337
2026-09-15T00:24:48+00:00,sapmachine-17.0.15,212623278,False,sapmachine-jdk-17.0.15_windows-x64_bin.msi,windows,x64,jdk,3921
2026-09-15T00:24:48+00:00,sapmachine-17.0.15,212623278,False,sapmachine-jre-17.0.15_windows-x64_bin.msi,windows,x64,jre,3307
2026-09-15T00:24:48+00:00,sapmachine-21.0.7,212619435,False,sapmachine-jdk-21.0.7-1.aarch64.rpm,linux,aarch64,jdk,1418
2026-09-15T00:24:48+00:00,sapmachine-21.0.7,212619435,False,sapmachine-jdk-21.0.7-1.ppc64le.rpm,linux,ppc64,jdk,1316
2026-09-15T00:24:48+00:00,sapmachine-21.0.7,212619435,False,sapmachine-jdk-21.0.7-1.x86_64.rpm,linux,x64,jdk,1493
2026-09-15T00:24:48+00:00,sapmachine-21.0.7,212619435,False,sapmachine-jdk-21.0.7_aix-ppc64_bin-symbols.tar.gz,aix,ppc64,jdk,7
2026-09-15T00:24:48+00:00,sapmachine-21.0.7,212619435,False,sapmachine-jdk-21.0.7_aix-ppc64_bin.tar.gz,aix,ppc64,jdk,1368
2026-09-15T00:24:48+00:00,sapmachine-21.0.7,212619435,False,sapmachine-jdk-21.0.7_linux-aarch64_bin-symbols.tar.gz,linux,aarch64,jdk,7
2026-09-15T00:24:48+00:00,sapmachine-21.0.7,212619435,False,sapmachine-jdk-21.0.7_linux-aarch64_bin.tar.gz,linux,aarch64,jdk,1613
2026-09-15T00:24:48+00:00,sapmachine-21.0.7,212619435,False,sapmachine-jdk-21.0.7_linux-ppc64le_bin-symbols.tar.gz,linux,ppc64,jdk,6
2026-09-15T00:24:48+00:00,sapmachine-21.0.7,212619435,False,sapmachine-jdk-21.0.7_linux-ppc64le_bin.tar.gz,linux,ppc64,jdk,1397
2026-09-15T00:24:48+00:00,sapmachine-21.0.7,212619435,False,sapmachine-jdk-21.0.7_linux-x64-musl_bin-symbols.tar.gz,alpine,x64,jdk,6
2026-09-15T00:24:48+00:00,sapmachine-21.0.7,212619435,False,sapmachine-jdk-21.0.7_linux-x64-musl_bin.tar.gz,alpine,x64,jdk,1862
2026-09-15T00:24:48+00:00,sapmachine-21.0.7,212619435,False,sapmachine-jdk-21.0.7_linux-x64_bin-symbols.tar.gz,linux,x64,jdk,6
2026-09-15T00:24:48+00:00,sapmachine-21.0.7,212619435,False,sapmachine-jdk-21.0.7_linux-x64_bin.tar.gz,linux,x64,jdk,235549
2026-09-15T00:24:48+00:00,sapmachine-21.0.7,212619435,False,sapmachine-jdk-21.0.7_macos-aarch64_bin-symbols.tar.gz,macos,aarch64,jdk,9
2026-09-15T00:24:48+00:00,sapmachine-21.0.7,212619435,False,sapmachine-jdk-21.0.7_macos-aarch64_bin.dmg,macos,aarch64,jdk,2325
2026-09-15T00:24:48+00:00,sapmachine-21.0.7,212619435,False,sapmachine-jdk-21.0.7_macos-aarch64_bin.tar.gz,macos,aarch64,jdk,25893
2026-09-15T00:24:48+00:00,sapmachine-21.0.7,212619435,False,sapmachine-jdk-21.0.7_macos-x64_bin-symbols.tar.gz,macos,x64,jdk,8
2026-09-15T00:24:48+00:00,sapmachine-21.0.7,212619435,False,sapmachine-jdk-21.0.7_macos-x64_bin.dmg,macos,x64,jdk,2144
2026-09-15T00:24:48+00:00,sapmachine-21.0.7,212619435,False,sapmachine-jdk-21.0.7_macos-x64_bin.tar.gz,macos,x64,jdk,4647
2026-09-15T00:24:48+00:00,sapmachine-21.0.7,212619435,False,sapmachine-jdk-21.0.7_windows-x64_bin-symbols.tar.gz,windows,x64,jdk,6
2026-09-15T00:24:48+00:00,sapmachine-21.0.7,212619435,False,sapmachine-jdk-21.0.7_windows-x64_bin.zip,windows,x64,jdk,4838
2026-09-15T00:24:48+00:00,sapmachine-21.0.7,212619435,False,sapmachine-jre-21.0.7_aix-ppc64_bin.tar.gz,aix,ppc64,jre,1329
2026-09-15T00:24:48+00:00,sapmachine-21.0.7,212619435,False,sapmachine-jre-21.0.7_linux-aarch64_bin.tar.gz,linux,aarch64,jre,1506
2026-09-15T00:24:48+00:00,sapmachine-21.0.7,212619435,False,sapmachine-jre-21.0.7_linux-ppc64le_bin.tar.gz,linux,ppc64,jre,1347
2026-09-15T00:24:48+00:00,sapmachine-21.0.7,212619435,False,sapmachine-jre-21.0.7_linux-x64-musl_bin.tar.gz,alpine,x64,jre,1362
2026-09-15T00:24:48+00:00,sapmachine-21.0.7,212619435,False,sapmachine-jre-21.0.7_linux-x64_bin.tar.gz,linux,x64,jre,71459
2026-09-15T00:24:48+00:00,sapmachine-21.0.7,212619435,False,sapmachine-jre-21.0.7_macos-aarch64_bin.dmg,macos,aarch64,jre,1355
2026-09-15T00:24:48+00:00,sapmachine-21.0.7,212619435,False,sapmachine-jre-21.0.7_macos-aarch64_bin.tar.gz,macos,aarch64,jre,1891
2026-09-15T00:24:48+00:00,sapmachine-21.0.7,212619435,False,sapmachine-jre-21.0.7_macos-x64_bin.dmg,macos,x64,jre,1346
2026-09-15T00:24:48+00:00,sapmachine-21.0.7,212619435,False,sapmachine-jre-21.0.7_macos-x64_bin.tar.gz,macos,x64,jre,1652
2026-09-15T00:24:48+00:00,sapmachine-21.0.7,212619435,False,sapmachine-jre-21.0.7_windows-x64_bin.zip,windows,x64,jre,1767
2026-09-15T00:24:48+00:00,sapmachine-21.0.7,212619435,False,sapmachine-jdk-21.0.7_windows-x64_bin.msi,windows,x64,jdk,3312
2026-09-15T00:24:48+00:00,sapmachine-21.0.7,212619435,False,sapmachine-jre-21.0.7_windows-x64_bin.msi,windows,x64,jre,2349
2026-09-15T00:24:48+00:00,sapmachine-24.0.1,212611981,False,sapmachine-jdk-24.0.1-1.aarch64.rpm,linux,aarch64,jdk,1324
2026-09-15T00:24:48+00:00,sapmachine-24.0.1,212611981,False,sapmachine-jdk-24.0.1-1.ppc64le.rpm,linux,ppc64,jdk,1310
2026-09-15T00:24:48+00:00,sapmachine-24.0.1,212611981,False,sapmachine-jdk-24.0.1-1.x86_64.rpm,linux,x64,jdk,1319
2026-09-15T00:24:48+00:00,sapmachine-24.0.1,212611981,False,sapmachine-jdk-24.0.1_aix-ppc64_bin-symbols.tar.gz,aix,ppc64,jdk,0
2026-09-15T00:24:48+00:00,sapmachine-24.0.1,212611981,False,sapmachine-jdk-24.0.1_aix-ppc64_bin.tar.gz,aix,ppc64,jdk,1419
2026-09-15T00:24:48+00:00,sapmachine-24.0.1,212611981,False,sapmachine-jdk-24.0.1_linux-aarch64_bin-symbols.tar.gz,linux,aarch64,jdk,0
2026-09-15T00:24:48+00:00,sapmachine-24.0.1,212611981,False,sapmachine-jdk-24.0.1_linux-aarch64_bin.tar.gz,linux,aarch64,jdk,1581
2026-09-15T00:24:48+00:00,sapmachine-24.0.1,212611981,False,sapmachine-jdk-24.0.1_linux-ppc64le_bin-symbols.tar.gz,linux,ppc64,jdk,0
2026-09-15T00:24:48+00:00,sapmachine-24.0.1,212611981,False,sapmachine-jdk-24.0.1_linux-ppc64le_bin.tar.gz,linux,ppc64,jdk,1432
2026-09-15T00:24:48+00:00,sapmachine-24.0.1,212611981,False,sapmachine-jdk-24.0.1_linux-x64-musl_bin-symbols.tar.gz,alpine,x64,jdk,0
2026-09-15T00:24:48+00:00,sapmachine-24.0.1,212611981,False,sapmachine-jdk-24.0.1_linux-x64-musl_bin.tar.gz,alpine,x64,jdk,1758
2026-09-15T00:24:48+00:00,sapmachine-24.0.1,212611981,False,sapmachine-jdk-24.0.1_linux-x64_bin-symbols.tar.gz,linux,x64,jdk,0
2026-09-15T00:24:48+00:00,sapmachine-24.0.1,212611981,False,sapmachine-jdk-24.0.1_linux-x64_bin.tar.gz,linux,x64,jdk,7876
2026-09-15T00:24:48+00:00,sapmachine-24.0.1,212611981,False,sapmachine-jdk-24.0.1_macos-aarch64_bin-symbols.tar.gz,macos,aarch64,jdk,2
2026-09-15T00:24:48+00:00,sapmachine-24.0.1,212611981,False,sapmachine-jdk-24.0.1_macos-aarch64_bin.dmg,macos,aarch64,jdk,2809
2026-09-15T00:24:48+00:00,sapmachine-24.0.1,212611981,False,sapmachine-jdk-24.0.1_macos-aarch64_bin.tar.gz,macos,aarch64,jdk,2665
2026-09-15T00:24:48+00:00,sapmachine-24.0.1,212611981,False,sapmachine-jdk-24.0.1_macos-x64_bin-symbols.tar.gz,macos,x64,jdk,1
2026-09-15T00:24:48+00:00,sapmachine-24.0.1,212611981,False,sapmachine-jdk-24.0.1_macos-x64_bin.dmg,macos,x64,jdk,2547
2026-09-15T00:24:48+00:00,sapmachine-24.0.1,212611981,False,sapmachine-jdk-24.0.1_macos-x64_bin.tar.gz,macos,x64,jdk,2038
2026-09-15T00:24:48+00:00,sapmachine-24.0.1,212611981,False,sapmachine-jdk-24.0.1_windows-x64_bin-symbols.tar.gz,windows,x64,jdk,1
2026-09-15T00:24:48+00:00,sapmachine-24.0.1,212611981,False,sapmachine-jdk-24.0.1_windows-x64_bin.zip,windows,x64,jdk,2607
2026-09-15T00:24:48+00:00,sapmachine-24.0.1,212611981,False,sapmachine-jre-24.0.1_aix-ppc64_bin.tar.gz,aix,ppc64,jre,1317
2026-09-15T00:24:48+00:00,sapmachine-24.0.1,212611981,False,sapmachine-jre-24.0.1_linux-aarch64_bin.tar.gz,linux,aarch64,jre,1434
2026-09-15T00:24:48+00:00,sapmachine-24.0.1,212611981,False,sapmachine-jre-24.0.1_linux-ppc64le_bin.tar.gz,linux,ppc64,jre,1347
2026-09-15T00:24:48+00:00,sapmachine-24.0.1,212611981,False,sapmachine-jre-24.0.1_linux-x64-musl_bin.tar.gz,alpine,x64,jre,1323
2026-09-15T00:24:48+00:00,sapmachine-24.0.1,212611981,False,sapmachine-jre-24.0.1_linux-x64_bin.tar.gz,linux,x64,jre,2092
2026-09-15T00:24:48+00:00,sapmachine-24.0.1,212611981,False,sapmachine-jre-24.0.1_macos-aarch64_bin.dmg,macos,aarch64,jre,1330
2026-09-15T00:24:48+00:00,sapmachine-24.0.1,212611981,False,sapmachine-jre-24.0.1_macos-aarch64_bin.tar.gz,macos,aarch64,jre,1432
2026-09-15T00:24:48+00:00,sapmachine-24.0.1,212611981,False,sapmachine-jre-24.0.1_macos-x64_bin.dmg,macos,x64,jre,1328
2026-09-15T00:24:48+00:00,sapmachine-24.0.1,212611981,False,sapmachine-jre-24.0.1_macos-x64_bin.tar.gz,macos,x64,jre,1400
2026-09-15T00:24:48+00:00,sapmachine-24.0.1,212611981,False,sapmachine-jre-24.0.1_windows-x64_bin.zip,windows,x64,jre,1494
2026-09-15T00:24:48+00:00,sapmachine-24.0.1,212611981,False,sapmachine-jdk-24.0.1_windows-x64_bin.msi,windows,x64,jdk,6119
2026-09-15T00:24:48+00:00,sapmachine-24.0.1,212611981,False,sapmachine-jre-24.0.1_windows-x64_bin.msi,windows,x64,jre,2636
2026-09-15T00:24:48+00:00,sapmachine-24,206755339,False,sapmachine-jdk-24-1.aarch64.rpm,linux,aarch64,jdk,1406
2026-09-15T00:24:48+00:00,sapmachine-24,206755339,False,sapmachine-jdk-24-1.ppc64le.rpm,linux,ppc64,jdk,1497
2026-09-15T00:24:48+00:00,sapmachine-24,206755339,False,sapmachine-jdk-24-1.x86_64.rpm,linux,x64,jdk,1427
2026-09-15T00:24:48+00:00,sapmachine-24,206755339,False,sapmachine-jdk-24_aix-ppc64_bin-symbols.tar.gz,aix,ppc64,jdk,1
2026-09-15T00:24:48+00:00,sapmachine-24,206755339,False,sapmachine-jdk-24_aix-ppc64_bin.tar.gz,aix,ppc64,jdk,1433
2026-09-15T00:24:48+00:00,sapmachine-24,206755339,False,sapmachine-jdk-24_linux-aarch64_bin-symbols.tar.gz,linux,aarch64,jdk,1
2026-09-15T00:24:48+00:00,sapmachine-24,206755339,False,sapmachine-jdk-24_linux-aarch64_bin.tar.gz,linux,aarch64,jdk,1603
2026-09-15T00:24:48+00:00,sapmachine-24,206755339,False,sapmachine-jdk-24_linux-ppc64le_bin-symbols.tar.gz,linux,ppc64,jdk,1
2026-09-15T00:24:48+00:00,sapmachine-24,206755339,False,sapmachine-jdk-24_linux-ppc64le_bin.tar.gz,linux,ppc64,jdk,1466
2026-09-15T00:24:48+00:00,sapmachine-24,206755339,False,sapmachine-jdk-24_linux-x64-musl_bin-symbols.tar.gz,alpine,x64,jdk,1
2026-09-15T00:24:48+00:00,sapmachine-24,206755339,False,sapmachine-jdk-24_linux-x64-musl_bin.tar.gz,alpine,x64,jdk,1495
2026-09-15T00:24:48+00:00,sapmachine-24,206755339,False,sapmachine-jdk-24_linux-x64_bin-symbols.tar.gz,linux,x64,jdk,1
2026-09-15T00:24:48+00:00,sapmachine-24,206755339,False,sapmachine-jdk-24_linux-x64_bin.tar.gz,linux,x64,jdk,2719
2026-09-15T00:24:48+00:00,sapmachine-24,206755339,False,sapmachine-jdk-24_macos-aarch64_bin-symbols.tar.gz,macos,aarch64,jdk,1
2026-09-15T00:24:48+00:00,sapmachine-24,206755339,False,sapmachine-jdk-24_macos-aarch64_bin.dmg,macos,aarch64,jdk,2022
2026-09-15T00:24:48+00:00,sapmachine-24,206755339,False,sapmachine-jdk-24_macos-aarch64_bin.tar.gz,macos,aarch64,jdk,1803
2026-09-15T00:24:48+00:00,sapmachine-24,206755339,False,sapmachine-jdk-24_macos-x64_bin-symbols.tar.gz,macos,x64,jdk,2
2026-09-15T00:24:48+00:00,sapmachine-24,206755339,False,sapmachine-jdk-24_macos-x64_bin.dmg,macos,x64,jdk,1844
2026-09-15T00:24:48+00:00,sapmachine-24,206755339,False,sapmachine-jdk-24_macos-x64_bin.tar.gz,macos,x64,jdk,1669
2026-09-15T00:24:48+00:00,sapmachine-24,206755339,False,sapmachine-jdk-24_windows-x64_bin-symbols.tar.gz,windows,x64,jdk,3
2026-09-15T00:24:48+00:00,sapmachine-24,206755339,False,sapmachine-jdk-24_windows-x64_bin.zip,windows,x64,jdk,1940
2026-09-15T00:24:48+00:00,sapmachine-24,206755339,False,sapmachine-jre-24_aix-ppc64_bin.tar.gz,aix,ppc64,jre,1415
2026-09-15T00:24:48+00:00,sapmachine-24,206755339,False,sapmachine-jre-24_linux-aarch64_bin.tar.gz,linux,aarch64,jre,1468
2026-09-15T00:24:48+00:00,sapmachine-24,206755339,False,sapmachine-jre-24_linux-ppc64le_bin.tar.gz,linux,ppc64,jre,1408
2026-09-15T00:24:48+00:00,sapmachine-24,206755339,False,sapmachine-jre-24_linux-x64-musl_bin.tar.gz,alpine,x64,jre,1424
2026-09-15T00:24:48+00:00,sapmachine-24,206755339,False,sapmachine-jre-24_linux-x64_bin.tar.gz,linux,x64,jre,1997
2026-09-15T00:24:48+00:00,sapmachine-24,206755339,False,sapmachine-jre-24_macos-aarch64_bin.dmg,macos,aarch64,jre,1445
2026-09-15T00:24:48+00:00,sapmachine-24,206755339,False,sapmachine-jre-24_macos-aarch64_bin.tar.gz,macos,aarch64,jre,1505
2026-09-15T00:24:48+00:00,sapmachine-24,206755339,False,sapmachine-jre-24_macos-x64_bin.dmg,macos,x64,jre,1418
2026-09-15T00:24:48+00:00,sapmachine-24,206755339,False,sapmachine-jre-24_macos-x64_bin.tar.gz,macos,x64,jre,1513
2026-09-15T00:24:48+00:00,sapmachine-24,206755339,False,sapmachine-jre-24_windows-x64_bin.zip,windows,x64,jre,1530
2026-09-15T00:24:48+00:00,sapmachine-24,206755339,False,sapmachine-jdk-24_windows-x64_bin.msi,windows,x64,jdk,3561
2026-09-15T00:24:48+00:00,sapmachine-24,206755339,False,sapmachine-jre-24_windows-x64_bin.msi,windows,x64,jre,2355
2026-09-15T00:24:48+00:00,sapmachine-11.0.26,196049247,False,sapmachine-jdk-11.0.26-1.x86_64.rpm,linux,x64,jdk,1583
2026-09-15T00:24:48+00:00,sapmachine-11.0.26,196049247,False,sapmachine-jdk-11.0.26_linux-x64_bin-symbols.tar.gz,linux,x64,jdk,2
2026-09-15T00:24:48+00:00,sapmachine-11.0.26,196049247,False,sapmachine-jdk-11.0.26_linux-x64_bin.tar.gz,linux,x64,jdk,22181
2026-09-15T00:24:48+00:00,sapmachine-11.0.26,196049247,False,sapmachine-jre-11.0.26_linux-x64_bin.tar.gz,linux,x64,jre,3014
2026-09-15T00:24:48+00:00,sapmachine-17.0.14,196046864,False,sapmachine-jdk-17.0.14-1.aarch64.rpm,linux,aarch64,jdk,1581
2026-09-15T00:24:48+00:00,sapmachine-17.0.14,196046864,False,sapmachine-jdk-17.0.14-1.ppc64le.rpm,linux,ppc64,jdk,1565
2026-09-15T00:24:48+00:00,sapmachine-17.0.14,196046864,False,sapmachine-jdk-17.0.14-1.x86_64.rpm,linux,x64,jdk,2056
2026-09-15T00:24:48+00:00,sapmachine-17.0.14,196046864,False,sapmachine-jdk-17.0.14_linux-aarch64_bin-symbols.tar.gz,linux,aarch64,jdk,3
2026-09-15T00:24:48+00:00,sapmachine-17.0.14,196046864,False,sapmachine-jdk-17.0.14_linux-aarch64_bin.tar.gz,linux,aarch64,jdk,1945
2026-09-15T00:24:48+00:00,sapmachine-17.0.14,196046864,False,sapmachine-jdk-17.0.14_linux-ppc64le_bin-symbols.tar.gz,linux,ppc64,jdk,2
2026-09-15T00:24:48+00:00,sapmachine-17.0.14,196046864,False,sapmachine-jdk-17.0.14_linux-ppc64le_bin.tar.gz,linux,ppc64,jdk,1669
2026-09-15T00:24:48+00:00,sapmachine-17.0.14,196046864,False,sapmachine-jdk-17.0.14_linux-x64-musl_bin-symbols.tar.gz,alpine,x64,jdk,2
2026-09-15T00:24:48+00:00,sapmachine-17.0.14,196046864,False,sapmachine-jdk-17.0.14_linux-x64-musl_bin.tar.gz,alpine,x64,jdk,1717
2026-09-15T00:24:48+00:00,sapmachine-17.0.14,196046864,False,sapmachine-jdk-17.0.14_linux-x64_bin-symbols.tar.gz,linux,x64,jdk,2
2026-09-15T00:24:48+00:00,sapmachine-17.0.14,196046864,False,sapmachine-jdk-17.0.14_linux-x64_bin.tar.gz,linux,x64,jdk,128565
2026-09-15T00:24:48+00:00,sapmachine-17.0.14,196046864,False,sapmachine-jdk-17.0.14_macos-aarch64_bin-symbols.tar.gz,macos,aarch64,jdk,12
2026-09-15T00:24:48+00:00,sapmachine-17.0.14,196046864,False,sapmachine-jdk-17.0.14_macos-aarch64_bin.dmg,macos,aarch64,jdk,2606
2026-09-15T00:24:48+00:00,sapmachine-17.0.14,196046864,False,sapmachine-jdk-17.0.14_macos-aarch64_bin.tar.gz,macos,aarch64,jdk,17780
2026-09-15T00:24:48+00:00,sapmachine-17.0.14,196046864,False,sapmachine-jdk-17.0.14_macos-x64_bin-symbols.tar.gz,macos,x64,jdk,3
2026-09-15T00:24:48+00:00,sapmachine-17.0.14,196046864,False,sapmachine-jdk-17.0.14_macos-x64_bin.dmg,macos,x64,jdk,2904
2026-09-15T00:24:48+00:00,sapmachine-17.0.14,196046864,False,sapmachine-jdk-17.0.14_macos-x64_bin.tar.gz,macos,x64,jdk,5447
2026-09-15T00:24:48+00:00,sapmachine-17.0.14,196046864,False,sapmachine-jdk-17.0.14_windows-x64_bin-symbols.tar.gz,windows,x64,jdk,5
2026-09-15T00:24:48+00:00,sapmachine-17.0.14,196046864,False,sapmachine-jdk-17.0.14_windows-x64_bin.zip,windows,x64,jdk,26224
2026-09-15T00:24:48+00:00,sapmachine-17.0.14,196046864,False,sapmachine-jre-17.0.14_linux-aarch64_bin.tar.gz,linux,aarch64,jre,1904
2026-09-15T00:24:48+00:00,sapmachine-17.0.14,196046864,False,sapmachine-jre-17.0.14_linux-ppc64le_bin.tar.gz,linux,ppc64,jre,1582
2026-09-15T00:24:48+00:00,sapmachine-17.0.14,196046864,False,sapmachine-jre-17.0.14_linux-x64-musl_bin.tar.gz,alpine,x64,jre,1646
2026-09-15T00:24:48+00:00,sapmachine-17.0.14,196046864,False,sapmachine-jre-17.0.14_linux-x64_bin.tar.gz,linux,x64,jre,118777
2026-09-15T00:24:48+00:00,sapmachine-17.0.14,196046864,False,sapmachine-jre-17.0.14_macos-aarch64_bin.dmg,macos,aarch64,jre,1646
2026-09-15T00:24:48+00:00,sapmachine-17.0.14,196046864,False,sapmachine-jre-17.0.14_macos-aarch64_bin.tar.gz,macos,aarch64,jre,1866
2026-09-15T00:24:48+00:00,sapmachine-17.0.14,196046864,False,sapmachine-jre-17.0.14_macos-x64_bin.dmg,macos,x64,jre,1606
2026-09-15T00:24:48+00:00,sapmachine-17.0.14,196046864,False,sapmachine-jre-17.0.14_macos-x64_bin.tar.gz,macos,x64,jre,4067
2026-09-15T00:24:48+00:00,sapmachine-17.0.14,196046864,False,sapmachine-jre-17.0.14_windows-x64_bin.zip,windows,x64,jre,4295
2026-09-15T00:24:48+00:00,sapmachine-17.0.14,196046864,False,sapmachine-jdk-17.0.14_windows-x64_bin.msi,windows,x64,jdk,4321
2026-09-15T00:24:48+00:00,sapmachine-17.0.14,196046864,False,sapmachine-jre-17.0.14_windows-x64_bin.msi,windows,x64,jre,3548
2026-09-15T00:24:48+00:00,sapmachine-21.0.6,196029075,False,sapmachine-jdk-21.0.6-1.aarch64.rpm,linux,aarch64,jdk,1581
2026-09-15T00:24:48+00:00,sapmachine-21.0.6,196029075,False,sapmachine-jdk-21.0.6-1.ppc64le.rpm,linux,ppc64,jdk,1570
2026-09-15T00:24:48+00:00,sapmachine-21.0.6,196029075,False,sapmachine-jdk-21.0.6-1.x86_64.rpm,linux,x64,jdk,1646
2026-09-15T00:24:48+00:00,sapmachine-21.0.6,196029075,False,sapmachine-jdk-21.0.6_aix-ppc64_bin-symbols.tar.gz,aix,ppc64,jdk,4
2026-09-15T00:24:48+00:00,sapmachine-21.0.6,196029075,False,sapmachine-jdk-21.0.6_aix-ppc64_bin.tar.gz,aix,ppc64,jdk,1614
2026-09-15T00:24:48+00:00,sapmachine-21.0.6,196029075,False,sapmachine-jdk-21.0.6_linux-aarch64_bin-symbols.tar.gz,linux,aarch64,jdk,3
2026-09-15T00:24:48+00:00,sapmachine-21.0.6,196029075,False,sapmachine-jdk-21.0.6_linux-aarch64_bin.tar.gz,linux,aarch64,jdk,1775
2026-09-15T00:24:48+00:00,sapmachine-21.0.6,196029075,False,sapmachine-jdk-21.0.6_linux-ppc64le_bin-symbols.tar.gz,linux,ppc64,jdk,3
2026-09-15T00:24:48+00:00,sapmachine-21.0.6,196029075,False,sapmachine-jdk-21.0.6_linux-ppc64le_bin.tar.gz,linux,ppc64,jdk,1610
2026-09-15T00:24:48+00:00,sapmachine-21.0.6,196029075,False,sapmachine-jdk-21.0.6_linux-x64-musl_bin-symbols.tar.gz,alpine,x64,jdk,3
2026-09-15T00:24:48+00:00,sapmachine-21.0.6,196029075,False,sapmachine-jdk-21.0.6_linux-x64-musl_bin.tar.gz,alpine,x64,jdk,1826
2026-09-15T00:24:48+00:00,sapmachine-21.0.6,196029075,False,sapmachine-jdk-21.0.6_linux-x64_bin-symbols.tar.gz,linux,x64,jdk,6
2026-09-15T00:24:48+00:00,sapmachine-21.0.6,196029075,False,sapmachine-jdk-21.0.6_linux-x64_bin.tar.gz,linux,x64,jdk,57963
2026-09-15T00:24:48+00:00,sapmachine-21.0.6,196029075,False,sapmachine-jdk-21.0.6_macos-aarch64_bin-symbols.tar.gz,macos,aarch64,jdk,3
2026-09-15T00:24:48+00:00,sapmachine-21.0.6,196029075,False,sapmachine-jdk-21.0.6_macos-aarch64_bin.dmg,macos,aarch64,jdk,2035
2026-09-15T00:24:48+00:00,sapmachine-21.0.6,196029075,False,sapmachine-jdk-21.0.6_macos-aarch64_bin.tar.gz,macos,aarch64,jdk,23295
2026-09-15T00:24:48+00:00,sapmachine-21.0.6,196029075,False,sapmachine-jdk-21.0.6_macos-x64_bin-symbols.tar.gz,macos,x64,jdk,3
2026-09-15T00:24:48+00:00,sapmachine-21.0.6,196029075,False,sapmachine-jdk-21.0.6_macos-x64_bin.dmg,macos,x64,jdk,2097
2026-09-15T00:24:48+00:00,sapmachine-21.0.6,196029075,False,sapmachine-jdk-21.0.6_macos-x64_bin.tar.gz,macos,x64,jdk,6103
2026-09-15T00:24:48+00:00,sapmachine-21.0.6,196029075,False,sapmachine-jdk-21.0.6_windows-x64_bin-symbols.tar.gz,windows,x64,jdk,4
2026-09-15T00:24:48+00:00,sapmachine-21.0.6,196029075,False,sapmachine-jdk-21.0.6_windows-x64_bin.zip,windows,x64,jdk,5664
2026-09-15T00:24:48+00:00,sapmachine-21.0.6,196029075,False,sapmachine-jre-21.0.6_aix-ppc64_bin.tar.gz,aix,ppc64,jre,1621
2026-09-15T00:24:48+00:00,sapmachine-21.0.6,196029075,False,sapmachine-jre-21.0.6_linux-aarch64_bin.tar.gz,linux,aarch64,jre,1802
2026-09-15T00:24:48+00:00,sapmachine-21.0.6,196029075,False,sapmachine-jre-21.0.6_linux-ppc64le_bin.tar.gz,linux,ppc64,jre,1575
2026-09-15T00:24:48+00:00,sapmachine-21.0.6,196029075,False,sapmachine-jre-21.0.6_linux-x64-musl_bin.tar.gz,alpine,x64,jre,1643
2026-09-15T00:24:48+00:00,sapmachine-21.0.6,196029075,False,sapmachine-jre-21.0.6_linux-x64_bin.tar.gz,linux,x64,jre,60901
2026-09-15T00:24:48+00:00,sapmachine-21.0.6,196029075,False,sapmachine-jre-21.0.6_macos-aarch64_bin.dmg,macos,aarch64,jre,1617
2026-09-15T00:24:48+00:00,sapmachine-21.0.6,196029075,False,sapmachine-jre-21.0.6_macos-aarch64_bin.tar.gz,macos,aarch64,jre,2004
2026-09-15T00:24:48+00:00,sapmachine-21.0.6,196029075,False,sapmachine-jre-21.0.6_macos-x64_bin.dmg,macos,x64,jre,1591
2026-09-15T00:24:48+00:00,sapmachine-21.0.6,196029075,False,sapmachine-jre-21.0.6_macos-x64_bin.tar.gz,macos,x64,jre,1806
2026-09-15T00:24:48+00:00,sapmachine-21.0.6,196029075,False,sapmachine-jre-21.0.6_windows-x64_bin.zip,windows,x64,jre,1895
2026-09-15T00:24:48+00:00,sapmachine-21.0.6,196029075,False,sapmachine-jdk-21.0.6_windows-x64_bin.msi,windows,x64,jdk,3581
2026-09-15T00:24:48+00:00,sapmachine-21.0.6,196029075,False,sapmachine-jre-21.0.6_windows-x64_bin.msi,windows,x64,jre,2665
2026-09-15T00:24:48+00:00,sapmachine-23.0.2,196017845,False,sapmachine-jdk-23.0.2-1.aarch64.rpm,linux,aarch64,jdk,1588
2026-09-15T00:24:48+00:00,sapmachine-23.0.2,196017845,False,sapmachine-jdk-23.0.2-1.ppc64le.rpm,linux,ppc64,jdk,1636
2026-09-15T00:24:48+00:00,sapmachine-23.0.2,196017845,False,sapmachine-jdk-23.0.2-1.x86_64.rpm,linux,x64,jdk,1606
2026-09-15T00:24:48+00:00,sapmachine-23.0.2,196017845,False,sapmachine-jdk-23.0.2_aix-ppc64_bin-symbols.tar.gz,aix,ppc64,jdk,2
2026-09-15T00:24:48+00:00,sapmachine-23.0.2,196017845,False,sapmachine-jdk-23.0.2_aix-ppc64_bin.tar.gz,aix,ppc64,jdk,1636
2026-09-15T00:24:48+00:00,sapmachine-23.0.2,196017845,False,sapmachine-jdk-23.0.2_linux-aarch64_bin-symbols.tar.gz,linux,aarch64,jdk,2
2026-09-15T00:24:48+00:00,sapmachine-23.0.2,196017845,False,sapmachine-jdk-23.0.2_linux-aarch64_bin.tar.gz,linux,aarch64,jdk,1742
2026-09-15T00:24:48+00:00,sapmachine-23.0.2,196017845,False,sapmachine-jdk-23.0.2_linux-ppc64le_bin-symbols.tar.gz,linux,ppc64,jdk,2
2026-09-15T00:24:48+00:00,sapmachine-23.0.2,196017845,False,sapmachine-jdk-23.0.2_linux-ppc64le_bin.tar.gz,linux,ppc64,jdk,1634
2026-09-15T00:24:48+00:00,sapmachine-23.0.2,196017845,False,sapmachine-jdk-23.0.2_linux-x64-musl_bin-symbols.tar.gz,alpine,x64,jdk,2
2026-09-15T00:24:48+00:00,sapmachine-23.0.2,196017845,False,sapmachine-jdk-23.0.2_linux-x64-musl_bin.tar.gz,alpine,x64,jdk,1776
2026-09-15T00:24:48+00:00,sapmachine-23.0.2,196017845,False,sapmachine-jdk-23.0.2_linux-x64_bin-symbols.tar.gz,linux,x64,jdk,2
2026-09-15T00:24:48+00:00,sapmachine-23.0.2,196017845,False,sapmachine-jdk-23.0.2_linux-x64_bin.tar.gz,linux,x64,jdk,150463
2026-09-15T00:24:48+00:00,sapmachine-23.0.2,196017845,False,sapmachine-jdk-23.0.2_macos-aarch64_bin-symbols.tar.gz,macos,aarch64,jdk,3
2026-09-15T00:24:48+00:00,sapmachine-23.0.2,196017845,False,sapmachine-jdk-23.0.2_macos-aarch64_bin.dmg,macos,aarch64,jdk,2642
2026-09-15T00:24:48+00:00,sapmachine-23.0.2,196017845,False,sapmachine-jdk-23.0.2_macos-aarch64_bin.tar.gz,macos,aarch64,jdk,2924
2026-09-15T00:24:48+00:00,sapmachine-23.0.2,196017845,False,sapmachine-jdk-23.0.2_macos-x64_bin-symbols.tar.gz,macos,x64,jdk,2
2026-09-15T00:24:48+00:00,sapmachine-23.0.2,196017845,False,sapmachine-jdk-23.0.2_macos-x64_bin.dmg,macos,x64,jdk,2420
2026-09-15T00:24:48+00:00,sapmachine-23.0.2,196017845,False,sapmachine-jdk-23.0.2_macos-x64_bin.tar.gz,macos,x64,jdk,2042
2026-09-15T00:24:48+00:00,sapmachine-23.0.2,196017845,False,sapmachine-jdk-23.0.2_windows-x64_bin-symbols.tar.gz,windows,x64,jdk,5
2026-09-15T00:24:48+00:00,sapmachine-23.0.2,196017845,False,sapmachine-jdk-23.0.2_windows-x64_bin.zip,windows,x64,jdk,2501
2026-09-15T00:24:48+00:00,sapmachine-23.0.2,196017845,False,sapmachine-jre-23.0.2_aix-ppc64_bin.tar.gz,aix,ppc64,jre,1609
2026-09-15T00:24:48+00:00,sapmachine-23.0.2,196017845,False,sapmachine-jre-23.0.2_linux-aarch64_bin.tar.gz,linux,aarch64,jre,1656
2026-09-15T00:24:48+00:00,sapmachine-23.0.2,196017845,False,sapmachine-jre-23.0.2_linux-ppc64le_bin.tar.gz,linux,ppc64,jre,1573
2026-09-15T00:24:48+00:00,sapmachine-23.0.2,196017845,False,sapmachine-jre-23.0.2_linux-x64-musl_bin.tar.gz,alpine,x64,jre,1604
2026-09-15T00:24:48+00:00,sapmachine-23.0.2,196017845,False,sapmachine-jre-23.0.2_linux-x64_bin.tar.gz,linux,x64,jre,3887
2026-09-15T00:24:48+00:00,sapmachine-23.0.2,196017845,False,sapmachine-jre-23.0.2_macos-aarch64_bin.dmg,macos,aarch64,jre,1610
2026-09-15T00:24:48+00:00,sapmachine-23.0.2,196017845,False,sapmachine-jre-23.0.2_macos-aarch64_bin.tar.gz,macos,aarch64,jre,1716
2026-09-15T00:24:48+00:00,sapmachine-23.0.2,196017845,False,sapmachine-jre-23.0.2_macos-x64_bin.dmg,macos,x64,jre,1636
2026-09-15T00:24:48+00:00,sapmachine-23.0.2,196017845,False,sapmachine-jre-23.0.2_macos-x64_bin.tar.gz,macos,x64,jre,1670
2026-09-15T00:24:48+00:00,sapmachine-23.0.2,196017845,False,sapmachine-jre-23.0.2_windows-x64_bin.zip,windows,x64,jre,1747
2026-09-15T00:24:48+00:00,sapmachine-23.0.2,196017845,False,sapmachine-jdk-23.0.2_windows-x64_bin.msi,windows,x64,jdk,5324
2026-09-15T00:24:48+00:00,sapmachine-23.0.2,196017845,False,sapmachine-jre-23.0.2_windows-x64_bin.msi,windows,x64,jre,3092
2026-09-15T00:24:48+00:00,sapmachine-21.0.5,180069062,False,sapmachine-jdk-21.0.5-1.x86_64.rpm,linux,x64,jdk,1929
2026-09-15T00:24:48+00:00,sapmachine-21.0.5,180069062,False,sapmachine-jdk-21.0.5_aix-ppc64_bin-symbols.tar.gz,aix,ppc64,jdk,4
2026-09-15T00:24:48+00:00,sapmachine-21.0.5,180069062,False,sapmachine-jdk-21.0.5_aix-ppc64_bin.tar.gz,aix,ppc64,jdk,1942
2026-09-15T00:24:48+00:00,sapmachine-21.0.5,180069062,False,sapmachine-jdk-21.0.5_linux-aarch64_bin-symbols.tar.gz,linux,aarch64,jdk,5
2026-09-15T00:24:48+00:00,sapmachine-21.0.5,180069062,False,sapmachine-jdk-21.0.5_linux-aarch64_bin.tar.gz,linux,aarch64,jdk,2183
2026-09-15T00:24:48+00:00,sapmachine-21.0.5,180069062,False,sapmachine-jdk-21.0.5_linux-ppc64le_bin-symbols.tar.gz,linux,ppc64,jdk,4
2026-09-15T00:24:48+00:00,sapmachine-21.0.5,180069062,False,sapmachine-jdk-21.0.5_linux-ppc64le_bin.tar.gz,linux,ppc64,jdk,1917
2026-09-15T00:24:48+00:00,sapmachine-21.0.5,180069062,False,sapmachine-jdk-21.0.5_linux-x64-musl_bin-symbols.tar.gz,alpine,x64,jdk,4
2026-09-15T00:24:48+00:00,sapmachine-21.0.5,180069062,False,sapmachine-jdk-21.0.5_linux-x64-musl_bin.tar.gz,alpine,x64,jdk,1954
2026-09-15T00:24:48+00:00,sapmachine-21.0.5,180069062,False,sapmachine-jdk-21.0.5_linux-x64_bin-symbols.tar.gz,linux,x64,jdk,4
2026-09-15T00:24:48+00:00,sapmachine-21.0.5,180069062,False,sapmachine-jdk-21.0.5_linux-x64_bin.tar.gz,linux,x64,jdk,22008
2026-09-15T00:24:48+00:00,sapmachine-21.0.5,180069062,False,sapmachine-jdk-21.0.5_macos-aarch64_bin-symbols.tar.gz,macos,aarch64,jdk,5
2026-09-15T00:24:48+00:00,sapmachine-21.0.5,180069062,False,sapmachine-jdk-21.0.5_macos-aarch64_bin.dmg,macos,aarch64,jdk,2384
2026-09-15T00:24:48+00:00,sapmachine-21.0.5,180069062,False,sapmachine-jdk-21.0.5_macos-aarch64_bin.tar.gz,macos,aarch64,jdk,17930
2026-09-15T00:24:48+00:00,sapmachine-21.0.5,180069062,False,sapmachine-jdk-21.0.5_macos-x64_bin-symbols.tar.gz,macos,x64,jdk,5
2026-09-15T00:24:48+00:00,sapmachine-21.0.5,180069062,False,sapmachine-jdk-21.0.5_macos-x64_bin.dmg,macos,x64,jdk,2481
2026-09-15T00:24:48+00:00,sapmachine-21.0.5,180069062,False,sapmachine-jdk-21.0.5_macos-x64_bin.tar.gz,macos,x64,jdk,6373
2026-09-15T00:24:48+00:00,sapmachine-21.0.5,180069062,False,sapmachine-jdk-21.0.5_windows-x64_bin-symbols.tar.gz,windows,x64,jdk,5
2026-09-15T00:24:48+00:00,sapmachine-21.0.5,180069062,False,sapmachine-jdk-21.0.5_windows-x64_bin.zip,windows,x64,jdk,6611
2026-09-15T00:24:48+00:00,sapmachine-21.0.5,180069062,False,sapmachine-jre-21.0.5_aix-ppc64_bin.tar.gz,aix,ppc64,jre,1903
2026-09-15T00:24:48+00:00,sapmachine-21.0.5,180069062,False,sapmachine-jre-21.0.5_linux-aarch64_bin.tar.gz,linux,aarch64,jre,2208
2026-09-15T00:24:48+00:00,sapmachine-21.0.5,180069062,False,sapmachine-jre-21.0.5_linux-ppc64le_bin.tar.gz,linux,ppc64,jre,1927
2026-09-15T00:24:48+00:00,sapmachine-21.0.5,180069062,False,sapmachine-jre-21.0.5_linux-x64-musl_bin.tar.gz,alpine,x64,jre,1945
2026-09-15T00:24:48+00:00,sapmachine-21.0.5,180069062,False,sapmachine-jre-21.0.5_linux-x64_bin.tar.gz,linux,x64,jre,47341
2026-09-15T00:24:48+00:00,sapmachine-21.0.5,180069062,False,sapmachine-jre-21.0.5_macos-aarch64_bin.dmg,macos,aarch64,jre,1933
2026-09-15T00:24:48+00:00,sapmachine-21.0.5,180069062,False,sapmachine-jre-21.0.5_macos-aarch64_bin.tar.gz,macos,aarch64,jre,2043
2026-09-15T00:24:48+00:00,sapmachine-21.0.5,180069062,False,sapmachine-jre-21.0.5_macos-x64_bin.dmg,macos,x64,jre,1922
2026-09-15T00:24:48+00:00,sapmachine-21.0.5,180069062,False,sapmachine-jre-21.0.5_macos-x64_bin.tar.gz,macos,x64,jre,1992
2026-09-15T00:24:48+00:00,sapmachine-21.0.5,180069062,False,sapmachine-jre-21.0.5_windows-x64_bin.zip,windows,x64,jre,2092
2026-09-15T00:24:48+00:00,sapmachine-21.0.5,180069062,False,sapmachine-jdk-21.0.5_windows-x64_bin.msi,windows,x64,jdk,6694
2026-09-15T00:24:48+00:00,sapmachine-21.0.5,180069062,False,sapmachine-jre-21.0.5_windows-x64_bin.msi,windows,x64,jre,5256
2026-09-15T00:24:48+00:00,sapmachine-11.0.25,180067451,False,sapmachine-jdk-11.0.25-1.x86_64.rpm,linux,x64,jdk,2010
2026-09-15T00:24:48+00:00,sapmachine-11.0.25,180067451,False,sapmachine-jdk-11.0.25_linux-aarch64_bin-symbols.tar.gz,linux,aarch64,jdk,0
2026-09-15T00:24:48+00:00,sapmachine-11.0.25,180067451,False,sapmachine-jdk-11.0.25_linux-aarch64_bin.tar.gz,linux,aarch64,jdk,2056
2026-09-15T00:24:48+00:00,sapmachine-11.0.25,180067451,False,sapmachine-jdk-11.0.25_linux-ppc64le_bin-symbols.tar.gz,linux,ppc64,jdk,0
2026-09-15T00:24:48+00:00,sapmachine-11.0.25,180067451,False,sapmachine-jdk-11.0.25_linux-ppc64le_bin.tar.gz,linux,ppc64,jdk,1908
2026-09-15T00:24:48+00:00,sapmachine-11.0.25,180067451,False,sapmachine-jdk-11.0.25_linux-x64_bin-symbols.tar.gz,linux,x64,jdk,0
2026-09-15T00:24:48+00:00,sapmachine-11.0.25,180067451,False,sapmachine-jdk-11.0.25_linux-x64_bin.tar.gz,linux,x64,jdk,25623
2026-09-15T00:24:48+00:00,sapmachine-11.0.25,180067451,False,sapmachine-jdk-11.0.25_macos-aarch64_bin-symbols.tar.gz,macos,aarch64,jdk,2
2026-09-15T00:24:48+00:00,sapmachine-11.0.25,180067451,False,sapmachine-jdk-11.0.25_macos-aarch64_bin.dmg,macos,aarch64,jdk,2674
2026-09-15T00:24:48+00:00,sapmachine-11.0.25,180067451,False,sapmachine-jdk-11.0.25_macos-aarch64_bin.tar.gz,macos,aarch64,jdk,45158
2026-09-15T00:24:48+00:00,sapmachine-11.0.25,180067451,False,sapmachine-jdk-11.0.25_macos-x64_bin-symbols.tar.gz,macos,x64,jdk,2
2026-09-15T00:24:48+00:00,sapmachine-11.0.25,180067451,False,sapmachine-jdk-11.0.25_macos-x64_bin.dmg,macos,x64,jdk,2474
2026-09-15T00:24:48+00:00,sapmachine-11.0.25,180067451,False,sapmachine-jdk-11.0.25_macos-x64_bin.tar.gz,macos,x64,jdk,27047
2026-09-15T00:24:48+00:00,sapmachine-11.0.25,180067451,False,sapmachine-jdk-11.0.25_windows-x64_bin-symbols.tar.gz,windows,x64,jdk,0
2026-09-15T00:24:48+00:00,sapmachine-11.0.25,180067451,False,sapmachine-jdk-11.0.25_windows-x64_bin.zip,windows,x64,jdk,72525
2026-09-15T00:24:48+00:00,sapmachine-11.0.25,180067451,False,sapmachine-jre-11.0.25_linux-aarch64_bin.tar.gz,linux,aarch64,jre,2116
2026-09-15T00:24:48+00:00,sapmachine-11.0.25,180067451,False,sapmachine-jre-11.0.25_linux-ppc64le_bin.tar.gz,linux,ppc64,jre,1925
2026-09-15T00:24:48+00:00,sapmachine-11.0.25,180067451,False,sapmachine-jre-11.0.25_linux-x64_bin.tar.gz,linux,x64,jre,5178
2026-09-15T00:24:48+00:00,sapmachine-11.0.25,180067451,False,sapmachine-jre-11.0.25_macos-aarch64_bin.dmg,macos,aarch64,jre,1916
2026-09-15T00:24:48+00:00,sapmachine-11.0.25,180067451,False,sapmachine-jre-11.0.25_macos-aarch64_bin.tar.gz,macos,aarch64,jre,2406
2026-09-15T00:24:48+00:00,sapmachine-11.0.25,180067451,False,sapmachine-jre-11.0.25_macos-x64_bin.dmg,macos,x64,jre,1894
2026-09-15T00:24:48+00:00,sapmachine-11.0.25,180067451,False,sapmachine-jre-11.0.25_macos-x64_bin.tar.gz,macos,x64,jre,1987
2026-09-15T00:24:48+00:00,sapmachine-11.0.25,180067451,False,sapmachine-jre-11.0.25_windows-x64_bin.zip,windows,x64,jre,2136
2026-09-15T00:24:48+00:00,sapmachine-11.0.25,180067451,False,sapmachine-jdk-11.0.25_windows-x64_bin.msi,windows,x64,jdk,6840
2026-09-15T00:24:48+00:00,sapmachine-11.0.25,180067451,False,sapmachine-jre-11.0.25_windows-x64_bin.msi,windows,x64,jre,5130
2026-09-15T00:24:48+00:00,sapmachine-17.0.13,180068329,False,sapmachine-jdk-17.0.13-1.x86_64.rpm,linux,x64,jdk,2030
2026-09-15T00:24:48+00:00,sapmachine-17.0.13,180068329,False,sapmachine-jdk-17.0.13_linux-aarch64_bin-symbols.tar.gz,linux,aarch64,jdk,1
2026-09-15T00:24:48+00:00,sapmachine-17.0.13,180068329,False,sapmachine-jdk-17.0.13_linux-aarch64_bin.tar.gz,linux,aarch64,jdk,2247
2026-09-15T00:24:48+00:00,sapmachine-17.0.13,180068329,False,sapmachine-jdk-17.0.13_linux-ppc64le_bin-symbols.tar.gz,linux,ppc64,jdk,0
2026-09-15T00:24:48+00:00,sapmachine-17.0.13,180068329,False,sapmachine-jdk-17.0.13_linux-ppc64le_bin.tar.gz,linux,ppc64,jdk,2010
2026-09-15T00:24:48+00:00,sapmachine-17.0.13,180068329,False,sapmachine-jdk-17.0.13_linux-x64-musl_bin-symbols.tar.gz,alpine,x64,jdk,0
2026-09-15T00:24:48+00:00,sapmachine-17.0.13,180068329,False,sapmachine-jdk-17.0.13_linux-x64-musl_bin.tar.gz,alpine,x64,jdk,2132
2026-09-15T00:24:48+00:00,sapmachine-17.0.13,180068329,False,sapmachine-jdk-17.0.13_linux-x64_bin-symbols.tar.gz,linux,x64,jdk,16
2026-09-15T00:24:48+00:00,sapmachine-17.0.13,180068329,False,sapmachine-jdk-17.0.13_linux-x64_bin.tar.gz,linux,x64,jdk,99863
2026-09-15T00:24:48+00:00,sapmachine-17.0.13,180068329,False,sapmachine-jdk-17.0.13_macos-aarch64_bin-symbols.tar.gz,macos,aarch64,jdk,3
2026-09-15T00:24:48+00:00,sapmachine-17.0.13,180068329,False,sapmachine-jdk-17.0.13_macos-aarch64_bin.dmg,macos,aarch64,jdk,3100
2026-09-15T00:24:48+00:00,sapmachine-17.0.13,180068329,False,sapmachine-jdk-17.0.13_macos-aarch64_bin.tar.gz,macos,aarch64,jdk,16616
2026-09-15T00:24:48+00:00,sapmachine-17.0.13,180068329,False,sapmachine-jdk-17.0.13_macos-x64_bin-symbols.tar.gz,macos,x64,jdk,2
2026-09-15T00:24:48+00:00,sapmachine-17.0.13,180068329,False,sapmachine-jdk-17.0.13_macos-x64_bin.dmg,macos,x64,jdk,3652
2026-09-15T00:24:48+00:00,sapmachine-17.0.13,180068329,False,sapmachine-jdk-17.0.13_macos-x64_bin.tar.gz,macos,x64,jdk,6852
2026-09-15T00:24:48+00:00,sapmachine-17.0.13,180068329,False,sapmachine-jdk-17.0.13_windows-x64_bin-symbols.tar.gz,windows,x64,jdk,3
2026-09-15T00:24:48+00:00,sapmachine-17.0.13,180068329,False,sapmachine-jdk-17.0.13_windows-x64_bin.zip,windows,x64,jdk,9256
2026-09-15T00:24:48+00:00,sapmachine-17.0.13,180068329,False,sapmachine-jre-17.0.13_linux-aarch64_bin.tar.gz,linux,aarch64,jre,2487
2026-09-15T00:24:48+00:00,sapmachine-17.0.13,180068329,False,sapmachine-jre-17.0.13_linux-ppc64le_bin.tar.gz,linux,ppc64,jre,1881
2026-09-15T00:24:48+00:00,sapmachine-17.0.13,180068329,False,sapmachine-jre-17.0.13_linux-x64-musl_bin.tar.gz,alpine,x64,jre,1926
2026-09-15T00:24:48+00:00,sapmachine-17.0.13,180068329,False,sapmachine-jre-17.0.13_linux-x64_bin.tar.gz,linux,x64,jre,762702
2026-09-15T00:24:48+00:00,sapmachine-17.0.13,180068329,False,sapmachine-jre-17.0.13_macos-aarch64_bin.dmg,macos,aarch64,jre,1965
2026-09-15T00:24:48+00:00,sapmachine-17.0.13,180068329,False,sapmachine-jre-17.0.13_macos-aarch64_bin.tar.gz,macos,aarch64,jre,2122
2026-09-15T00:24:48+00:00,sapmachine-17.0.13,180068329,False,sapmachine-jre-17.0.13_macos-x64_bin.dmg,macos,x64,jre,1914
2026-09-15T00:24:48+00:00,sapmachine-17.0.13,180068329,False,sapmachine-jre-17.0.13_macos-x64_bin.tar.gz,macos,x64,jre,4271
2026-09-15T00:24:48+00:00,sapmachine-17.0.13,180068329,False,sapmachine-jre-17.0.13_windows-x64_bin.zip,windows,x64,jre,4465
2026-09-15T00:24:48+00:00,sapmachine-17.0.13,180068329,False,sapmachine-jdk-17.0.13_windows-x64_bin.msi,windows,x64,jdk,6793
2026-09-15T00:24:48+00:00,sapmachine-17.0.13,180068329,False,sapmachine-jre-17.0.13_windows-x64_bin.msi,windows,x64,jre,5101
2026-09-15T00:24:48+00:00,sapmachine-23.0.1,180070075,False,sapmachine-jdk-23.0.1-1.x86_64.rpm,linux,x64,jdk,1884
2026-09-15T00:24:48+00:00,sapmachine-23.0.1,180070075,False,sapmachine-jdk-23.0.1_aix-ppc64_bin-symbols.tar.gz,aix,ppc64,jdk,5
2026-09-15T00:24:48+00:00,sapmachine-23.0.1,180070075,False,sapmachine-jdk-23.0.1_aix-ppc64_bin.tar.gz,aix,ppc64,jdk,2016
2026-09-15T00:24:48+00:00,sapmachine-23.0.1,180070075,False,sapmachine-jdk-23.0.1_linux-aarch64_bin-symbols.tar.gz,linux,aarch64,jdk,0
2026-09-15T00:24:48+00:00,sapmachine-23.0.1,180070075,False,sapmachine-jdk-23.0.1_linux-aarch64_bin.tar.gz,linux,aarch64,jdk,2177
2026-09-15T00:24:48+00:00,sapmachine-23.0.1,180070075,False,sapmachine-jdk-23.0.1_linux-ppc64le_bin-symbols.tar.gz,linux,ppc64,jdk,0
2026-09-15T00:24:48+00:00,sapmachine-23.0.1,180070075,False,sapmachine-jdk-23.0.1_linux-ppc64le_bin.tar.gz,linux,ppc64,jdk,1969
2026-09-15T00:24:48+00:00,sapmachine-23.0.1,180070075,False,sapmachine-jdk-23.0.1_linux-x64-musl_bin-symbols.tar.gz,alpine,x64,jdk,0
2026-09-15T00:24:48+00:00,sapmachine-23.0.1,180070075,False,sapmachine-jdk-23.0.1_linux-x64-musl_bin.tar.gz,alpine,x64,jdk,2008
2026-09-15T00:24:48+00:00,sapmachine-23.0.1,180070075,False,sapmachine-jdk-23.0.1_linux-x64_bin-symbols.tar.gz,linux,x64,jdk,0
2026-09-15T00:24:48+00:00,sapmachine-23.0.1,180070075,False,sapmachine-jdk-23.0.1_linux-x64_bin.tar.gz,linux,x64,jdk,3299
2026-09-15T00:24:48+00:00,sapmachine-23.0.1,180070075,False,sapmachine-jdk-23.0.1_macos-aarch64_bin-symbols.tar.gz,macos,aarch64,jdk,2
2026-09-15T00:24:48+00:00,sapmachine-23.0.1,180070075,False,sapmachine-jdk-23.0.1_macos-aarch64_bin.dmg,macos,aarch64,jdk,3346
2026-09-15T00:24:48+00:00,sapmachine-23.0.1,180070075,False,sapmachine-jdk-23.0.1_macos-aarch64_bin.tar.gz,macos,aarch64,jdk,3134
2026-09-15T00:24:48+00:00,sapmachine-23.0.1,180070075,False,sapmachine-jdk-23.0.1_macos-x64_bin-symbols.tar.gz,macos,x64,jdk,1
2026-09-15T00:24:48+00:00,sapmachine-23.0.1,180070075,False,sapmachine-jdk-23.0.1_macos-x64_bin.dmg,macos,x64,jdk,3169
2026-09-15T00:24:48+00:00,sapmachine-23.0.1,180070075,False,sapmachine-jdk-23.0.1_macos-x64_bin.tar.gz,macos,x64,jdk,2445
2026-09-15T00:24:48+00:00,sapmachine-23.0.1,180070075,False,sapmachine-jdk-23.0.1_windows-x64_bin-symbols.tar.gz,windows,x64,jdk,1
2026-09-15T00:24:48+00:00,sapmachine-23.0.1,180070075,False,sapmachine-jdk-23.0.1_windows-x64_bin.zip,windows,x64,jdk,3303
2026-09-15T00:24:48+00:00,sapmachine-23.0.1,180070075,False,sapmachine-jre-23.0.1_aix-ppc64_bin.tar.gz,aix,ppc64,jre,1872
2026-09-15T00:24:48+00:00,sapmachine-23.0.1,180070075,False,sapmachine-jre-23.0.1_linux-aarch64_bin.tar.gz,linux,aarch64,jre,2042
2026-09-15T00:24:48+00:00,sapmachine-23.0.1,180070075,False,sapmachine-jre-23.0.1_linux-ppc64le_bin.tar.gz,linux,ppc64,jre,1885
2026-09-15T00:24:48+00:00,sapmachine-23.0.1,180070075,False,sapmachine-jre-23.0.1_linux-x64-musl_bin.tar.gz,alpine,x64,jre,1897
2026-09-15T00:24:48+00:00,sapmachine-23.0.1,180070075,False,sapmachine-jre-23.0.1_linux-x64_bin.tar.gz,linux,x64,jre,2792
2026-09-15T00:24:48+00:00,sapmachine-23.0.1,180070075,False,sapmachine-jre-23.0.1_macos-aarch64_bin.dmg,macos,aarch64,jre,1904
2026-09-15T00:24:48+00:00,sapmachine-23.0.1,180070075,False,sapmachine-jre-23.0.1_macos-aarch64_bin.tar.gz,macos,aarch64,jre,2010
2026-09-15T00:24:48+00:00,sapmachine-23.0.1,180070075,False,sapmachine-jre-23.0.1_macos-x64_bin.dmg,macos,x64,jre,1911
2026-09-15T00:24:48+00:00,sapmachine-23.0.1,180070075,False,sapmachine-jre-23.0.1_macos-x64_bin.tar.gz,macos,x64,jre,1978
2026-09-15T00:24:48+00:00,sapmachine-23.0.1,180070075,False,sapmachine-jre-23.0.1_windows-x64_bin.zip,windows,x64,jre,2066
2026-09-15T00:24:48+00:00,sapmachine-23.0.1,180070075,False,sapmachine-jdk-23.0.1_windows-x64_bin.msi,windows,x64,jdk,7723
2026-09-15T00:24:48+00:00,sapmachine-23.0.1,180070075,False,sapmachine-jre-23.0.1_windows-x64_bin.msi,windows,x64,jre,3565
2026-09-15T00:24:48+00:00,sapmachine-23,175599109,False,sapmachine-jdk-23-1.x86_64.rpm,linux,x64,jdk,1998
2026-09-15T00:24:48+00:00,sapmachine-23,175599109,False,sapmachine-jdk-23_aix-ppc64_bin-symbols.tar.gz,aix,ppc64,jdk,4
2026-09-15T00:24:48+00:00,sapmachine-23,175599109,False,sapmachine-jdk-23_aix-ppc64_bin.tar.gz,aix,ppc64,jdk,2035
2026-09-15T00:24:48+00:00,sapmachine-23,175599109,False,sapmachine-jdk-23_linux-aarch64_bin-symbols.tar.gz,linux,aarch64,jdk,2
2026-09-15T00:24:48+00:00,sapmachine-23,175599109,False,sapmachine-jdk-23_linux-aarch64_bin.tar.gz,linux,aarch64,jdk,2109
2026-09-15T00:24:48+00:00,sapmachine-23,175599109,False,sapmachine-jdk-23_linux-ppc64le_bin-symbols.tar.gz,linux,ppc64,jdk,2
2026-09-15T00:24:48+00:00,sapmachine-23,175599109,False,sapmachine-jdk-23_linux-ppc64le_bin.tar.gz,linux,ppc64,jdk,2036
2026-09-15T00:24:48+00:00,sapmachine-23,175599109,False,sapmachine-jdk-23_linux-x64-musl_bin-symbols.tar.gz,alpine,x64,jdk,2
2026-09-15T00:24:48+00:00,sapmachine-23,175599109,False,sapmachine-jdk-23_linux-x64-musl_bin.tar.gz,alpine,x64,jdk,2071
2026-09-15T00:24:48+00:00,sapmachine-23,175599109,False,sapmachine-jdk-23_linux-x64_bin-symbols.tar.gz,linux,x64,jdk,2
2026-09-15T00:24:48+00:00,sapmachine-23,175599109,False,sapmachine-jdk-23_linux-x64_bin.tar.gz,linux,x64,jdk,4383
2026-09-15T00:24:48+00:00,sapmachine-23,175599109,False,sapmachine-jdk-23_macos-aarch64_bin-symbols.tar.gz,macos,aarch64,jdk,5
2026-09-15T00:24:48+00:00,sapmachine-23,175599109,False,sapmachine-jdk-23_macos-aarch64_bin.dmg,macos,aarch64,jdk,2534
2026-09-15T00:24:48+00:00,sapmachine-23,175599109,False,sapmachine-jdk-23_macos-aarch64_bin.tar.gz,macos,aarch64,jdk,2468
2026-09-15T00:24:48+00:00,sapmachine-23,175599109,False,sapmachine-jdk-23_macos-x64_bin-symbols.tar.gz,macos,x64,jdk,3
2026-09-15T00:24:48+00:00,sapmachine-23,175599109,False,sapmachine-jdk-23_macos-x64_bin.dmg,macos,x64,jdk,2444
2026-09-15T00:24:48+00:00,sapmachine-23,175599109,False,sapmachine-jdk-23_macos-x64_bin.tar.gz,macos,x64,jdk,2287
2026-09-15T00:24:48+00:00,sapmachine-23,175599109,False,sapmachine-jdk-23_windows-x64_bin-symbols.tar.gz,windows,x64,jdk,2
2026-09-15T00:24:48+00:00,sapmachine-23,175599109,False,sapmachine-jdk-23_windows-x64_bin.zip,windows,x64,jdk,3674
2026-09-15T00:24:48+00:00,sapmachine-23,175599109,False,sapmachine-jre-23_aix-ppc64_bin.tar.gz,aix,ppc64,jre,1978
2026-09-15T00:24:48+00:00,sapmachine-23,175599109,False,sapmachine-jre-23_linux-aarch64_bin.tar.gz,linux,aarch64,jre,2038
2026-09-15T00:24:48+00:00,sapmachine-23,175599109,False,sapmachine-jre-23_linux-ppc64le_bin.tar.gz,linux,ppc64,jre,2075
2026-09-15T00:24:48+00:00,sapmachine-23,175599109,False,sapmachine-jre-23_linux-x64-musl_bin.tar.gz,alpine,x64,jre,2001
2026-09-15T00:24:48+00:00,sapmachine-23,175599109,False,sapmachine-jre-23_linux-x64_bin.tar.gz,linux,x64,jre,2804
2026-09-15T00:24:48+00:00,sapmachine-23,175599109,False,sapmachine-jre-23_macos-aarch64_bin.dmg,macos,aarch64,jre,1988
2026-09-15T00:24:48+00:00,sapmachine-23,175599109,False,sapmachine-jre-23_macos-aarch64_bin.tar.gz,macos,aarch64,jre,2095
2026-09-15T00:24:48+00:00,sapmachine-23,175599109,False,sapmachine-jre-23_macos-x64_bin.dmg,macos,x64,jre,1992
2026-09-15T00:24:48+00:00,sapmachine-23,175599109,False,sapmachine-jre-23_macos-x64_bin.tar.gz,macos,x64,jre,2081
2026-09-15T00:24:48+00:00,sapmachine-23,175599109,False,sapmachine-jre-23_windows-x64_bin.zip,windows,x64,jre,2322
2026-09-15T00:24:48+00:00,sapmachine-23,175599109,False,sapmachine-jre-23_windows-x64_bin.msi,windows,x64,jre,1972
2026-09-15T00:24:48+00:00,sapmachine-23,175599109,False,sapmachine-jdk-23_windows-x64_bin.msi,windows,x64,jdk,1990
2026-09-15T00:24:48+00:00,sapmachine-11.0.24,165799800,False,sapmachine-jdk-11.0.24_windows-x64_bin-symbols.tar.gz,windows,x64,jdk,1
2026-09-15T00:24:48+00:00,sapmachine-11.0.24,165799800,False,sapmachine-jdk-11.0.24_windows-x64_bin.zip,windows,x64,jdk,5009
2026-09-15T00:24:48+00:00,sapmachine-11.0.24,165799800,False,sapmachine-jre-11.0.24_windows-x64_bin.zip,windows,x64,jre,2460
2026-09-15T00:24:48+00:00,sapmachine-11.0.24,165799800,False,sapmachine-jdk-11.0.24-1.x86_64.rpm,linux,x64,jdk,2361
2026-09-15T00:24:48+00:00,sapmachine-11.0.24,165799800,False,sapmachine-jdk-11.0.24_linux-aarch64_bin-symbols.tar.gz,linux,aarch64,jdk,1
2026-09-15T00:24:48+00:00,sapmachine-11.0.24,165799800,False,sapmachine-jdk-11.0.24_linux-aarch64_bin.tar.gz,linux,aarch64,jdk,2472
2026-09-15T00:24:48+00:00,sapmachine-11.0.24,165799800,False,sapmachine-jdk-11.0.24_linux-ppc64le_bin-symbols.tar.gz,linux,ppc64,jdk,1
2026-09-15T00:24:48+00:00,sapmachine-11.0.24,165799800,False,sapmachine-jdk-11.0.24_linux-ppc64le_bin.tar.gz,linux,ppc64,jdk,2349
2026-09-15T00:24:48+00:00,sapmachine-11.0.24,165799800,False,sapmachine-jdk-11.0.24_linux-x64_bin-symbols.tar.gz,linux,x64,jdk,1
2026-09-15T00:24:48+00:00,sapmachine-11.0.24,165799800,False,sapmachine-jdk-11.0.24_linux-x64_bin.tar.gz,linux,x64,jdk,28328
2026-09-15T00:24:48+00:00,sapmachine-11.0.24,165799800,False,sapmachine-jdk-11.0.24_macos-x64_bin-symbols.tar.gz,macos,x64,jdk,2
2026-09-15T00:24:48+00:00,sapmachine-11.0.24,165799800,False,sapmachine-jdk-11.0.24_macos-x64_bin.dmg,macos,x64,jdk,2452
2026-09-15T00:24:48+00:00,sapmachine-11.0.24,165799800,False,sapmachine-jdk-11.0.24_macos-x64_bin.tar.gz,macos,x64,jdk,3581
2026-09-15T00:24:48+00:00,sapmachine-11.0.24,165799800,False,sapmachine-jre-11.0.24_linux-aarch64_bin.tar.gz,linux,aarch64,jre,2513
2026-09-15T00:24:48+00:00,sapmachine-11.0.24,165799800,False,sapmachine-jre-11.0.24_linux-ppc64le_bin.tar.gz,linux,ppc64,jre,2281
2026-09-15T00:24:48+00:00,sapmachine-11.0.24,165799800,False,sapmachine-jre-11.0.24_linux-x64_bin.tar.gz,linux,x64,jre,6767
2026-09-15T00:24:48+00:00,sapmachine-11.0.24,165799800,False,sapmachine-jre-11.0.24_macos-x64_bin.dmg,macos,x64,jre,2373
2026-09-15T00:24:48+00:00,sapmachine-11.0.24,165799800,False,sapmachine-jre-11.0.24_macos-x64_bin.tar.gz,macos,x64,jre,2358
2026-09-15T00:24:48+00:00,sapmachine-11.0.24,165799800,False,sapmachine-jre-11.0.24_macos-aarch64_bin.dmg,macos,aarch64,jre,2338
2026-09-15T00:24:48+00:00,sapmachine-11.0.24,165799800,False,sapmachine-jre-11.0.24_macos-aarch64_bin.tar.gz,macos,aarch64,jre,2484
2026-09-15T00:24:48+00:00,sapmachine-11.0.24,165799800,False,sapmachine-jdk-11.0.24_macos-aarch64_bin-symbols.tar.gz,macos,aarch64,jdk,2
2026-09-15T00:24:48+00:00,sapmachine-11.0.24,165799800,False,sapmachine-jdk-11.0.24_macos-aarch64_bin.dmg,macos,aarch64,jdk,2508
2026-09-15T00:24:48+00:00,sapmachine-11.0.24,165799800,False,sapmachine-jdk-11.0.24_macos-aarch64_bin.tar.gz,macos,aarch64,jdk,5454
2026-09-15T00:24:48+00:00,sapmachine-11.0.24,165799800,False,sapmachine-jdk-11.0.24_windows-x64_bin.msi,windows,x64,jdk,4025
2026-09-15T00:24:48+00:00,sapmachine-11.0.24,165799800,False,sapmachine-jre-11.0.24_windows-x64_bin.msi,windows,x64,jre,3770
2026-09-15T00:24:48+00:00,sapmachine-21.0.4,165793530,False,sapmachine-jdk-21.0.4_windows-x64_bin-symbols.tar.gz,windows,x64,jdk,2
2026-09-15T00:24:48+00:00,sapmachine-21.0.4,165793530,False,sapmachine-jdk-21.0.4_windows-x64_bin.zip,windows,x64,jdk,4459
2026-09-15T00:24:48+00:00,sapmachine-21.0.4,165793530,False,sapmachine-jre-21.0.4_windows-x64_bin.zip,windows,x64,jre,2509
2026-09-15T00:24:48+00:00,sapmachine-21.0.4,165793530,False,sapmachine-jdk-21.0.4-1.x86_64.rpm,linux,x64,jdk,2567
2026-09-15T00:24:48+00:00,sapmachine-21.0.4,165793530,False,sapmachine-jdk-21.0.4_aix-ppc64_bin-symbols.tar.gz,aix,ppc64,jdk,1
2026-09-15T00:24:48+00:00,sapmachine-21.0.4,165793530,False,sapmachine-jdk-21.0.4_aix-ppc64_bin.tar.gz,aix,ppc64,jdk,2330
2026-09-15T00:24:48+00:00,sapmachine-21.0.4,165793530,False,sapmachine-jdk-21.0.4_linux-aarch64_bin-symbols.tar.gz,linux,aarch64,jdk,1
2026-09-15T00:24:48+00:00,sapmachine-21.0.4,165793530,False,sapmachine-jdk-21.0.4_linux-aarch64_bin.tar.gz,linux,aarch64,jdk,2486
2026-09-15T00:24:48+00:00,sapmachine-21.0.4,165793530,False,sapmachine-jdk-21.0.4_linux-ppc64le_bin-symbols.tar.gz,linux,ppc64,jdk,1
2026-09-15T00:24:48+00:00,sapmachine-21.0.4,165793530,False,sapmachine-jdk-21.0.4_linux-ppc64le_bin.tar.gz,linux,ppc64,jdk,2308
2026-09-15T00:24:48+00:00,sapmachine-21.0.4,165793530,False,sapmachine-jdk-21.0.4_linux-x64-musl_bin-symbols.tar.gz,alpine,x64,jdk,1
2026-09-15T00:24:48+00:00,sapmachine-21.0.4,165793530,False,sapmachine-jdk-21.0.4_linux-x64-musl_bin.tar.gz,alpine,x64,jdk,2340
2026-09-15T00:24:48+00:00,sapmachine-21.0.4,165793530,False,sapmachine-jdk-21.0.4_linux-x64_bin-symbols.tar.gz,linux,x64,jdk,1
2026-09-15T00:24:48+00:00,sapmachine-21.0.4,165793530,False,sapmachine-jdk-21.0.4_linux-x64_bin.tar.gz,linux,x64,jdk,20544
2026-09-15T00:24:48+00:00,sapmachine-21.0.4,165793530,False,sapmachine-jdk-21.0.4_macos-aarch64_bin-symbols.tar.gz,macos,aarch64,jdk,2
2026-09-15T00:24:48+00:00,sapmachine-21.0.4,165793530,False,sapmachine-jdk-21.0.4_macos-aarch64_bin.dmg,macos,aarch64,jdk,2536
2026-09-15T00:24:48+00:00,sapmachine-21.0.4,165793530,False,sapmachine-jdk-21.0.4_macos-aarch64_bin.tar.gz,macos,aarch64,jdk,12812
2026-09-15T00:24:48+00:00,sapmachine-21.0.4,165793530,False,sapmachine-jdk-21.0.4_macos-x64_bin-symbols.tar.gz,macos,x64,jdk,2
2026-09-15T00:24:48+00:00,sapmachine-21.0.4,165793530,False,sapmachine-jdk-21.0.4_macos-x64_bin.dmg,macos,x64,jdk,2660
2026-09-15T00:24:48+00:00,sapmachine-21.0.4,165793530,False,sapmachine-jdk-21.0.4_macos-x64_bin.tar.gz,macos,x64,jdk,4983
2026-09-15T00:24:48+00:00,sapmachine-21.0.4,165793530,False,sapmachine-jre-21.0.4_aix-ppc64_bin.tar.gz,aix,ppc64,jre,2263
2026-09-15T00:24:48+00:00,sapmachine-21.0.4,165793530,False,sapmachine-jre-21.0.4_linux-aarch64_bin.tar.gz,linux,aarch64,jre,3284
2026-09-15T00:24:48+00:00,sapmachine-21.0.4,165793530,False,sapmachine-jre-21.0.4_linux-ppc64le_bin.tar.gz,linux,ppc64,jre,2317
2026-09-15T00:24:48+00:00,sapmachine-21.0.4,165793530,False,sapmachine-jre-21.0.4_linux-x64-musl_bin.tar.gz,alpine,x64,jre,2285
2026-09-15T00:24:48+00:00,sapmachine-21.0.4,165793530,False,sapmachine-jre-21.0.4_linux-x64_bin.tar.gz,linux,x64,jre,39218
2026-09-15T00:24:48+00:00,sapmachine-21.0.4,165793530,False,sapmachine-jre-21.0.4_macos-aarch64_bin.dmg,macos,aarch64,jre,2351
2026-09-15T00:24:48+00:00,sapmachine-21.0.4,165793530,False,sapmachine-jre-21.0.4_macos-aarch64_bin.tar.gz,macos,aarch64,jre,2528
2026-09-15T00:24:48+00:00,sapmachine-21.0.4,165793530,False,sapmachine-jre-21.0.4_macos-x64_bin.dmg,macos,x64,jre,2329
2026-09-15T00:24:48+00:00,sapmachine-21.0.4,165793530,False,sapmachine-jre-21.0.4_macos-x64_bin.tar.gz,macos,x64,jre,2394
2026-09-15T00:24:48+00:00,sapmachine-21.0.4,165793530,False,sapmachine-jdk-21.0.4_windows-x64_bin.msi,windows,x64,jdk,4572
2026-09-15T00:24:48+00:00,sapmachine-21.0.4,165793530,False,sapmachine-jre-21.0.4_windows-x64_bin.msi,windows,x64,jre,3831
2026-09-15T00:24:48+00:00,sapmachine-22.0.2,165779086,False,sapmachine-jdk-22.0.2_windows-x64_bin-symbols.tar.gz,windows,x64,jdk,3
2026-09-15T00:24:48+00:00,sapmachine-22.0.2,165779086,False,sapmachine-jdk-22.0.2_windows-x64_bin.zip,windows,x64,jdk,3505
2026-09-15T00:24:48+00:00,sapmachine-22.0.2,165779086,False,sapmachine-jre-22.0.2_windows-x64_bin.zip,windows,x64,jre,2464
2026-09-15T00:24:48+00:00,sapmachine-22.0.2,165779086,False,sapmachine-jdk-22.0.2-1.x86_64.rpm,linux,x64,jdk,2376
2026-09-15T00:24:48+00:00,sapmachine-22.0.2,165779086,False,sapmachine-jdk-22.0.2_aix-ppc64_bin-symbols.tar.gz,aix,ppc64,jdk,7
2026-09-15T00:24:48+00:00,sapmachine-22.0.2,165779086,False,sapmachine-jdk-22.0.2_aix-ppc64_bin.tar.gz,aix,ppc64,jdk,2323
2026-09-15T00:24:48+00:00,sapmachine-22.0.2,165779086,False,sapmachine-jdk-22.0.2_linux-aarch64_bin-symbols.tar.gz,linux,aarch64,jdk,10
2026-09-15T00:24:48+00:00,sapmachine-22.0.2,165779086,False,sapmachine-jdk-22.0.2_linux-aarch64_bin.tar.gz,linux,aarch64,jdk,2467
2026-09-15T00:24:48+00:00,sapmachine-22.0.2,165779086,False,sapmachine-jdk-22.0.2_linux-ppc64le_bin-symbols.tar.gz,linux,ppc64,jdk,5
2026-09-15T00:24:48+00:00,sapmachine-22.0.2,165779086,False,sapmachine-jdk-22.0.2_linux-ppc64le_bin.tar.gz,linux,ppc64,jdk,2331
2026-09-15T00:24:48+00:00,sapmachine-22.0.2,165779086,False,sapmachine-jdk-22.0.2_linux-x64-musl_bin-symbols.tar.gz,alpine,x64,jdk,6
2026-09-15T00:24:48+00:00,sapmachine-22.0.2,165779086,False,sapmachine-jdk-22.0.2_linux-x64-musl_bin.tar.gz,alpine,x64,jdk,3416
2026-09-15T00:24:48+00:00,sapmachine-22.0.2,165779086,False,sapmachine-jdk-22.0.2_linux-x64_bin-symbols.tar.gz,linux,x64,jdk,5
2026-09-15T00:24:48+00:00,sapmachine-22.0.2,165779086,False,sapmachine-jdk-22.0.2_linux-x64_bin.tar.gz,linux,x64,jdk,4146
2026-09-15T00:24:48+00:00,sapmachine-22.0.2,165779086,False,sapmachine-jdk-22.0.2_macos-aarch64_bin-symbols.tar.gz,macos,aarch64,jdk,7
2026-09-15T00:24:48+00:00,sapmachine-22.0.2,165779086,False,sapmachine-jdk-22.0.2_macos-aarch64_bin.dmg,macos,aarch64,jdk,3389
2026-09-15T00:24:48+00:00,sapmachine-22.0.2,165779086,False,sapmachine-jdk-22.0.2_macos-aarch64_bin.tar.gz,macos,aarch64,jdk,3852
2026-09-15T00:24:48+00:00,sapmachine-22.0.2,165779086,False,sapmachine-jdk-22.0.2_macos-x64_bin-symbols.tar.gz,macos,x64,jdk,4
2026-09-15T00:24:48+00:00,sapmachine-22.0.2,165779086,False,sapmachine-jdk-22.0.2_macos-x64_bin.dmg,macos,x64,jdk,3506
2026-09-15T00:24:48+00:00,sapmachine-22.0.2,165779086,False,sapmachine-jdk-22.0.2_macos-x64_bin.tar.gz,macos,x64,jdk,2912
2026-09-15T00:24:48+00:00,sapmachine-22.0.2,165779086,False,sapmachine-jre-22.0.2_aix-ppc64_bin.tar.gz,aix,ppc64,jre,2314
2026-09-15T00:24:48+00:00,sapmachine-22.0.2,165779086,False,sapmachine-jre-22.0.2_linux-aarch64_bin.tar.gz,linux,aarch64,jre,2382
2026-09-15T00:24:48+00:00,sapmachine-22.0.2,165779086,False,sapmachine-jre-22.0.2_linux-ppc64le_bin.tar.gz,linux,ppc64,jre,2273
2026-09-15T00:24:48+00:00,sapmachine-22.0.2,165779086,False,sapmachine-jre-22.0.2_linux-x64-musl_bin.tar.gz,alpine,x64,jre,2348
2026-09-15T00:24:48+00:00,sapmachine-22.0.2,165779086,False,sapmachine-jre-22.0.2_linux-x64_bin.tar.gz,linux,x64,jre,4199
2026-09-15T00:24:48+00:00,sapmachine-22.0.2,165779086,False,sapmachine-jre-22.0.2_macos-aarch64_bin.dmg,macos,aarch64,jre,2326
2026-09-15T00:24:48+00:00,sapmachine-22.0.2,165779086,False,sapmachine-jre-22.0.2_macos-aarch64_bin.tar.gz,macos,aarch64,jre,2451
2026-09-15T00:24:48+00:00,sapmachine-22.0.2,165779086,False,sapmachine-jre-22.0.2_macos-x64_bin.dmg,macos,x64,jre,2307
2026-09-15T00:24:48+00:00,sapmachine-22.0.2,165779086,False,sapmachine-jre-22.0.2_macos-x64_bin.tar.gz,macos,x64,jre,2385
2026-09-15T00:24:48+00:00,sapmachine-22.0.2,165779086,False,sapmachine-jdk-22.0.2_windows-x64_bin.msi,windows,x64,jdk,6327
2026-09-15T00:24:48+00:00,sapmachine-22.0.2,165779086,False,sapmachine-jre-22.0.2_windows-x64_bin.msi,windows,x64,jre,4338
2026-09-15T00:24:48+00:00,sapmachine-17.0.12,165795102,False,sapmachine-jdk-17.0.12_windows-x64_bin-symbols.tar.gz,windows,x64,jdk,1
2026-09-15T00:24:48+00:00,sapmachine-17.0.12,165795102,False,sapmachine-jdk-17.0.12_windows-x64_bin.zip,windows,x64,jdk,5474
2026-09-15T00:24:48+00:00,sapmachine-17.0.12,165795102,False,sapmachine-jre-17.0.12_windows-x64_bin.zip,windows,x64,jre,3117
2026-09-15T00:24:48+00:00,sapmachine-17.0.12,165795102,False,sapmachine-jdk-17.0.12-1.x86_64.rpm,linux,x64,jdk,2575
2026-09-15T00:24:48+00:00,sapmachine-17.0.12,165795102,False,sapmachine-jdk-17.0.12_linux-aarch64_bin-symbols.tar.gz,linux,aarch64,jdk,7
2026-09-15T00:24:48+00:00,sapmachine-17.0.12,165795102,False,sapmachine-jdk-17.0.12_linux-aarch64_bin.tar.gz,linux,aarch64,jdk,2835
2026-09-15T00:24:48+00:00,sapmachine-17.0.12,165795102,False,sapmachine-jdk-17.0.12_linux-ppc64le_bin-symbols.tar.gz,linux,ppc64,jdk,2
2026-09-15T00:24:48+00:00,sapmachine-17.0.12,165795102,False,sapmachine-jdk-17.0.12_linux-ppc64le_bin.tar.gz,linux,ppc64,jdk,2367
2026-09-15T00:24:48+00:00,sapmachine-17.0.12,165795102,False,sapmachine-jdk-17.0.12_linux-x64-musl_bin-symbols.tar.gz,alpine,x64,jdk,2
2026-09-15T00:24:48+00:00,sapmachine-17.0.12,165795102,False,sapmachine-jdk-17.0.12_linux-x64-musl_bin.tar.gz,alpine,x64,jdk,2606
2026-09-15T00:24:48+00:00,sapmachine-17.0.12,165795102,False,sapmachine-jdk-17.0.12_linux-x64_bin-symbols.tar.gz,linux,x64,jdk,19
2026-09-15T00:24:48+00:00,sapmachine-17.0.12,165795102,False,sapmachine-jdk-17.0.12_linux-x64_bin.tar.gz,linux,x64,jdk,98392
2026-09-15T00:24:48+00:00,sapmachine-17.0.12,165795102,False,sapmachine-jdk-17.0.12_macos-aarch64_bin-symbols.tar.gz,macos,aarch64,jdk,7
2026-09-15T00:24:48+00:00,sapmachine-17.0.12,165795102,False,sapmachine-jdk-17.0.12_macos-aarch64_bin.dmg,macos,aarch64,jdk,3362
2026-09-15T00:24:48+00:00,sapmachine-17.0.12,165795102,False,sapmachine-jdk-17.0.12_macos-aarch64_bin.tar.gz,macos,aarch64,jdk,11964
2026-09-15T00:24:48+00:00,sapmachine-17.0.12,165795102,False,sapmachine-jdk-17.0.12_macos-x64_bin-symbols.tar.gz,macos,x64,jdk,2
2026-09-15T00:24:48+00:00,sapmachine-17.0.12,165795102,False,sapmachine-jdk-17.0.12_macos-x64_bin.dmg,macos,x64,jdk,3702
2026-09-15T00:24:48+00:00,sapmachine-17.0.12,165795102,False,sapmachine-jdk-17.0.12_macos-x64_bin.tar.gz,macos,x64,jdk,4951
2026-09-15T00:24:48+00:00,sapmachine-17.0.12,165795102,False,sapmachine-jre-17.0.12_linux-aarch64_bin.tar.gz,linux,aarch64,jre,2529
2026-09-15T00:24:48+00:00,sapmachine-17.0.12,165795102,False,sapmachine-jre-17.0.12_linux-ppc64le_bin.tar.gz,linux,ppc64,jre,2269
2026-09-15T00:24:48+00:00,sapmachine-17.0.12,165795102,False,sapmachine-jre-17.0.12_linux-x64-musl_bin.tar.gz,alpine,x64,jre,2335
2026-09-15T00:24:48+00:00,sapmachine-17.0.12,165795102,False,sapmachine-jre-17.0.12_linux-x64_bin.tar.gz,linux,x64,jre,127383
2026-09-15T00:24:48+00:00,sapmachine-17.0.12,165795102,False,sapmachine-jre-17.0.12_macos-aarch64_bin.dmg,macos,aarch64,jre,2330
2026-09-15T00:24:48+00:00,sapmachine-17.0.12,165795102,False,sapmachine-jre-17.0.12_macos-aarch64_bin.tar.gz,macos,aarch64,jre,2587
2026-09-15T00:24:48+00:00,sapmachine-17.0.12,165795102,False,sapmachine-jre-17.0.12_macos-x64_bin.dmg,macos,x64,jre,2327
2026-09-15T00:24:48+00:00,sapmachine-17.0.12,165795102,False,sapmachine-jre-17.0.12_macos-x64_bin.tar.gz,macos,x64,jre,2943
2026-09-15T00:24:48+00:00,sapmachine-17.0.12,165795102,False,sapmachine-jdk-17.0.12_windows-x64_bin.msi,windows,x64,jdk,5202
2026-09-15T00:24:48+00:00,sapmachine-17.0.12,165795102,False,sapmachine-jre-17.0.12_windows-x64_bin.msi,windows,x64,jre,4654
2026-09-15T00:24:48+00:00,sapmachine-11.0.23,151390101,False,sapmachine-jdk-11.0.23_linux-aarch64_bin-symbols.tar.gz,linux,aarch64,jdk,1
2026-09-15T00:24:48+00:00,sapmachine-11.0.23,151390101,False,sapmachine-jdk-11.0.23_linux-aarch64_bin.tar.gz,linux,aarch64,jdk,4567
2026-09-15T00:24:48+00:00,sapmachine-11.0.23,151390101,False,sapmachine-jdk-11.0.23_linux-ppc64le_bin-symbols.tar.gz,linux,ppc64,jdk,1
2026-09-15T00:24:48+00:00,sapmachine-11.0.23,151390101,False,sapmachine-jdk-11.0.23_linux-ppc64le_bin.tar.gz,linux,ppc64,jdk,2603
2026-09-15T00:24:48+00:00,sapmachine-11.0.23,151390101,False,sapmachine-jdk-11.0.23_linux-x64_bin-symbols.tar.gz,linux,x64,jdk,1
2026-09-15T00:24:48+00:00,sapmachine-11.0.23,151390101,False,sapmachine-jdk-11.0.23_linux-x64_bin.tar.gz,linux,x64,jdk,28301
2026-09-15T00:24:48+00:00,sapmachine-11.0.23,151390101,False,sapmachine-jdk-11.0.23_macos-aarch64_bin-symbols.tar.gz,macos,aarch64,jdk,3
2026-09-15T00:24:48+00:00,sapmachine-11.0.23,151390101,False,sapmachine-jdk-11.0.23_macos-aarch64_bin.dmg,macos,aarch64,jdk,2929
2026-09-15T00:24:48+00:00,sapmachine-11.0.23,151390101,False,sapmachine-jdk-11.0.23_macos-aarch64_bin.tar.gz,macos,aarch64,jdk,4222
2026-09-15T00:24:48+00:00,sapmachine-11.0.23,151390101,False,sapmachine-jdk-11.0.23_macos-x64_bin-symbols.tar.gz,macos,x64,jdk,2
2026-09-15T00:24:48+00:00,sapmachine-11.0.23,151390101,False,sapmachine-jdk-11.0.23_macos-x64_bin.dmg,macos,x64,jdk,2810
2026-09-15T00:24:48+00:00,sapmachine-11.0.23,151390101,False,sapmachine-jdk-11.0.23_macos-x64_bin.tar.gz,macos,x64,jdk,3262
2026-09-15T00:24:48+00:00,sapmachine-11.0.23,151390101,False,sapmachine-jdk-11.0.23_windows-x64_bin-symbols.tar.gz,windows,x64,jdk,2
2026-09-15T00:24:48+00:00,sapmachine-11.0.23,151390101,False,sapmachine-jdk-11.0.23_windows-x64_bin.zip,windows,x64,jdk,4187
2026-09-15T00:24:48+00:00,sapmachine-11.0.23,151390101,False,sapmachine-jdk-11.0.23-1.x86_64.rpm,linux,x64,jdk,2855
2026-09-15T00:24:48+00:00,sapmachine-11.0.23,151390101,False,sapmachine-jre-11.0.23_linux-aarch64_bin.tar.gz,linux,aarch64,jre,2790
2026-09-15T00:24:48+00:00,sapmachine-11.0.23,151390101,False,sapmachine-jre-11.0.23_linux-ppc64le_bin.tar.gz,linux,ppc64,jre,2574
2026-09-15T00:24:48+00:00,sapmachine-11.0.23,151390101,False,sapmachine-jre-11.0.23_linux-x64_bin.tar.gz,linux,x64,jre,8323
2026-09-15T00:24:48+00:00,sapmachine-11.0.23,151390101,False,sapmachine-jre-11.0.23_macos-aarch64_bin.dmg,macos,aarch64,jre,2651
2026-09-15T00:24:48+00:00,sapmachine-11.0.23,151390101,False,sapmachine-jre-11.0.23_macos-aarch64_bin.tar.gz,macos,aarch64,jre,2686
2026-09-15T00:24:48+00:00,sapmachine-11.0.23,151390101,False,sapmachine-jre-11.0.23_macos-x64_bin.dmg,macos,x64,jre,2582
2026-09-15T00:24:48+00:00,sapmachine-11.0.23,151390101,False,sapmachine-jre-11.0.23_macos-x64_bin.tar.gz,macos,x64,jre,2702
2026-09-15T00:24:48+00:00,sapmachine-11.0.23,151390101,False,sapmachine-jre-11.0.23_windows-x64_bin.zip,windows,x64,jre,2757
2026-09-15T00:24:48+00:00,sapmachine-11.0.23,151390101,False,sapmachine-jdk-11.0.23_windows-x64_bin.msi,windows,x64,jdk,3947
2026-09-15T00:24:48+00:00,sapmachine-11.0.23,151390101,False,sapmachine-jre-11.0.23_windows-x64_bin.msi,windows,x64,jre,3681
2026-09-15T00:24:48+00:00,sapmachine-17.0.11,151389351,False,sapmachine-jdk-17.0.11_linux-aarch64_bin-symbols.tar.gz,linux,aarch64,jdk,2
2026-09-15T00:24:48+00:00,sapmachine-17.0.11,151389351,False,sapmachine-jdk-17.0.11_linux-aarch64_bin.tar.gz,linux,aarch64,jdk,3119
2026-09-15T00:24:48+00:00,sapmachine-17.0.11,151389351,False,sapmachine-jdk-17.0.11_linux-ppc64le_bin-symbols.tar.gz,linux,ppc64,jdk,1
2026-09-15T00:24:48+00:00,sapmachine-17.0.11,151389351,False,sapmachine-jdk-17.0.11_linux-ppc64le_bin.tar.gz,linux,ppc64,jdk,2665
2026-09-15T00:24:48+00:00,sapmachine-17.0.11,151389351,False,sapmachine-jdk-17.0.11_linux-x64_bin-symbols.tar.gz,linux,x64,jdk,18
2026-09-15T00:24:48+00:00,sapmachine-17.0.11,151389351,False,sapmachine-jdk-17.0.11_linux-x64_bin.tar.gz,linux,x64,jdk,313882
2026-09-15T00:24:48+00:00,sapmachine-17.0.11,151389351,False,sapmachine-jdk-17.0.11_linux-x64-musl_bin-symbols.tar.gz,alpine,x64,jdk,1
2026-09-15T00:24:48+00:00,sapmachine-17.0.11,151389351,False,sapmachine-jdk-17.0.11_linux-x64-musl_bin.tar.gz,alpine,x64,jdk,2748
2026-09-15T00:24:48+00:00,sapmachine-17.0.11,151389351,False,sapmachine-jdk-17.0.11_macos-aarch64_bin-symbols.tar.gz,macos,aarch64,jdk,4
2026-09-15T00:24:48+00:00,sapmachine-17.0.11,151389351,False,sapmachine-jdk-17.0.11_macos-aarch64_bin.dmg,macos,aarch64,jdk,3564
2026-09-15T00:24:48+00:00,sapmachine-17.0.11,151389351,False,sapmachine-jdk-17.0.11_macos-aarch64_bin.tar.gz,macos,aarch64,jdk,7093
2026-09-15T00:24:48+00:00,sapmachine-17.0.11,151389351,False,sapmachine-jdk-17.0.11_macos-x64_bin-symbols.tar.gz,macos,x64,jdk,4
2026-09-15T00:24:48+00:00,sapmachine-17.0.11,151389351,False,sapmachine-jdk-17.0.11_macos-x64_bin.dmg,macos,x64,jdk,4081
2026-09-15T00:24:48+00:00,sapmachine-17.0.11,151389351,False,sapmachine-jdk-17.0.11_macos-x64_bin.tar.gz,macos,x64,jdk,4549
2026-09-15T00:24:48+00:00,sapmachine-17.0.11,151389351,False,sapmachine-jdk-17.0.11_windows-x64_bin-symbols.tar.gz,windows,x64,jdk,6
2026-09-15T00:24:48+00:00,sapmachine-17.0.11,151389351,False,sapmachine-jdk-17.0.11_windows-x64_bin.zip,windows,x64,jdk,12140
2026-09-15T00:24:48+00:00,sapmachine-17.0.11,151389351,False,sapmachine-jdk-17.0.11-1.x86_64.rpm,linux,x64,jdk,2806
2026-09-15T00:24:48+00:00,sapmachine-17.0.11,151389351,False,sapmachine-jre-17.0.11_linux-aarch64_bin.tar.gz,linux,aarch64,jre,3260
2026-09-15T00:24:48+00:00,sapmachine-17.0.11,151389351,False,sapmachine-jre-17.0.11_linux-ppc64le_bin.tar.gz,linux,ppc64,jre,2657
2026-09-15T00:24:48+00:00,sapmachine-17.0.11,151389351,False,sapmachine-jre-17.0.11_linux-x64_bin.tar.gz,linux,x64,jre,166733
2026-09-15T00:24:48+00:00,sapmachine-17.0.11,151389351,False,sapmachine-jre-17.0.11_linux-x64-musl_bin.tar.gz,alpine,x64,jre,2619
2026-09-15T00:24:48+00:00,sapmachine-17.0.11,151389351,False,sapmachine-jre-17.0.11_macos-aarch64_bin.dmg,macos,aarch64,jre,2743
2026-09-15T00:24:48+00:00,sapmachine-17.0.11,151389351,False,sapmachine-jre-17.0.11_macos-aarch64_bin.tar.gz,macos,aarch64,jre,2718
2026-09-15T00:24:48+00:00,sapmachine-17.0.11,151389351,False,sapmachine-jre-17.0.11_macos-x64_bin.dmg,macos,x64,jre,2649
2026-09-15T00:24:48+00:00,sapmachine-17.0.11,151389351,False,sapmachine-jre-17.0.11_macos-x64_bin.tar.gz,macos,x64,jre,2713
2026-09-15T00:24:48+00:00,sapmachine-17.0.11,151389351,False,sapmachine-jre-17.0.11_windows-x64_bin.zip,windows,x64,jre,2844
2026-09-15T00:24:48+00:00,sapmachine-17.0.11,151389351,False,sapmachine-jdk-17.0.11_windows-x64_bin.msi,windows,x64,jdk,4816
2026-09-15T00:24:48+00:00,sapmachine-17.0.11,151389351,False,sapmachine-jre-17.0.11_windows-x64_bin.msi,windows,x64,jre,4372
2026-09-15T00:24:48+00:00,sapmachine-21.0.3,151390924,False,sapmachine-jdk-21.0.3_aix-ppc64_bin-symbols.tar.gz,aix,ppc64,jdk,2
2026-09-15T00:24:48+00:00,sapmachine-21.0.3,151390924,False,sapmachine-jdk-21.0.3_aix-ppc64_bin.tar.gz,aix,ppc64,jdk,2616
2026-09-15T00:24:48+00:00,sapmachine-21.0.3,151390924,False,sapmachine-jdk-21.0.3_linux-aarch64_bin-symbols.tar.gz,linux,aarch64,jdk,1
2026-09-15T00:24:48+00:00,sapmachine-21.0.3,151390924,False,sapmachine-jdk-21.0.3_linux-aarch64_bin.tar.gz,linux,aarch64,jdk,2840
2026-09-15T00:24:48+00:00,sapmachine-21.0.3,151390924,False,sapmachine-jdk-21.0.3_linux-ppc64le_bin-symbols.tar.gz,linux,ppc64,jdk,1
2026-09-15T00:24:48+00:00,sapmachine-21.0.3,151390924,False,sapmachine-jdk-21.0.3_linux-ppc64le_bin.tar.gz,linux,ppc64,jdk,2631
2026-09-15T00:24:48+00:00,sapmachine-21.0.3,151390924,False,sapmachine-jdk-21.0.3_linux-x64_bin-symbols.tar.gz,linux,x64,jdk,1
2026-09-15T00:24:48+00:00,sapmachine-21.0.3,151390924,False,sapmachine-jdk-21.0.3_linux-x64_bin.tar.gz,linux,x64,jdk,10021
2026-09-15T00:24:48+00:00,sapmachine-21.0.3,151390924,False,sapmachine-jdk-21.0.3_linux-x64-musl_bin-symbols.tar.gz,alpine,x64,jdk,1
2026-09-15T00:24:48+00:00,sapmachine-21.0.3,151390924,False,sapmachine-jdk-21.0.3_linux-x64-musl_bin.tar.gz,alpine,x64,jdk,3454
2026-09-15T00:24:48+00:00,sapmachine-21.0.3,151390924,False,sapmachine-jdk-21.0.3_macos-aarch64_bin-symbols.tar.gz,macos,aarch64,jdk,2
2026-09-15T00:24:48+00:00,sapmachine-21.0.3,151390924,False,sapmachine-jdk-21.0.3_macos-aarch64_bin.dmg,macos,aarch64,jdk,2776
2026-09-15T00:24:48+00:00,sapmachine-21.0.3,151390924,False,sapmachine-jdk-21.0.3_macos-aarch64_bin.tar.gz,macos,aarch64,jdk,6344
2026-09-15T00:24:48+00:00,sapmachine-21.0.3,151390924,False,sapmachine-jdk-21.0.3_macos-x64_bin-symbols.tar.gz,macos,x64,jdk,2
2026-09-15T00:24:48+00:00,sapmachine-21.0.3,151390924,False,sapmachine-jdk-21.0.3_macos-x64_bin.dmg,macos,x64,jdk,2914
2026-09-15T00:24:48+00:00,sapmachine-21.0.3,151390924,False,sapmachine-jdk-21.0.3_macos-x64_bin.tar.gz,macos,x64,jdk,3408
2026-09-15T00:24:48+00:00,sapmachine-21.0.3,151390924,False,sapmachine-jdk-21.0.3_windows-x64_bin-symbols.tar.gz,windows,x64,jdk,1
2026-09-15T00:24:48+00:00,sapmachine-21.0.3,151390924,False,sapmachine-jdk-21.0.3_windows-x64_bin.zip,windows,x64,jdk,4167
2026-09-15T00:24:48+00:00,sapmachine-21.0.3,151390924,False,sapmachine-jdk-21.0.3-1.x86_64.rpm,linux,x64,jdk,2735
2026-09-15T00:24:48+00:00,sapmachine-21.0.3,151390924,False,sapmachine-jre-21.0.3_aix-ppc64_bin.tar.gz,aix,ppc64,jre,2581
2026-09-15T00:24:48+00:00,sapmachine-21.0.3,151390924,False,sapmachine-jre-21.0.3_linux-aarch64_bin.tar.gz,linux,aarch64,jre,3816
2026-09-15T00:24:48+00:00,sapmachine-21.0.3,151390924,False,sapmachine-jre-21.0.3_linux-ppc64le_bin.tar.gz,linux,ppc64,jre,2602
2026-09-15T00:24:48+00:00,sapmachine-21.0.3,151390924,False,sapmachine-jre-21.0.3_linux-x64_bin.tar.gz,linux,x64,jre,25090
2026-09-15T00:24:48+00:00,sapmachine-21.0.3,151390924,False,sapmachine-jre-21.0.3_linux-x64-musl_bin.tar.gz,alpine,x64,jre,2654
2026-09-15T00:24:48+00:00,sapmachine-21.0.3,151390924,False,sapmachine-jre-21.0.3_macos-aarch64_bin.dmg,macos,aarch64,jre,2608
2026-09-15T00:24:48+00:00,sapmachine-21.0.3,151390924,False,sapmachine-jre-21.0.3_macos-aarch64_bin.tar.gz,macos,aarch64,jre,2692
2026-09-15T00:24:48+00:00,sapmachine-21.0.3,151390924,False,sapmachine-jre-21.0.3_macos-x64_bin.dmg,macos,x64,jre,2590
2026-09-15T00:24:48+00:00,sapmachine-21.0.3,151390924,False,sapmachine-jre-21.0.3_macos-x64_bin.tar.gz,macos,x64,jre,2716
2026-09-15T00:24:48+00:00,sapmachine-21.0.3,151390924,False,sapmachine-jre-21.0.3_windows-x64_bin.zip,windows,x64,jre,2794
2026-09-15T00:24:48+00:00,sapmachine-21.0.3,151390924,False,sapmachine-jdk-21.0.3_windows-x64_bin.msi,windows,x64,jdk,4273
2026-09-15T00:24:48+00:00,sapmachine-21.0.3,151390924,False,sapmachine-jre-21.0.3_windows-x64_bin.msi,windows,x64,jre,3792
2026-09-15T00:24:48+00:00,sapmachine-22.0.1,151389798,False,sapmachine-jdk-22.0.1_aix-ppc64_bin-symbols.tar.gz,aix,ppc64,jdk,10
2026-09-15T00:24:48+00:00,sapmachine-22.0.1,151389798,False,sapmachine-jdk-22.0.1_aix-ppc64_bin.tar.gz,aix,ppc64,jdk,2770
2026-09-15T00:24:48+00:00,sapmachine-22.0.1,151389798,False,sapmachine-jdk-22.0.1_linux-aarch64_bin-symbols.tar.gz,linux,aarch64,jdk,6
2026-09-15T00:24:48+00:00,sapmachine-22.0.1,151389798,False,sapmachine-jdk-22.0.1_linux-aarch64_bin.tar.gz,linux,aarch64,jdk,2894
2026-09-15T00:24:48+00:00,sapmachine-22.0.1,151389798,False,sapmachine-jdk-22.0.1_linux-ppc64le_bin-symbols.tar.gz,linux,ppc64,jdk,6
2026-09-15T00:24:48+00:00,sapmachine-22.0.1,151389798,False,sapmachine-jdk-22.0.1_linux-ppc64le_bin.tar.gz,linux,ppc64,jdk,2722
2026-09-15T00:24:48+00:00,sapmachine-22.0.1,151389798,False,sapmachine-jdk-22.0.1_linux-x64_bin-symbols.tar.gz,linux,x64,jdk,5
2026-09-15T00:24:48+00:00,sapmachine-22.0.1,151389798,False,sapmachine-jdk-22.0.1_linux-x64_bin.tar.gz,linux,x64,jdk,5157
2026-09-15T00:24:48+00:00,sapmachine-22.0.1,151389798,False,sapmachine-jdk-22.0.1_linux-x64-musl_bin-symbols.tar.gz,alpine,x64,jdk,5
2026-09-15T00:24:48+00:00,sapmachine-22.0.1,151389798,False,sapmachine-jdk-22.0.1_linux-x64-musl_bin.tar.gz,alpine,x64,jdk,2792
2026-09-15T00:24:48+00:00,sapmachine-22.0.1,151389798,False,sapmachine-jdk-22.0.1_macos-aarch64_bin-symbols.tar.gz,macos,aarch64,jdk,6
2026-09-15T00:24:48+00:00,sapmachine-22.0.1,151389798,False,sapmachine-jdk-22.0.1_macos-aarch64_bin.dmg,macos,aarch64,jdk,3783
2026-09-15T00:24:48+00:00,sapmachine-22.0.1,151389798,False,sapmachine-jdk-22.0.1_macos-aarch64_bin.tar.gz,macos,aarch64,jdk,4006
2026-09-15T00:24:48+00:00,sapmachine-22.0.1,151389798,False,sapmachine-jdk-22.0.1_macos-x64_bin-symbols.tar.gz,macos,x64,jdk,6
2026-09-15T00:24:48+00:00,sapmachine-22.0.1,151389798,False,sapmachine-jdk-22.0.1_macos-x64_bin.dmg,macos,x64,jdk,3889
2026-09-15T00:24:48+00:00,sapmachine-22.0.1,151389798,False,sapmachine-jdk-22.0.1_macos-x64_bin.tar.gz,macos,x64,jdk,3344
2026-09-15T00:24:48+00:00,sapmachine-22.0.1,151389798,False,sapmachine-jdk-22.0.1_windows-x64_bin-symbols.tar.gz,windows,x64,jdk,7
2026-09-15T00:24:48+00:00,sapmachine-22.0.1,151389798,False,sapmachine-jdk-22.0.1_windows-x64_bin.zip,windows,x64,jdk,4499
2026-09-15T00:24:48+00:00,sapmachine-22.0.1,151389798,False,sapmachine-jdk-22.0.1-1.x86_64.rpm,linux,x64,jdk,2707
2026-09-15T00:24:48+00:00,sapmachine-22.0.1,151389798,False,sapmachine-jre-22.0.1_aix-ppc64_bin.tar.gz,aix,ppc64,jre,2607
2026-09-15T00:24:48+00:00,sapmachine-22.0.1,151389798,False,sapmachine-jre-22.0.1_linux-aarch64_bin.tar.gz,linux,aarch64,jre,2710
2026-09-15T00:24:48+00:00,sapmachine-22.0.1,151389798,False,sapmachine-jre-22.0.1_linux-ppc64le_bin.tar.gz,linux,ppc64,jre,2605
2026-09-15T00:24:48+00:00,sapmachine-22.0.1,151389798,False,sapmachine-jre-22.0.1_linux-x64_bin.tar.gz,linux,x64,jre,5512
2026-09-15T00:24:48+00:00,sapmachine-22.0.1,151389798,False,sapmachine-jre-22.0.1_linux-x64-musl_bin.tar.gz,alpine,x64,jre,2600
2026-09-15T00:24:48+00:00,sapmachine-22.0.1,151389798,False,sapmachine-jre-22.0.1_macos-aarch64_bin.dmg,macos,aarch64,jre,2604
2026-09-15T00:24:48+00:00,sapmachine-22.0.1,151389798,False,sapmachine-jre-22.0.1_macos-aarch64_bin.tar.gz,macos,aarch64,jre,2711
2026-09-15T00:24:48+00:00,sapmachine-22.0.1,151389798,False,sapmachine-jre-22.0.1_macos-x64_bin.dmg,macos,x64,jre,2679
2026-09-15T00:24:48+00:00,sapmachine-22.0.1,151389798,False,sapmachine-jre-22.0.1_macos-x64_bin.tar.gz,macos,x64,jre,2709
2026-09-15T00:24:48+00:00,sapmachine-22.0.1,151389798,False,sapmachine-jre-22.0.1_windows-x64_bin.zip,windows,x64,jre,2757
2026-09-15T00:24:48+00:00,sapmachine-22.0.1,151389798,False,sapmachine-jdk-22.0.1_windows-x64_bin.msi,windows,x64,jdk,5508
2026-09-15T00:24:48+00:00,sapmachine-22.0.1,151389798,False,sapmachine-jre-22.0.1_windows-x64_bin.msi,windows,x64,jre,3808
2026-09-15T00:24:48+00:00,sapmachine-22,147026912,False,sapmachine-jdk-22_aix-ppc64_bin-symbols.tar.gz,aix,ppc64,jdk,11
2026-09-15T00:24:48+00:00,sapmachine-22,147026912,False,sapmachine-jdk-22_aix-ppc64_bin.tar.gz,aix,ppc64,jdk,2724
2026-09-15T00:24:48+00:00,sapmachine-22,147026912,False,sapmachine-jdk-22_linux-aarch64_bin-symbols.tar.gz,linux,aarch64,jdk,7
2026-09-15T00:24:48+00:00,sapmachine-22,147026912,False,sapmachine-jdk-22_linux-aarch64_bin.tar.gz,linux,aarch64,jdk,2770
2026-09-15T00:24:48+00:00,sapmachine-22,147026912,False,sapmachine-jdk-22_linux-ppc64le_bin-symbols.tar.gz,linux,ppc64,jdk,7
2026-09-15T00:24:48+00:00,sapmachine-22,147026912,False,sapmachine-jdk-22_linux-ppc64le_bin.tar.gz,linux,ppc64,jdk,2753
2026-09-15T00:24:48+00:00,sapmachine-22,147026912,False,sapmachine-jdk-22_linux-x64_bin-symbols.tar.gz,linux,x64,jdk,5
2026-09-15T00:24:48+00:00,sapmachine-22,147026912,False,sapmachine-jdk-22_linux-x64_bin.tar.gz,linux,x64,jdk,3252
2026-09-15T00:24:48+00:00,sapmachine-22,147026912,False,sapmachine-jdk-22_linux-x64-musl_bin-symbols.tar.gz,alpine,x64,jdk,7
2026-09-15T00:24:48+00:00,sapmachine-22,147026912,False,sapmachine-jdk-22_linux-x64-musl_bin.tar.gz,alpine,x64,jdk,2770
2026-09-15T00:24:48+00:00,sapmachine-22,147026912,False,sapmachine-jdk-22_macos-aarch64_bin-symbols.tar.gz,macos,aarch64,jdk,6
2026-09-15T00:24:48+00:00,sapmachine-22,147026912,False,sapmachine-jdk-22_macos-aarch64_bin.dmg,macos,aarch64,jdk,3132
2026-09-15T00:24:48+00:00,sapmachine-22,147026912,False,sapmachine-jdk-22_macos-aarch64_bin.tar.gz,macos,aarch64,jdk,3074
2026-09-15T00:24:48+00:00,sapmachine-22,147026912,False,sapmachine-jdk-22_macos-x64_bin-symbols.tar.gz,macos,x64,jdk,4
2026-09-15T00:24:48+00:00,sapmachine-22,147026912,False,sapmachine-jdk-22_macos-x64_bin.dmg,macos,x64,jdk,3115
2026-09-15T00:24:48+00:00,sapmachine-22,147026912,False,sapmachine-jdk-22_macos-x64_bin.tar.gz,macos,x64,jdk,2953
2026-09-15T00:24:48+00:00,sapmachine-22,147026912,False,sapmachine-jdk-22_windows-x64_bin-symbols.tar.gz,windows,x64,jdk,4
2026-09-15T00:24:48+00:00,sapmachine-22,147026912,False,sapmachine-jdk-22_windows-x64_bin.zip,windows,x64,jdk,3313
2026-09-15T00:24:48+00:00,sapmachine-22,147026912,False,sapmachine-jdk-22-1.x86_64.rpm,linux,x64,jdk,2907
2026-09-15T00:24:48+00:00,sapmachine-22,147026912,False,sapmachine-jre-22_aix-ppc64_bin.tar.gz,aix,ppc64,jre,2704
2026-09-15T00:24:48+00:00,sapmachine-22,147026912,False,sapmachine-jre-22_linux-aarch64_bin.tar.gz,linux,aarch64,jre,2727
2026-09-15T00:24:48+00:00,sapmachine-22,147026912,False,sapmachine-jre-22_linux-ppc64le_bin.tar.gz,linux,ppc64,jre,2694
2026-09-15T00:24:48+00:00,sapmachine-22,147026912,False,sapmachine-jre-22_linux-x64_bin.tar.gz,linux,x64,jre,3587
2026-09-15T00:24:48+00:00,sapmachine-22,147026912,False,sapmachine-jre-22_linux-x64-musl_bin.tar.gz,alpine,x64,jre,2705
2026-09-15T00:24:48+00:00,sapmachine-22,147026912,False,sapmachine-jre-22_macos-aarch64_bin.dmg,macos,aarch64,jre,2689
2026-09-15T00:24:48+00:00,sapmachine-22,147026912,False,sapmachine-jre-22_macos-aarch64_bin.tar.gz,macos,aarch64,jre,2813
2026-09-15T00:24:48+00:00,sapmachine-22,147026912,False,sapmachine-jre-22_macos-x64_bin.dmg,macos,x64,jre,2694
2026-09-15T00:24:48+00:00,sapmachine-22,147026912,False,sapmachine-jre-22_macos-x64_bin.tar.gz,macos,x64,jre,2791
2026-09-15T00:24:48+00:00,sapmachine-22,147026912,False,sapmachine-jre-22_windows-x64_bin.zip,windows,x64,jre,2851
2026-09-15T00:24:48+00:00,sapmachine-22,147026912,False,sapmachine-jdk-22_windows-x64_bin.msi,windows,x64,jdk,5246
2026-09-15T00:24:48+00:00,sapmachine-22,147026912,False,sapmachine-jre-22_windows-x64_bin.msi,windows,x64,jre,3097
2026-09-15T00:24:48+00:00,sapmachine-21.0.2,137297795,False,sapmachine-jdk-21.0.2_linux-x64-musl_bin.tar.gz,alpine,x64,jdk,3094
2026-09-15T00:24:48+00:00,sapmachine-21.0.2,137297795,False,sapmachine-jre-21.0.2_linux-x64-musl_bin.tar.gz,alpine,x64,jre,2974
2026-09-15T00:24:48+00:00,sapmachine-21.0.2,137297795,False,sapmachine-jdk-21.0.2_linux-x64-musl_bin-symbols.tar.gz,alpine,x64,jdk,7
2026-09-15T00:24:48+00:00,sapmachine-21.0.2,137297795,False,sapmachine-jdk-21.0.2_linux-aarch64_bin.tar.gz,linux,aarch64,jdk,3278
2026-09-15T00:24:48+00:00,sapmachine-21.0.2,137297795,False,sapmachine-jre-21.0.2_linux-aarch64_bin.tar.gz,linux,aarch64,jre,3220
2026-09-15T00:24:48+00:00,sapmachine-21.0.2,137297795,False,sapmachine-jdk-21.0.2_linux-aarch64_bin-symbols.tar.gz,linux,aarch64,jdk,7
2026-09-15T00:24:48+00:00,sapmachine-21.0.2,137297795,False,sapmachine-jdk-21.0.2_linux-x64_bin.tar.gz,linux,x64,jdk,13645
2026-09-15T00:24:48+00:00,sapmachine-21.0.2,137297795,False,sapmachine-jre-21.0.2_linux-x64_bin.tar.gz,linux,x64,jre,26240
2026-09-15T00:24:48+00:00,sapmachine-21.0.2,137297795,False,sapmachine-jdk-21.0.2_linux-x64_bin-symbols.tar.gz,linux,x64,jdk,5
2026-09-15T00:24:48+00:00,sapmachine-21.0.2,137297795,False,sapmachine-jdk-21.0.2-1.x86_64.rpm,linux,x64,jdk,3470
2026-09-15T00:24:48+00:00,sapmachine-21.0.2,137297795,False,sapmachine-jdk-21.0.2_aix-ppc64_bin.tar.gz,aix,ppc64,jdk,3106
2026-09-15T00:24:48+00:00,sapmachine-21.0.2,137297795,False,sapmachine-jre-21.0.2_aix-ppc64_bin.tar.gz,aix,ppc64,jre,2909
2026-09-15T00:24:48+00:00,sapmachine-21.0.2,137297795,False,sapmachine-jdk-21.0.2_aix-ppc64_bin-symbols.tar.gz,aix,ppc64,jdk,10
2026-09-15T00:24:48+00:00,sapmachine-21.0.2,137297795,False,sapmachine-jdk-21.0.2_windows-x64_bin.zip,windows,x64,jdk,4830
2026-09-15T00:24:48+00:00,sapmachine-21.0.2,137297795,False,sapmachine-jre-21.0.2_windows-x64_bin.zip,windows,x64,jre,3243
2026-09-15T00:24:48+00:00,sapmachine-21.0.2,137297795,False,sapmachine-jdk-21.0.2_windows-x64_bin-symbols.tar.gz,windows,x64,jdk,5
2026-09-15T00:24:48+00:00,sapmachine-21.0.2,137297795,False,sapmachine-jdk-21.0.2_linux-ppc64le_bin.tar.gz,linux,ppc64,jdk,3077
2026-09-15T00:24:48+00:00,sapmachine-21.0.2,137297795,False,sapmachine-jre-21.0.2_linux-ppc64le_bin.tar.gz,linux,ppc64,jre,2904
2026-09-15T00:24:48+00:00,sapmachine-21.0.2,137297795,False,sapmachine-jdk-21.0.2_linux-ppc64le_bin-symbols.tar.gz,linux,ppc64,jdk,5
2026-09-15T00:24:48+00:00,sapmachine-21.0.2,137297795,False,sapmachine-jdk-21.0.2_macos-aarch64_bin.tar.gz,macos,aarch64,jdk,4692
2026-09-15T00:24:48+00:00,sapmachine-21.0.2,137297795,False,sapmachine-jre-21.0.2_macos-aarch64_bin.tar.gz,macos,aarch64,jre,3038
2026-09-15T00:24:48+00:00,sapmachine-21.0.2,137297795,False,sapmachine-jdk-21.0.2_macos-aarch64_bin-symbols.tar.gz,macos,aarch64,jdk,4
2026-09-15T00:24:48+00:00,sapmachine-21.0.2,137297795,False,sapmachine-jdk-21.0.2_macos-aarch64_bin.dmg,macos,aarch64,jdk,5264
2026-09-15T00:24:48+00:00,sapmachine-21.0.2,137297795,False,sapmachine-jre-21.0.2_macos-aarch64_bin.dmg,macos,aarch64,jre,2952
2026-09-15T00:24:48+00:00,sapmachine-21.0.2,137297795,False,sapmachine-jdk-21.0.2_macos-x64_bin.tar.gz,macos,x64,jdk,3992
2026-09-15T00:24:48+00:00,sapmachine-21.0.2,137297795,False,sapmachine-jre-21.0.2_macos-x64_bin.tar.gz,macos,x64,jre,3053
2026-09-15T00:24:48+00:00,sapmachine-21.0.2,137297795,False,sapmachine-jdk-21.0.2_macos-x64_bin-symbols.tar.gz,macos,x64,jdk,4
2026-09-15T00:24:48+00:00,sapmachine-21.0.2,137297795,False,sapmachine-jdk-21.0.2_macos-x64_bin.dmg,macos,x64,jdk,5634
2026-09-15T00:24:48+00:00,sapmachine-21.0.2,137297795,False,sapmachine-jre-21.0.2_macos-x64_bin.dmg,macos,x64,jre,2956
2026-09-15T00:24:48+00:00,sapmachine-21.0.2,137297795,False,sapmachine-jdk-21.0.2_windows-x64_bin.msi,windows,x64,jdk,6441
2026-09-15T00:24:48+00:00,sapmachine-21.0.2,137297795,False,sapmachine-jre-21.0.2_windows-x64_bin.msi,windows,x64,jre,3791
2026-09-15T00:24:48+00:00,sapmachine-17.0.10,137297374,False,sapmachine-jdk-17.0.10_linux-x64-musl_bin.tar.gz,alpine,x64,jdk,16256
2026-09-15T00:24:48+00:00,sapmachine-17.0.10,137297374,False,sapmachine-jre-17.0.10_linux-x64-musl_bin.tar.gz,alpine,x64,jre,3093
2026-09-15T00:24:48+00:00,sapmachine-17.0.10,137297374,False,sapmachine-jdk-17.0.10_linux-x64-musl_bin-symbols.tar.gz,alpine,x64,jdk,3
2026-09-15T00:24:48+00:00,sapmachine-17.0.10,137297374,False,sapmachine-jdk-17.0.10_linux-x64_bin.tar.gz,linux,x64,jdk,1392050
2026-09-15T00:24:48+00:00,sapmachine-17.0.10,137297374,False,sapmachine-jre-17.0.10_linux-x64_bin.tar.gz,linux,x64,jre,196816
2026-09-15T00:24:48+00:00,sapmachine-17.0.10,137297374,False,sapmachine-jdk-17.0.10_linux-x64_bin-symbols.tar.gz,linux,x64,jdk,19
2026-09-15T00:24:48+00:00,sapmachine-17.0.10,137297374,False,sapmachine-jdk-17.0.10-1.x86_64.rpm,linux,x64,jdk,3244
2026-09-15T00:24:48+00:00,sapmachine-17.0.10,137297374,False,sapmachine-jdk-17.0.10_linux-aarch64_bin.tar.gz,linux,aarch64,jdk,3258
2026-09-15T00:24:48+00:00,sapmachine-17.0.10,137297374,False,sapmachine-jre-17.0.10_linux-aarch64_bin.tar.gz,linux,aarch64,jre,2960
2026-09-15T00:24:48+00:00,sapmachine-17.0.10,137297374,False,sapmachine-jdk-17.0.10_linux-aarch64_bin-symbols.tar.gz,linux,aarch64,jdk,2
2026-09-15T00:24:48+00:00,sapmachine-17.0.10,137297374,False,sapmachine-jdk-17.0.10_windows-x64_bin.zip,windows,x64,jdk,36230
2026-09-15T00:24:48+00:00,sapmachine-17.0.10,137297374,False,sapmachine-jre-17.0.10_windows-x64_bin.zip,windows,x64,jre,3285
2026-09-15T00:24:48+00:00,sapmachine-17.0.10,137297374,False,sapmachine-jdk-17.0.10_windows-x64_bin-symbols.tar.gz,windows,x64,jdk,3
2026-09-15T00:24:48+00:00,sapmachine-17.0.10,137297374,False,sapmachine-jdk-17.0.10_linux-ppc64le_bin.tar.gz,linux,ppc64,jdk,3059
2026-09-15T00:24:48+00:00,sapmachine-17.0.10,137297374,False,sapmachine-jre-17.0.10_linux-ppc64le_bin.tar.gz,linux,ppc64,jre,2958
2026-09-15T00:24:48+00:00,sapmachine-17.0.10,137297374,False,sapmachine-jdk-17.0.10_linux-ppc64le_bin-symbols.tar.gz,linux,ppc64,jdk,1
2026-09-15T00:24:48+00:00,sapmachine-17.0.10,137297374,False,sapmachine-jdk-17.0.10_macos-aarch64_bin.tar.gz,macos,aarch64,jdk,5701
2026-09-15T00:24:48+00:00,sapmachine-17.0.10,137297374,False,sapmachine-jre-17.0.10_macos-aarch64_bin.tar.gz,macos,aarch64,jre,3026
2026-09-15T00:24:48+00:00,sapmachine-17.0.10,137297374,False,sapmachine-jdk-17.0.10_macos-aarch64_bin-symbols.tar.gz,macos,aarch64,jdk,4
2026-09-15T00:24:48+00:00,sapmachine-17.0.10,137297374,False,sapmachine-jdk-17.0.10_macos-aarch64_bin.dmg,macos,aarch64,jdk,6177
2026-09-15T00:24:48+00:00,sapmachine-17.0.10,137297374,False,sapmachine-jre-17.0.10_macos-aarch64_bin.dmg,macos,aarch64,jre,2994
2026-09-15T00:24:48+00:00,sapmachine-17.0.10,137297374,False,sapmachine-jdk-17.0.10_macos-x64_bin.tar.gz,macos,x64,jdk,4548
2026-09-15T00:24:48+00:00,sapmachine-17.0.10,137297374,False,sapmachine-jre-17.0.10_macos-x64_bin.tar.gz,macos,x64,jre,3052
2026-09-15T00:24:48+00:00,sapmachine-17.0.10,137297374,False,sapmachine-jdk-17.0.10_macos-x64_bin-symbols.tar.gz,macos,x64,jdk,4
2026-09-15T00:24:48+00:00,sapmachine-17.0.10,137297374,False,sapmachine-jdk-17.0.10_macos-x64_bin.dmg,macos,x64,jdk,6443
2026-09-15T00:24:48+00:00,sapmachine-17.0.10,137297374,False,sapmachine-jre-17.0.10_macos-x64_bin.dmg,macos,x64,jre,3032
2026-09-15T00:24:48+00:00,sapmachine-17.0.10,137297374,False,sapmachine-jdk-17.0.10_windows-x64_bin.msi,windows,x64,jdk,6240
2026-09-15T00:24:48+00:00,sapmachine-17.0.10,137297374,False,sapmachine-jre-17.0.10_windows-x64_bin.msi,windows,x64,jre,3924
2026-09-15T00:24:48+00:00,sapmachine-11.0.22,137295842,False,sapmachine-jdk-11.0.22_linux-aarch64_bin.tar.gz,linux,aarch64,jdk,3045
2026-09-15T00:24:48+00:00,sapmachine-11.0.22,137295842,False,sapmachine-jre-11.0.22_linux-aarch64_bin.tar.gz,linux,aarch64,jre,2959
2026-09-15T00:24:48+00:00,sapmachine-11.0.22,137295842,False,sapmachine-jdk-11.0.22_linux-aarch64_bin-symbols.tar.gz,linux,aarch64,jdk,3
2026-09-15T00:24:48+00:00,sapmachine-11.0.22,137295842,False,sapmachine-jdk-11.0.22_linux-x64_bin.tar.gz,linux,x64,jdk,38104
2026-09-15T00:24:48+00:00,sapmachine-11.0.22,137295842,False,sapmachine-jre-11.0.22_linux-x64_bin.tar.gz,linux,x64,jre,8512
2026-09-15T00:24:48+00:00,sapmachine-11.0.22,137295842,False,sapmachine-jdk-11.0.22_linux-x64_bin-symbols.tar.gz,linux,x64,jdk,2
2026-09-15T00:24:48+00:00,sapmachine-11.0.22,137295842,False,sapmachine-jdk-11.0.22-1.x86_64.rpm,linux,x64,jdk,2950
2026-09-15T00:24:48+00:00,sapmachine-11.0.22,137295842,False,sapmachine-jdk-11.0.22_linux-ppc64le_bin.tar.gz,linux,ppc64,jdk,2922
2026-09-15T00:24:48+00:00,sapmachine-11.0.22,137295842,False,sapmachine-jre-11.0.22_linux-ppc64le_bin.tar.gz,linux,ppc64,jre,2889
2026-09-15T00:24:48+00:00,sapmachine-11.0.22,137295842,False,sapmachine-jdk-11.0.22_linux-ppc64le_bin-symbols.tar.gz,linux,ppc64,jdk,2
2026-09-15T00:24:48+00:00,sapmachine-11.0.22,137295842,False,sapmachine-jdk-11.0.22_windows-x64_bin.zip,windows,x64,jdk,4305
2026-09-15T00:24:48+00:00,sapmachine-11.0.22,137295842,False,sapmachine-jre-11.0.22_windows-x64_bin.zip,windows,x64,jre,3130
2026-09-15T00:24:48+00:00,sapmachine-11.0.22,137295842,False,sapmachine-jdk-11.0.22_windows-x64_bin-symbols.tar.gz,windows,x64,jdk,1
2026-09-15T00:24:48+00:00,sapmachine-11.0.22,137295842,False,sapmachine-jdk-11.0.22_macos-aarch64_bin.tar.gz,macos,aarch64,jdk,3994
2026-09-15T00:24:48+00:00,sapmachine-11.0.22,137295842,False,sapmachine-jre-11.0.22_macos-aarch64_bin.tar.gz,macos,aarch64,jre,3028
2026-09-15T00:24:48+00:00,sapmachine-11.0.22,137295842,False,sapmachine-jdk-11.0.22_macos-aarch64_bin-symbols.tar.gz,macos,aarch64,jdk,3
2026-09-15T00:24:48+00:00,sapmachine-11.0.22,137295842,False,sapmachine-jdk-11.0.22_macos-aarch64_bin.dmg,macos,aarch64,jdk,4552
2026-09-15T00:24:48+00:00,sapmachine-11.0.22,137295842,False,sapmachine-jre-11.0.22_macos-aarch64_bin.dmg,macos,aarch64,jre,2919
2026-09-15T00:24:48+00:00,sapmachine-11.0.22,137295842,False,sapmachine-jdk-11.0.22_macos-x64_bin.tar.gz,macos,x64,jdk,3735
2026-09-15T00:24:48+00:00,sapmachine-11.0.22,137295842,False,sapmachine-jre-11.0.22_macos-x64_bin.tar.gz,macos,x64,jre,3035
2026-09-15T00:24:48+00:00,sapmachine-11.0.22,137295842,False,sapmachine-jdk-11.0.22_macos-x64_bin-symbols.tar.gz,macos,x64,jdk,2
2026-09-15T00:24:48+00:00,sapmachine-11.0.22,137295842,False,sapmachine-jdk-11.0.22_macos-x64_bin.dmg,macos,x64,jdk,4674
2026-09-15T00:24:48+00:00,sapmachine-11.0.22,137295842,False,sapmachine-jre-11.0.22_macos-x64_bin.dmg,macos,x64,jre,2948
2026-09-15T00:24:48+00:00,sapmachine-11.0.22,137295842,False,sapmachine-jdk-11.0.22_windows-x64_bin.msi,windows,x64,jdk,4218
2026-09-15T00:24:48+00:00,sapmachine-11.0.22,137295842,False,sapmachine-jre-11.0.22_windows-x64_bin.msi,windows,x64,jre,3348
2026-09-15T00:24:48+00:00,sapmachine-11.0.21,125513226,False,sapmachine-jdk-11.0.21_linux-x64_bin.tar.gz,linux,x64,jdk,53480
2026-09-15T00:24:48+00:00,sapmachine-11.0.21,125513226,False,sapmachine-jre-11.0.21_linux-x64_bin.tar.gz,linux,x64,jre,9391
2026-09-15T00:24:48+00:00,sapmachine-11.0.21,125513226,False,sapmachine-jdk-11.0.21_linux-x64_bin-symbols.tar.gz,linux,x64,jdk,6
2026-09-15T00:24:48+00:00,sapmachine-11.0.21,125513226,False,sapmachine-jdk-11.0.21-1.x86_64.rpm,linux,x64,jdk,3709
2026-09-15T00:24:48+00:00,sapmachine-11.0.21,125513226,False,sapmachine-jdk-11.0.21_linux-aarch64_bin.tar.gz,linux,aarch64,jdk,3285
2026-09-15T00:24:48+00:00,sapmachine-11.0.21,125513226,False,sapmachine-jre-11.0.21_linux-aarch64_bin.tar.gz,linux,aarch64,jre,4293
2026-09-15T00:24:48+00:00,sapmachine-11.0.21,125513226,False,sapmachine-jdk-11.0.21_linux-aarch64_bin-symbols.tar.gz,linux,aarch64,jdk,5
2026-09-15T00:24:48+00:00,sapmachine-11.0.21,125513226,False,sapmachine-jdk-11.0.21_windows-x64_bin.zip,windows,x64,jdk,18148
2026-09-15T00:24:48+00:00,sapmachine-11.0.21,125513226,False,sapmachine-jre-11.0.21_windows-x64_bin.zip,windows,x64,jre,3431
2026-09-15T00:24:48+00:00,sapmachine-11.0.21,125513226,False,sapmachine-jdk-11.0.21_windows-x64_bin-symbols.tar.gz,windows,x64,jdk,5
2026-09-15T00:24:48+00:00,sapmachine-11.0.21,125513226,False,sapmachine-jdk-11.0.21_linux-ppc64le_bin.tar.gz,linux,ppc64,jdk,3308
2026-09-15T00:24:48+00:00,sapmachine-11.0.21,125513226,False,sapmachine-jre-11.0.21_linux-ppc64le_bin.tar.gz,linux,ppc64,jre,3188
2026-09-15T00:24:48+00:00,sapmachine-11.0.21,125513226,False,sapmachine-jdk-11.0.21_linux-ppc64le_bin-symbols.tar.gz,linux,ppc64,jdk,4
2026-09-15T00:24:48+00:00,sapmachine-11.0.21,125513226,False,sapmachine-jdk-11.0.21_windows-x64_bin.msi,windows,x64,jdk,4347
2026-09-15T00:24:48+00:00,sapmachine-11.0.21,125513226,False,sapmachine-jre-11.0.21_windows-x64_bin.msi,windows,x64,jre,3644
2026-09-15T00:24:48+00:00,sapmachine-11.0.21,125513226,False,sapmachine-jdk-11.0.21_macos-aarch64_bin.tar.gz,macos,aarch64,jdk,4095
2026-09-15T00:24:48+00:00,sapmachine-11.0.21,125513226,False,sapmachine-jdk-11.0.21_macos-aarch64_bin.dmg,macos,aarch64,jdk,5727
2026-09-15T00:24:48+00:00,sapmachine-11.0.21,125513226,False,sapmachine-jre-11.0.21_macos-aarch64_bin.tar.gz,macos,aarch64,jre,3262
2026-09-15T00:24:48+00:00,sapmachine-11.0.21,125513226,False,sapmachine-jre-11.0.21_macos-aarch64_bin.dmg,macos,aarch64,jre,3180
2026-09-15T00:24:48+00:00,sapmachine-11.0.21,125513226,False,sapmachine-jdk-11.0.21_macos-aarch64_bin-symbols.tar.gz,macos,aarch64,jdk,2
2026-09-15T00:24:48+00:00,sapmachine-11.0.21,125513226,False,sapmachine-jdk-11.0.21_macos-x64_bin.tar.gz,macos,x64,jdk,3908
2026-09-15T00:24:48+00:00,sapmachine-11.0.21,125513226,False,sapmachine-jdk-11.0.21_macos-x64_bin.dmg,macos,x64,jdk,5932
2026-09-15T00:24:48+00:00,sapmachine-11.0.21,125513226,False,sapmachine-jre-11.0.21_macos-x64_bin.tar.gz,macos,x64,jre,3300
2026-09-15T00:24:48+00:00,sapmachine-11.0.21,125513226,False,sapmachine-jre-11.0.21_macos-x64_bin.dmg,macos,x64,jre,3206
2026-09-15T00:24:48+00:00,sapmachine-11.0.21,125513226,False,sapmachine-jdk-11.0.21_macos-x64_bin-symbols.tar.gz,macos,x64,jdk,2
2026-09-15T00:24:48+00:00,sapmachine-17.0.9,125512392,False,sapmachine-jdk-17.0.9_linux-x64-musl_bin.tar.gz,alpine,x64,jdk,3561
2026-09-15T00:24:48+00:00,sapmachine-17.0.9,125512392,False,sapmachine-jre-17.0.9_linux-x64-musl_bin.tar.gz,alpine,x64,jre,3336
2026-09-15T00:24:48+00:00,sapmachine-17.0.9,125512392,False,sapmachine-jdk-17.0.9_linux-x64-musl_bin-symbols.tar.gz,alpine,x64,jdk,2
2026-09-15T00:24:48+00:00,sapmachine-17.0.9,125512392,False,sapmachine-jdk-17.0.9_linux-x64_bin.tar.gz,linux,x64,jdk,289526
2026-09-15T00:24:48+00:00,sapmachine-17.0.9,125512392,False,sapmachine-jre-17.0.9_linux-x64_bin.tar.gz,linux,x64,jre,133400
2026-09-15T00:24:48+00:00,sapmachine-17.0.9,125512392,False,sapmachine-jdk-17.0.9_linux-x64_bin-symbols.tar.gz,linux,x64,jdk,12
2026-09-15T00:24:48+00:00,sapmachine-17.0.9,125512392,False,sapmachine-jdk-17.0.9-1.x86_64.rpm,linux,x64,jdk,3414
2026-09-15T00:24:48+00:00,sapmachine-17.0.9,125512392,False,sapmachine-jdk-17.0.9_linux-aarch64_bin.tar.gz,linux,aarch64,jdk,3964
2026-09-15T00:24:48+00:00,sapmachine-17.0.9,125512392,False,sapmachine-jre-17.0.9_linux-aarch64_bin.tar.gz,linux,aarch64,jre,3339
2026-09-15T00:24:48+00:00,sapmachine-17.0.9,125512392,False,sapmachine-jdk-17.0.9_linux-aarch64_bin-symbols.tar.gz,linux,aarch64,jdk,2
2026-09-15T00:24:48+00:00,sapmachine-17.0.9,125512392,False,sapmachine-jdk-17.0.9_windows-x64_bin.zip,windows,x64,jdk,8227
2026-09-15T00:24:48+00:00,sapmachine-17.0.9,125512392,False,sapmachine-jre-17.0.9_windows-x64_bin.zip,windows,x64,jre,3498
2026-09-15T00:24:48+00:00,sapmachine-17.0.9,125512392,False,sapmachine-jdk-17.0.9_windows-x64_bin-symbols.tar.gz,windows,x64,jdk,3
2026-09-15T00:24:48+00:00,sapmachine-17.0.9,125512392,False,sapmachine-jdk-17.0.9_linux-ppc64le_bin.tar.gz,linux,ppc64,jdk,3380
2026-09-15T00:24:48+00:00,sapmachine-17.0.9,125512392,False,sapmachine-jre-17.0.9_linux-ppc64le_bin.tar.gz,linux,ppc64,jre,3222
2026-09-15T00:24:48+00:00,sapmachine-17.0.9,125512392,False,sapmachine-jdk-17.0.9_linux-ppc64le_bin-symbols.tar.gz,linux,ppc64,jdk,2
2026-09-15T00:24:48+00:00,sapmachine-17.0.9,125512392,False,sapmachine-jdk-17.0.9_windows-x64_bin.msi,windows,x64,jdk,5894
2026-09-15T00:24:48+00:00,sapmachine-17.0.9,125512392,False,sapmachine-jre-17.0.9_windows-x64_bin.msi,windows,x64,jre,4080
2026-09-15T00:24:48+00:00,sapmachine-17.0.9,125512392,False,sapmachine-jdk-17.0.9_macos-aarch64_bin.tar.gz,macos,aarch64,jdk,4889
2026-09-15T00:24:48+00:00,sapmachine-17.0.9,125512392,False,sapmachine-jdk-17.0.9_macos-aarch64_bin.dmg,macos,aarch64,jdk,6500
2026-09-15T00:24:48+00:00,sapmachine-17.0.9,125512392,False,sapmachine-jre-17.0.9_macos-aarch64_bin.tar.gz,macos,aarch64,jre,3328
2026-09-15T00:24:48+00:00,sapmachine-17.0.9,125512392,False,sapmachine-jre-17.0.9_macos-aarch64_bin.dmg,macos,aarch64,jre,3204
2026-09-15T00:24:48+00:00,sapmachine-17.0.9,125512392,False,sapmachine-jdk-17.0.9_macos-aarch64_bin-symbols.tar.gz,macos,aarch64,jdk,3
2026-09-15T00:24:48+00:00,sapmachine-17.0.9,125512392,False,sapmachine-jdk-17.0.9_macos-x64_bin.tar.gz,macos,x64,jdk,4317
2026-09-15T00:24:48+00:00,sapmachine-17.0.9,125512392,False,sapmachine-jdk-17.0.9_macos-x64_bin.dmg,macos,x64,jdk,7013
2026-09-15T00:24:48+00:00,sapmachine-17.0.9,125512392,False,sapmachine-jre-17.0.9_macos-x64_bin.tar.gz,macos,x64,jre,3285
2026-09-15T00:24:48+00:00,sapmachine-17.0.9,125512392,False,sapmachine-jre-17.0.9_macos-x64_bin.dmg,macos,x64,jre,3218
2026-09-15T00:24:48+00:00,sapmachine-17.0.9,125512392,False,sapmachine-jdk-17.0.9_macos-x64_bin-symbols.tar.gz,macos,x64,jdk,3
2026-09-15T00:24:48+00:00,sapmachine-21.0.1,125509596,False,sapmachine-jdk-21.0.1_linux-x64-musl_bin.tar.gz,alpine,x64,jdk,3410
2026-09-15T00:24:48+00:00,sapmachine-21.0.1,125509596,False,sapmachine-jre-21.0.1_linux-x64-musl_bin.tar.gz,alpine,x64,jre,3224
2026-09-15T00:24:48+00:00,sapmachine-21.0.1,125509596,False,sapmachine-jdk-21.0.1_linux-x64-musl_bin-symbols.tar.gz,alpine,x64,jdk,7
2026-09-15T00:24:48+00:00,sapmachine-21.0.1,125509596,False,sapmachine-jdk-21.0.1_linux-x64_bin.tar.gz,linux,x64,jdk,8293
2026-09-15T00:24:48+00:00,sapmachine-21.0.1,125509596,False,sapmachine-jre-21.0.1_linux-x64_bin.tar.gz,linux,x64,jre,8117
2026-09-15T00:24:48+00:00,sapmachine-21.0.1,125509596,False,sapmachine-jdk-21.0.1_linux-x64_bin-symbols.tar.gz,linux,x64,jdk,7
2026-09-15T00:24:48+00:00,sapmachine-21.0.1,125509596,False,sapmachine-jdk-21.0.1-1.x86_64.rpm,linux,x64,jdk,3289
2026-09-15T00:24:48+00:00,sapmachine-21.0.1,125509596,False,sapmachine-jdk-21.0.1_linux-aarch64_bin.tar.gz,linux,aarch64,jdk,3419
2026-09-15T00:24:48+00:00,sapmachine-21.0.1,125509596,False,sapmachine-jre-21.0.1_linux-aarch64_bin.tar.gz,linux,aarch64,jre,3994
2026-09-15T00:24:48+00:00,sapmachine-21.0.1,125509596,False,sapmachine-jdk-21.0.1_linux-aarch64_bin-symbols.tar.gz,linux,aarch64,jdk,8
2026-09-15T00:24:48+00:00,sapmachine-21.0.1,125509596,False,sapmachine-jdk-21.0.1-beta_aix-ppc64_bin.tar.gz,aix,ppc64,jdk,2956
2026-09-15T00:24:48+00:00,sapmachine-21.0.1,125509596,False,sapmachine-jre-21.0.1-beta_aix-ppc64_bin.tar.gz,aix,ppc64,jre,2918
2026-09-15T00:24:48+00:00,sapmachine-21.0.1,125509596,False,sapmachine-jdk-21.0.1-beta_aix-ppc64_bin-symbols.tar.gz,aix,ppc64,jdk,7
2026-09-15T00:24:48+00:00,sapmachine-21.0.1,125509596,False,sapmachine-jdk-21.0.1_windows-x64_bin.zip,windows,x64,jdk,6160
2026-09-15T00:24:48+00:00,sapmachine-21.0.1,125509596,False,sapmachine-jre-21.0.1_windows-x64_bin.zip,windows,x64,jre,3517
2026-09-15T00:24:48+00:00,sapmachine-21.0.1,125509596,False,sapmachine-jdk-21.0.1_windows-x64_bin-symbols.tar.gz,windows,x64,jdk,7
2026-09-15T00:24:48+00:00,sapmachine-21.0.1,125509596,False,sapmachine-jdk-21.0.1_linux-ppc64le_bin.tar.gz,linux,ppc64,jdk,3370
2026-09-15T00:24:48+00:00,sapmachine-21.0.1,125509596,False,sapmachine-jre-21.0.1_linux-ppc64le_bin.tar.gz,linux,ppc64,jre,3192
2026-09-15T00:24:48+00:00,sapmachine-21.0.1,125509596,False,sapmachine-jdk-21.0.1_linux-ppc64le_bin-symbols.tar.gz,linux,ppc64,jdk,6
2026-09-15T00:24:48+00:00,sapmachine-21.0.1,125509596,False,sapmachine-jdk-21.0.1_windows-x64_bin.msi,windows,x64,jdk,7767
2026-09-15T00:24:48+00:00,sapmachine-21.0.1,125509596,False,sapmachine-jre-21.0.1_windows-x64_bin.msi,windows,x64,jre,4247
2026-09-15T00:24:48+00:00,sapmachine-21.0.1,125509596,False,sapmachine-jdk-21.0.1_macos-aarch64_bin.tar.gz,macos,aarch64,jdk,4527
2026-09-15T00:24:48+00:00,sapmachine-21.0.1,125509596,False,sapmachine-jdk-21.0.1_macos-aarch64_bin.dmg,macos,aarch64,jdk,6821
2026-09-15T00:24:48+00:00,sapmachine-21.0.1,125509596,False,sapmachine-jre-21.0.1_macos-aarch64_bin.tar.gz,macos,aarch64,jre,3319
2026-09-15T00:24:48+00:00,sapmachine-21.0.1,125509596,False,sapmachine-jre-21.0.1_macos-aarch64_bin.dmg,macos,aarch64,jre,3215
2026-09-15T00:24:48+00:00,sapmachine-21.0.1,125509596,False,sapmachine-jdk-21.0.1_macos-aarch64_bin-symbols.tar.gz,macos,aarch64,jdk,6
2026-09-15T00:24:48+00:00,sapmachine-21.0.1,125509596,False,sapmachine-jdk-21.0.1_macos-x64_bin.tar.gz,macos,x64,jdk,4049
2026-09-15T00:24:48+00:00,sapmachine-21.0.1,125509596,False,sapmachine-jdk-21.0.1_macos-x64_bin.dmg,macos,x64,jdk,7418
2026-09-15T00:24:48+00:00,sapmachine-21.0.1,125509596,False,sapmachine-jre-21.0.1_macos-x64_bin.tar.gz,macos,x64,jre,3291
2026-09-15T00:24:48+00:00,sapmachine-21.0.1,125509596,False,sapmachine-jre-21.0.1_macos-x64_bin.dmg,macos,x64,jre,3295
2026-09-15T00:24:48+00:00,sapmachine-21.0.1,125509596,False,sapmachine-jdk-21.0.1_macos-x64_bin-symbols.tar.gz,macos,x64,jdk,5
2026-09-15T00:24:48+00:00,sapmachine-21,121589656,False,sapmachine-jdk-21_linux-x64-musl_bin.tar.gz,alpine,x64,jdk,3338
2026-09-15T00:24:48+00:00,sapmachine-21,121589656,False,sapmachine-jre-21_linux-x64-musl_bin.tar.gz,alpine,x64,jre,3293
2026-09-15T00:24:48+00:00,sapmachine-21,121589656,False,sapmachine-jdk-21_linux-x64-musl_bin-symbols.tar.gz,alpine,x64,jdk,10
2026-09-15T00:24:48+00:00,sapmachine-21,121589656,False,sapmachine-jdk-21_linux-x64_bin.tar.gz,linux,x64,jdk,4679
2026-09-15T00:24:48+00:00,sapmachine-21,121589656,False,sapmachine-jre-21_linux-x64_bin.tar.gz,linux,x64,jre,4546
2026-09-15T00:24:48+00:00,sapmachine-21,121589656,False,sapmachine-jdk-21_linux-x64_bin-symbols.tar.gz,linux,x64,jdk,9
2026-09-15T00:24:48+00:00,sapmachine-21,121589656,False,sapmachine-jdk-21-1.x86_64.rpm,linux,x64,jdk,3526
2026-09-15T00:24:48+00:00,sapmachine-21,121589656,False,sapmachine-jdk-21_linux-aarch64_bin.tar.gz,linux,aarch64,jdk,3444
2026-09-15T00:24:48+00:00,sapmachine-21,121589656,False,sapmachine-jre-21_linux-aarch64_bin.tar.gz,linux,aarch64,jre,3374
2026-09-15T00:24:48+00:00,sapmachine-21,121589656,False,sapmachine-jdk-21_linux-aarch64_bin-symbols.tar.gz,linux,aarch64,jdk,14
2026-09-15T00:24:48+00:00,sapmachine-21,121589656,False,sapmachine-jdk-21_windows-x64_bin.zip,windows,x64,jdk,5316
2026-09-15T00:24:48+00:00,sapmachine-21,121589656,False,sapmachine-jre-21_windows-x64_bin.zip,windows,x64,jre,3451
2026-09-15T00:24:48+00:00,sapmachine-21,121589656,False,sapmachine-jdk-21_windows-x64_bin-symbols.tar.gz,windows,x64,jdk,6
2026-09-15T00:24:48+00:00,sapmachine-21,121589656,False,sapmachine-jdk-21_linux-ppc64le_bin.tar.gz,linux,ppc64,jdk,3311
2026-09-15T00:24:48+00:00,sapmachine-21,121589656,False,sapmachine-jre-21_linux-ppc64le_bin.tar.gz,linux,ppc64,jre,3276
2026-09-15T00:24:48+00:00,sapmachine-21,121589656,False,sapmachine-jdk-21_linux-ppc64le_bin-symbols.tar.gz,linux,ppc64,jdk,9
2026-09-15T00:24:48+00:00,sapmachine-21,121589656,False,sapmachine-jdk-21_windows-x64_bin.msi,windows,x64,jdk,4902
2026-09-15T00:24:48+00:00,sapmachine-21,121589656,False,sapmachine-jre-21_windows-x64_bin.msi,windows,x64,jre,3618
2026-09-15T00:24:48+00:00,sapmachine-21,121589656,False,sapmachine-jdk-21_macos-aarch64_bin.tar.gz,macos,aarch64,jdk,3970
2026-09-15T00:24:48+00:00,sapmachine-21,121589656,False,sapmachine-jdk-21_macos-aarch64_bin.dmg,macos,aarch64,jdk,3796
2026-09-15T00:24:48+00:00,sapmachine-21,121589656,False,sapmachine-jdk-21_macos-x64_bin.tar.gz,macos,x64,jdk,3608
2026-09-15T00:24:48+00:00,sapmachine-21,121589656,False,sapmachine-jre-21_macos-aarch64_bin.tar.gz,macos,aarch64,jre,3376
2026-09-15T00:24:48+00:00,sapmachine-21,121589656,False,sapmachine-jre-21_macos-aarch64_bin.dmg,macos,aarch64,jre,3333
2026-09-15T00:24:48+00:00,sapmachine-21,121589656,False,sapmachine-jdk-21_macos-x64_bin.dmg,macos,x64,jdk,4046
2026-09-15T00:24:48+00:00,sapmachine-21,121589656,False,sapmachine-jdk-21_macos-aarch64_bin-symbols.tar.gz,macos,aarch64,jdk,5
2026-09-15T00:24:48+00:00,sapmachine-21,121589656,False,sapmachine-jre-21_macos-x64_bin.tar.gz,macos,x64,jre,3401
2026-09-15T00:24:48+00:00,sapmachine-21,121589656,False,sapmachine-jre-21_macos-x64_bin.dmg,macos,x64,jre,3269
2026-09-15T00:24:48+00:00,sapmachine-21,121589656,False,sapmachine-jdk-21_macos-x64_bin-symbols.tar.gz,macos,x64,jdk,2
2026-09-15T00:24:48+00:00,sapmachine-11.0.20.1,120580479,False,sapmachine-jdk-11.0.20.1_linux-x64_bin.tar.gz,linux,x64,jdk,19731
2026-09-15T00:24:48+00:00,sapmachine-11.0.20.1,120580479,False,sapmachine-jre-11.0.20.1_linux-x64_bin.tar.gz,linux,x64,jre,9681
2026-09-15T00:24:48+00:00,sapmachine-11.0.20.1,120580479,False,sapmachine-jdk-11.0.20.1_linux-x64_bin-symbols.tar.gz,linux,x64,jdk,3
2026-09-15T00:24:48+00:00,sapmachine-11.0.20.1,120580479,False,sapmachine-jdk-11.0.20.1-1.x86_64.rpm,linux,x64,jdk,3392
2026-09-15T00:24:48+00:00,sapmachine-11.0.20.1,120580479,False,sapmachine-jdk-11.0.20.1_linux-aarch64_bin.tar.gz,linux,aarch64,jdk,3366
2026-09-15T00:24:48+00:00,sapmachine-11.0.20.1,120580479,False,sapmachine-jre-11.0.20.1_linux-aarch64_bin.tar.gz,linux,aarch64,jre,3301
2026-09-15T00:24:48+00:00,sapmachine-11.0.20.1,120580479,False,sapmachine-jdk-11.0.20.1_linux-aarch64_bin-symbols.tar.gz,linux,aarch64,jdk,2
2026-09-15T00:24:48+00:00,sapmachine-11.0.20.1,120580479,False,sapmachine-jdk-11.0.20.1_linux-ppc64le_bin.tar.gz,linux,ppc64,jdk,3290
2026-09-15T00:24:48+00:00,sapmachine-11.0.20.1,120580479,False,sapmachine-jre-11.0.20.1_linux-ppc64le_bin.tar.gz,linux,ppc64,jre,3269
2026-09-15T00:24:48+00:00,sapmachine-11.0.20.1,120580479,False,sapmachine-jdk-11.0.20.1_linux-ppc64le_bin-symbols.tar.gz,linux,ppc64,jdk,2
2026-09-15T00:24:48+00:00,sapmachine-11.0.20.1,120580479,False,sapmachine-jdk-11.0.20.1_windows-x64_bin.zip,windows,x64,jdk,4096
2026-09-15T00:24:48+00:00,sapmachine-11.0.20.1,120580479,False,sapmachine-jre-11.0.20.1_windows-x64_bin.zip,windows,x64,jre,3551
2026-09-15T00:24:48+00:00,sapmachine-11.0.20.1,120580479,False,sapmachine-jdk-11.0.20.1_windows-x64_bin-symbols.tar.gz,windows,x64,jdk,3
2026-09-15T00:24:48+00:00,sapmachine-11.0.20.1,120580479,False,sapmachine-jdk-11.0.20.1_windows-x64_bin.msi,windows,x64,jdk,3701
2026-09-15T00:24:48+00:00,sapmachine-11.0.20.1,120580479,False,sapmachine-jre-11.0.20.1_windows-x64_bin.msi,windows,x64,jre,3411
2026-09-15T00:24:48+00:00,sapmachine-11.0.20.1,120580479,False,sapmachine-jdk-11.0.20.1_macos-x64_bin.tar.gz,macos,x64,jdk,3600
2026-09-15T00:24:48+00:00,sapmachine-11.0.20.1,120580479,False,sapmachine-jdk-11.0.20.1_macos-x64_bin.dmg,macos,x64,jdk,3646
2026-09-15T00:24:48+00:00,sapmachine-11.0.20.1,120580479,False,sapmachine-jre-11.0.20.1_macos-x64_bin.tar.gz,macos,x64,jre,3375
2026-09-15T00:24:48+00:00,sapmachine-11.0.20.1,120580479,False,sapmachine-jre-11.0.20.1_macos-x64_bin.dmg,macos,x64,jre,3311
2026-09-15T00:24:48+00:00,sapmachine-11.0.20.1,120580479,False,sapmachine-jdk-11.0.20.1_macos-x64_bin-symbols.tar.gz,macos,x64,jdk,2
2026-09-15T00:24:48+00:00,sapmachine-11.0.20.1,120580479,False,sapmachine-jdk-11.0.20.1_macos-aarch64_bin.tar.gz,macos,aarch64,jdk,3697
2026-09-15T00:24:48+00:00,sapmachine-11.0.20.1,120580479,False,sapmachine-jdk-11.0.20.1_macos-aarch64_bin.dmg,macos,aarch64,jdk,3499
2026-09-15T00:24:48+00:00,sapmachine-11.0.20.1,120580479,False,sapmachine-jre-11.0.20.1_macos-aarch64_bin.tar.gz,macos,aarch64,jre,3387
2026-09-15T00:24:48+00:00,sapmachine-11.0.20.1,120580479,False,sapmachine-jre-11.0.20.1_macos-aarch64_bin.dmg,macos,aarch64,jre,3314
2026-09-15T00:24:48+00:00,sapmachine-11.0.20.1,120580479,False,sapmachine-jdk-11.0.20.1_macos-aarch64_bin-symbols.tar.gz,macos,aarch64,jdk,2
2026-09-15T00:24:48+00:00,sapmachine-17.0.8.1,120346785,False,sapmachine-jdk-17.0.8.1_linux-x64-musl_bin.tar.gz,alpine,x64,jdk,3488
2026-09-15T00:24:48+00:00,sapmachine-17.0.8.1,120346785,False,sapmachine-jre-17.0.8.1_linux-x64-musl_bin.tar.gz,alpine,x64,jre,3298
2026-09-15T00:24:48+00:00,sapmachine-17.0.8.1,120346785,False,sapmachine-jdk-17.0.8.1_linux-x64-musl_bin-symbols.tar.gz,alpine,x64,jdk,2
2026-09-15T00:24:48+00:00,sapmachine-17.0.8.1,120346785,False,sapmachine-jdk-17.0.8.1_linux-x64_bin.tar.gz,linux,x64,jdk,321297
2026-09-15T00:24:48+00:00,sapmachine-17.0.8.1,120346785,False,sapmachine-jre-17.0.8.1_linux-x64_bin.tar.gz,linux,x64,jre,55252
2026-09-15T00:24:48+00:00,sapmachine-17.0.8.1,120346785,False,sapmachine-jdk-17.0.8.1_linux-x64_bin-symbols.tar.gz,linux,x64,jdk,6
2026-09-15T00:24:48+00:00,sapmachine-17.0.8.1,120346785,False,sapmachine-jdk-17.0.8.1-1.x86_64.rpm,linux,x64,jdk,3839
2026-09-15T00:24:48+00:00,sapmachine-17.0.8.1,120346785,False,sapmachine-jdk-17.0.8.1_linux-aarch64_bin.tar.gz,linux,aarch64,jdk,3665
2026-09-15T00:24:48+00:00,sapmachine-17.0.8.1,120346785,False,sapmachine-jre-17.0.8.1_linux-aarch64_bin.tar.gz,linux,aarch64,jre,3318
2026-09-15T00:24:48+00:00,sapmachine-17.0.8.1,120346785,False,sapmachine-jdk-17.0.8.1_linux-aarch64_bin-symbols.tar.gz,linux,aarch64,jdk,5
2026-09-15T00:24:48+00:00,sapmachine-17.0.8.1,120346785,False,sapmachine-jdk-17.0.8.1_windows-x64_bin.zip,windows,x64,jdk,4742
2026-09-15T00:24:48+00:00,sapmachine-17.0.8.1,120346785,False,sapmachine-jre-17.0.8.1_windows-x64_bin.zip,windows,x64,jre,3534
2026-09-15T00:24:48+00:00,sapmachine-17.0.8.1,120346785,False,sapmachine-jdk-17.0.8.1_windows-x64_bin-symbols.tar.gz,windows,x64,jdk,2
2026-09-15T00:24:48+00:00,sapmachine-17.0.8.1,120346785,False,sapmachine-jdk-17.0.8.1_linux-ppc64le_bin.tar.gz,linux,ppc64,jdk,3376
2026-09-15T00:24:48+00:00,sapmachine-17.0.8.1,120346785,False,sapmachine-jre-17.0.8.1_linux-ppc64le_bin.tar.gz,linux,ppc64,jre,3302
2026-09-15T00:24:48+00:00,sapmachine-17.0.8.1,120346785,False,sapmachine-jdk-17.0.8.1_linux-ppc64le_bin-symbols.tar.gz,linux,ppc64,jdk,2
2026-09-15T00:24:48+00:00,sapmachine-17.0.8.1,120346785,False,sapmachine-jdk-17.0.8.1_windows-x64_bin.msi,windows,x64,jdk,4345
2026-09-15T00:24:48+00:00,sapmachine-17.0.8.1,120346785,False,sapmachine-jre-17.0.8.1_windows-x64_bin.msi,windows,x64,jre,3510
2026-09-15T00:24:48+00:00,sapmachine-17.0.8.1,120346785,False,sapmachine-jdk-17.0.8.1_macos-aarch64_bin.tar.gz,macos,aarch64,jdk,3984
2026-09-15T00:24:48+00:00,sapmachine-17.0.8.1,120346785,False,sapmachine-jdk-17.0.8.1_macos-aarch64_bin.dmg,macos,aarch64,jdk,3922
2026-09-15T00:24:48+00:00,sapmachine-17.0.8.1,120346785,False,sapmachine-jre-17.0.8.1_macos-aarch64_bin.tar.gz,macos,aarch64,jre,3369
2026-09-15T00:24:48+00:00,sapmachine-17.0.8.1,120346785,False,sapmachine-jre-17.0.8.1_macos-aarch64_bin.dmg,macos,aarch64,jre,3320
2026-09-15T00:24:48+00:00,sapmachine-17.0.8.1,120346785,False,sapmachine-jdk-17.0.8.1_macos-aarch64_bin-symbols.tar.gz,macos,aarch64,jdk,2
2026-09-15T00:24:48+00:00,sapmachine-17.0.8.1,120346785,False,sapmachine-jdk-17.0.8.1_macos-x64_bin.tar.gz,macos,x64,jdk,3802
2026-09-15T00:24:48+00:00,sapmachine-17.0.8.1,120346785,False,sapmachine-jdk-17.0.8.1_macos-x64_bin.dmg,macos,x64,jdk,4067
2026-09-15T00:24:48+00:00,sapmachine-17.0.8.1,120346785,False,sapmachine-jre-17.0.8.1_macos-x64_bin.tar.gz,macos,x64,jre,3397
2026-09-15T00:24:48+00:00,sapmachine-17.0.8.1,120346785,False,sapmachine-jre-17.0.8.1_macos-x64_bin.dmg,macos,x64,jre,3375
2026-09-15T00:24:48+00:00,sapmachine-17.0.8.1,120346785,False,sapmachine-jdk-17.0.8.1_macos-x64_bin-symbols.tar.gz,macos,x64,jdk,2
2026-09-15T00:24:48+00:00,sapmachine-20.0.2,112729405,False,sapmachine-jdk-20.0.2_linux-x64-musl_bin.tar.gz,alpine,x64,jdk,3467
2026-09-15T00:24:48+00:00,sapmachine-20.0.2,112729405,False,sapmachine-jre-20.0.2_linux-x64-musl_bin.tar.gz,alpine,x64,jre,3468
2026-09-15T00:24:48+00:00,sapmachine-20.0.2,112729405,False,sapmachine-jdk-20.0.2_linux-x64-musl_bin-symbols.tar.gz,alpine,x64,jdk,10
2026-09-15T00:24:48+00:00,sapmachine-20.0.2,112729405,False,sapmachine-jdk-20.0.2_linux-x64_bin.tar.gz,linux,x64,jdk,5571
2026-09-15T00:24:48+00:00,sapmachine-20.0.2,112729405,False,sapmachine-jre-20.0.2_linux-x64_bin.tar.gz,linux,x64,jre,22104
2026-09-15T00:24:48+00:00,sapmachine-20.0.2,112729405,False,sapmachine-jdk-20.0.2_linux-x64_bin-symbols.tar.gz,linux,x64,jdk,11
2026-09-15T00:24:48+00:00,sapmachine-20.0.2,112729405,False,sapmachine-jdk-20.0.2-1.x86_64.rpm,linux,x64,jdk,3504
2026-09-15T00:24:48+00:00,sapmachine-20.0.2,112729405,False,sapmachine-jdk-20.0.2_linux-aarch64_bin.tar.gz,linux,aarch64,jdk,3612
2026-09-15T00:24:48+00:00,sapmachine-20.0.2,112729405,False,sapmachine-jre-20.0.2_linux-aarch64_bin.tar.gz,linux,aarch64,jre,4562
2026-09-15T00:24:48+00:00,sapmachine-20.0.2,112729405,False,sapmachine-jdk-20.0.2_linux-aarch64_bin-symbols.tar.gz,linux,aarch64,jdk,15
2026-09-15T00:24:48+00:00,sapmachine-20.0.2,112729405,False,sapmachine-jdk-20.0.2_windows-x64_bin.zip,windows,x64,jdk,4597
2026-09-15T00:24:48+00:00,sapmachine-20.0.2,112729405,False,sapmachine-jre-20.0.2_windows-x64_bin.zip,windows,x64,jre,5318
2026-09-15T00:24:48+00:00,sapmachine-20.0.2,112729405,False,sapmachine-jdk-20.0.2_windows-x64_bin-symbols.tar.gz,windows,x64,jdk,9
2026-09-15T00:24:48+00:00,sapmachine-20.0.2,112729405,False,sapmachine-jdk-20.0.2_linux-ppc64le_bin.tar.gz,linux,ppc64,jdk,3520
2026-09-15T00:24:48+00:00,sapmachine-20.0.2,112729405,False,sapmachine-jre-20.0.2_linux-ppc64le_bin.tar.gz,linux,ppc64,jre,3393
2026-09-15T00:24:48+00:00,sapmachine-20.0.2,112729405,False,sapmachine-jdk-20.0.2_linux-ppc64le_bin-symbols.tar.gz,linux,ppc64,jdk,10
2026-09-15T00:24:48+00:00,sapmachine-20.0.2,112729405,False,sapmachine-jdk-20.0.2_macos-aarch64_bin.tar.gz,macos,aarch64,jdk,4101
2026-09-15T00:24:48+00:00,sapmachine-20.0.2,112729405,False,sapmachine-jdk-20.0.2_macos-aarch64_bin.dmg,macos,aarch64,jdk,4110
2026-09-15T00:24:48+00:00,sapmachine-20.0.2,112729405,False,sapmachine-jre-20.0.2_macos-aarch64_bin.tar.gz,macos,aarch64,jre,3551
2026-09-15T00:24:48+00:00,sapmachine-20.0.2,112729405,False,sapmachine-jre-20.0.2_macos-aarch64_bin.dmg,macos,aarch64,jre,3380
2026-09-15T00:24:48+00:00,sapmachine-20.0.2,112729405,False,sapmachine-jdk-20.0.2_macos-aarch64_bin-symbols.tar.gz,macos,aarch64,jdk,7
2026-09-15T00:24:48+00:00,sapmachine-20.0.2,112729405,False,sapmachine-jdk-20.0.2_macos-x64_bin.tar.gz,macos,x64,jdk,3999
2026-09-15T00:24:48+00:00,sapmachine-20.0.2,112729405,False,sapmachine-jdk-20.0.2_macos-x64_bin.dmg,macos,x64,jdk,4650
2026-09-15T00:24:48+00:00,sapmachine-20.0.2,112729405,False,sapmachine-jre-20.0.2_macos-x64_bin.tar.gz,macos,x64,jre,3514
2026-09-15T00:24:48+00:00,sapmachine-20.0.2,112729405,False,sapmachine-jre-20.0.2_macos-x64_bin.dmg,macos,x64,jre,3436
2026-09-15T00:24:48+00:00,sapmachine-20.0.2,112729405,False,sapmachine-jdk-20.0.2_macos-x64_bin-symbols.tar.gz,macos,x64,jdk,7
2026-09-15T00:24:48+00:00,sapmachine-20.0.2,112729405,False,sapmachine-jdk-20.0.2_windows-x64_bin.msi,windows,x64,jdk,5831
2026-09-15T00:24:48+00:00,sapmachine-20.0.2,112729405,False,sapmachine-jre-20.0.2_windows-x64_bin.msi,windows,x64,jre,3881
2026-09-15T00:24:48+00:00,sapmachine-17.0.8,112724516,False,sapmachine-jdk-17.0.8_linux-x64-musl_bin.tar.gz,alpine,x64,jdk,3537
2026-09-15T00:24:48+00:00,sapmachine-17.0.8,112724516,False,sapmachine-jre-17.0.8_linux-x64-musl_bin.tar.gz,alpine,x64,jre,3500
2026-09-15T00:24:48+00:00,sapmachine-17.0.8,112724516,False,sapmachine-jdk-17.0.8_linux-x64-musl_bin-symbols.tar.gz,alpine,x64,jdk,2
2026-09-15T00:24:48+00:00,sapmachine-17.0.8,112724516,False,sapmachine-jdk-17.0.8_linux-x64_bin.tar.gz,linux,x64,jdk,56914
2026-09-15T00:24:48+00:00,sapmachine-17.0.8,112724516,False,sapmachine-jre-17.0.8_linux-x64_bin.tar.gz,linux,x64,jre,58729
2026-09-15T00:24:48+00:00,sapmachine-17.0.8,112724516,False,sapmachine-jdk-17.0.8_linux-x64_bin-symbols.tar.gz,linux,x64,jdk,9
2026-09-15T00:24:48+00:00,sapmachine-17.0.8,112724516,False,sapmachine-jdk-17.0.8-1.x86_64.rpm,linux,x64,jdk,3770
2026-09-15T00:24:48+00:00,sapmachine-17.0.8,112724516,False,sapmachine-jdk-17.0.8_linux-aarch64_bin.tar.gz,linux,aarch64,jdk,4939
2026-09-15T00:24:48+00:00,sapmachine-17.0.8,112724516,False,sapmachine-jre-17.0.8_linux-aarch64_bin.tar.gz,linux,aarch64,jre,3456
2026-09-15T00:24:48+00:00,sapmachine-17.0.8,112724516,False,sapmachine-jdk-17.0.8_linux-aarch64_bin-symbols.tar.gz,linux,aarch64,jdk,4
2026-09-15T00:24:48+00:00,sapmachine-17.0.8,112724516,False,sapmachine-jdk-17.0.8_windows-x64_bin.zip,windows,x64,jdk,5080
2026-09-15T00:24:48+00:00,sapmachine-17.0.8,112724516,False,sapmachine-jre-17.0.8_windows-x64_bin.zip,windows,x64,jre,3786
2026-09-15T00:24:48+00:00,sapmachine-17.0.8,112724516,False,sapmachine-jdk-17.0.8_windows-x64_bin-symbols.tar.gz,windows,x64,jdk,5
2026-09-15T00:24:48+00:00,sapmachine-17.0.8,112724516,False,sapmachine-jdk-17.0.8_linux-ppc64le_bin.tar.gz,linux,ppc64,jdk,3561
2026-09-15T00:24:48+00:00,sapmachine-17.0.8,112724516,False,sapmachine-jre-17.0.8_linux-ppc64le_bin.tar.gz,linux,ppc64,jre,3460
2026-09-15T00:24:48+00:00,sapmachine-17.0.8,112724516,False,sapmachine-jdk-17.0.8_linux-ppc64le_bin-symbols.tar.gz,linux,ppc64,jdk,2
2026-09-15T00:24:48+00:00,sapmachine-17.0.8,112724516,False,sapmachine-jdk-17.0.8_macos-x64_bin.tar.gz,macos,x64,jdk,4293
2026-09-15T00:24:48+00:00,sapmachine-17.0.8,112724516,False,sapmachine-jdk-17.0.8_macos-x64_bin.dmg,macos,x64,jdk,6285
2026-09-15T00:24:48+00:00,sapmachine-17.0.8,112724516,False,sapmachine-jre-17.0.8_macos-x64_bin.tar.gz,macos,x64,jre,3519
2026-09-15T00:24:48+00:00,sapmachine-17.0.8,112724516,False,sapmachine-jre-17.0.8_macos-x64_bin.dmg,macos,x64,jre,3447
2026-09-15T00:24:48+00:00,sapmachine-17.0.8,112724516,False,sapmachine-jdk-17.0.8_macos-x64_bin-symbols.tar.gz,macos,x64,jdk,2
2026-09-15T00:24:48+00:00,sapmachine-17.0.8,112724516,False,sapmachine-jdk-17.0.8_macos-aarch64_bin.tar.gz,macos,aarch64,jdk,4370
2026-09-15T00:24:48+00:00,sapmachine-17.0.8,112724516,False,sapmachine-jdk-17.0.8_macos-aarch64_bin.dmg,macos,aarch64,jdk,5821
2026-09-15T00:24:48+00:00,sapmachine-17.0.8,112724516,False,sapmachine-jre-17.0.8_macos-aarch64_bin.tar.gz,macos,aarch64,jre,3469
2026-09-15T00:24:48+00:00,sapmachine-17.0.8,112724516,False,sapmachine-jre-17.0.8_macos-aarch64_bin.dmg,macos,aarch64,jre,3393
2026-09-15T00:24:48+00:00,sapmachine-17.0.8,112724516,False,sapmachine-jdk-17.0.8_macos-aarch64_bin-symbols.tar.gz,macos,aarch64,jdk,7
2026-09-15T00:24:48+00:00,sapmachine-17.0.8,112724516,False,sapmachine-jdk-17.0.8_windows-x64_bin.msi,windows,x64,jdk,5793
2026-09-15T00:24:48+00:00,sapmachine-17.0.8,112724516,False,sapmachine-jre-17.0.8_windows-x64_bin.msi,windows,x64,jre,3749
2026-09-15T00:24:48+00:00,sapmachine-11.0.20,112728811,False,sapmachine-jdk-11.0.20_linux-x64_bin.tar.gz,linux,x64,jdk,47058
2026-09-15T00:24:48+00:00,sapmachine-11.0.20,112728811,False,sapmachine-jre-11.0.20_linux-x64_bin.tar.gz,linux,x64,jre,16391
2026-09-15T00:24:48+00:00,sapmachine-11.0.20,112728811,False,sapmachine-jdk-11.0.20_linux-x64_bin-symbols.tar.gz,linux,x64,jdk,17
2026-09-15T00:24:48+00:00,sapmachine-11.0.20,112728811,False,sapmachine-jdk-11.0.20-1.x86_64.rpm,linux,x64,jdk,3594
2026-09-15T00:24:48+00:00,sapmachine-11.0.20,112728811,False,sapmachine-jdk-11.0.20_linux-aarch64_bin.tar.gz,linux,aarch64,jdk,3495
2026-09-15T00:24:48+00:00,sapmachine-11.0.20,112728811,False,sapmachine-jre-11.0.20_linux-aarch64_bin.tar.gz,linux,aarch64,jre,3535
2026-09-15T00:24:48+00:00,sapmachine-11.0.20,112728811,False,sapmachine-jdk-11.0.20_linux-aarch64_bin-symbols.tar.gz,linux,aarch64,jdk,4
2026-09-15T00:24:48+00:00,sapmachine-11.0.20,112728811,False,sapmachine-jdk-11.0.20_windows-x64_bin.zip,windows,x64,jdk,4518
2026-09-15T00:24:48+00:00,sapmachine-11.0.20,112728811,False,sapmachine-jre-11.0.20_windows-x64_bin.zip,windows,x64,jre,3620
2026-09-15T00:24:48+00:00,sapmachine-11.0.20,112728811,False,sapmachine-jdk-11.0.20_windows-x64_bin-symbols.tar.gz,windows,x64,jdk,6
2026-09-15T00:24:48+00:00,sapmachine-11.0.20,112728811,False,sapmachine-jdk-11.0.20_linux-ppc64le_bin.tar.gz,linux,ppc64,jdk,3463
2026-09-15T00:24:48+00:00,sapmachine-11.0.20,112728811,False,sapmachine-jre-11.0.20_linux-ppc64le_bin.tar.gz,linux,ppc64,jre,3399
2026-09-15T00:24:48+00:00,sapmachine-11.0.20,112728811,False,sapmachine-jdk-11.0.20_linux-ppc64le_bin-symbols.tar.gz,linux,ppc64,jdk,3
2026-09-15T00:24:48+00:00,sapmachine-11.0.20,112728811,False,sapmachine-jdk-11.0.20_macos-aarch64_bin.tar.gz,macos,aarch64,jdk,4174
2026-09-15T00:24:48+00:00,sapmachine-11.0.20,112728811,False,sapmachine-jdk-11.0.20_macos-aarch64_bin.dmg,macos,aarch64,jdk,5253
2026-09-15T00:24:48+00:00,sapmachine-11.0.20,112728811,False,sapmachine-jre-11.0.20_macos-aarch64_bin.tar.gz,macos,aarch64,jre,3475
2026-09-15T00:24:48+00:00,sapmachine-11.0.20,112728811,False,sapmachine-jdk-11.0.20_macos-x64_bin.tar.gz,macos,x64,jdk,4133
2026-09-15T00:24:48+00:00,sapmachine-11.0.20,112728811,False,sapmachine-jre-11.0.20_macos-aarch64_bin.dmg,macos,aarch64,jre,3473
2026-09-15T00:24:48+00:00,sapmachine-11.0.20,112728811,False,sapmachine-jdk-11.0.20_macos-aarch64_bin-symbols.tar.gz,macos,aarch64,jdk,3
2026-09-15T00:24:48+00:00,sapmachine-11.0.20,112728811,False,sapmachine-jdk-11.0.20_macos-x64_bin.dmg,macos,x64,jdk,5482
2026-09-15T00:24:48+00:00,sapmachine-11.0.20,112728811,False,sapmachine-jre-11.0.20_macos-x64_bin.tar.gz,macos,x64,jre,3538
2026-09-15T00:24:48+00:00,sapmachine-11.0.20,112728811,False,sapmachine-jre-11.0.20_macos-x64_bin.dmg,macos,x64,jre,3443
2026-09-15T00:24:48+00:00,sapmachine-11.0.20,112728811,False,sapmachine-jdk-11.0.20_macos-x64_bin-symbols.tar.gz,macos,x64,jdk,3
2026-09-15T00:24:48+00:00,sapmachine-11.0.20,112728811,False,sapmachine-jdk-11.0.20_windows-x64_bin.msi,windows,x64,jdk,4341
2026-09-15T00:24:48+00:00,sapmachine-11.0.20,112728811,False,sapmachine-jre-11.0.20_windows-x64_bin.msi,windows,x64,jre,3665
2026-09-15T00:24:48+00:00,sapmachine-11.0.19,99977831,False,sapmachine-jdk-11.0.19_linux-x64_bin.tar.gz,linux,x64,jdk,75156
2026-09-15T00:24:48+00:00,sapmachine-11.0.19,99977831,False,sapmachine-jre-11.0.19_linux-x64_bin.tar.gz,linux,x64,jre,38453
2026-09-15T00:24:48+00:00,sapmachine-11.0.19,99977831,False,sapmachine-jdk-11.0.19_linux-x64_bin-symbols.tar.gz,linux,x64,jdk,30
2026-09-15T00:24:48+00:00,sapmachine-11.0.19,99977831,False,sapmachine-jdk-11.0.19_linux-aarch64_bin.tar.gz,linux,aarch64,jdk,3667
2026-09-15T00:24:48+00:00,sapmachine-11.0.19,99977831,False,sapmachine-jre-11.0.19_linux-aarch64_bin.tar.gz,linux,aarch64,jre,3621
2026-09-15T00:24:48+00:00,sapmachine-11.0.19,99977831,False,sapmachine-jdk-11.0.19_linux-aarch64_bin-symbols.tar.gz,linux,aarch64,jdk,4
2026-09-15T00:24:48+00:00,sapmachine-11.0.19,99977831,False,sapmachine-jdk-11.0.19-1.x86_64.rpm,linux,x64,jdk,3666
2026-09-15T00:24:48+00:00,sapmachine-11.0.19,99977831,False,sapmachine-jdk-11.0.19_linux-ppc64le_bin.tar.gz,linux,ppc64,jdk,3533
2026-09-15T00:24:48+00:00,sapmachine-11.0.19,99977831,False,sapmachine-jre-11.0.19_linux-ppc64le_bin.tar.gz,linux,ppc64,jre,3504
2026-09-15T00:24:48+00:00,sapmachine-11.0.19,99977831,False,sapmachine-jdk-11.0.19_linux-ppc64le_bin-symbols.tar.gz,linux,ppc64,jdk,3
2026-09-15T00:24:48+00:00,sapmachine-11.0.19,99977831,False,sapmachine-jdk-11.0.19_windows-x64_bin.zip,windows,x64,jdk,5201
2026-09-15T00:24:48+00:00,sapmachine-11.0.19,99977831,False,sapmachine-jre-11.0.19_windows-x64_bin.zip,windows,x64,jre,3777
2026-09-15T00:24:48+00:00,sapmachine-11.0.19,99977831,False,sapmachine-jdk-11.0.19_windows-x64_bin-symbols.tar.gz,windows,x64,jdk,4
2026-09-15T00:24:48+00:00,sapmachine-11.0.19,99977831,False,sapmachine-jdk-11.0.19_macos-aarch64_bin.tar.gz,macos,aarch64,jdk,4500
2026-09-15T00:24:48+00:00,sapmachine-11.0.19,99977831,False,sapmachine-jdk-11.0.19_macos-aarch64_bin.dmg,macos,aarch64,jdk,6142
2026-09-15T00:24:48+00:00,sapmachine-11.0.19,99977831,False,sapmachine-jre-11.0.19_macos-aarch64_bin.tar.gz,macos,aarch64,jre,3581
2026-09-15T00:24:48+00:00,sapmachine-11.0.19,99977831,False,sapmachine-jre-11.0.19_macos-aarch64_bin.dmg,macos,aarch64,jre,3581
2026-09-15T00:24:48+00:00,sapmachine-11.0.19,99977831,False,sapmachine-jdk-11.0.19_macos-aarch64_bin-symbols.tar.gz,macos,aarch64,jdk,2
2026-09-15T00:24:48+00:00,sapmachine-11.0.19,99977831,False,sapmachine-jdk-11.0.19_macos-x64_bin.tar.gz,macos,x64,jdk,4590
2026-09-15T00:24:48+00:00,sapmachine-11.0.19,99977831,False,sapmachine-jdk-11.0.19_macos-x64_bin.dmg,macos,x64,jdk,6319
2026-09-15T00:24:48+00:00,sapmachine-11.0.19,99977831,False,sapmachine-jre-11.0.19_macos-x64_bin.tar.gz,macos,x64,jre,3577
2026-09-15T00:24:48+00:00,sapmachine-11.0.19,99977831,False,sapmachine-jre-11.0.19_macos-x64_bin.dmg,macos,x64,jre,3560
2026-09-15T00:24:48+00:00,sapmachine-11.0.19,99977831,False,sapmachine-jdk-11.0.19_macos-x64_bin-symbols.tar.gz,macos,x64,jdk,3
2026-09-15T00:24:48+00:00,sapmachine-11.0.19,99977831,False,sapmachine-jdk-11.0.19_windows-x64_bin.msi,windows,x64,jdk,4694
2026-09-15T00:24:48+00:00,sapmachine-11.0.19,99977831,False,sapmachine-jre-11.0.19_windows-x64_bin.msi,windows,x64,jre,3912
2026-09-15T00:24:48+00:00,sapmachine-17.0.7,99977377,False,sapmachine-jdk-17.0.7_linux-x64-musl_bin.tar.gz,alpine,x64,jdk,4547
2026-09-15T00:24:48+00:00,sapmachine-17.0.7,99977377,False,sapmachine-jre-17.0.7_linux-x64-musl_bin.tar.gz,alpine,x64,jre,3577
2026-09-15T00:24:48+00:00,sapmachine-17.0.7,99977377,False,sapmachine-jdk-17.0.7_linux-x64-musl_bin-symbols.tar.gz,alpine,x64,jdk,3
2026-09-15T00:24:48+00:00,sapmachine-17.0.7,99977377,False,sapmachine-jdk-17.0.7_linux-x64_bin.tar.gz,linux,x64,jdk,229947
2026-09-15T00:24:48+00:00,sapmachine-17.0.7,99977377,False,sapmachine-jre-17.0.7_linux-x64_bin.tar.gz,linux,x64,jre,62699
2026-09-15T00:24:48+00:00,sapmachine-17.0.7,99977377,False,sapmachine-jdk-17.0.7_linux-x64_bin-symbols.tar.gz,linux,x64,jdk,13
2026-09-15T00:24:48+00:00,sapmachine-17.0.7,99977377,False,sapmachine-jdk-17.0.7_linux-aarch64_bin.tar.gz,linux,aarch64,jdk,4014
2026-09-15T00:24:48+00:00,sapmachine-17.0.7,99977377,False,sapmachine-jre-17.0.7_linux-aarch64_bin.tar.gz,linux,aarch64,jre,3584
2026-09-15T00:24:48+00:00,sapmachine-17.0.7,99977377,False,sapmachine-jdk-17.0.7-1.x86_64.rpm,linux,x64,jdk,3880
2026-09-15T00:24:48+00:00,sapmachine-17.0.7,99977377,False,sapmachine-jdk-17.0.7_linux-aarch64_bin-symbols.tar.gz,linux,aarch64,jdk,4
2026-09-15T00:24:48+00:00,sapmachine-17.0.7,99977377,False,sapmachine-jdk-17.0.7_linux-ppc64le_bin.tar.gz,linux,ppc64,jdk,3661
2026-09-15T00:24:48+00:00,sapmachine-17.0.7,99977377,False,sapmachine-jre-17.0.7_linux-ppc64le_bin.tar.gz,linux,ppc64,jre,3593
2026-09-15T00:24:48+00:00,sapmachine-17.0.7,99977377,False,sapmachine-jdk-17.0.7_linux-ppc64le_bin-symbols.tar.gz,linux,ppc64,jdk,3
2026-09-15T00:24:48+00:00,sapmachine-17.0.7,99977377,False,sapmachine-jdk-17.0.7_windows-x64_bin.zip,windows,x64,jdk,5519
2026-09-15T00:24:48+00:00,sapmachine-17.0.7,99977377,False,sapmachine-jre-17.0.7_windows-x64_bin.zip,windows,x64,jre,3901
2026-09-15T00:24:48+00:00,sapmachine-17.0.7,99977377,False,sapmachine-jdk-17.0.7_windows-x64_bin-symbols.tar.gz,windows,x64,jdk,2
2026-09-15T00:24:48+00:00,sapmachine-17.0.7,99977377,False,sapmachine-jdk-17.0.7_macos-aarch64_bin.tar.gz,macos,aarch64,jdk,5415
2026-09-15T00:24:48+00:00,sapmachine-17.0.7,99977377,False,sapmachine-jdk-17.0.7_macos-aarch64_bin.dmg,macos,aarch64,jdk,7032
2026-09-15T00:24:48+00:00,sapmachine-17.0.7,99977377,False,sapmachine-jre-17.0.7_macos-aarch64_bin.tar.gz,macos,aarch64,jre,3627
2026-09-15T00:24:48+00:00,sapmachine-17.0.7,99977377,False,sapmachine-jre-17.0.7_macos-aarch64_bin.dmg,macos,aarch64,jre,3554
2026-09-15T00:24:48+00:00,sapmachine-17.0.7,99977377,False,sapmachine-jdk-17.0.7_macos-aarch64_bin-symbols.tar.gz,macos,aarch64,jdk,4
2026-09-15T00:24:48+00:00,sapmachine-17.0.7,99977377,False,sapmachine-jdk-17.0.7_macos-x64_bin.tar.gz,macos,x64,jdk,5141
2026-09-15T00:24:48+00:00,sapmachine-17.0.7,99977377,False,sapmachine-jdk-17.0.7_macos-x64_bin.dmg,macos,x64,jdk,7777
2026-09-15T00:24:48+00:00,sapmachine-17.0.7,99977377,False,sapmachine-jre-17.0.7_macos-x64_bin.tar.gz,macos,x64,jre,3566
2026-09-15T00:24:48+00:00,sapmachine-17.0.7,99977377,False,sapmachine-jre-17.0.7_macos-x64_bin.dmg,macos,x64,jre,3625
2026-09-15T00:24:48+00:00,sapmachine-17.0.7,99977377,False,sapmachine-jdk-17.0.7_macos-x64_bin-symbols.tar.gz,macos,x64,jdk,2
2026-09-15T00:24:48+00:00,sapmachine-17.0.7,99977377,False,sapmachine-jdk-17.0.7_windows-x64_bin.msi,windows,x64,jdk,5987
2026-09-15T00:24:48+00:00,sapmachine-17.0.7,99977377,False,sapmachine-jre-17.0.7_windows-x64_bin.msi,windows,x64,jre,4110
2026-09-15T00:24:48+00:00,sapmachine-20.0.1,99976902,False,sapmachine-jdk-20.0.1_linux-x64-musl_bin.tar.gz,alpine,x64,jdk,3623
2026-09-15T00:24:48+00:00,sapmachine-20.0.1,99976902,False,sapmachine-jre-20.0.1_linux-x64-musl_bin.tar.gz,alpine,x64,jre,3530
2026-09-15T00:24:48+00:00,sapmachine-20.0.1,99976902,False,sapmachine-jdk-20.0.1_linux-x64-musl_bin-symbols.tar.gz,alpine,x64,jdk,7
2026-09-15T00:24:48+00:00,sapmachine-20.0.1,99976902,False,sapmachine-jdk-20.0.1_linux-x64_bin.tar.gz,linux,x64,jdk,5109
2026-09-15T00:24:48+00:00,sapmachine-20.0.1,99976902,False,sapmachine-jre-20.0.1_linux-x64_bin.tar.gz,linux,x64,jre,5014
2026-09-15T00:24:48+00:00,sapmachine-20.0.1,99976902,False,sapmachine-jdk-20.0.1_linux-x64_bin-symbols.tar.gz,linux,x64,jdk,7
2026-09-15T00:24:48+00:00,sapmachine-20.0.1,99976902,False,sapmachine-jdk-20.0.1_linux-aarch64_bin.tar.gz,linux,aarch64,jdk,3746
2026-09-15T00:24:48+00:00,sapmachine-20.0.1,99976902,False,sapmachine-jre-20.0.1_linux-aarch64_bin.tar.gz,linux,aarch64,jre,3528
2026-09-15T00:24:48+00:00,sapmachine-20.0.1,99976902,False,sapmachine-jdk-20.0.1_linux-aarch64_bin-symbols.tar.gz,linux,aarch64,jdk,10
2026-09-15T00:24:48+00:00,sapmachine-20.0.1,99976902,False,sapmachine-jdk-20.0.1-1.x86_64.rpm,linux,x64,jdk,3613
2026-09-15T00:24:48+00:00,sapmachine-20.0.1,99976902,False,sapmachine-jdk-20.0.1_macos-aarch64_bin.tar.gz,macos,aarch64,jdk,4489
2026-09-15T00:24:48+00:00,sapmachine-20.0.1,99976902,False,sapmachine-jdk-20.0.1_macos-aarch64_bin.dmg,macos,aarch64,jdk,4331
2026-09-15T00:24:48+00:00,sapmachine-20.0.1,99976902,False,sapmachine-jre-20.0.1_macos-aarch64_bin.tar.gz,macos,aarch64,jre,3596
2026-09-15T00:24:48+00:00,sapmachine-20.0.1,99976902,False,sapmachine-jre-20.0.1_macos-aarch64_bin.dmg,macos,aarch64,jre,3510
2026-09-15T00:24:48+00:00,sapmachine-20.0.1,99976902,False,sapmachine-jdk-20.0.1_macos-aarch64_bin-symbols.tar.gz,macos,aarch64,jdk,10
2026-09-15T00:24:48+00:00,sapmachine-20.0.1,99976902,False,sapmachine-jdk-20.0.1_macos-x64_bin.tar.gz,macos,x64,jdk,4645
2026-09-15T00:24:48+00:00,sapmachine-20.0.1,99976902,False,sapmachine-jdk-20.0.1_macos-x64_bin.dmg,macos,x64,jdk,5208
2026-09-15T00:24:48+00:00,sapmachine-20.0.1,99976902,False,sapmachine-jdk-20.0.1_linux-ppc64le_bin.tar.gz,linux,ppc64,jdk,3642
2026-09-15T00:24:48+00:00,sapmachine-20.0.1,99976902,False,sapmachine-jre-20.0.1_linux-ppc64le_bin.tar.gz,linux,ppc64,jre,3564
2026-09-15T00:24:48+00:00,sapmachine-20.0.1,99976902,False,sapmachine-jre-20.0.1_macos-x64_bin.tar.gz,macos,x64,jre,3649
2026-09-15T00:24:48+00:00,sapmachine-20.0.1,99976902,False,sapmachine-jdk-20.0.1_linux-ppc64le_bin-symbols.tar.gz,linux,ppc64,jdk,10
2026-09-15T00:24:48+00:00,sapmachine-20.0.1,99976902,False,sapmachine-jre-20.0.1_macos-x64_bin.dmg,macos,x64,jre,3626
2026-09-15T00:24:48+00:00,sapmachine-20.0.1,99976902,False,sapmachine-jdk-20.0.1_macos-x64_bin-symbols.tar.gz,macos,x64,jdk,8
2026-09-15T00:24:48+00:00,sapmachine-20.0.1,99976902,False,sapmachine-jdk-20.0.1_windows-x64_bin.zip,windows,x64,jdk,5404
2026-09-15T00:24:48+00:00,sapmachine-20.0.1,99976902,False,sapmachine-jre-20.0.1_windows-x64_bin.zip,windows,x64,jre,3814
2026-09-15T00:24:48+00:00,sapmachine-20.0.1,99976902,False,sapmachine-jdk-20.0.1_windows-x64_bin-symbols.tar.gz,windows,x64,jdk,6
2026-09-15T00:24:48+00:00,sapmachine-20.0.1,99976902,False,sapmachine-jdk-20.0.1_windows-x64_bin.msi,windows,x64,jdk,6692
2026-09-15T00:24:48+00:00,sapmachine-20.0.1,99976902,False,sapmachine-jre-20.0.1_windows-x64_bin.msi,windows,x64,jre,4278
2026-09-15T00:24:48+00:00,sapmachine-20,95999882,False,sapmachine-jdk-20_linux-x64-musl_bin.tar.gz,alpine,x64,jdk,3641
2026-09-15T00:24:48+00:00,sapmachine-20,95999882,False,sapmachine-jre-20_linux-x64-musl_bin.tar.gz,alpine,x64,jre,3588
2026-09-15T00:24:48+00:00,sapmachine-20,95999882,False,sapmachine-jdk-20_linux-x64-musl_bin-symbols.tar.gz,alpine,x64,jdk,7
2026-09-15T00:24:48+00:00,sapmachine-20,95999882,False,sapmachine-jdk-20_linux-x64_bin.tar.gz,linux,x64,jdk,4738
2026-09-15T00:24:48+00:00,sapmachine-20,95999882,False,sapmachine-jre-20_linux-x64_bin.tar.gz,linux,x64,jre,4911
2026-09-15T00:24:48+00:00,sapmachine-20,95999882,False,sapmachine-jdk-20_linux-x64_bin-symbols.tar.gz,linux,x64,jdk,7
2026-09-15T00:24:48+00:00,sapmachine-20,95999882,False,sapmachine-jdk-20-1.x86_64.rpm,linux,x64,jdk,3607
2026-09-15T00:24:48+00:00,sapmachine-20,95999882,False,sapmachine-jdk-20_linux-aarch64_bin.tar.gz,linux,aarch64,jdk,3715
2026-09-15T00:24:48+00:00,sapmachine-20,95999882,False,sapmachine-jre-20_linux-aarch64_bin.tar.gz,linux,aarch64,jre,3590
2026-09-15T00:24:48+00:00,sapmachine-20,95999882,False,sapmachine-jdk-20_linux-aarch64_bin-symbols.tar.gz,linux,aarch64,jdk,10
2026-09-15T00:24:48+00:00,sapmachine-20,95999882,False,sapmachine-jdk-20_linux-ppc64le_bin.tar.gz,linux,ppc64,jdk,3615
2026-09-15T00:24:48+00:00,sapmachine-20,95999882,False,sapmachine-jre-20_linux-ppc64le_bin.tar.gz,linux,ppc64,jre,3571
2026-09-15T00:24:48+00:00,sapmachine-20,95999882,False,sapmachine-jdk-20_linux-ppc64le_bin-symbols.tar.gz,linux,ppc64,jdk,8
2026-09-15T00:24:48+00:00,sapmachine-20,95999882,False,sapmachine-jdk-20_windows-x64_bin.zip,windows,x64,jdk,4720
2026-09-15T00:24:48+00:00,sapmachine-20,95999882,False,sapmachine-jre-20_windows-x64_bin.zip,windows,x64,jre,3691
2026-09-15T00:24:48+00:00,sapmachine-20,95999882,False,sapmachine-jdk-20_windows-x64_bin-symbols.tar.gz,windows,x64,jdk,5
2026-09-15T00:24:48+00:00,sapmachine-20,95999882,False,sapmachine-jdk-20_macos-x64_bin.tar.gz,macos,x64,jdk,3999
2026-09-15T00:24:48+00:00,sapmachine-20,95999882,False,sapmachine-jre-20_macos-x64_bin.tar.gz,macos,x64,jre,3656
2026-09-15T00:24:48+00:00,sapmachine-20,95999882,False,sapmachine-jdk-20_macos-x64_bin-symbols.tar.gz,macos,x64,jdk,30
2026-09-15T00:24:48+00:00,sapmachine-20,95999882,False,sapmachine-jdk-20_macos-x64_bin.dmg,macos,x64,jdk,4135
2026-09-15T00:24:48+00:00,sapmachine-20,95999882,False,sapmachine-jre-20_macos-x64_bin.dmg,macos,x64,jre,3524
2026-09-15T00:24:48+00:00,sapmachine-20,95999882,False,sapmachine-jdk-20_macos-aarch64_bin.tar.gz,macos,aarch64,jdk,4055
2026-09-15T00:24:48+00:00,sapmachine-20,95999882,False,sapmachine-jre-20_macos-aarch64_bin.tar.gz,macos,aarch64,jre,3610
2026-09-15T00:24:48+00:00,sapmachine-20,95999882,False,sapmachine-jdk-20_macos-aarch64_bin-symbols.tar.gz,macos,aarch64,jdk,29
2026-09-15T00:24:48+00:00,sapmachine-20,95999882,False,sapmachine-jdk-20_macos-aarch64_bin.dmg,macos,aarch64,jdk,3790
2026-09-15T00:24:48+00:00,sapmachine-20,95999882,False,sapmachine-jre-20_macos-aarch64_bin.dmg,macos,aarch64,jre,3503
2026-09-15T00:24:48+00:00,sapmachine-20,95999882,False,sapmachine-jdk-20_windows-x64_bin.msi,windows,x64,jdk,4277
2026-09-15T00:24:48+00:00,sapmachine-20,95999882,False,sapmachine-jre-20_windows-x64_bin.msi,windows,x64,jre,3785
2026-09-15T00:24:48+00:00,sapmachine-19.0.2,89316748,False,sapmachine-jdk-19.0.2_linux-x64_bin.tar.gz,linux,x64,jdk,5061
2026-09-15T00:24:48+00:00,sapmachine-19.0.2,89316748,False,sapmachine-jre-19.0.2_linux-x64_bin.tar.gz,linux,x64,jre,5056
2026-09-15T00:24:48+00:00,sapmachine-19.0.2,89316748,False,sapmachine-jdk-19.0.2_linux-x64_bin-symbols.tar.gz,linux,x64,jdk,8
2026-09-15T00:24:48+00:00,sapmachine-19.0.2,89316748,False,sapmachine-jdk-19.0.2-beta_linux-x64-musl_bin.tar.gz,alpine,x64,jdk,3269
2026-09-15T00:24:48+00:00,sapmachine-19.0.2,89316748,False,sapmachine-jre-19.0.2-beta_linux-x64-musl_bin.tar.gz,alpine,x64,jre,3266
2026-09-15T00:24:48+00:00,sapmachine-19.0.2,89316748,False,sapmachine-jdk-19.0.2-beta_linux-x64-musl_bin-symbols.tar.gz,alpine,x64,jdk,8
2026-09-15T00:24:48+00:00,sapmachine-19.0.2,89316748,False,sapmachine-jdk-19.0.2-1.x86_64.rpm,linux,x64,jdk,4792
2026-09-15T00:24:48+00:00,sapmachine-19.0.2,89316748,False,sapmachine-jdk-19.0.2_linux-aarch64_bin.tar.gz,linux,aarch64,jdk,3895
2026-09-15T00:24:48+00:00,sapmachine-19.0.2,89316748,False,sapmachine-jre-19.0.2_linux-aarch64_bin.tar.gz,linux,aarch64,jre,3705
2026-09-15T00:24:48+00:00,sapmachine-19.0.2,89316748,False,sapmachine-jdk-19.0.2_linux-aarch64_bin-symbols.tar.gz,linux,aarch64,jdk,7
2026-09-15T00:24:48+00:00,sapmachine-19.0.2,89316748,False,sapmachine-jdk-19.0.2_windows-x64_bin.zip,windows,x64,jdk,5172
2026-09-15T00:24:48+00:00,sapmachine-19.0.2,89316748,False,sapmachine-jre-19.0.2_windows-x64_bin.zip,windows,x64,jre,3858
2026-09-15T00:24:48+00:00,sapmachine-19.0.2,89316748,False,sapmachine-jdk-19.0.2_windows-x64_bin-symbols.tar.gz,windows,x64,jdk,6
2026-09-15T00:24:48+00:00,sapmachine-19.0.2,89316748,False,sapmachine-jdk-19.0.2_windows-x64_bin.msi,windows,x64,jdk,6370
2026-09-15T00:24:48+00:00,sapmachine-19.0.2,89316748,False,sapmachine-jre-19.0.2_windows-x64_bin.msi,windows,x64,jre,4141
2026-09-15T00:24:48+00:00,sapmachine-19.0.2,89316748,False,sapmachine-jdk-19.0.2_linux-ppc64le_bin.tar.gz,linux,ppc64,jdk,3720
2026-09-15T00:24:48+00:00,sapmachine-19.0.2,89316748,False,sapmachine-jre-19.0.2_linux-ppc64le_bin.tar.gz,linux,ppc64,jre,3718
2026-09-15T00:24:48+00:00,sapmachine-19.0.2,89316748,False,sapmachine-jdk-19.0.2_linux-ppc64le_bin-symbols.tar.gz,linux,ppc64,jdk,7
2026-09-15T00:24:48+00:00,sapmachine-19.0.2,89316748,False,sapmachine-jdk-19.0.2_macos-x64_bin.tar.gz,macos,x64,jdk,4517
2026-09-15T00:24:48+00:00,sapmachine-19.0.2,89316748,False,sapmachine-jre-19.0.2_macos-x64_bin.tar.gz,macos,x64,jre,3703
2026-09-15T00:24:48+00:00,sapmachine-19.0.2,89316748,False,sapmachine-jdk-19.0.2_macos-x64_bin-symbols.tar.gz,macos,x64,jdk,3
2026-09-15T00:24:48+00:00,sapmachine-19.0.2,89316748,False,sapmachine-jdk-19.0.2_macos-x64_bin.dmg,macos,x64,jdk,5065
2026-09-15T00:24:48+00:00,sapmachine-19.0.2,89316748,False,sapmachine-jre-19.0.2_macos-x64_bin.dmg,macos,x64,jre,3617
2026-09-15T00:24:48+00:00,sapmachine-19.0.2,89316748,False,sapmachine-jdk-19.0.2_macos-aarch64_bin.tar.gz,macos,aarch64,jdk,4557
2026-09-15T00:24:48+00:00,sapmachine-19.0.2,89316748,False,sapmachine-jre-19.0.2_macos-aarch64_bin.tar.gz,macos,aarch64,jre,3694
2026-09-15T00:24:48+00:00,sapmachine-19.0.2,89316748,False,sapmachine-jdk-19.0.2_macos-aarch64_bin-symbols.tar.gz,macos,aarch64,jdk,6
2026-09-15T00:24:48+00:00,sapmachine-19.0.2,89316748,False,sapmachine-jdk-19.0.2_macos-aarch64_bin.dmg,macos,aarch64,jdk,4335
2026-09-15T00:24:48+00:00,sapmachine-19.0.2,89316748,False,sapmachine-jre-19.0.2_macos-aarch64_bin.dmg,macos,aarch64,jre,3697
2026-09-15T00:24:48+00:00,sapmachine-17.0.6,89420725,False,sapmachine-jdk-17.0.6_linux-x64_bin.tar.gz,linux,x64,jdk,704508
2026-09-15T00:24:48+00:00,sapmachine-17.0.6,89420725,False,sapmachine-jre-17.0.6_linux-x64_bin.tar.gz,linux,x64,jre,38945
2026-09-15T00:24:48+00:00,sapmachine-17.0.6,89420725,False,sapmachine-jdk-17.0.6_linux-x64_bin-symbols.tar.gz,linux,x64,jdk,2
2026-09-15T00:24:48+00:00,sapmachine-17.0.6,89420725,False,sapmachine-jdk-17.0.6-beta_linux-x64-musl_bin.tar.gz,alpine,x64,jdk,3276
2026-09-15T00:24:48+00:00,sapmachine-17.0.6,89420725,False,sapmachine-jre-17.0.6-beta_linux-x64-musl_bin.tar.gz,alpine,x64,jre,3253
2026-09-15T00:24:48+00:00,sapmachine-17.0.6,89420725,False,sapmachine-jdk-17.0.6-beta_linux-x64-musl_bin-symbols.tar.gz,alpine,x64,jdk,5
2026-09-15T00:24:48+00:00,sapmachine-17.0.6,89420725,False,sapmachine-jdk-17.0.6_linux-aarch64_bin.tar.gz,linux,aarch64,jdk,4201
2026-09-15T00:24:48+00:00,sapmachine-17.0.6,89420725,False,sapmachine-jre-17.0.6_linux-aarch64_bin.tar.gz,linux,aarch64,jre,3789
2026-09-15T00:24:48+00:00,sapmachine-17.0.6,89420725,False,sapmachine-jdk-17.0.6_linux-aarch64_bin-symbols.tar.gz,linux,aarch64,jdk,1
2026-09-15T00:24:48+00:00,sapmachine-17.0.6,89420725,False,sapmachine-jdk-17.0.6-1.x86_64.rpm,linux,x64,jdk,4464
2026-09-15T00:24:48+00:00,sapmachine-17.0.6,89420725,False,sapmachine-jdk-17.0.6_windows-x64_bin.zip,windows,x64,jdk,6116
2026-09-15T00:24:48+00:00,sapmachine-17.0.6,89420725,False,sapmachine-jre-17.0.6_windows-x64_bin.zip,windows,x64,jre,3940
2026-09-15T00:24:48+00:00,sapmachine-17.0.6,89420725,False,sapmachine-jdk-17.0.6_windows-x64_bin-symbols.tar.gz,windows,x64,jdk,3
2026-09-15T00:24:48+00:00,sapmachine-17.0.6,89420725,False,sapmachine-jdk-17.0.6_windows-x64_bin.msi,windows,x64,jdk,6642
2026-09-15T00:24:48+00:00,sapmachine-17.0.6,89420725,False,sapmachine-jre-17.0.6_windows-x64_bin.msi,windows,x64,jre,4393
2026-09-15T00:24:48+00:00,sapmachine-17.0.6,89420725,False,sapmachine-jdk-17.0.6_linux-ppc64le_bin.tar.gz,linux,ppc64,jdk,3773
2026-09-15T00:24:48+00:00,sapmachine-17.0.6,89420725,False,sapmachine-jre-17.0.6_linux-ppc64le_bin.tar.gz,linux,ppc64,jre,3619
2026-09-15T00:24:48+00:00,sapmachine-17.0.6,89420725,False,sapmachine-jdk-17.0.6_linux-ppc64le_bin-symbols.tar.gz,linux,ppc64,jdk,1
2026-09-15T00:24:48+00:00,sapmachine-17.0.6,89420725,False,sapmachine-jdk-17.0.6_macos-x64_bin.tar.gz,macos,x64,jdk,5526
2026-09-15T00:24:48+00:00,sapmachine-17.0.6,89420725,False,sapmachine-jre-17.0.6_macos-x64_bin.tar.gz,macos,x64,jre,3786
2026-09-15T00:24:48+00:00,sapmachine-17.0.6,89420725,False,sapmachine-jdk-17.0.6_macos-x64_bin-symbols.tar.gz,macos,x64,jdk,15
2026-09-15T00:24:48+00:00,sapmachine-17.0.6,89420725,False,sapmachine-jdk-17.0.6_macos-x64_bin.dmg,macos,x64,jdk,9849
2026-09-15T00:24:48+00:00,sapmachine-17.0.6,89420725,False,sapmachine-jre-17.0.6_macos-x64_bin.dmg,macos,x64,jre,3834
2026-09-15T00:24:48+00:00,sapmachine-17.0.6,89420725,False,sapmachine-jdk-17.0.6_macos-aarch64_bin.tar.gz,macos,aarch64,jdk,5450
2026-09-15T00:24:48+00:00,sapmachine-17.0.6,89420725,False,sapmachine-jre-17.0.6_macos-aarch64_bin.tar.gz,macos,aarch64,jre,3770
2026-09-15T00:24:48+00:00,sapmachine-17.0.6,89420725,False,sapmachine-jdk-17.0.6_macos-aarch64_bin-symbols.tar.gz,macos,aarch64,jdk,37
2026-09-15T00:24:48+00:00,sapmachine-17.0.6,89420725,False,sapmachine-jdk-17.0.6_macos-aarch64_bin.dmg,macos,aarch64,jdk,9245
2026-09-15T00:24:48+00:00,sapmachine-17.0.6,89420725,False,sapmachine-jre-17.0.6_macos-aarch64_bin.dmg,macos,aarch64,jre,3714
2026-09-15T00:24:48+00:00,sapmachine-11.0.18,89317781,False,sapmachine-jdk-11.0.18_linux-x64_bin.tar.gz,linux,x64,jdk,90511
2026-09-15T00:24:48+00:00,sapmachine-11.0.18,89317781,False,sapmachine-jre-11.0.18_linux-x64_bin.tar.gz,linux,x64,jre,35797
2026-09-15T00:24:48+00:00,sapmachine-11.0.18,89317781,False,sapmachine-jdk-11.0.18_linux-x64_bin-symbols.tar.gz,linux,x64,jdk,38
2026-09-15T00:24:48+00:00,sapmachine-11.0.18,89317781,False,sapmachine-jdk-11.0.18_linux-aarch64_bin.tar.gz,linux,aarch64,jdk,3862
2026-09-15T00:24:48+00:00,sapmachine-11.0.18,89317781,False,sapmachine-jre-11.0.18_linux-aarch64_bin.tar.gz,linux,aarch64,jre,3656
2026-09-15T00:24:48+00:00,sapmachine-11.0.18,89317781,False,sapmachine-jdk-11.0.18_linux-aarch64_bin-symbols.tar.gz,linux,aarch64,jdk,3
2026-09-15T00:24:48+00:00,sapmachine-11.0.18,89317781,False,sapmachine-jdk-11.0.18-1.x86_64.rpm,linux,x64,jdk,3863
2026-09-15T00:24:48+00:00,sapmachine-11.0.18,89317781,False,sapmachine-jdk-11.0.18_windows-x64_bin.zip,windows,x64,jdk,5713
2026-09-15T00:24:48+00:00,sapmachine-11.0.18,89317781,False,sapmachine-jre-11.0.18_windows-x64_bin.zip,windows,x64,jre,4038
2026-09-15T00:24:48+00:00,sapmachine-11.0.18,89317781,False,sapmachine-jdk-11.0.18_windows-x64_bin-symbols.tar.gz,windows,x64,jdk,4
2026-09-15T00:24:48+00:00,sapmachine-11.0.18,89317781,False,sapmachine-jdk-11.0.18_windows-x64_bin.msi,windows,x64,jdk,5499
2026-09-15T00:24:48+00:00,sapmachine-11.0.18,89317781,False,sapmachine-jre-11.0.18_windows-x64_bin.msi,windows,x64,jre,4139
2026-09-15T00:24:48+00:00,sapmachine-11.0.18,89317781,False,sapmachine-jdk-11.0.18_linux-ppc64le_bin.tar.gz,linux,ppc64,jdk,3673
2026-09-15T00:24:48+00:00,sapmachine-11.0.18,89317781,False,sapmachine-jre-11.0.18_linux-ppc64le_bin.tar.gz,linux,ppc64,jre,3726
2026-09-15T00:24:48+00:00,sapmachine-11.0.18,89317781,False,sapmachine-jdk-11.0.18_linux-ppc64le_bin-symbols.tar.gz,linux,ppc64,jdk,3
2026-09-15T00:24:48+00:00,sapmachine-11.0.18,89317781,False,sapmachine-jdk-11.0.18_macos-x64_bin.tar.gz,macos,x64,jdk,5115
2026-09-15T00:24:48+00:00,sapmachine-11.0.18,89317781,False,sapmachine-jre-11.0.18_macos-x64_bin.tar.gz,macos,x64,jre,3715
2026-09-15T00:24:48+00:00,sapmachine-11.0.18,89317781,False,sapmachine-jdk-11.0.18_macos-x64_bin-symbols.tar.gz,macos,x64,jdk,2
2026-09-15T00:24:48+00:00,sapmachine-11.0.18,89317781,False,sapmachine-jdk-11.0.18_macos-x64_bin.dmg,macos,x64,jdk,6979
2026-09-15T00:24:48+00:00,sapmachine-11.0.18,89317781,False,sapmachine-jre-11.0.18_macos-x64_bin.dmg,macos,x64,jre,3855
2026-09-15T00:24:48+00:00,sapmachine-11.0.18,89317781,False,sapmachine-jdk-11.0.18_macos-aarch64_bin.tar.gz,macos,aarch64,jdk,4807
2026-09-15T00:24:48+00:00,sapmachine-11.0.18,89317781,False,sapmachine-jre-11.0.18_macos-aarch64_bin.tar.gz,macos,aarch64,jre,3743
2026-09-15T00:24:48+00:00,sapmachine-11.0.18,89317781,False,sapmachine-jdk-11.0.18_macos-aarch64_bin-symbols.tar.gz,macos,aarch64,jdk,2
2026-09-15T00:24:48+00:00,sapmachine-11.0.18,89317781,False,sapmachine-jdk-11.0.18_macos-aarch64_bin.dmg,macos,aarch64,jdk,6650
2026-09-15T00:24:48+00:00,sapmachine-11.0.18,89317781,False,sapmachine-jre-11.0.18_macos-aarch64_bin.dmg,macos,aarch64,jre,3807
2026-09-15T00:24:48+00:00,sapmachine-19.0.1,80227193,False,sapmachine-jdk-19.0.1_linux-x64_bin.tar.gz,linux,x64,jdk,4993
2026-09-15T00:24:48+00:00,sapmachine-19.0.1,80227193,False,sapmachine-jre-19.0.1_linux-x64_bin.tar.gz,linux,x64,jre,5311
2026-09-15T00:24:48+00:00,sapmachine-19.0.1,80227193,False,sapmachine-jdk-19.0.1_linux-x64_bin-symbols.tar.gz,linux,x64,jdk,6
2026-09-15T00:24:48+00:00,sapmachine-19.0.1,80227193,False,sapmachine-jdk-19.0.1-beta_linux-x64-musl_bin.tar.gz,alpine,x64,jdk,3346
2026-09-15T00:24:48+00:00,sapmachine-19.0.1,80227193,False,sapmachine-jre-19.0.1-beta_linux-x64-musl_bin.tar.gz,alpine,x64,jre,3355
2026-09-15T00:24:48+00:00,sapmachine-19.0.1,80227193,False,sapmachine-jdk-19.0.1-beta_linux-x64-musl_bin-symbols.tar.gz,alpine,x64,jdk,6
2026-09-15T00:24:48+00:00,sapmachine-19.0.1,80227193,False,sapmachine-jdk-19.0.1_linux-aarch64_bin.tar.gz,linux,aarch64,jdk,3977
2026-09-15T00:24:48+00:00,sapmachine-19.0.1,80227193,False,sapmachine-jre-19.0.1_linux-aarch64_bin.tar.gz,linux,aarch64,jre,3807
2026-09-15T00:24:48+00:00,sapmachine-19.0.1,80227193,False,sapmachine-jdk-19.0.1_linux-aarch64_bin-symbols.tar.gz,linux,aarch64,jdk,5
2026-09-15T00:24:48+00:00,sapmachine-19.0.1,80227193,False,sapmachine-jdk-19.0.1_windows-x64_bin.zip,windows,x64,jdk,5203
2026-09-15T00:24:48+00:00,sapmachine-19.0.1,80227193,False,sapmachine-jre-19.0.1_windows-x64_bin.zip,windows,x64,jre,3970
2026-09-15T00:24:48+00:00,sapmachine-19.0.1,80227193,False,sapmachine-jdk-19.0.1_windows-x64_bin-symbols.tar.gz,windows,x64,jdk,3
2026-09-15T00:24:48+00:00,sapmachine-19.0.1,80227193,False,sapmachine-jdk-19.0.1_windows-x64_bin.msi,windows,x64,jdk,7832
2026-09-15T00:24:48+00:00,sapmachine-19.0.1,80227193,False,sapmachine-jre-19.0.1_windows-x64_bin.msi,windows,x64,jre,4467
2026-09-15T00:24:48+00:00,sapmachine-19.0.1,80227193,False,sapmachine-jdk-19.0.1_linux-ppc64le_bin.tar.gz,linux,ppc64,jdk,3855
2026-09-15T00:24:48+00:00,sapmachine-19.0.1,80227193,False,sapmachine-jre-19.0.1_linux-ppc64le_bin.tar.gz,linux,ppc64,jre,3760
2026-09-15T00:24:48+00:00,sapmachine-19.0.1,80227193,False,sapmachine-jdk-19.0.1_linux-ppc64le_bin-symbols.tar.gz,linux,ppc64,jdk,3
2026-09-15T00:24:48+00:00,sapmachine-19.0.1,80227193,False,sapmachine-jdk-19.0.1-1.x86_64.rpm,linux,x64,jdk,3782
2026-09-15T00:24:48+00:00,sapmachine-19.0.1,80227193,False,sapmachine-jdk-19.0.1_macos-x64_bin.tar.gz,macos,x64,jdk,4707
2026-09-15T00:24:48+00:00,sapmachine-19.0.1,80227193,False,sapmachine-jre-19.0.1_macos-x64_bin.tar.gz,macos,x64,jre,3840
2026-09-15T00:24:48+00:00,sapmachine-19.0.1,80227193,False,sapmachine-jdk-19.0.1_macos-x64_bin-symbols.tar.gz,macos,x64,jdk,4
2026-09-15T00:24:48+00:00,sapmachine-19.0.1,80227193,False,sapmachine-jdk-19.0.1_macos-x64_bin.dmg,macos,x64,jdk,6651
2026-09-15T00:24:48+00:00,sapmachine-19.0.1,80227193,False,sapmachine-jre-19.0.1_macos-x64_bin.dmg,macos,x64,jre,3808
2026-09-15T00:24:48+00:00,sapmachine-19.0.1,80227193,False,sapmachine-jdk-19.0.1_macos-aarch64_bin.tar.gz,macos,aarch64,jdk,4767
2026-09-15T00:24:48+00:00,sapmachine-19.0.1,80227193,False,sapmachine-jre-19.0.1_macos-aarch64_bin.tar.gz,macos,aarch64,jre,3873
2026-09-15T00:24:48+00:00,sapmachine-19.0.1,80227193,False,sapmachine-jdk-19.0.1_macos-aarch64_bin-symbols.tar.gz,macos,aarch64,jdk,6
2026-09-15T00:24:48+00:00,sapmachine-19.0.1,80227193,False,sapmachine-jdk-19.0.1_macos-aarch64_bin.dmg,macos,aarch64,jdk,4788
2026-09-15T00:24:48+00:00,sapmachine-19.0.1,80227193,False,sapmachine-jre-19.0.1_macos-aarch64_bin.dmg,macos,aarch64,jre,3778
2026-09-15T00:24:48+00:00,sapmachine-17.0.5,80227273,False,sapmachine-jdk-17.0.5_linux-x64_bin.tar.gz,linux,x64,jdk,136222
2026-09-15T00:24:48+00:00,sapmachine-17.0.5,80227273,False,sapmachine-jre-17.0.5_linux-x64_bin.tar.gz,linux,x64,jre,143455
2026-09-15T00:24:48+00:00,sapmachine-17.0.5,80227273,False,sapmachine-jdk-17.0.5_linux-x64_bin-symbols.tar.gz,linux,x64,jdk,7
2026-09-15T00:24:48+00:00,sapmachine-17.0.5,80227273,False,sapmachine-jdk-17.0.5-beta_linux-x64-musl_bin.tar.gz,alpine,x64,jdk,3364
2026-09-15T00:24:48+00:00,sapmachine-17.0.5,80227273,False,sapmachine-jre-17.0.5-beta_linux-x64-musl_bin.tar.gz,alpine,x64,jre,3357
2026-09-15T00:24:48+00:00,sapmachine-17.0.5,80227273,False,sapmachine-jdk-17.0.5-beta_linux-x64-musl_bin-symbols.tar.gz,alpine,x64,jdk,5
2026-09-15T00:24:48+00:00,sapmachine-17.0.5,80227273,False,sapmachine-jdk-17.0.5_linux-aarch64_bin.tar.gz,linux,aarch64,jdk,7898
2026-09-15T00:24:48+00:00,sapmachine-17.0.5,80227273,False,sapmachine-jre-17.0.5_linux-aarch64_bin.tar.gz,linux,aarch64,jre,3791
2026-09-15T00:24:48+00:00,sapmachine-17.0.5,80227273,False,sapmachine-jdk-17.0.5_linux-aarch64_bin-symbols.tar.gz,linux,aarch64,jdk,5
2026-09-15T00:24:48+00:00,sapmachine-17.0.5,80227273,False,sapmachine-jdk-17.0.5_windows-x64_bin.zip,windows,x64,jdk,5595
2026-09-15T00:24:48+00:00,sapmachine-17.0.5,80227273,False,sapmachine-jre-17.0.5_windows-x64_bin.zip,windows,x64,jre,4067
2026-09-15T00:24:48+00:00,sapmachine-17.0.5,80227273,False,sapmachine-jdk-17.0.5_windows-x64_bin-symbols.tar.gz,windows,x64,jdk,4
2026-09-15T00:24:48+00:00,sapmachine-17.0.5,80227273,False,sapmachine-jdk-17.0.5_windows-x64_bin.msi,windows,x64,jdk,6353
2026-09-15T00:24:48+00:00,sapmachine-17.0.5,80227273,False,sapmachine-jre-17.0.5_windows-x64_bin.msi,windows,x64,jre,4237
2026-09-15T00:24:48+00:00,sapmachine-17.0.5,80227273,False,sapmachine-jdk-17.0.5_linux-ppc64le_bin.tar.gz,linux,ppc64,jdk,3914
2026-09-15T00:24:48+00:00,sapmachine-17.0.5,80227273,False,sapmachine-jre-17.0.5_linux-ppc64le_bin.tar.gz,linux,ppc64,jre,3738
2026-09-15T00:24:48+00:00,sapmachine-17.0.5,80227273,False,sapmachine-jdk-17.0.5_linux-ppc64le_bin-symbols.tar.gz,linux,ppc64,jdk,4
2026-09-15T00:24:48+00:00,sapmachine-17.0.5,80227273,False,sapmachine-jdk-17.0.5-1.x86_64.rpm,linux,x64,jdk,9013
2026-09-15T00:24:48+00:00,sapmachine-17.0.5,80227273,False,sapmachine-jdk-17.0.5_macos-x64_bin.tar.gz,macos,x64,jdk,5237
2026-09-15T00:24:48+00:00,sapmachine-17.0.5,80227273,False,sapmachine-jre-17.0.5_macos-x64_bin.tar.gz,macos,x64,jre,3820
2026-09-15T00:24:48+00:00,sapmachine-17.0.5,80227273,False,sapmachine-jdk-17.0.5_macos-x64_bin-symbols.tar.gz,macos,x64,jdk,3
2026-09-15T00:24:48+00:00,sapmachine-17.0.5,80227273,False,sapmachine-jdk-17.0.5_macos-x64_bin.dmg,macos,x64,jdk,8878
2026-09-15T00:24:48+00:00,sapmachine-17.0.5,80227273,False,sapmachine-jre-17.0.5_macos-x64_bin.dmg,macos,x64,jre,3767
2026-09-15T00:24:48+00:00,sapmachine-17.0.5,80227273,False,sapmachine-jdk-17.0.5_macos-aarch64_bin.tar.gz,macos,aarch64,jdk,5117
2026-09-15T00:24:48+00:00,sapmachine-17.0.5,80227273,False,sapmachine-jre-17.0.5_macos-aarch64_bin.tar.gz,macos,aarch64,jre,3835
2026-09-15T00:24:48+00:00,sapmachine-17.0.5,80227273,False,sapmachine-jdk-17.0.5_macos-aarch64_bin-symbols.tar.gz,macos,aarch64,jdk,2
2026-09-15T00:24:48+00:00,sapmachine-17.0.5,80227273,False,sapmachine-jdk-17.0.5_macos-aarch64_bin.dmg,macos,aarch64,jdk,8299
2026-09-15T00:24:48+00:00,sapmachine-17.0.5,80227273,False,sapmachine-jre-17.0.5_macos-aarch64_bin.dmg,macos,aarch64,jre,3746
2026-09-15T00:24:48+00:00,sapmachine-11.0.17,80228007,False,sapmachine-jdk-11.0.17_linux-x64_bin.tar.gz,linux,x64,jdk,98909
2026-09-15T00:24:48+00:00,sapmachine-11.0.17,80228007,False,sapmachine-jre-11.0.17_linux-x64_bin.tar.gz,linux,x64,jre,39466
2026-09-15T00:24:48+00:00,sapmachine-11.0.17,80228007,False,sapmachine-jdk-11.0.17_linux-x64_bin-symbols.tar.gz,linux,x64,jdk,1
2026-09-15T00:24:48+00:00,sapmachine-11.0.17,80228007,False,sapmachine-jdk-11.0.17_linux-aarch64_bin.tar.gz,linux,aarch64,jdk,4335
2026-09-15T00:24:48+00:00,sapmachine-11.0.17,80228007,False,sapmachine-jre-11.0.17_linux-aarch64_bin.tar.gz,linux,aarch64,jre,3792
2026-09-15T00:24:48+00:00,sapmachine-11.0.17,80228007,False,sapmachine-jdk-11.0.17_linux-aarch64_bin-symbols.tar.gz,linux,aarch64,jdk,3
2026-09-15T00:24:48+00:00,sapmachine-11.0.17,80228007,False,sapmachine-jdk-11.0.17_windows-x64_bin.zip,windows,x64,jdk,5450
2026-09-15T00:24:48+00:00,sapmachine-11.0.17,80228007,False,sapmachine-jre-11.0.17_windows-x64_bin.zip,windows,x64,jre,4067
2026-09-15T00:24:48+00:00,sapmachine-11.0.17,80228007,False,sapmachine-jdk-11.0.17_windows-x64_bin-symbols.tar.gz,windows,x64,jdk,1
2026-09-15T00:24:48+00:00,sapmachine-11.0.17,80228007,False,sapmachine-jdk-11.0.17_windows-x64_bin.msi,windows,x64,jdk,5561
2026-09-15T00:24:48+00:00,sapmachine-11.0.17,80228007,False,sapmachine-jre-11.0.17_windows-x64_bin.msi,windows,x64,jre,4224
2026-09-15T00:24:48+00:00,sapmachine-11.0.17,80228007,False,sapmachine-jdk-11.0.17_linux-ppc64le_bin.tar.gz,linux,ppc64,jdk,3901
2026-09-15T00:24:48+00:00,sapmachine-11.0.17,80228007,False,sapmachine-jre-11.0.17_linux-ppc64le_bin.tar.gz,linux,ppc64,jre,3742
2026-09-15T00:24:48+00:00,sapmachine-11.0.17,80228007,False,sapmachine-jdk-11.0.17_linux-ppc64le_bin-symbols.tar.gz,linux,ppc64,jdk,1
2026-09-15T00:24:48+00:00,sapmachine-11.0.17,80228007,False,sapmachine-jdk-11.0.17-1.x86_64.rpm,linux,x64,jdk,4447
2026-09-15T00:24:48+00:00,sapmachine-11.0.17,80228007,False,sapmachine-jdk-11.0.17_macos-x64_bin.tar.gz,macos,x64,jdk,5017
2026-09-15T00:24:48+00:00,sapmachine-11.0.17,80228007,False,sapmachine-jre-11.0.17_macos-x64_bin.tar.gz,macos,x64,jre,3820
2026-09-15T00:24:48+00:00,sapmachine-11.0.17,80228007,False,sapmachine-jdk-11.0.17_macos-x64_bin-symbols.tar.gz,macos,x64,jdk,3
2026-09-15T00:24:48+00:00,sapmachine-11.0.17,80228007,False,sapmachine-jdk-11.0.17_macos-x64_bin.dmg,macos,x64,jdk,6972
2026-09-15T00:24:48+00:00,sapmachine-11.0.17,80228007,False,sapmachine-jre-11.0.17_macos-x64_bin.dmg,macos,x64,jre,3795
2026-09-15T00:24:48+00:00,sapmachine-11.0.17,80228007,False,sapmachine-jdk-11.0.17_macos-aarch64_bin.tar.gz,macos,aarch64,jdk,4827
2026-09-15T00:24:48+00:00,sapmachine-11.0.17,80228007,False,sapmachine-jre-11.0.17_macos-aarch64_bin.tar.gz,macos,aarch64,jre,3855
2026-09-15T00:24:48+00:00,sapmachine-11.0.17,80228007,False,sapmachine-jdk-11.0.17_macos-aarch64_bin-symbols.tar.gz,macos,aarch64,jdk,4
2026-09-15T00:24:48+00:00,sapmachine-11.0.17,80228007,False,sapmachine-jdk-11.0.17_macos-aarch64_bin.dmg,macos,aarch64,jdk,6470
2026-09-15T00:24:48+00:00,sapmachine-11.0.17,80228007,False,sapmachine-jre-11.0.17_macos-aarch64_bin.dmg,macos,aarch64,jre,3729
2026-09-15T00:24:48+00:00,sapmachine-19,77507122,False,sapmachine-jdk-19_linux-x64_bin.tar.gz,linux,x64,jdk,4534
2026-09-15T00:24:48+00:00,sapmachine-19,77507122,False,sapmachine-jre-19_linux-x64_bin.tar.gz,linux,x64,jre,5236
2026-09-15T00:24:48+00:00,sapmachine-19,77507122,False,sapmachine-jdk-19_linux-x64_bin-symbols.tar.gz,linux,x64,jdk,9
2026-09-15T00:24:48+00:00,sapmachine-19,77507122,False,sapmachine-jdk-19-beta_linux-x64-musl_bin.tar.gz,alpine,x64,jdk,3538
2026-09-15T00:24:48+00:00,sapmachine-19,77507122,False,sapmachine-jre-19-beta_linux-x64-musl_bin.tar.gz,alpine,x64,jre,3378
2026-09-15T00:24:48+00:00,sapmachine-19,77507122,False,sapmachine-jdk-19-beta_linux-x64-musl_bin-symbols.tar.gz,alpine,x64,jdk,8
2026-09-15T00:24:48+00:00,sapmachine-19,77507122,False,sapmachine-jdk-19_linux-aarch64_bin.tar.gz,linux,aarch64,jdk,3998
2026-09-15T00:24:48+00:00,sapmachine-19,77507122,False,sapmachine-jre-19_linux-aarch64_bin.tar.gz,linux,aarch64,jre,3831
2026-09-15T00:24:48+00:00,sapmachine-19,77507122,False,sapmachine-jdk-19_linux-aarch64_bin-symbols.tar.gz,linux,aarch64,jdk,9
2026-09-15T00:24:48+00:00,sapmachine-19,77507122,False,sapmachine-jdk-19-1.x86_64.rpm,linux,x64,jdk,3773
2026-09-15T00:24:48+00:00,sapmachine-19,77507122,False,sapmachine-jdk-19_windows-x64_bin.zip,windows,x64,jdk,4630
2026-09-15T00:24:48+00:00,sapmachine-19,77507122,False,sapmachine-jre-19_windows-x64_bin.zip,windows,x64,jre,3895
2026-09-15T00:24:48+00:00,sapmachine-19,77507122,False,sapmachine-jdk-19_windows-x64_bin-symbols.tar.gz,windows,x64,jdk,8
2026-09-15T00:24:48+00:00,sapmachine-19,77507122,False,sapmachine-jdk-19_windows-x64_bin.msi,windows,x64,jdk,5478
2026-09-15T00:24:48+00:00,sapmachine-19,77507122,False,sapmachine-jre-19_windows-x64_bin.msi,windows,x64,jre,4122
2026-09-15T00:24:48+00:00,sapmachine-19,77507122,False,sapmachine-jdk-19_linux-ppc64le_bin.tar.gz,linux,ppc64,jdk,3813
2026-09-15T00:24:48+00:00,sapmachine-19,77507122,False,sapmachine-jre-19_linux-ppc64le_bin.tar.gz,linux,ppc64,jre,3812
2026-09-15T00:24:48+00:00,sapmachine-19,77507122,False,sapmachine-jdk-19_linux-ppc64le_bin-symbols.tar.gz,linux,ppc64,jdk,8
2026-09-15T00:24:48+00:00,sapmachine-19,77507122,False,sapmachine-jdk-19_macos-x64_bin.tar.gz,macos,x64,jdk,4412
2026-09-15T00:24:48+00:00,sapmachine-19,77507122,False,sapmachine-jre-19_macos-x64_bin.tar.gz,macos,x64,jre,3828
2026-09-15T00:24:48+00:00,sapmachine-19,77507122,False,sapmachine-jdk-19_macos-x64_bin-symbols.tar.gz,macos,x64,jdk,3
2026-09-15T00:24:48+00:00,sapmachine-19,77507122,False,sapmachine-jdk-19_macos-x64_bin.dmg,macos,x64,jdk,4670
2026-09-15T00:24:48+00:00,sapmachine-19,77507122,False,sapmachine-jre-19_macos-x64_bin.dmg,macos,x64,jre,3750
2026-09-15T00:24:48+00:00,sapmachine-19,77507122,False,sapmachine-jdk-19_macos-aarch64_bin.tar.gz,macos,aarch64,jdk,4412
2026-09-15T00:24:48+00:00,sapmachine-19,77507122,False,sapmachine-jre-19_macos-aarch64_bin.tar.gz,macos,aarch64,jre,3861
2026-09-15T00:24:48+00:00,sapmachine-19,77507122,False,sapmachine-jdk-19_macos-aarch64_bin-symbols.tar.gz,macos,aarch64,jdk,4
2026-09-15T00:24:48+00:00,sapmachine-19,77507122,False,sapmachine-jdk-19_macos-aarch64_bin.dmg,macos,aarch64,jdk,4131
2026-09-15T00:24:48+00:00,sapmachine-19,77507122,False,sapmachine-jre-19_macos-aarch64_bin.dmg,macos,aarch64,jre,3783
2026-09-15T00:24:48+00:00,sapmachine-18.0.2.1,75143311,False,sapmachine-jdk-18.0.2.1_linux-x64_bin.tar.gz,linux,x64,jdk,12828
2026-09-15T00:24:48+00:00,sapmachine-18.0.2.1,75143311,False,sapmachine-jre-18.0.2.1_linux-x64_bin.tar.gz,linux,x64,jre,5463
2026-09-15T00:24:48+00:00,sapmachine-18.0.2.1,75143311,False,sapmachine-jdk-18.0.2.1_linux-x64_bin-symbols.tar.gz,linux,x64,jdk,5
2026-09-15T00:24:48+00:00,sapmachine-18.0.2.1,75143311,False,sapmachine-jdk-18.0.2.1-beta_linux-x64-musl_bin.tar.gz,alpine,x64,jdk,3406
2026-09-15T00:24:48+00:00,sapmachine-18.0.2.1,75143311,False,sapmachine-jre-18.0.2.1-beta_linux-x64-musl_bin.tar.gz,alpine,x64,jre,3410
2026-09-15T00:24:48+00:00,sapmachine-18.0.2.1,75143311,False,sapmachine-jdk-18.0.2.1-beta_linux-x64-musl_bin-symbols.tar.gz,alpine,x64,jdk,5
2026-09-15T00:24:48+00:00,sapmachine-18.0.2.1,75143311,False,sapmachine-jdk-18.0.2.1_linux-aarch64_bin.tar.gz,linux,aarch64,jdk,3967
2026-09-15T00:24:48+00:00,sapmachine-18.0.2.1,75143311,False,sapmachine-jre-18.0.2.1_linux-aarch64_bin.tar.gz,linux,aarch64,jre,3855
2026-09-15T00:24:48+00:00,sapmachine-18.0.2.1,75143311,False,sapmachine-jdk-18.0.2.1_linux-aarch64_bin-symbols.tar.gz,linux,aarch64,jdk,6
2026-09-15T00:24:48+00:00,sapmachine-18.0.2.1,75143311,False,sapmachine-jdk-18.0.2.1-1.x86_64.rpm,linux,x64,jdk,3835
2026-09-15T00:24:48+00:00,sapmachine-18.0.2.1,75143311,False,sapmachine-jdk-18.0.2.1_windows-x64_bin.zip,windows,x64,jdk,4665
2026-09-15T00:24:48+00:00,sapmachine-18.0.2.1,75143311,False,sapmachine-jre-18.0.2.1_windows-x64_bin.zip,windows,x64,jre,3973
2026-09-15T00:24:48+00:00,sapmachine-18.0.2.1,75143311,False,sapmachine-jdk-18.0.2.1_windows-x64_bin-symbols.tar.gz,windows,x64,jdk,3
2026-09-15T00:24:48+00:00,sapmachine-18.0.2.1,75143311,False,sapmachine-jdk-18.0.2.1_windows-x64_bin.msi,windows,x64,jdk,5001
2026-09-15T00:24:48+00:00,sapmachine-18.0.2.1,75143311,False,sapmachine-jre-18.0.2.1_windows-x64_bin.msi,windows,x64,jre,4153
2026-09-15T00:24:48+00:00,sapmachine-18.0.2.1,75143311,False,sapmachine-jdk-18.0.2.1_linux-ppc64le_bin.tar.gz,linux,ppc64,jdk,3798
2026-09-15T00:24:48+00:00,sapmachine-18.0.2.1,75143311,False,sapmachine-jre-18.0.2.1_linux-ppc64le_bin.tar.gz,linux,ppc64,jre,3909
2026-09-15T00:24:48+00:00,sapmachine-18.0.2.1,75143311,False,sapmachine-jdk-18.0.2.1_linux-ppc64le_bin-symbols.tar.gz,linux,ppc64,jdk,5
2026-09-15T00:24:48+00:00,sapmachine-18.0.2.1,75143311,False,sapmachine-jdk-18.0.2.1_macos-x64_bin.tar.gz,macos,x64,jdk,4412
2026-09-15T00:24:48+00:00,sapmachine-18.0.2.1,75143311,False,sapmachine-jre-18.0.2.1_macos-x64_bin.tar.gz,macos,x64,jre,3934
2026-09-15T00:24:48+00:00,sapmachine-18.0.2.1,75143311,False,sapmachine-jdk-18.0.2.1_macos-x64_bin-symbols.tar.gz,macos,x64,jdk,2
2026-09-15T00:24:48+00:00,sapmachine-18.0.2.1,75143311,False,sapmachine-jdk-18.0.2.1_macos-x64_bin.dmg,macos,x64,jdk,4399
2026-09-15T00:24:48+00:00,sapmachine-18.0.2.1,75143311,False,sapmachine-jre-18.0.2.1_macos-x64_bin.dmg,macos,x64,jre,3926
2026-09-15T00:24:48+00:00,sapmachine-18.0.2.1,75143311,False,sapmachine-jdk-18.0.2.1_macos-aarch64_bin.tar.gz,macos,aarch64,jdk,4347
2026-09-15T00:24:48+00:00,sapmachine-18.0.2.1,75143311,False,sapmachine-jre-18.0.2.1_macos-aarch64_bin.tar.gz,macos,aarch64,jre,3929
2026-09-15T00:24:48+00:00,sapmachine-18.0.2.1,75143311,False,sapmachine-jdk-18.0.2.1_macos-aarch64_bin-symbols.tar.gz,macos,aarch64,jdk,4
2026-09-15T00:24:48+00:00,sapmachine-18.0.2.1,75143311,False,sapmachine-jdk-18.0.2.1_macos-aarch64_bin.dmg,macos,aarch64,jdk,3996
2026-09-15T00:24:48+00:00,sapmachine-18.0.2.1,75143311,False,sapmachine-jre-18.0.2.1_macos-aarch64_bin.dmg,macos,aarch64,jre,3832
2026-09-15T00:24:48+00:00,sapmachine-17.0.4.1,75141647,False,sapmachine-jdk-17.0.4.1_linux-x64_bin.tar.gz,linux,x64,jdk,174774
2026-09-15T00:24:48+00:00,sapmachine-17.0.4.1,75141647,False,sapmachine-jre-17.0.4.1_linux-x64_bin.tar.gz,linux,x64,jre,39927
2026-09-15T00:24:48+00:00,sapmachine-17.0.4.1,75141647,False,sapmachine-jdk-17.0.4.1_linux-x64_bin-symbols.tar.gz,linux,x64,jdk,6
2026-09-15T00:24:48+00:00,sapmachine-17.0.4.1,75141647,False,sapmachine-jdk-17.0.4.1-beta_linux-x64-musl_bin.tar.gz,alpine,x64,jdk,3477
2026-09-15T00:24:48+00:00,sapmachine-17.0.4.1,75141647,False,sapmachine-jre-17.0.4.1-beta_linux-x64-musl_bin.tar.gz,alpine,x64,jre,3408
2026-09-15T00:24:48+00:00,sapmachine-17.0.4.1,75141647,False,sapmachine-jdk-17.0.4.1-beta_linux-x64-musl_bin-symbols.tar.gz,alpine,x64,jdk,4
2026-09-15T00:24:48+00:00,sapmachine-17.0.4.1,75141647,False,sapmachine-jdk-17.0.4.1_linux-aarch64_bin.tar.gz,linux,aarch64,jdk,4043
2026-09-15T00:24:48+00:00,sapmachine-17.0.4.1,75141647,False,sapmachine-jre-17.0.4.1_linux-aarch64_bin.tar.gz,linux,aarch64,jre,3908
2026-09-15T00:24:48+00:00,sapmachine-17.0.4.1,75141647,False,sapmachine-jdk-17.0.4.1_linux-aarch64_bin-symbols.tar.gz,linux,aarch64,jdk,4
2026-09-15T00:24:48+00:00,sapmachine-17.0.4.1,75141647,False,sapmachine-jdk-17.0.4.1-1.x86_64.rpm,linux,x64,jdk,3826
2026-09-15T00:24:48+00:00,sapmachine-17.0.4.1,75141647,False,sapmachine-jdk-17.0.4.1_windows-x64_bin.zip,windows,x64,jdk,5085
2026-09-15T00:24:48+00:00,sapmachine-17.0.4.1,75141647,False,sapmachine-jre-17.0.4.1_windows-x64_bin.zip,windows,x64,jre,3964
2026-09-15T00:24:48+00:00,sapmachine-17.0.4.1,75141647,False,sapmachine-jdk-17.0.4.1_windows-x64_bin-symbols.tar.gz,windows,x64,jdk,5
2026-09-15T00:24:48+00:00,sapmachine-17.0.4.1,75141647,False,sapmachine-jdk-17.0.4.1_windows-x64_bin.msi,windows,x64,jdk,4910
2026-09-15T00:24:48+00:00,sapmachine-17.0.4.1,75141647,False,sapmachine-jre-17.0.4.1_windows-x64_bin.msi,windows,x64,jre,4026
2026-09-15T00:24:48+00:00,sapmachine-17.0.4.1,75141647,False,sapmachine-jdk-17.0.4.1_linux-ppc64le_bin.tar.gz,linux,ppc64,jdk,3904
2026-09-15T00:24:48+00:00,sapmachine-17.0.4.1,75141647,False,sapmachine-jre-17.0.4.1_linux-ppc64le_bin.tar.gz,linux,ppc64,jre,3846
2026-09-15T00:24:48+00:00,sapmachine-17.0.4.1,75141647,False,sapmachine-jdk-17.0.4.1_linux-ppc64le_bin-symbols.tar.gz,linux,ppc64,jdk,5
2026-09-15T00:24:48+00:00,sapmachine-17.0.4.1,75141647,False,sapmachine-jdk-17.0.4.1_macos-x64_bin.tar.gz,macos,x64,jdk,4854
2026-09-15T00:24:48+00:00,sapmachine-17.0.4.1,75141647,False,sapmachine-jre-17.0.4.1_macos-x64_bin.tar.gz,macos,x64,jre,3932
2026-09-15T00:24:48+00:00,sapmachine-17.0.4.1,75141647,False,sapmachine-jdk-17.0.4.1_macos-x64_bin-symbols.tar.gz,macos,x64,jdk,2
2026-09-15T00:24:48+00:00,sapmachine-17.0.4.1,75141647,False,sapmachine-jdk-17.0.4.1_macos-x64_bin.dmg,macos,x64,jdk,7525
2026-09-15T00:24:48+00:00,sapmachine-17.0.4.1,75141647,False,sapmachine-jre-17.0.4.1_macos-x64_bin.dmg,macos,x64,jre,3816
2026-09-15T00:24:48+00:00,sapmachine-17.0.4.1,75141647,False,sapmachine-jdk-17.0.4.1_macos-aarch64_bin.tar.gz,macos,aarch64,jdk,4898
2026-09-15T00:24:48+00:00,sapmachine-17.0.4.1,75141647,False,sapmachine-jre-17.0.4.1_macos-aarch64_bin.tar.gz,macos,aarch64,jre,3920
2026-09-15T00:24:48+00:00,sapmachine-17.0.4.1,75141647,False,sapmachine-jdk-17.0.4.1_macos-aarch64_bin-symbols.tar.gz,macos,aarch64,jdk,2
2026-09-15T00:24:48+00:00,sapmachine-17.0.4.1,75141647,False,sapmachine-jdk-17.0.4.1_macos-aarch64_bin.dmg,macos,aarch64,jdk,7159
2026-09-15T00:24:48+00:00,sapmachine-17.0.4.1,75141647,False,sapmachine-jre-17.0.4.1_macos-aarch64_bin.dmg,macos,aarch64,jre,3858
2026-09-15T00:24:48+00:00,sapmachine-11.0.16.1,75103971,False,sapmachine-jdk-11.0.16.1_linux-x64_bin.tar.gz,linux,x64,jdk,45970
2026-09-15T00:24:48+00:00,sapmachine-11.0.16.1,75103971,False,sapmachine-jre-11.0.16.1_linux-x64_bin.tar.gz,linux,x64,jre,22769
2026-09-15T00:24:48+00:00,sapmachine-11.0.16.1,75103971,False,sapmachine-jdk-11.0.16.1_linux-x64_bin-symbols.tar.gz,linux,x64,jdk,12
2026-09-15T00:24:48+00:00,sapmachine-11.0.16.1,75103971,False,sapmachine-jdk-11.0.16.1_linux-aarch64_bin.tar.gz,linux,aarch64,jdk,4068
2026-09-15T00:24:48+00:00,sapmachine-11.0.16.1,75103971,False,sapmachine-jre-11.0.16.1_linux-aarch64_bin.tar.gz,linux,aarch64,jre,3856
2026-09-15T00:24:48+00:00,sapmachine-11.0.16.1,75103971,False,sapmachine-jdk-11.0.16.1_linux-aarch64_bin-symbols.tar.gz,linux,aarch64,jdk,10
2026-09-15T00:24:48+00:00,sapmachine-11.0.16.1,75103971,False,sapmachine-jdk-11.0.16.1-1.x86_64.rpm,linux,x64,jdk,3965
2026-09-15T00:24:48+00:00,sapmachine-11.0.16.1,75103971,False,sapmachine-jdk-11.0.16.1_windows-x64_bin.zip,windows,x64,jdk,5688
2026-09-15T00:24:48+00:00,sapmachine-11.0.16.1,75103971,False,sapmachine-jre-11.0.16.1_windows-x64_bin.zip,windows,x64,jre,4464
2026-09-15T00:24:48+00:00,sapmachine-11.0.16.1,75103971,False,sapmachine-jdk-11.0.16.1_windows-x64_bin-symbols.tar.gz,windows,x64,jdk,10
2026-09-15T00:24:48+00:00,sapmachine-11.0.16.1,75103971,False,sapmachine-jdk-11.0.16.1_windows-x64_bin.msi,windows,x64,jdk,4949
2026-09-15T00:24:48+00:00,sapmachine-11.0.16.1,75103971,False,sapmachine-jre-11.0.16.1_windows-x64_bin.msi,windows,x64,jre,4201
2026-09-15T00:24:48+00:00,sapmachine-11.0.16.1,75103971,False,sapmachine-jdk-11.0.16.1_linux-ppc64le_bin.tar.gz,linux,ppc64,jdk,3915
2026-09-15T00:24:48+00:00,sapmachine-11.0.16.1,75103971,False,sapmachine-jre-11.0.16.1_linux-ppc64le_bin.tar.gz,linux,ppc64,jre,3807
2026-09-15T00:24:48+00:00,sapmachine-11.0.16.1,75103971,False,sapmachine-jdk-11.0.16.1_linux-ppc64le_bin-symbols.tar.gz,linux,ppc64,jdk,8
2026-09-15T00:24:48+00:00,sapmachine-11.0.16.1,75103971,False,sapmachine-jdk-11.0.16.1_macos-x64_bin.tar.gz,macos,x64,jdk,4931
2026-09-15T00:24:48+00:00,sapmachine-11.0.16.1,75103971,False,sapmachine-jre-11.0.16.1_macos-x64_bin.tar.gz,macos,x64,jre,3921
2026-09-15T00:24:48+00:00,sapmachine-11.0.16.1,75103971,False,sapmachine-jdk-11.0.16.1_macos-x64_bin-symbols.tar.gz,macos,x64,jdk,4
2026-09-15T00:24:48+00:00,sapmachine-11.0.16.1,75103971,False,sapmachine-jdk-11.0.16.1_macos-x64_bin.dmg,macos,x64,jdk,6572
2026-09-15T00:24:48+00:00,sapmachine-11.0.16.1,75103971,False,sapmachine-jre-11.0.16.1_macos-x64_bin.dmg,macos,x64,jre,3832
2026-09-15T00:24:48+00:00,sapmachine-11.0.16.1,75103971,False,sapmachine-jdk-11.0.16.1_macos-aarch64_bin.tar.gz,macos,aarch64,jdk,4801
2026-09-15T00:24:48+00:00,sapmachine-11.0.16.1,75103971,False,sapmachine-jre-11.0.16.1_macos-aarch64_bin.tar.gz,macos,aarch64,jre,3905
2026-09-15T00:24:48+00:00,sapmachine-11.0.16.1,75103971,False,sapmachine-jdk-11.0.16.1_macos-aarch64_bin-symbols.tar.gz,macos,aarch64,jdk,4
2026-09-15T00:24:48+00:00,sapmachine-11.0.16.1,75103971,False,sapmachine-jdk-11.0.16.1_macos-aarch64_bin.dmg,macos,aarch64,jdk,6159
2026-09-15T00:24:48+00:00,sapmachine-11.0.16.1,75103971,False,sapmachine-jre-11.0.16.1_macos-aarch64_bin.dmg,macos,aarch64,jre,3911
2026-09-15T00:24:48+00:00,sapmachine-11.0.16,72372178,False,sapmachine-jdk-11.0.16_linux-x64_bin.tar.gz,linux,x64,jdk,22248
2026-09-15T00:24:48+00:00,sapmachine-11.0.16,72372178,False,sapmachine-jre-11.0.16_linux-x64_bin.tar.gz,linux,x64,jre,11179
2026-09-15T00:24:48+00:00,sapmachine-11.0.16,72372178,False,sapmachine-jdk-11.0.16_linux-x64_bin-symbols.tar.gz,linux,x64,jdk,14
2026-09-15T00:24:48+00:00,sapmachine-11.0.16,72372178,False,sapmachine-jdk-11.0.16_linux-aarch64_bin.tar.gz,linux,aarch64,jdk,4085
2026-09-15T00:24:48+00:00,sapmachine-11.0.16,72372178,False,sapmachine-jre-11.0.16_linux-aarch64_bin.tar.gz,linux,aarch64,jre,3868
2026-09-15T00:24:48+00:00,sapmachine-11.0.16,72372178,False,sapmachine-jdk-11.0.16_linux-aarch64_bin-symbols.tar.gz,linux,aarch64,jdk,16
2026-09-15T00:24:48+00:00,sapmachine-11.0.16,72372178,False,sapmachine-jdk-11.0.16-1.x86_64.rpm,linux,x64,jdk,3935
2026-09-15T00:24:48+00:00,sapmachine-11.0.16,72372178,False,sapmachine-jdk-11.0.16_windows-x64_bin.zip,windows,x64,jdk,5191
2026-09-15T00:24:48+00:00,sapmachine-11.0.16,72372178,False,sapmachine-jre-11.0.16_windows-x64_bin.zip,windows,x64,jre,4266
2026-09-15T00:24:48+00:00,sapmachine-11.0.16,72372178,False,sapmachine-jdk-11.0.16_windows-x64_bin-symbols.tar.gz,windows,x64,jdk,8
2026-09-15T00:24:48+00:00,sapmachine-11.0.16,72372178,False,sapmachine-jdk-11.0.16_windows-x64_bin.msi,windows,x64,jdk,41672
2026-09-15T00:24:48+00:00,sapmachine-11.0.16,72372178,False,sapmachine-jre-11.0.16_windows-x64_bin.msi,windows,x64,jre,40936
2026-09-15T00:24:48+00:00,sapmachine-11.0.16,72372178,False,sapmachine-jdk-11.0.16_linux-ppc64le_bin.tar.gz,linux,ppc64,jdk,3884
2026-09-15T00:24:48+00:00,sapmachine-11.0.16,72372178,False,sapmachine-jre-11.0.16_linux-ppc64le_bin.tar.gz,linux,ppc64,jre,3901
2026-09-15T00:24:48+00:00,sapmachine-11.0.16,72372178,False,sapmachine-jdk-11.0.16_linux-ppc64le_bin-symbols.tar.gz,linux,ppc64,jdk,13
2026-09-15T00:24:48+00:00,sapmachine-11.0.16,72372178,False,sapmachine-jdk-11.0.16_macos-x64_bin.tar.gz,macos,x64,jdk,4727
2026-09-15T00:24:48+00:00,sapmachine-11.0.16,72372178,False,sapmachine-jre-11.0.16_macos-x64_bin.tar.gz,macos,x64,jre,4003
2026-09-15T00:24:48+00:00,sapmachine-11.0.16,72372178,False,sapmachine-jdk-11.0.16_macos-x64_bin-symbols.tar.gz,macos,x64,jdk,8
2026-09-15T00:24:48+00:00,sapmachine-11.0.16,72372178,False,sapmachine-jdk-11.0.16_macos-x64_bin.dmg,macos,x64,jdk,5283
2026-09-15T00:24:48+00:00,sapmachine-11.0.16,72372178,False,sapmachine-jre-11.0.16_macos-x64_bin.dmg,macos,x64,jre,3886
2026-09-15T00:24:48+00:00,sapmachine-11.0.16,72372178,False,sapmachine-jdk-11.0.16_macos-aarch64_bin.tar.gz,macos,aarch64,jdk,4530
2026-09-15T00:24:48+00:00,sapmachine-11.0.16,72372178,False,sapmachine-jre-11.0.16_macos-aarch64_bin.tar.gz,macos,aarch64,jre,3942
2026-09-15T00:24:48+00:00,sapmachine-11.0.16,72372178,False,sapmachine-jdk-11.0.16_macos-aarch64_bin-symbols.tar.gz,macos,aarch64,jdk,11
2026-09-15T00:24:48+00:00,sapmachine-11.0.16,72372178,False,sapmachine-jdk-11.0.16_macos-aarch64_bin.dmg,macos,aarch64,jdk,4961
2026-09-15T00:24:48+00:00,sapmachine-11.0.16,72372178,False,sapmachine-jre-11.0.16_macos-aarch64_bin.dmg,macos,aarch64,jre,3874
2026-09-15T00:24:48+00:00,sapmachine-17.0.4,72368981,False,sapmachine-jdk-17.0.4_linux-x64_bin.tar.gz,linux,x64,jdk,5273
2026-09-15T00:24:48+00:00,sapmachine-17.0.4,72368981,False,sapmachine-jre-17.0.4_linux-x64_bin.tar.gz,linux,x64,jre,6581
2026-09-15T00:24:48+00:00,sapmachine-17.0.4,72368981,False,sapmachine-jdk-17.0.4_linux-x64_bin-symbols.tar.gz,linux,x64,jdk,5
2026-09-15T00:24:48+00:00,sapmachine-17.0.4,72368981,False,sapmachine-jdk-17.0.4-beta_linux-x64-musl_bin.tar.gz,alpine,x64,jdk,3480
2026-09-15T00:24:48+00:00,sapmachine-17.0.4,72368981,False,sapmachine-jre-17.0.4-beta_linux-x64-musl_bin.tar.gz,alpine,x64,jre,3434
2026-09-15T00:24:48+00:00,sapmachine-17.0.4,72368981,False,sapmachine-jdk-17.0.4-beta_linux-x64-musl_bin-symbols.tar.gz,alpine,x64,jdk,4
2026-09-15T00:24:48+00:00,sapmachine-17.0.4,72368981,False,sapmachine-jdk-17.0.4_linux-aarch64_bin.tar.gz,linux,aarch64,jdk,4077
2026-09-15T00:24:48+00:00,sapmachine-17.0.4,72368981,False,sapmachine-jre-17.0.4_linux-aarch64_bin.tar.gz,linux,aarch64,jre,3843
2026-09-15T00:24:48+00:00,sapmachine-17.0.4,72368981,False,sapmachine-jdk-17.0.4_linux-aarch64_bin-symbols.tar.gz,linux,aarch64,jdk,4
2026-09-15T00:24:48+00:00,sapmachine-17.0.4,72368981,False,sapmachine-jdk-17.0.4-1.x86_64.rpm,linux,x64,jdk,5744
2026-09-15T00:24:48+00:00,sapmachine-17.0.4,72368981,False,sapmachine-jdk-17.0.4_windows-x64_bin.zip,windows,x64,jdk,4668
2026-09-15T00:24:48+00:00,sapmachine-17.0.4,72368981,False,sapmachine-jre-17.0.4_windows-x64_bin.zip,windows,x64,jre,4040
2026-09-15T00:24:48+00:00,sapmachine-17.0.4,72368981,False,sapmachine-jdk-17.0.4_windows-x64_bin-symbols.tar.gz,windows,x64,jdk,2
2026-09-15T00:24:48+00:00,sapmachine-17.0.4,72368981,False,sapmachine-jdk-17.0.4_windows-x64_bin.msi,windows,x64,jdk,5928
2026-09-15T00:24:48+00:00,sapmachine-17.0.4,72368981,False,sapmachine-jre-17.0.4_windows-x64_bin.msi,windows,x64,jre,40731
2026-09-15T00:24:48+00:00,sapmachine-17.0.4,72368981,False,sapmachine-jdk-17.0.4_linux-ppc64le_bin.tar.gz,linux,ppc64,jdk,3890
2026-09-15T00:24:48+00:00,sapmachine-17.0.4,72368981,False,sapmachine-jre-17.0.4_linux-ppc64le_bin.tar.gz,linux,ppc64,jre,3851
2026-09-15T00:24:48+00:00,sapmachine-17.0.4,72368981,False,sapmachine-jdk-17.0.4_linux-ppc64le_bin-symbols.tar.gz,linux,ppc64,jdk,4
2026-09-15T00:24:48+00:00,sapmachine-17.0.4,72368981,False,sapmachine-jdk-17.0.4_macos-x64_bin.tar.gz,macos,x64,jdk,4532
2026-09-15T00:24:48+00:00,sapmachine-17.0.4,72368981,False,sapmachine-jre-17.0.4_macos-x64_bin.tar.gz,macos,x64,jre,3966
2026-09-15T00:24:48+00:00,sapmachine-17.0.4,72368981,False,sapmachine-jdk-17.0.4_macos-x64_bin-symbols.tar.gz,macos,x64,jdk,2
2026-09-15T00:24:48+00:00,sapmachine-17.0.4,72368981,False,sapmachine-jdk-17.0.4_macos-x64_bin.dmg,macos,x64,jdk,5241
2026-09-15T00:24:48+00:00,sapmachine-17.0.4,72368981,False,sapmachine-jre-17.0.4_macos-x64_bin.dmg,macos,x64,jre,3938
2026-09-15T00:24:48+00:00,sapmachine-17.0.4,72368981,False,sapmachine-jdk-17.0.4_macos-aarch64_bin.tar.gz,macos,aarch64,jdk,4520
2026-09-15T00:24:48+00:00,sapmachine-17.0.4,72368981,False,sapmachine-jre-17.0.4_macos-aarch64_bin.tar.gz,macos,aarch64,jre,3922
2026-09-15T00:24:48+00:00,sapmachine-17.0.4,72368981,False,sapmachine-jdk-17.0.4_macos-aarch64_bin-symbols.tar.gz,macos,aarch64,jdk,2
2026-09-15T00:24:48+00:00,sapmachine-17.0.4,72368981,False,sapmachine-jdk-17.0.4_macos-aarch64_bin.dmg,macos,aarch64,jdk,5165
2026-09-15T00:24:48+00:00,sapmachine-17.0.4,72368981,False,sapmachine-jre-17.0.4_macos-aarch64_bin.dmg,macos,aarch64,jre,3840
2026-09-15T00:24:48+00:00,sapmachine-18.0.2,72370892,False,sapmachine-jdk-18.0.2_linux-x64_bin.tar.gz,linux,x64,jdk,4491
2026-09-15T00:24:48+00:00,sapmachine-18.0.2,72370892,False,sapmachine-jre-18.0.2_linux-x64_bin.tar.gz,linux,x64,jre,5508
2026-09-15T00:24:48+00:00,sapmachine-18.0.2,72370892,False,sapmachine-jdk-18.0.2_linux-x64_bin-symbols.tar.gz,linux,x64,jdk,2
2026-09-15T00:24:48+00:00,sapmachine-18.0.2,72370892,False,sapmachine-jdk-18.0.2-beta_linux-x64-musl_bin.tar.gz,alpine,x64,jdk,3481
2026-09-15T00:24:48+00:00,sapmachine-18.0.2,72370892,False,sapmachine-jre-18.0.2-beta_linux-x64-musl_bin.tar.gz,alpine,x64,jre,3432
2026-09-15T00:24:48+00:00,sapmachine-18.0.2,72370892,False,sapmachine-jdk-18.0.2-beta_linux-x64-musl_bin-symbols.tar.gz,alpine,x64,jdk,2
2026-09-15T00:24:48+00:00,sapmachine-18.0.2,72370892,False,sapmachine-jdk-18.0.2_linux-aarch64_bin.tar.gz,linux,aarch64,jdk,4018
2026-09-15T00:24:48+00:00,sapmachine-18.0.2,72370892,False,sapmachine-jre-18.0.2_linux-aarch64_bin.tar.gz,linux,aarch64,jre,3898
2026-09-15T00:24:48+00:00,sapmachine-18.0.2,72370892,False,sapmachine-jdk-18.0.2_linux-aarch64_bin-symbols.tar.gz,linux,aarch64,jdk,1
2026-09-15T00:24:48+00:00,sapmachine-18.0.2,72370892,False,sapmachine-jdk-18.0.2-1.x86_64.rpm,linux,x64,jdk,3811
2026-09-15T00:24:48+00:00,sapmachine-18.0.2,72370892,False,sapmachine-jdk-18.0.2_windows-x64_bin.zip,windows,x64,jdk,4644
2026-09-15T00:24:48+00:00,sapmachine-18.0.2,72370892,False,sapmachine-jre-18.0.2_windows-x64_bin.zip,windows,x64,jre,4007
2026-09-15T00:24:48+00:00,sapmachine-18.0.2,72370892,False,sapmachine-jdk-18.0.2_windows-x64_bin-symbols.tar.gz,windows,x64,jdk,1
2026-09-15T00:24:48+00:00,sapmachine-18.0.2,72370892,False,sapmachine-jdk-18.0.2_windows-x64_bin.msi,windows,x64,jdk,7013
2026-09-15T00:24:48+00:00,sapmachine-18.0.2,72370892,False,sapmachine-jre-18.0.2_windows-x64_bin.msi,windows,x64,jre,5977
2026-09-15T00:24:48+00:00,sapmachine-18.0.2,72370892,False,sapmachine-jdk-18.0.2_linux-ppc64le_bin.tar.gz,linux,ppc64,jdk,3881
2026-09-15T00:24:48+00:00,sapmachine-18.0.2,72370892,False,sapmachine-jre-18.0.2_linux-ppc64le_bin.tar.gz,linux,ppc64,jre,3869
2026-09-15T00:24:48+00:00,sapmachine-18.0.2,72370892,False,sapmachine-jdk-18.0.2_linux-ppc64le_bin-symbols.tar.gz,linux,ppc64,jdk,1
2026-09-15T00:24:48+00:00,sapmachine-18.0.2,72370892,False,sapmachine-jdk-18.0.2_macos-x64_bin.tar.gz,macos,x64,jdk,4460
2026-09-15T00:24:48+00:00,sapmachine-18.0.2,72370892,False,sapmachine-jre-18.0.2_macos-x64_bin.tar.gz,macos,x64,jre,3981
2026-09-15T00:24:48+00:00,sapmachine-18.0.2,72370892,False,sapmachine-jdk-18.0.2_macos-x64_bin-symbols.tar.gz,macos,x64,jdk,2
2026-09-15T00:24:48+00:00,sapmachine-18.0.2,72370892,False,sapmachine-jdk-18.0.2_macos-x64_bin.dmg,macos,x64,jdk,4604
2026-09-15T00:24:48+00:00,sapmachine-18.0.2,72370892,False,sapmachine-jre-18.0.2_macos-x64_bin.dmg,macos,x64,jre,3866
2026-09-15T00:24:48+00:00,sapmachine-18.0.2,72370892,False,sapmachine-jdk-18.0.2_macos-aarch64_bin.tar.gz,macos,aarch64,jdk,4371
2026-09-15T00:24:48+00:00,sapmachine-18.0.2,72370892,False,sapmachine-jre-18.0.2_macos-aarch64_bin.tar.gz,macos,aarch64,jre,3989
2026-09-15T00:24:48+00:00,sapmachine-18.0.2,72370892,False,sapmachine-jdk-18.0.2_macos-aarch64_bin-symbols.tar.gz,macos,aarch64,jdk,2
2026-09-15T00:24:48+00:00,sapmachine-18.0.2,72370892,False,sapmachine-jdk-18.0.2_macos-aarch64_bin.dmg,macos,aarch64,jdk,4117
2026-09-15T00:24:48+00:00,sapmachine-18.0.2,72370892,False,sapmachine-jre-18.0.2_macos-aarch64_bin.dmg,macos,aarch64,jre,3865
2026-09-15T00:24:48+00:00,sapmachine-18.0.1.1,66160612,False,sapmachine-jdk-18.0.1.1-beta_linux-x64-musl_bin.tar.gz,alpine,x64,jdk,3521
2026-09-15T00:24:48+00:00,sapmachine-18.0.1.1,66160612,False,sapmachine-jre-18.0.1.1-beta_linux-x64-musl_bin.tar.gz,alpine,x64,jre,3522
2026-09-15T00:24:48+00:00,sapmachine-18.0.1.1,66160612,False,sapmachine-jdk-18.0.1.1-beta_linux-x64-musl_bin-symbols.tar.gz,alpine,x64,jdk,4
2026-09-15T00:24:48+00:00,sapmachine-18.0.1.1,66160612,False,sapmachine-jdk-18.0.1.1_linux-x64_bin.tar.gz,linux,x64,jdk,5346
2026-09-15T00:24:48+00:00,sapmachine-18.0.1.1,66160612,False,sapmachine-jre-18.0.1.1_linux-x64_bin.tar.gz,linux,x64,jre,5515
2026-09-15T00:24:48+00:00,sapmachine-18.0.1.1,66160612,False,sapmachine-jdk-18.0.1.1_linux-x64_bin-symbols.tar.gz,linux,x64,jdk,46
2026-09-15T00:24:48+00:00,sapmachine-18.0.1.1,66160612,False,sapmachine-jdk-18.0.1.1-beta_linux-aarch64_bin.tar.gz,linux,aarch64,jdk,3515
2026-09-15T00:24:48+00:00,sapmachine-18.0.1.1,66160612,False,sapmachine-jre-18.0.1.1-beta_linux-aarch64_bin.tar.gz,linux,aarch64,jre,3518
2026-09-15T00:24:48+00:00,sapmachine-18.0.1.1,66160612,False,sapmachine-jdk-18.0.1.1-beta_linux-aarch64_bin-symbols.tar.gz,linux,aarch64,jdk,4
2026-09-15T00:24:48+00:00,sapmachine-18.0.1.1,66160612,False,sapmachine-jdk-18.0.1.1-1.x86_64.rpm,linux,x64,jdk,3932
2026-09-15T00:24:48+00:00,sapmachine-18.0.1.1,66160612,False,sapmachine-jdk-18.0.1.1_windows-x64_bin.zip,windows,x64,jdk,5597
2026-09-15T00:24:48+00:00,sapmachine-18.0.1.1,66160612,False,sapmachine-jre-18.0.1.1_windows-x64_bin.zip,windows,x64,jre,4243
2026-09-15T00:24:48+00:00,sapmachine-18.0.1.1,66160612,False,sapmachine-jdk-18.0.1.1_windows-x64_bin-symbols.tar.gz,windows,x64,jdk,5
2026-09-15T00:24:48+00:00,sapmachine-18.0.1.1,66160612,False,sapmachine-jdk-18.0.1.1_windows-x64_bin.msi,windows,x64,jdk,6789
2026-09-15T00:24:48+00:00,sapmachine-18.0.1.1,66160612,False,sapmachine-jre-18.0.1.1_windows-x64_bin.msi,windows,x64,jre,4521
2026-09-15T00:24:48+00:00,sapmachine-18.0.1.1,66160612,False,sapmachine-jdk-18.0.1.1_linux-ppc64le_bin.tar.gz,linux,ppc64,jdk,4172
2026-09-15T00:24:48+00:00,sapmachine-18.0.1.1,66160612,False,sapmachine-jre-18.0.1.1_linux-ppc64le_bin.tar.gz,linux,ppc64,jre,4034
2026-09-15T00:24:48+00:00,sapmachine-18.0.1.1,66160612,False,sapmachine-jdk-18.0.1.1_linux-ppc64le_bin-symbols.tar.gz,linux,ppc64,jdk,4
2026-09-15T00:24:48+00:00,sapmachine-18.0.1.1,66160612,False,sapmachine-jdk-18.0.1.1_macos-x64_bin.tar.gz,macos,x64,jdk,4948
2026-09-15T00:24:48+00:00,sapmachine-18.0.1.1,66160612,False,sapmachine-jre-18.0.1.1_macos-x64_bin.tar.gz,macos,x64,jre,4044
2026-09-15T00:24:48+00:00,sapmachine-18.0.1.1,66160612,False,sapmachine-jdk-18.0.1.1_macos-x64_bin-symbols.tar.gz,macos,x64,jdk,4
2026-09-15T00:24:48+00:00,sapmachine-18.0.1.1,66160612,False,sapmachine-jdk-18.0.1.1_macos-x64_bin.dmg,macos,x64,jdk,5464
2026-09-15T00:24:48+00:00,sapmachine-18.0.1.1,66160612,False,sapmachine-jre-18.0.1.1_macos-x64_bin.dmg,macos,x64,jre,4069
2026-09-15T00:24:48+00:00,sapmachine-18.0.1.1,66160612,False,sapmachine-jdk-18.0.1.1_macos-aarch64_bin.tar.gz,macos,aarch64,jdk,4864
2026-09-15T00:24:48+00:00,sapmachine-18.0.1.1,66160612,False,sapmachine-jre-18.0.1.1_macos-aarch64_bin.tar.gz,macos,aarch64,jre,4100
2026-09-15T00:24:48+00:00,sapmachine-18.0.1.1,66160612,False,sapmachine-jdk-18.0.1.1_macos-aarch64_bin-symbols.tar.gz,macos,aarch64,jdk,9
2026-09-15T00:24:48+00:00,sapmachine-18.0.1.1,66160612,False,sapmachine-jdk-18.0.1.1_macos-aarch64_bin.dmg,macos,aarch64,jdk,4413
2026-09-15T00:24:48+00:00,sapmachine-18.0.1.1,66160612,False,sapmachine-jre-18.0.1.1_macos-aarch64_bin.dmg,macos,aarch64,jre,4026
2026-09-15T00:24:48+00:00,sapmachine-11.0.15.0.1,65565426,False,sapmachine-jdk-11.0.15.0.1_linux-x64_bin.tar.gz,linux,x64,jdk,59702
2026-09-15T00:24:48+00:00,sapmachine-11.0.15.0.1,65565426,False,sapmachine-jre-11.0.15.0.1_linux-x64_bin.tar.gz,linux,x64,jre,28424
2026-09-15T00:24:48+00:00,sapmachine-11.0.15.0.1,65565426,False,sapmachine-jdk-11.0.15.0.1_linux-x64_bin-symbols.tar.gz,linux,x64,jdk,8
2026-09-15T00:24:48+00:00,sapmachine-11.0.15.0.1,65565426,False,sapmachine-jdk-11.0.15.0.1-beta_linux-aarch64_bin.tar.gz,linux,aarch64,jdk,3679
2026-09-15T00:24:48+00:00,sapmachine-11.0.15.0.1,65565426,False,sapmachine-jre-11.0.15.0.1-beta_linux-aarch64_bin.tar.gz,linux,aarch64,jre,3526
2026-09-15T00:24:48+00:00,sapmachine-11.0.15.0.1,65565426,False,sapmachine-jdk-11.0.15.0.1-beta_linux-aarch64_bin-symbols.tar.gz,linux,aarch64,jdk,14
2026-09-15T00:24:48+00:00,sapmachine-11.0.15.0.1,65565426,False,sapmachine-jdk-11.0.15.0.1-1.x86_64.rpm,linux,x64,jdk,4141
2026-09-15T00:24:48+00:00,sapmachine-11.0.15.0.1,65565426,False,sapmachine-jdk-11.0.15.0.1_windows-x64_bin.zip,windows,x64,jdk,6080
2026-09-15T00:24:48+00:00,sapmachine-11.0.15.0.1,65565426,False,sapmachine-jre-11.0.15.0.1_windows-x64_bin.zip,windows,x64,jre,4392
2026-09-15T00:24:48+00:00,sapmachine-11.0.15.0.1,65565426,False,sapmachine-jdk-11.0.15.0.1_windows-x64_bin-symbols.tar.gz,windows,x64,jdk,13
2026-09-15T00:24:48+00:00,sapmachine-11.0.15.0.1,65565426,False,sapmachine-jdk-11.0.15.0.1_windows-x64_bin.msi,windows,x64,jdk,5928
2026-09-15T00:24:48+00:00,sapmachine-11.0.15.0.1,65565426,False,sapmachine-jre-11.0.15.0.1_windows-x64_bin.msi,windows,x64,jre,4555
2026-09-15T00:24:48+00:00,sapmachine-11.0.15.0.1,65565426,False,sapmachine-jdk-11.0.15.0.1_linux-ppc64le_bin.tar.gz,linux,ppc64,jdk,4036
2026-09-15T00:24:48+00:00,sapmachine-11.0.15.0.1,65565426,False,sapmachine-jre-11.0.15.0.1_linux-ppc64le_bin.tar.gz,linux,ppc64,jre,4057
2026-09-15T00:24:48+00:00,sapmachine-11.0.15.0.1,65565426,False,sapmachine-jdk-11.0.15.0.1_linux-ppc64le_bin-symbols.tar.gz,linux,ppc64,jdk,8
2026-09-15T00:24:48+00:00,sapmachine-11.0.15.0.1,65565426,False,sapmachine-jdk-11.0.15.0.1_osx-x64_bin.tar.gz,macos,x64,jdk,5420
2026-09-15T00:24:48+00:00,sapmachine-11.0.15.0.1,65565426,False,sapmachine-jre-11.0.15.0.1_osx-x64_bin.tar.gz,macos,x64,jre,4093
2026-09-15T00:24:48+00:00,sapmachine-11.0.15.0.1,65565426,False,sapmachine-jdk-11.0.15.0.1_osx-x64_bin-symbols.tar.gz,macos,x64,jdk,4
2026-09-15T00:24:48+00:00,sapmachine-11.0.15.0.1,65565426,False,sapmachine-jdk-11.0.15.0.1_osx-x64_bin.dmg,macos,x64,jdk,7057
2026-09-15T00:24:48+00:00,sapmachine-11.0.15.0.1,65565426,False,sapmachine-jre-11.0.15.0.1_osx-x64_bin.dmg,macos,x64,jre,4213
2026-09-15T00:24:48+00:00,sapmachine-17.0.3.0.1,65560463,False,sapmachine-jdk-17.0.3.0.1_linux-x64_bin.tar.gz,linux,x64,jdk,135948
2026-09-15T00:24:48+00:00,sapmachine-17.0.3.0.1,65560463,False,sapmachine-jre-17.0.3.0.1_linux-x64_bin.tar.gz,linux,x64,jre,9110
2026-09-15T00:24:48+00:00,sapmachine-17.0.3.0.1,65560463,False,sapmachine-jdk-17.0.3.0.1_linux-x64_bin-symbols.tar.gz,linux,x64,jdk,9
2026-09-15T00:24:48+00:00,sapmachine-17.0.3.0.1,65560463,False,sapmachine-jdk-17.0.3.0.1-beta_linux-aarch64_bin.tar.gz,linux,aarch64,jdk,3669
2026-09-15T00:24:48+00:00,sapmachine-17.0.3.0.1,65560463,False,sapmachine-jre-17.0.3.0.1-beta_linux-aarch64_bin.tar.gz,linux,aarch64,jre,3528
2026-09-15T00:24:48+00:00,sapmachine-17.0.3.0.1,65560463,False,sapmachine-jdk-17.0.3.0.1-beta_linux-aarch64_bin-symbols.tar.gz,linux,aarch64,jdk,6
2026-09-15T00:24:48+00:00,sapmachine-17.0.3.0.1,65560463,False,sapmachine-jdk-17.0.3.0.1-1.x86_64.rpm,linux,x64,jdk,3964
2026-09-15T00:24:48+00:00,sapmachine-17.0.3.0.1,65560463,False,sapmachine-jdk-17.0.3.0.1_windows-x64_bin.zip,windows,x64,jdk,5416
2026-09-15T00:24:48+00:00,sapmachine-17.0.3.0.1,65560463,False,sapmachine-jre-17.0.3.0.1_windows-x64_bin.zip,windows,x64,jre,4212
2026-09-15T00:24:48+00:00,sapmachine-17.0.3.0.1,65560463,False,sapmachine-jdk-17.0.3.0.1_windows-x64_bin-symbols.tar.gz,windows,x64,jdk,7
2026-09-15T00:24:48+00:00,sapmachine-17.0.3.0.1,65560463,False,sapmachine-jdk-17.0.3.0.1_windows-x64_bin.msi,windows,x64,jdk,4610
2026-09-15T00:24:48+00:00,sapmachine-17.0.3.0.1,65560463,False,sapmachine-jre-17.0.3.0.1_windows-x64_bin.msi,windows,x64,jre,4158
2026-09-15T00:24:48+00:00,sapmachine-17.0.3.0.1,65560463,False,sapmachine-jdk-17.0.3.0.1_linux-ppc64le_bin.tar.gz,linux,ppc64,jdk,4157
2026-09-15T00:24:48+00:00,sapmachine-17.0.3.0.1,65560463,False,sapmachine-jre-17.0.3.0.1_linux-ppc64le_bin.tar.gz,linux,ppc64,jre,3990
2026-09-15T00:24:48+00:00,sapmachine-17.0.3.0.1,65560463,False,sapmachine-jdk-17.0.3.0.1_linux-ppc64le_bin-symbols.tar.gz,linux,ppc64,jdk,6
2026-09-15T00:24:48+00:00,sapmachine-17.0.3.0.1,65560463,False,sapmachine-jdk-17.0.3.0.1_macos-x64_bin.tar.gz,macos,x64,jdk,4935
2026-09-15T00:24:48+00:00,sapmachine-17.0.3.0.1,65560463,False,sapmachine-jre-17.0.3.0.1_macos-x64_bin.tar.gz,macos,x64,jre,4162
2026-09-15T00:24:48+00:00,sapmachine-17.0.3.0.1,65560463,False,sapmachine-jdk-17.0.3.0.1_macos-x64_bin-symbols.tar.gz,macos,x64,jdk,4
2026-09-15T00:24:48+00:00,sapmachine-17.0.3.0.1,65560463,False,sapmachine-jdk-17.0.3.0.1_macos-x64_bin.dmg,macos,x64,jdk,6527
2026-09-15T00:24:48+00:00,sapmachine-17.0.3.0.1,65560463,False,sapmachine-jre-17.0.3.0.1_macos-x64_bin.dmg,macos,x64,jre,4032
2026-09-15T00:24:48+00:00,sapmachine-17.0.3.0.1,65560463,False,sapmachine-jdk-17.0.3.0.1_macos-aarch64_bin.tar.gz,macos,aarch64,jdk,5004
2026-09-15T00:24:48+00:00,sapmachine-17.0.3.0.1,65560463,False,sapmachine-jre-17.0.3.0.1_macos-aarch64_bin.tar.gz,macos,aarch64,jre,4111
2026-09-15T00:24:48+00:00,sapmachine-17.0.3.0.1,65560463,False,sapmachine-jdk-17.0.3.0.1_macos-aarch64_bin-symbols.tar.gz,macos,aarch64,jdk,4
2026-09-15T00:24:48+00:00,sapmachine-17.0.3.0.1,65560463,False,sapmachine-jdk-17.0.3.0.1_macos-aarch64_bin.dmg,macos,aarch64,jdk,6196
2026-09-15T00:24:48+00:00,sapmachine-17.0.3.0.1,65560463,False,sapmachine-jre-17.0.3.0.1_macos-aarch64_bin.dmg,macos,aarch64,jre,4010
2026-09-15T00:24:48+00:00,sapmachine-17.0.3,64783616,False,sapmachine-jdk-17.0.3_linux-x64_bin.tar.gz,linux,x64,jdk,4693
2026-09-15T00:24:48+00:00,sapmachine-17.0.3,64783616,False,sapmachine-jre-17.0.3_linux-x64_bin.tar.gz,linux,x64,jre,6338
2026-09-15T00:24:48+00:00,sapmachine-17.0.3,64783616,False,sapmachine-jdk-17.0.3_linux-x64_bin-symbols.tar.gz,linux,x64,jdk,6
2026-09-15T00:24:48+00:00,sapmachine-17.0.3,64783616,False,sapmachine-jdk-17.0.3-beta_linux-aarch64_bin.tar.gz,linux,aarch64,jdk,3693
2026-09-15T00:24:48+00:00,sapmachine-17.0.3,64783616,False,sapmachine-jre-17.0.3-beta_linux-aarch64_bin.tar.gz,linux,aarch64,jre,3539
2026-09-15T00:24:48+00:00,sapmachine-17.0.3,64783616,False,sapmachine-jdk-17.0.3-beta_linux-aarch64_bin-symbols.tar.gz,linux,aarch64,jdk,8
2026-09-15T00:24:48+00:00,sapmachine-17.0.3,64783616,False,sapmachine-jdk-17.0.3_windows-x64_bin.zip,windows,x64,jdk,4432
2026-09-15T00:24:48+00:00,sapmachine-17.0.3,64783616,False,sapmachine-jre-17.0.3_windows-x64_bin.zip,windows,x64,jre,4133
2026-09-15T00:24:48+00:00,sapmachine-17.0.3,64783616,False,sapmachine-jdk-17.0.3_windows-x64_bin-symbols.tar.gz,windows,x64,jdk,6
2026-09-15T00:24:48+00:00,sapmachine-17.0.3,64783616,False,sapmachine-jdk-17.0.3_windows-x64_bin.msi,windows,x64,jdk,4224
2026-09-15T00:24:48+00:00,sapmachine-17.0.3,64783616,False,sapmachine-jre-17.0.3_windows-x64_bin.msi,windows,x64,jre,6315
2026-09-15T00:24:48+00:00,sapmachine-17.0.3,64783616,False,sapmachine-jdk-17.0.3_linux-ppc64le_bin.tar.gz,linux,ppc64,jdk,4054
2026-09-15T00:24:48+00:00,sapmachine-17.0.3,64783616,False,sapmachine-jre-17.0.3_linux-ppc64le_bin.tar.gz,linux,ppc64,jre,4042
2026-09-15T00:24:48+00:00,sapmachine-17.0.3,64783616,False,sapmachine-jdk-17.0.3_linux-ppc64le_bin-symbols.tar.gz,linux,ppc64,jdk,6
2026-09-15T00:24:48+00:00,sapmachine-17.0.3,64783616,False,sapmachine-jdk-17.0.3-1.x86_64.rpm,linux,x64,jdk,3915
2026-09-15T00:24:48+00:00,sapmachine-17.0.3,64783616,False,sapmachine-jdk-17.0.3_macos-x64_bin.tar.gz,macos,x64,jdk,4368
2026-09-15T00:24:48+00:00,sapmachine-17.0.3,64783616,False,sapmachine-jre-17.0.3_macos-x64_bin.tar.gz,macos,x64,jre,4102
2026-09-15T00:24:48+00:00,sapmachine-17.0.3,64783616,False,sapmachine-jdk-17.0.3_macos-x64_bin-symbols.tar.gz,macos,x64,jdk,5
2026-09-15T00:24:48+00:00,sapmachine-17.0.3,64783616,False,sapmachine-jdk-17.0.3_macos-x64_bin.dmg,macos,x64,jdk,4451
2026-09-15T00:24:48+00:00,sapmachine-17.0.3,64783616,False,sapmachine-jre-17.0.3_macos-x64_bin.dmg,macos,x64,jre,4066
2026-09-15T00:24:48+00:00,sapmachine-17.0.3,64783616,False,sapmachine-jdk-17.0.3_macos-aarch64_bin.tar.gz,macos,aarch64,jdk,4374
2026-09-15T00:24:48+00:00,sapmachine-17.0.3,64783616,False,sapmachine-jre-17.0.3_macos-aarch64_bin.tar.gz,macos,aarch64,jre,4106
2026-09-15T00:24:48+00:00,sapmachine-17.0.3,64783616,False,sapmachine-jdk-17.0.3_macos-aarch64_bin-symbols.tar.gz,macos,aarch64,jdk,7
2026-09-15T00:24:48+00:00,sapmachine-17.0.3,64783616,False,sapmachine-jdk-17.0.3_macos-aarch64_bin.dmg,macos,aarch64,jdk,4363
2026-09-15T00:24:48+00:00,sapmachine-17.0.3,64783616,False,sapmachine-jre-17.0.3_macos-aarch64_bin.dmg,macos,aarch64,jre,4009
2026-09-15T00:24:48+00:00,sapmachine-18.0.1,64782703,False,sapmachine-jdk-18.0.1_linux-x64_bin.tar.gz,linux,x64,jdk,4684
2026-09-15T00:24:48+00:00,sapmachine-18.0.1,64782703,False,sapmachine-jre-18.0.1_linux-x64_bin.tar.gz,linux,x64,jre,5757
2026-09-15T00:24:48+00:00,sapmachine-18.0.1,64782703,False,sapmachine-jdk-18.0.1_linux-x64_bin-symbols.tar.gz,linux,x64,jdk,4
2026-09-15T00:24:48+00:00,sapmachine-18.0.1,64782703,False,sapmachine-jdk-18.0.1-beta_linux-aarch64_bin.tar.gz,linux,aarch64,jdk,3525
2026-09-15T00:24:48+00:00,sapmachine-18.0.1,64782703,False,sapmachine-jre-18.0.1-beta_linux-aarch64_bin.tar.gz,linux,aarch64,jre,3541
2026-09-15T00:24:48+00:00,sapmachine-18.0.1,64782703,False,sapmachine-jdk-18.0.1-beta_linux-aarch64_bin-symbols.tar.gz,linux,aarch64,jdk,7
2026-09-15T00:24:48+00:00,sapmachine-18.0.1,64782703,False,sapmachine-jdk-18.0.1_windows-x64_bin.zip,windows,x64,jdk,4566
2026-09-15T00:24:48+00:00,sapmachine-18.0.1,64782703,False,sapmachine-jre-18.0.1_windows-x64_bin.zip,windows,x64,jre,4156
2026-09-15T00:24:48+00:00,sapmachine-18.0.1,64782703,False,sapmachine-jdk-18.0.1_windows-x64_bin-symbols.tar.gz,windows,x64,jdk,6
2026-09-15T00:24:48+00:00,sapmachine-18.0.1,64782703,False,sapmachine-jdk-18.0.1_windows-x64_bin.msi,windows,x64,jdk,5162
2026-09-15T00:24:48+00:00,sapmachine-18.0.1,64782703,False,sapmachine-jre-18.0.1_windows-x64_bin.msi,windows,x64,jre,4473
2026-09-15T00:24:48+00:00,sapmachine-18.0.1,64782703,False,sapmachine-jdk-18.0.1_linux-ppc64le_bin.tar.gz,linux,ppc64,jdk,4046
2026-09-15T00:24:48+00:00,sapmachine-18.0.1,64782703,False,sapmachine-jre-18.0.1_linux-ppc64le_bin.tar.gz,linux,ppc64,jre,4049
2026-09-15T00:24:48+00:00,sapmachine-18.0.1,64782703,False,sapmachine-jdk-18.0.1_linux-ppc64le_bin-symbols.tar.gz,linux,ppc64,jdk,6
2026-09-15T00:24:48+00:00,sapmachine-18.0.1,64782703,False,sapmachine-jdk-18.0.1-1.x86_64.rpm,linux,x64,jdk,3928
2026-09-15T00:24:48+00:00,sapmachine-18.0.1,64782703,False,sapmachine-jdk-18.0.1_macos-x64_bin.tar.gz,macos,x64,jdk,4506
2026-09-15T00:24:48+00:00,sapmachine-18.0.1,64782703,False,sapmachine-jre-18.0.1_macos-x64_bin.tar.gz,macos,x64,jre,4145
2026-09-15T00:24:48+00:00,sapmachine-18.0.1,64782703,False,sapmachine-jdk-18.0.1_macos-x64_bin-symbols.tar.gz,macos,x64,jdk,7
2026-09-15T00:24:48+00:00,sapmachine-18.0.1,64782703,False,sapmachine-jdk-18.0.1_macos-x64_bin.dmg,macos,x64,jdk,4416
2026-09-15T00:24:48+00:00,sapmachine-18.0.1,64782703,False,sapmachine-jre-18.0.1_macos-x64_bin.dmg,macos,x64,jre,4052
2026-09-15T00:24:48+00:00,sapmachine-18.0.1,64782703,False,sapmachine-jdk-18.0.1_macos-aarch64_bin.tar.gz,macos,aarch64,jdk,4490
2026-09-15T00:24:48+00:00,sapmachine-18.0.1,64782703,False,sapmachine-jre-18.0.1_macos-aarch64_bin.tar.gz,macos,aarch64,jre,4165
2026-09-15T00:24:48+00:00,sapmachine-18.0.1,64782703,False,sapmachine-jdk-18.0.1_macos-aarch64_bin-symbols.tar.gz,macos,aarch64,jdk,7
2026-09-15T00:24:48+00:00,sapmachine-18.0.1,64782703,False,sapmachine-jdk-18.0.1_macos-aarch64_bin.dmg,macos,aarch64,jdk,4154
2026-09-15T00:24:48+00:00,sapmachine-18.0.1,64782703,False,sapmachine-jre-18.0.1_macos-aarch64_bin.dmg,macos,aarch64,jre,4065
2026-09-15T00:24:48+00:00,sapmachine-11.0.15,64783940,False,sapmachine-jdk-11.0.15_linux-x64_bin.tar.gz,linux,x64,jdk,10625
2026-09-15T00:24:48+00:00,sapmachine-11.0.15,64783940,False,sapmachine-jre-11.0.15_linux-x64_bin.tar.gz,linux,x64,jre,8898
2026-09-15T00:24:48+00:00,sapmachine-11.0.15,64783940,False,sapmachine-jdk-11.0.15_linux-x64_bin-symbols.tar.gz,linux,x64,jdk,6
2026-09-15T00:24:48+00:00,sapmachine-11.0.15,64783940,False,sapmachine-jdk-11.0.15-beta_linux-aarch64_bin.tar.gz,linux,aarch64,jdk,3687
2026-09-15T00:24:48+00:00,sapmachine-11.0.15,64783940,False,sapmachine-jre-11.0.15-beta_linux-aarch64_bin.tar.gz,linux,aarch64,jre,3534
2026-09-15T00:24:48+00:00,sapmachine-11.0.15,64783940,False,sapmachine-jdk-11.0.15-beta_linux-aarch64_bin-symbols.tar.gz,linux,aarch64,jdk,7
2026-09-15T00:24:48+00:00,sapmachine-11.0.15,64783940,False,sapmachine-jdk-11.0.15_windows-x64_bin.zip,windows,x64,jdk,4583
2026-09-15T00:24:48+00:00,sapmachine-11.0.15,64783940,False,sapmachine-jre-11.0.15_windows-x64_bin.zip,windows,x64,jre,4154
2026-09-15T00:24:48+00:00,sapmachine-11.0.15,64783940,False,sapmachine-jdk-11.0.15_windows-x64_bin-symbols.tar.gz,windows,x64,jdk,6
2026-09-15T00:24:48+00:00,sapmachine-11.0.15,64783940,False,sapmachine-jdk-11.0.15_windows-x64_bin.msi,windows,x64,jdk,6588
2026-09-15T00:24:48+00:00,sapmachine-11.0.15,64783940,False,sapmachine-jre-11.0.15_windows-x64_bin.msi,windows,x64,jre,6370
2026-09-15T00:24:48+00:00,sapmachine-11.0.15,64783940,False,sapmachine-jdk-11.0.15_linux-ppc64le_bin.tar.gz,linux,ppc64,jdk,4119
2026-09-15T00:24:48+00:00,sapmachine-11.0.15,64783940,False,sapmachine-jre-11.0.15_linux-ppc64le_bin.tar.gz,linux,ppc64,jre,4142
2026-09-15T00:24:48+00:00,sapmachine-11.0.15,64783940,False,sapmachine-jdk-11.0.15_linux-ppc64le_bin-symbols.tar.gz,linux,ppc64,jdk,6
2026-09-15T00:24:48+00:00,sapmachine-11.0.15,64783940,False,sapmachine-jdk-11.0.15-1.x86_64.rpm,linux,x64,jdk,3948
2026-09-15T00:24:48+00:00,sapmachine-11.0.15,64783940,False,sapmachine-jdk-11.0.15_osx-x64_bin.tar.gz,macos,x64,jdk,4577
2026-09-15T00:24:48+00:00,sapmachine-11.0.15,64783940,False,sapmachine-jre-11.0.15_osx-x64_bin.tar.gz,macos,x64,jre,4118
2026-09-15T00:24:48+00:00,sapmachine-11.0.15,64783940,False,sapmachine-jdk-11.0.15_osx-x64_bin-symbols.tar.gz,macos,x64,jdk,8
2026-09-15T00:24:48+00:00,sapmachine-11.0.15,64783940,False,sapmachine-jdk-11.0.15_osx-x64_bin.dmg,macos,x64,jdk,4505
2026-09-15T00:24:48+00:00,sapmachine-11.0.15,64783940,False,sapmachine-jre-11.0.15_osx-x64_bin.dmg,macos,x64,jre,4038
2026-09-15T00:24:48+00:00,sapmachine-18,62373994,False,sapmachine-jdk-18_linux-x64_bin.tar.gz,linux,x64,jdk,9829
2026-09-15T00:24:48+00:00,sapmachine-18,62373994,False,sapmachine-jre-18_linux-x64_bin.tar.gz,linux,x64,jre,6275
2026-09-15T00:24:48+00:00,sapmachine-18,62373994,False,sapmachine-jdk-18_linux-x64_bin-symbols.tar.gz,linux,x64,jdk,5
2026-09-15T00:24:48+00:00,sapmachine-18,62373994,False,sapmachine-jdk-18-beta_linux-aarch64_bin.tar.gz,linux,aarch64,jdk,3690
2026-09-15T00:24:48+00:00,sapmachine-18,62373994,False,sapmachine-jre-18-beta_linux-aarch64_bin.tar.gz,linux,aarch64,jre,3567
2026-09-15T00:24:48+00:00,sapmachine-18,62373994,False,sapmachine-jdk-18-beta_linux-aarch64_bin-symbols.tar.gz,linux,aarch64,jdk,5
2026-09-15T00:24:48+00:00,sapmachine-18,62373994,False,sapmachine-jdk-18-1.x86_64.rpm,linux,x64,jdk,3995
2026-09-15T00:24:48+00:00,sapmachine-18,62373994,False,sapmachine-jdk-18_windows-x64_bin.zip,windows,x64,jdk,5637
2026-09-15T00:24:48+00:00,sapmachine-18,62373994,False,sapmachine-jre-18_windows-x64_bin.zip,windows,x64,jre,4758
2026-09-15T00:24:48+00:00,sapmachine-18,62373994,False,sapmachine-jdk-18_windows-x64_bin-symbols.tar.gz,windows,x64,jdk,5
2026-09-15T00:24:48+00:00,sapmachine-18,62373994,False,sapmachine-jdk-18_windows-x64_bin.msi,windows,x64,jdk,5616
2026-09-15T00:24:48+00:00,sapmachine-18,62373994,False,sapmachine-jre-18_windows-x64_bin.msi,windows,x64,jre,4507
2026-09-15T00:24:48+00:00,sapmachine-18,62373994,False,sapmachine-jdk-18_linux-ppc64le_bin.tar.gz,linux,ppc64,jdk,4082
2026-09-15T00:24:48+00:00,sapmachine-18,62373994,False,sapmachine-jre-18_linux-ppc64le_bin.tar.gz,linux,ppc64,jre,4119
2026-09-15T00:24:48+00:00,sapmachine-18,62373994,False,sapmachine-jdk-18_linux-ppc64le_bin-symbols.tar.gz,linux,ppc64,jdk,5
2026-09-15T00:24:48+00:00,sapmachine-18,62373994,False,sapmachine-jdk-18_macos-x64_bin.tar.gz,macos,x64,jdk,4929
2026-09-15T00:24:48+00:00,sapmachine-18,62373994,False,sapmachine-jre-18_macos-x64_bin.tar.gz,macos,x64,jre,4168
2026-09-15T00:24:48+00:00,sapmachine-18,62373994,False,sapmachine-jdk-18_macos-x64_bin-symbols.tar.gz,macos,x64,jdk,6
2026-09-15T00:24:48+00:00,sapmachine-18,62373994,False,sapmachine-jdk-18_macos-x64_bin.dmg,macos,x64,jdk,4841
2026-09-15T00:24:48+00:00,sapmachine-18,62373994,False,sapmachine-jre-18_macos-x64_bin.dmg,macos,x64,jre,4193
2026-09-15T00:24:48+00:00,sapmachine-18,62373994,False,sapmachine-jdk-18_macos-aarch64_bin.tar.gz,macos,aarch64,jdk,4713
2026-09-15T00:24:48+00:00,sapmachine-18,62373994,False,sapmachine-jre-18_macos-aarch64_bin.tar.gz,macos,aarch64,jre,4222
2026-09-15T00:24:48+00:00,sapmachine-18,62373994,False,sapmachine-jdk-18_macos-aarch64_bin-symbols.tar.gz,macos,aarch64,jdk,6
2026-09-15T00:24:48+00:00,sapmachine-18,62373994,False,sapmachine-jdk-18_macos-aarch64_bin.dmg,macos,aarch64,jdk,4265
2026-09-15T00:24:48+00:00,sapmachine-18,62373994,False,sapmachine-jre-18_macos-aarch64_bin.dmg,macos,aarch64,jre,4122
2026-09-15T00:24:48+00:00,sapmachine-11.0.14.1,58939848,False,sapmachine-jdk-11.0.14.1-beta_linux-aarch64_bin.tar.gz,linux,aarch64,jdk,3852
2026-09-15T00:24:48+00:00,sapmachine-11.0.14.1,58939848,False,sapmachine-jre-11.0.14.1-beta_linux-aarch64_bin.tar.gz,linux,aarch64,jre,3605
2026-09-15T00:24:48+00:00,sapmachine-11.0.14.1,58939848,False,sapmachine-jdk-11.0.14.1-beta_linux-aarch64_bin-symbols.tar.gz,linux,aarch64,jdk,9
2026-09-15T00:24:48+00:00,sapmachine-11.0.14.1,58939848,False,sapmachine-jdk-11.0.14.1_linux-x64_bin.tar.gz,linux,x64,jdk,68413
2026-09-15T00:24:48+00:00,sapmachine-11.0.14.1,58939848,False,sapmachine-jre-11.0.14.1_linux-x64_bin.tar.gz,linux,x64,jre,20131
2026-09-15T00:24:48+00:00,sapmachine-11.0.14.1,58939848,False,sapmachine-jdk-11.0.14.1_linux-x64_bin-symbols.tar.gz,linux,x64,jdk,10
2026-09-15T00:24:48+00:00,sapmachine-11.0.14.1,58939848,False,sapmachine-jdk-11.0.14.1_windows-x64_bin.zip,windows,x64,jdk,6588
2026-09-15T00:24:48+00:00,sapmachine-11.0.14.1,58939848,False,sapmachine-jre-11.0.14.1_windows-x64_bin.zip,windows,x64,jre,4673
2026-09-15T00:24:48+00:00,sapmachine-11.0.14.1,58939848,False,sapmachine-jdk-11.0.14.1_windows-x64_bin-symbols.tar.gz,windows,x64,jdk,8
2026-09-15T00:24:48+00:00,sapmachine-11.0.14.1,58939848,False,sapmachine-jdk-11.0.14.1_windows-x64_bin.msi,windows,x64,jdk,5657
2026-09-15T00:24:48+00:00,sapmachine-11.0.14.1,58939848,False,sapmachine-jre-11.0.14.1_windows-x64_bin.msi,windows,x64,jre,4710
2026-09-15T00:24:48+00:00,sapmachine-11.0.14.1,58939848,False,sapmachine-jdk-11.0.14.1_linux-ppc64le_bin.tar.gz,linux,ppc64,jdk,4296
2026-09-15T00:24:48+00:00,sapmachine-11.0.14.1,58939848,False,sapmachine-jre-11.0.14.1_linux-ppc64le_bin.tar.gz,linux,ppc64,jre,4158
2026-09-15T00:24:48+00:00,sapmachine-11.0.14.1,58939848,False,sapmachine-jdk-11.0.14.1_linux-ppc64le_bin-symbols.tar.gz,linux,ppc64,jdk,7
2026-09-15T00:24:48+00:00,sapmachine-11.0.14.1,58939848,False,sapmachine-jdk-11.0.14.1-1.x86_64.rpm,linux,x64,jdk,4425
2026-09-15T00:24:48+00:00,sapmachine-11.0.14.1,58939848,False,sapmachine-jdk-11.0.14.1_osx-x64_bin.tar.gz,macos,x64,jdk,5918
2026-09-15T00:24:48+00:00,sapmachine-11.0.14.1,58939848,False,sapmachine-jre-11.0.14.1_osx-x64_bin.tar.gz,macos,x64,jre,4260
2026-09-15T00:24:48+00:00,sapmachine-11.0.14.1,58939848,False,sapmachine-jdk-11.0.14.1_osx-x64_bin-symbols.tar.gz,macos,x64,jdk,5
2026-09-15T00:24:48+00:00,sapmachine-11.0.14.1,58939848,False,sapmachine-jdk-11.0.14.1_osx-x64_bin.dmg,macos,x64,jdk,8133
2026-09-15T00:24:48+00:00,sapmachine-11.0.14.1,58939848,False,sapmachine-jre-11.0.14.1_osx-x64_bin.dmg,macos,x64,jre,4275
2026-09-15T00:24:48+00:00,sapmachine-17.0.2,57405100,False,sapmachine-jdk-17.0.2-beta_linux-aarch64_bin.tar.gz,linux,aarch64,jdk,3930
2026-09-15T00:24:48+00:00,sapmachine-17.0.2,57405100,False,sapmachine-jre-17.0.2-beta_linux-aarch64_bin.tar.gz,linux,aarch64,jre,3630
2026-09-15T00:24:48+00:00,sapmachine-17.0.2,57405100,False,sapmachine-jdk-17.0.2-beta_linux-aarch64_bin-symbols.tar.gz,linux,aarch64,jdk,6
2026-09-15T00:24:48+00:00,sapmachine-17.0.2,57405100,False,sapmachine-jdk-17.0.2_linux-x64_bin.tar.gz,linux,x64,jdk,14255
2026-09-15T00:24:48+00:00,sapmachine-17.0.2,57405100,False,sapmachine-jre-17.0.2_linux-x64_bin.tar.gz,linux,x64,jre,9798
2026-09-15T00:24:48+00:00,sapmachine-17.0.2,57405100,False,sapmachine-jdk-17.0.2_linux-x64_bin-symbols.tar.gz,linux,x64,jdk,8
2026-09-15T00:24:48+00:00,sapmachine-17.0.2,57405100,False,sapmachine-jdk-17.0.2_windows-x64_bin.zip,windows,x64,jdk,20433
2026-09-15T00:24:48+00:00,sapmachine-17.0.2,57405100,False,sapmachine-jre-17.0.2_windows-x64_bin.zip,windows,x64,jre,4940
2026-09-15T00:24:48+00:00,sapmachine-17.0.2,57405100,False,sapmachine-jdk-17.0.2_windows-x64_bin-symbols.tar.gz,windows,x64,jdk,6
2026-09-15T00:24:48+00:00,sapmachine-17.0.2,57405100,False,sapmachine-jdk-17.0.2_windows-x64_bin.msi,windows,x64,jdk,6699
2026-09-15T00:24:48+00:00,sapmachine-17.0.2,57405100,False,sapmachine-jre-17.0.2_windows-x64_bin.msi,windows,x64,jre,5039
2026-09-15T00:24:48+00:00,sapmachine-17.0.2,57405100,False,sapmachine-jdk-17.0.2_macos-x64_bin.tar.gz,macos,x64,jdk,5803
2026-09-15T00:24:48+00:00,sapmachine-17.0.2,57405100,False,sapmachine-jre-17.0.2_macos-x64_bin.tar.gz,macos,x64,jre,4369
2026-09-15T00:24:48+00:00,sapmachine-17.0.2,57405100,False,sapmachine-jdk-17.0.2_macos-x64_bin-symbols.tar.gz,macos,x64,jdk,9
2026-09-15T00:24:48+00:00,sapmachine-17.0.2,57405100,False,sapmachine-jdk-17.0.2_macos-x64_bin.dmg,macos,x64,jdk,9272
2026-09-15T00:24:48+00:00,sapmachine-17.0.2,57405100,False,sapmachine-jre-17.0.2_macos-x64_bin.dmg,macos,x64,jre,4424
2026-09-15T00:24:48+00:00,sapmachine-17.0.2,57405100,False,sapmachine-jdk-17.0.2_macos-aarch64_bin.tar.gz,macos,aarch64,jdk,5816
2026-09-15T00:24:48+00:00,sapmachine-17.0.2,57405100,False,sapmachine-jre-17.0.2_macos-aarch64_bin.tar.gz,macos,aarch64,jre,4382
2026-09-15T00:24:48+00:00,sapmachine-17.0.2,57405100,False,sapmachine-jdk-17.0.2_macos-aarch64_bin-symbols.tar.gz,macos,aarch64,jdk,6
2026-09-15T00:24:48+00:00,sapmachine-17.0.2,57405100,False,sapmachine-jdk-17.0.2_macos-aarch64_bin.dmg,macos,aarch64,jdk,8093
2026-09-15T00:24:48+00:00,sapmachine-17.0.2,57405100,False,sapmachine-jre-17.0.2_macos-aarch64_bin.dmg,macos,aarch64,jre,4369
2026-09-15T00:24:48+00:00,sapmachine-17.0.2,57405100,False,sapmachine-jdk-17.0.2_linux-ppc64le_bin.tar.gz,linux,ppc64,jdk,4441
2026-09-15T00:24:48+00:00,sapmachine-17.0.2,57405100,False,sapmachine-jre-17.0.2_linux-ppc64le_bin.tar.gz,linux,ppc64,jre,4302
2026-09-15T00:24:48+00:00,sapmachine-17.0.2,57405100,False,sapmachine-jdk-17.0.2_linux-ppc64le_bin-symbols.tar.gz,linux,ppc64,jdk,5
2026-09-15T00:24:48+00:00,sapmachine-17.0.2,57405100,False,sapmachine-jdk-17.0.2-1.x86_64.rpm,linux,x64,jdk,17345
2026-09-15T00:24:48+00:00,sapmachine-11.0.14,57403970,False,sapmachine-jdk-11.0.14-beta_linux-aarch64_bin.tar.gz,linux,aarch64,jdk,3837
2026-09-15T00:24:48+00:00,sapmachine-11.0.14,57403970,False,sapmachine-jre-11.0.14-beta_linux-aarch64_bin.tar.gz,linux,aarch64,jre,3626
2026-09-15T00:24:48+00:00,sapmachine-11.0.14,57403970,False,sapmachine-jdk-11.0.14-beta_linux-aarch64_bin-symbols.tar.gz,linux,aarch64,jdk,3
2026-09-15T00:24:48+00:00,sapmachine-11.0.14,57403970,False,sapmachine-jdk-11.0.14_linux-x64_bin.tar.gz,linux,x64,jdk,15943
2026-09-15T00:24:48+00:00,sapmachine-11.0.14,57403970,False,sapmachine-jre-11.0.14_linux-x64_bin.tar.gz,linux,x64,jre,13839
2026-09-15T00:24:48+00:00,sapmachine-11.0.14,57403970,False,sapmachine-jdk-11.0.14_linux-x64_bin-symbols.tar.gz,linux,x64,jdk,6
2026-09-15T00:24:48+00:00,sapmachine-11.0.14,57403970,False,sapmachine-jdk-11.0.14_windows-x64_bin.zip,windows,x64,jdk,5393
2026-09-15T00:24:48+00:00,sapmachine-11.0.14,57403970,False,sapmachine-jre-11.0.14_windows-x64_bin.zip,windows,x64,jre,4619
2026-09-15T00:24:48+00:00,sapmachine-11.0.14,57403970,False,sapmachine-jdk-11.0.14_windows-x64_bin-symbols.tar.gz,windows,x64,jdk,7
2026-09-15T00:24:48+00:00,sapmachine-11.0.14,57403970,False,sapmachine-jdk-11.0.14_windows-x64_bin.msi,windows,x64,jdk,4626
2026-09-15T00:24:48+00:00,sapmachine-11.0.14,57403970,False,sapmachine-jre-11.0.14_windows-x64_bin.msi,windows,x64,jre,4478
2026-09-15T00:24:48+00:00,sapmachine-11.0.14,57403970,False,sapmachine-jdk-11.0.14_linux-ppc64le_bin.tar.gz,linux,ppc64,jdk,4385
2026-09-15T00:24:48+00:00,sapmachine-11.0.14,57403970,False,sapmachine-jre-11.0.14_linux-ppc64le_bin.tar.gz,linux,ppc64,jre,4359
2026-09-15T00:24:48+00:00,sapmachine-11.0.14,57403970,False,sapmachine-jdk-11.0.14_linux-ppc64le_bin-symbols.tar.gz,linux,ppc64,jdk,5
2026-09-15T00:24:48+00:00,sapmachine-11.0.14,57403970,False,sapmachine-jdk-11.0.14_osx-x64_bin.tar.gz,macos,x64,jdk,5028
2026-09-15T00:24:48+00:00,sapmachine-11.0.14,57403970,False,sapmachine-jre-11.0.14_osx-x64_bin.tar.gz,macos,x64,jre,4326
2026-09-15T00:24:48+00:00,sapmachine-11.0.14,57403970,False,sapmachine-jdk-11.0.14_osx-x64_bin-symbols.tar.gz,macos,x64,jdk,7
2026-09-15T00:24:48+00:00,sapmachine-11.0.14,57403970,False,sapmachine-jdk-11.0.14_osx-x64_bin.dmg,macos,x64,jdk,5465
2026-09-15T00:24:48+00:00,sapmachine-11.0.14,57403970,False,sapmachine-jre-11.0.14_osx-x64_bin.dmg,macos,x64,jre,4362
2026-09-15T00:24:48+00:00,sapmachine-11.0.14,57403970,False,sapmachine-jdk-11.0.14-1.x86_64.rpm,linux,x64,jdk,6052
2026-09-15T00:24:48+00:00,sapmachine-17.0.1,51804980,False,sapmachine-jdk-17.0.1_linux-x64_bin.tar.gz,linux,x64,jdk,8226
2026-09-15T00:24:48+00:00,sapmachine-17.0.1,51804980,False,sapmachine-jre-17.0.1_linux-x64_bin.tar.gz,linux,x64,jre,115264
2026-09-15T00:24:48+00:00,sapmachine-17.0.1,51804980,False,sapmachine-jdk-17.0.1_linux-x64_bin-symbols.tar.gz,linux,x64,jdk,4
2026-09-15T00:24:48+00:00,sapmachine-17.0.1,51804980,False,sapmachine-jdk-17.0.1_windows-x64_bin.zip,windows,x64,jdk,10316
2026-09-15T00:24:48+00:00,sapmachine-17.0.1,51804980,False,sapmachine-jre-17.0.1_windows-x64_bin.zip,windows,x64,jre,20619
2026-09-15T00:24:48+00:00,sapmachine-17.0.1,51804980,False,sapmachine-jdk-17.0.1_windows-x64_bin-symbols.tar.gz,windows,x64,jdk,6
2026-09-15T00:24:48+00:00,sapmachine-17.0.1,51804980,False,sapmachine-jdk-17.0.1_windows-x64_bin.msi,windows,x64,jdk,5407
2026-09-15T00:24:48+00:00,sapmachine-17.0.1,51804980,False,sapmachine-jre-17.0.1_windows-x64_bin.msi,windows,x64,jre,4869
2026-09-15T00:24:48+00:00,sapmachine-17.0.1,51804980,False,sapmachine-jdk-17.0.1_linux-ppc64le_bin.tar.gz,linux,ppc64,jdk,4631
2026-09-15T00:24:48+00:00,sapmachine-17.0.1,51804980,False,sapmachine-jre-17.0.1_linux-ppc64le_bin.tar.gz,linux,ppc64,jre,4444
2026-09-15T00:24:48+00:00,sapmachine-17.0.1,51804980,False,sapmachine-jdk-17.0.1_linux-ppc64le_bin-symbols.tar.gz,linux,ppc64,jdk,5
2026-09-15T00:24:48+00:00,sapmachine-17.0.1,51804980,False,sapmachine-jdk-17.0.1-1.x86_64.rpm,linux,x64,jdk,4127
2026-09-15T00:24:48+00:00,sapmachine-17.0.1,51804980,False,sapmachine-jdk-17.0.1-beta_linux-aarch64_bin.tar.gz,linux,aarch64,jdk,3966
2026-09-15T00:24:48+00:00,sapmachine-17.0.1,51804980,False,sapmachine-jre-17.0.1-beta_linux-aarch64_bin.tar.gz,linux,aarch64,jre,3713
2026-09-15T00:24:48+00:00,sapmachine-17.0.1,51804980,False,sapmachine-jdk-17.0.1-beta_linux-aarch64_bin-symbols.tar.gz,linux,aarch64,jdk,5
2026-09-15T00:24:48+00:00,sapmachine-17.0.1,51804980,False,sapmachine-jdk-17.0.1_macos-x64_bin.tar.gz,macos,x64,jdk,5827
2026-09-15T00:24:48+00:00,sapmachine-17.0.1,51804980,False,sapmachine-jre-17.0.1_macos-x64_bin.tar.gz,macos,x64,jre,4968
2026-09-15T00:24:48+00:00,sapmachine-17.0.1,51804980,False,sapmachine-jdk-17.0.1_macos-x64_bin-symbols.tar.gz,macos,x64,jdk,5
2026-09-15T00:24:48+00:00,sapmachine-17.0.1,51804980,False,sapmachine-jdk-17.0.1_macos-x64_bin.dmg,macos,x64,jdk,8758
2026-09-15T00:24:48+00:00,sapmachine-17.0.1,51804980,False,sapmachine-jre-17.0.1_macos-x64_bin.dmg,macos,x64,jre,4572
2026-09-15T00:24:48+00:00,sapmachine-17.0.1,51804980,False,sapmachine-jdk-17.0.1_macos-aarch64_bin.tar.gz,macos,aarch64,jdk,5282
2026-09-15T00:24:48+00:00,sapmachine-17.0.1,51804980,False,sapmachine-jre-17.0.1_macos-aarch64_bin.tar.gz,macos,aarch64,jre,4515
2026-09-15T00:24:48+00:00,sapmachine-17.0.1,51804980,False,sapmachine-jdk-17.0.1_macos-aarch64_bin-symbols.tar.gz,macos,aarch64,jdk,5
2026-09-15T00:24:48+00:00,sapmachine-17.0.1,51804980,False,sapmachine-jdk-17.0.1_macos-aarch64_bin.dmg,macos,aarch64,jdk,7543
2026-09-15T00:24:48+00:00,sapmachine-17.0.1,51804980,False,sapmachine-jre-17.0.1_macos-aarch64_bin.dmg,macos,aarch64,jre,4565
2026-09-15T00:24:48+00:00,sapmachine-11.0.13,51636996,False,sapmachine-jdk-11.0.13-beta_linux-aarch64_bin.tar.gz,linux,aarch64,jdk,3986
2026-09-15T00:24:48+00:00,sapmachine-11.0.13,51636996,False,sapmachine-jre-11.0.13-beta_linux-aarch64_bin.tar.gz,linux,aarch64,jre,3714
2026-09-15T00:24:48+00:00,sapmachine-11.0.13,51636996,False,sapmachine-jdk-11.0.13-beta_linux-aarch64_bin-symbols.tar.gz,linux,aarch64,jdk,3
2026-09-15T00:24:48+00:00,sapmachine-11.0.13,51636996,False,sapmachine-jdk-11.0.13_windows-x64_bin.zip,windows,x64,jdk,8870
2026-09-15T00:24:48+00:00,sapmachine-11.0.13,51636996,False,sapmachine-jre-11.0.13_windows-x64_bin.zip,windows,x64,jre,5762
2026-09-15T00:24:48+00:00,sapmachine-11.0.13,51636996,False,sapmachine-jdk-11.0.13_windows-x64_bin-symbols.tar.gz,windows,x64,jdk,6
2026-09-15T00:24:48+00:00,sapmachine-11.0.13,51636996,False,sapmachine-jdk-11.0.13_windows-x64_bin.msi,windows,x64,jdk,5536
2026-09-15T00:24:48+00:00,sapmachine-11.0.13,51636996,False,sapmachine-jre-11.0.13_windows-x64_bin.msi,windows,x64,jre,4807
2026-09-15T00:24:48+00:00,sapmachine-11.0.13,51636996,False,sapmachine-jdk-11.0.13_linux-ppc64le_bin.tar.gz,linux,ppc64,jdk,4595
2026-09-15T00:24:48+00:00,sapmachine-11.0.13,51636996,False,sapmachine-jre-11.0.13_linux-ppc64le_bin.tar.gz,linux,ppc64,jre,4484
2026-09-15T00:24:48+00:00,sapmachine-11.0.13,51636996,False,sapmachine-jdk-11.0.13_linux-ppc64le_bin-symbols.tar.gz,linux,ppc64,jdk,3
2026-09-15T00:24:48+00:00,sapmachine-11.0.13,51636996,False,sapmachine-jdk-11.0.13_linux-x64_bin.tar.gz,linux,x64,jdk,378645
2026-09-15T00:24:48+00:00,sapmachine-11.0.13,51636996,False,sapmachine-jre-11.0.13_linux-x64_bin.tar.gz,linux,x64,jre,23909
2026-09-15T00:24:48+00:00,sapmachine-11.0.13,51636996,False,sapmachine-jdk-11.0.13_linux-x64_bin-symbols.tar.gz,linux,x64,jdk,3
2026-09-15T00:24:48+00:00,sapmachine-11.0.13,51636996,False,sapmachine-jdk-11.0.13-1.x86_64.rpm,linux,x64,jdk,4287
2026-09-15T00:24:48+00:00,sapmachine-11.0.13,51636996,False,sapmachine-jdk-11.0.13_osx-x64_bin.tar.gz,macos,x64,jdk,6110
2026-09-15T00:24:48+00:00,sapmachine-11.0.13,51636996,False,sapmachine-jdk-11.0.13_osx-x64_bin-symbols.tar.gz,macos,x64,jdk,6
2026-09-15T00:24:48+00:00,sapmachine-11.0.13,51636996,False,sapmachine-jdk-11.0.13_osx-x64_bin.dmg,macos,x64,jdk,8086
2026-09-15T00:24:48+00:00,sapmachine-11.0.13,51636996,False,sapmachine-jre-11.0.13_osx-x64_bin.dmg,macos,x64,jre,4599
2026-09-15T00:24:48+00:00,sapmachine-11.0.13,51636996,False,sapmachine-jre-11.0.13_osx-x64_bin.tar.gz,macos,x64,jre,4494
2026-09-15T00:24:48+00:00,sapmachine-17,49519526,False,sapmachine-jdk-17_macos-x64_bin.tar.gz,macos,x64,jdk,5726
2026-09-15T00:24:48+00:00,sapmachine-17,49519526,False,sapmachine-jre-17_macos-x64_bin.tar.gz,macos,x64,jre,5224
2026-09-15T00:24:48+00:00,sapmachine-17,49519526,False,sapmachine-jdk-17_macos-x64_bin-symbols.tar.gz,macos,x64,jdk,12
2026-09-15T00:24:48+00:00,sapmachine-17,49519526,False,sapmachine-jdk-17_macos-x64_bin.dmg,macos,x64,jdk,6462
2026-09-15T00:24:48+00:00,sapmachine-17,49519526,False,sapmachine-jre-17_macos-x64_bin.dmg,macos,x64,jre,4533
2026-09-15T00:24:48+00:00,sapmachine-17,49519526,False,sapmachine-jdk-17_macos-aarch64_bin.tar.gz,macos,aarch64,jdk,4969
2026-09-15T00:24:48+00:00,sapmachine-17,49519526,False,sapmachine-jre-17_macos-aarch64_bin.tar.gz,macos,aarch64,jre,4584
2026-09-15T00:24:48+00:00,sapmachine-17,49519526,False,sapmachine-jdk-17_macos-aarch64_bin-symbols.tar.gz,macos,aarch64,jdk,16
2026-09-15T00:24:48+00:00,sapmachine-17,49519526,False,sapmachine-jdk-17_macos-aarch64_bin.dmg,macos,aarch64,jdk,5538
2026-09-15T00:24:48+00:00,sapmachine-17,49519526,False,sapmachine-jre-17_macos-aarch64_bin.dmg,macos,aarch64,jre,4530
2026-09-15T00:24:48+00:00,sapmachine-17,49519526,False,sapmachine-jdk-17-beta_linux-aarch64_bin.tar.gz,linux,aarch64,jdk,4162
2026-09-15T00:24:48+00:00,sapmachine-17,49519526,False,sapmachine-jre-17-beta_linux-aarch64_bin.tar.gz,linux,aarch64,jre,3752
2026-09-15T00:24:48+00:00,sapmachine-17,49519526,False,sapmachine-jdk-17-beta_linux-aarch64_bin-symbols.tar.gz,linux,aarch64,jdk,10
2026-09-15T00:24:48+00:00,sapmachine-17,49519526,False,sapmachine-jdk-17_windows-x64_bin.zip,windows,x64,jdk,8457
2026-09-15T00:24:48+00:00,sapmachine-17,49519526,False,sapmachine-jre-17_windows-x64_bin.zip,windows,x64,jre,5630
2026-09-15T00:24:48+00:00,sapmachine-17,49519526,False,sapmachine-jdk-17_windows-x64_bin-symbols.tar.gz,windows,x64,jdk,11
2026-09-15T00:24:48+00:00,sapmachine-17,49519526,False,sapmachine-jdk-17_windows-x64_bin.msi,windows,x64,jdk,5157
2026-09-15T00:24:48+00:00,sapmachine-17,49519526,False,sapmachine-jre-17_windows-x64_bin.msi,windows,x64,jre,9880
2026-09-15T00:24:48+00:00,sapmachine-17,49519526,False,sapmachine-jdk-17_linux-x64_bin.tar.gz,linux,x64,jdk,9012
2026-09-15T00:24:48+00:00,sapmachine-17,49519526,False,sapmachine-jre-17_linux-x64_bin.tar.gz,linux,x64,jre,32336
2026-09-15T00:24:48+00:00,sapmachine-17,49519526,False,sapmachine-jdk-17_linux-x64_bin-symbols.tar.gz,linux,x64,jdk,12
2026-09-15T00:24:48+00:00,sapmachine-17,49519526,False,sapmachine-jdk-17_linux-ppc64le_bin.tar.gz,linux,ppc64,jdk,4540
2026-09-15T00:24:48+00:00,sapmachine-17,49519526,False,sapmachine-jre-17_linux-ppc64le_bin.tar.gz,linux,ppc64,jre,4480
2026-09-15T00:24:48+00:00,sapmachine-17,49519526,False,sapmachine-jdk-17_linux-ppc64le_bin-symbols.tar.gz,linux,ppc64,jdk,9
2026-09-15T00:24:48+00:00,sapmachine-17,49519526,False,sapmachine-jdk-17-1.x86_64.rpm,linux,x64,jdk,4263
2026-09-15T00:24:48+00:00,sapmachine-16.0.2,46612324,False,sapmachine-jdk-16.0.2_linux-x64_bin.tar.gz,linux,x64,jdk,7724
2026-09-15T00:24:48+00:00,sapmachine-16.0.2,46612324,False,sapmachine-jre-16.0.2_linux-x64_bin.tar.gz,linux,x64,jre,9020
2026-09-15T00:24:48+00:00,sapmachine-16.0.2,46612324,False,sapmachine-jdk-16.0.2_linux-x64_bin-symbols.tar.gz,linux,x64,jdk,8
2026-09-15T00:24:48+00:00,sapmachine-16.0.2,46612324,False,sapmachine-jdk-16.0.2-beta_linux-aarch64_bin.tar.gz,linux,aarch64,jdk,4246
2026-09-15T00:24:48+00:00,sapmachine-16.0.2,46612324,False,sapmachine-jre-16.0.2-beta_linux-aarch64_bin.tar.gz,linux,aarch64,jre,3803
2026-09-15T00:24:48+00:00,sapmachine-16.0.2,46612324,False,sapmachine-jdk-16.0.2-beta_linux-aarch64_bin-symbols.tar.gz,linux,aarch64,jdk,8
2026-09-15T00:24:48+00:00,sapmachine-16.0.2,46612324,False,sapmachine-jdk-16.0.2-1.x86_64.rpm,linux,x64,jdk,4222
2026-09-15T00:24:48+00:00,sapmachine-16.0.2,46612324,False,sapmachine-jdk-16.0.2_windows-x64_bin.zip,windows,x64,jdk,6760
2026-09-15T00:24:48+00:00,sapmachine-16.0.2,46612324,False,sapmachine-jre-16.0.2_windows-x64_bin.zip,windows,x64,jre,5453
2026-09-15T00:24:48+00:00,sapmachine-16.0.2,46612324,False,sapmachine-jdk-16.0.2_windows-x64_bin-symbols.tar.gz,windows,x64,jdk,8
2026-09-15T00:24:48+00:00,sapmachine-16.0.2,46612324,False,sapmachine-jdk-16.0.2_windows-x64_bin.msi,windows,x64,jdk,50128
2026-09-15T00:24:48+00:00,sapmachine-16.0.2,46612324,False,sapmachine-jre-16.0.2_windows-x64_bin.msi,windows,x64,jre,50123
2026-09-15T00:24:48+00:00,sapmachine-16.0.2,46612324,False,sapmachine-jdk-16.0.2_linux-ppc64_bin.tar.gz,linux,ppc64,jdk,4440
2026-09-15T00:24:48+00:00,sapmachine-16.0.2,46612324,False,sapmachine-jre-16.0.2_linux-ppc64_bin.tar.gz,linux,ppc64,jre,4455
2026-09-15T00:24:48+00:00,sapmachine-16.0.2,46612324,False,sapmachine-jdk-16.0.2_linux-ppc64_bin-symbols.tar.gz,linux,ppc64,jdk,7
2026-09-15T00:24:48+00:00,sapmachine-16.0.2,46612324,False,sapmachine-jdk-16.0.2_linux-ppc64le_bin.tar.gz,linux,ppc64,jdk,4530
2026-09-15T00:24:48+00:00,sapmachine-16.0.2,46612324,False,sapmachine-jre-16.0.2_linux-ppc64le_bin.tar.gz,linux,ppc64,jre,4478
2026-09-15T00:24:48+00:00,sapmachine-16.0.2,46612324,False,sapmachine-jdk-16.0.2_linux-ppc64le_bin-symbols.tar.gz,linux,ppc64,jdk,6
2026-09-15T00:24:48+00:00,sapmachine-16.0.2,46612324,False,sapmachine-jdk-16.0.2_osx-x64_bin.tar.gz,macos,x64,jdk,6300
2026-09-15T00:24:48+00:00,sapmachine-16.0.2,46612324,False,sapmachine-jre-16.0.2_osx-x64_bin.tar.gz,macos,x64,jre,5324
2026-09-15T00:24:48+00:00,sapmachine-16.0.2,46612324,False,sapmachine-jdk-16.0.2_osx-x64_bin-symbols.tar.gz,macos,x64,jdk,4
2026-09-15T00:24:48+00:00,sapmachine-16.0.2,46612324,False,sapmachine-jdk-16.0.2_osx-x64_bin.dmg,macos,x64,jdk,5078
2026-09-15T00:24:48+00:00,sapmachine-16.0.2,46612324,False,sapmachine-jre-16.0.2_osx-x64_bin.dmg,macos,x64,jre,4569
2026-09-15T00:24:48+00:00,sapmachine-11.0.12,46498867,False,sapmachine-jdk-11.0.12_linux-x64_bin.tar.gz,linux,x64,jdk,327507
2026-09-15T00:24:48+00:00,sapmachine-11.0.12,46498867,False,sapmachine-jre-11.0.12_linux-x64_bin.tar.gz,linux,x64,jre,33781
2026-09-15T00:24:48+00:00,sapmachine-11.0.12,46498867,False,sapmachine-jdk-11.0.12_linux-x64_bin-symbols.tar.gz,linux,x64,jdk,10
2026-09-15T00:24:48+00:00,sapmachine-11.0.12,46498867,False,sapmachine-jdk-11.0.12-beta_linux-aarch64_bin.tar.gz,linux,aarch64,jdk,4209
2026-09-15T00:24:48+00:00,sapmachine-11.0.12,46498867,False,sapmachine-jre-11.0.12-beta_linux-aarch64_bin.tar.gz,linux,aarch64,jre,3811
2026-09-15T00:24:48+00:00,sapmachine-11.0.12,46498867,False,sapmachine-jdk-11.0.12-beta_linux-aarch64_bin-symbols.tar.gz,linux,aarch64,jdk,10
2026-09-15T00:24:48+00:00,sapmachine-11.0.12,46498867,False,sapmachine-jdk-11.0.12_windows-x64_bin.zip,windows,x64,jdk,92565
2026-09-15T00:24:48+00:00,sapmachine-11.0.12,46498867,False,sapmachine-jre-11.0.12_windows-x64_bin.zip,windows,x64,jre,9143
2026-09-15T00:24:48+00:00,sapmachine-11.0.12,46498867,False,sapmachine-jdk-11.0.12_windows-x64_bin-symbols.tar.gz,windows,x64,jdk,11
2026-09-15T00:24:48+00:00,sapmachine-11.0.12,46498867,False,sapmachine-jdk-11.0.12_windows-x64_bin.msi,windows,x64,jdk,5694
2026-09-15T00:24:48+00:00,sapmachine-11.0.12,46498867,False,sapmachine-jre-11.0.12_windows-x64_bin.msi,windows,x64,jre,4906
2026-09-15T00:24:48+00:00,sapmachine-11.0.12,46498867,False,sapmachine-jdk-11.0.12_osx-x64_bin.tar.gz,macos,x64,jdk,5923
2026-09-15T00:24:48+00:00,sapmachine-11.0.12,46498867,False,sapmachine-jre-11.0.12_osx-x64_bin.tar.gz,macos,x64,jre,4527
2026-09-15T00:24:48+00:00,sapmachine-11.0.12,46498867,False,sapmachine-jdk-11.0.12_osx-x64_bin-symbols.tar.gz,macos,x64,jdk,12
2026-09-15T00:24:48+00:00,sapmachine-11.0.12,46498867,False,sapmachine-jdk-11.0.12_osx-x64_bin.dmg,macos,x64,jdk,8917
2026-09-15T00:24:48+00:00,sapmachine-11.0.12,46498867,False,sapmachine-jre-11.0.12_osx-x64_bin.dmg,macos,x64,jre,4578
2026-09-15T00:24:48+00:00,sapmachine-11.0.12,46498867,False,sapmachine-jdk-11.0.12-1.x86_64.rpm,linux,x64,jdk,5532
2026-09-15T00:24:48+00:00,sapmachine-11.0.12,46498867,False,sapmachine-jdk-11.0.12_linux-ppc64_bin.tar.gz,linux,ppc64,jdk,4478
2026-09-15T00:24:48+00:00,sapmachine-11.0.12,46498867,False,sapmachine-jdk-11.0.12_linux-ppc64le_bin.tar.gz,linux,ppc64,jdk,4564
2026-09-15T00:24:48+00:00,sapmachine-11.0.12,46498867,False,sapmachine-jre-11.0.12_linux-ppc64_bin.tar.gz,linux,ppc64,jre,4471
2026-09-15T00:24:48+00:00,sapmachine-11.0.12,46498867,False,sapmachine-jre-11.0.12_linux-ppc64le_bin.tar.gz,linux,ppc64,jre,4437
2026-09-15T00:24:48+00:00,sapmachine-11.0.12,46498867,False,sapmachine-jdk-11.0.12_linux-ppc64le_bin-symbols.tar.gz,linux,ppc64,jdk,8
2026-09-15T00:24:48+00:00,sapmachine-11.0.12,46498867,False,sapmachine-jdk-11.0.12_linux-ppc64_bin-symbols.tar.gz,linux,ppc64,jdk,8
2026-09-15T00:24:48+00:00,sapmachine-16.0.1,41759412,False,sapmachine-jdk-16.0.1_linux-x64_bin.tar.gz,linux,x64,jdk,7485
2026-09-15T00:24:48+00:00,sapmachine-16.0.1,41759412,False,sapmachine-jre-16.0.1_linux-x64_bin.tar.gz,linux,x64,jre,8805
2026-09-15T00:24:48+00:00,sapmachine-16.0.1,41759412,False,sapmachine-jdk-16.0.1_linux-x64_bin-symbols.tar.gz,linux,x64,jdk,10
2026-09-15T00:24:48+00:00,sapmachine-16.0.1,41759412,False,sapmachine-jdk-16.0.1-1.x86_64.rpm,linux,x64,jdk,4346
2026-09-15T00:24:48+00:00,sapmachine-16.0.1,41759412,False,sapmachine-jdk-16.0.1_windows-x64_bin.zip,windows,x64,jdk,7453
2026-09-15T00:24:48+00:00,sapmachine-16.0.1,41759412,False,sapmachine-jre-16.0.1_windows-x64_bin.zip,windows,x64,jre,6116
2026-09-15T00:24:48+00:00,sapmachine-16.0.1,41759412,False,sapmachine-jdk-16.0.1_windows-x64_bin-symbols.tar.gz,windows,x64,jdk,7
2026-09-15T00:24:48+00:00,sapmachine-16.0.1,41759412,False,sapmachine-jdk-16.0.1_windows-x64_bin.msi,windows,x64,jdk,7028
2026-09-15T00:24:48+00:00,sapmachine-16.0.1,41759412,False,sapmachine-jre-16.0.1_windows-x64_bin.msi,windows,x64,jre,7005
2026-09-15T00:24:48+00:00,sapmachine-16.0.1,41759412,False,sapmachine-jdk-16.0.1_linux-ppc64_bin.tar.gz,linux,ppc64,jdk,4566
2026-09-15T00:24:48+00:00,sapmachine-16.0.1,41759412,False,sapmachine-jre-16.0.1_linux-ppc64_bin.tar.gz,linux,ppc64,jre,4498
2026-09-15T00:24:48+00:00,sapmachine-16.0.1,41759412,False,sapmachine-jdk-16.0.1_linux-ppc64_bin-symbols.tar.gz,linux,ppc64,jdk,11
2026-09-15T00:24:48+00:00,sapmachine-16.0.1,41759412,False,sapmachine-jdk-16.0.1_linux-ppc64le_bin.tar.gz,linux,ppc64,jdk,4706
2026-09-15T00:24:48+00:00,sapmachine-16.0.1,41759412,False,sapmachine-jre-16.0.1_linux-ppc64le_bin.tar.gz,linux,ppc64,jre,4644
2026-09-15T00:24:48+00:00,sapmachine-16.0.1,41759412,False,sapmachine-jdk-16.0.1_linux-ppc64le_bin-symbols.tar.gz,linux,ppc64,jdk,7
2026-09-15T00:24:48+00:00,sapmachine-16.0.1,41759412,False,sapmachine-jdk-16.0.1-beta_linux-aarch64_bin.tar.gz,linux,aarch64,jdk,4340
2026-09-15T00:24:48+00:00,sapmachine-16.0.1,41759412,False,sapmachine-jre-16.0.1-beta_linux-aarch64_bin.tar.gz,linux,aarch64,jre,3899
2026-09-15T00:24:48+00:00,sapmachine-16.0.1,41759412,False,sapmachine-jdk-16.0.1-beta_linux-aarch64_bin-symbols.tar.gz,linux,aarch64,jdk,7
2026-09-15T00:24:48+00:00,sapmachine-16.0.1,41759412,False,sapmachine-jdk-16.0.1_osx-x64_bin.tar.gz,macos,x64,jdk,6939
2026-09-15T00:24:48+00:00,sapmachine-16.0.1,41759412,False,sapmachine-jre-16.0.1_osx-x64_bin.tar.gz,macos,x64,jre,5997
2026-09-15T00:24:48+00:00,sapmachine-16.0.1,41759412,False,sapmachine-jdk-16.0.1_osx-x64_bin-symbols.tar.gz,macos,x64,jdk,9
2026-09-15T00:24:48+00:00,sapmachine-16.0.1,41759412,False,sapmachine-jdk-16.0.1_osx-x64_bin.dmg,macos,x64,jdk,5449
2026-09-15T00:24:48+00:00,sapmachine-16.0.1,41759412,False,sapmachine-jre-16.0.1_osx-x64_bin.dmg,macos,x64,jre,4583
2026-09-15T00:24:48+00:00,sapmachine-11.0.11,41730420,False,sapmachine-jdk-11.0.11_linux-x64_bin.tar.gz,linux,x64,jdk,103541
2026-09-15T00:24:48+00:00,sapmachine-11.0.11,41730420,False,sapmachine-jre-11.0.11_linux-x64_bin.tar.gz,linux,x64,jre,31661
2026-09-15T00:24:48+00:00,sapmachine-11.0.11,41730420,False,sapmachine-jdk-11.0.11_linux-x64_bin-symbols.tar.gz,linux,x64,jdk,8
2026-09-15T00:24:48+00:00,sapmachine-11.0.11,41730420,False,sapmachine-jdk-11.0.11-1.x86_64.rpm,linux,x64,jdk,8240
2026-09-15T00:24:48+00:00,sapmachine-11.0.11,41730420,False,sapmachine-jdk-11.0.11_windows-x64_bin.zip,windows,x64,jdk,14560
2026-09-15T00:24:48+00:00,sapmachine-11.0.11,41730420,False,sapmachine-jre-11.0.11_windows-x64_bin.zip,windows,x64,jre,8856
2026-09-15T00:24:48+00:00,sapmachine-11.0.11,41730420,False,sapmachine-jdk-11.0.11_windows-x64_bin-symbols.tar.gz,windows,x64,jdk,13
2026-09-15T00:24:48+00:00,sapmachine-11.0.11,41730420,False,sapmachine-jdk-11.0.11_windows-x64_bin.msi,windows,x64,jdk,14751
2026-09-15T00:24:48+00:00,sapmachine-11.0.11,41730420,False,sapmachine-jre-11.0.11_windows-x64_bin.msi,windows,x64,jre,13852
2026-09-15T00:24:48+00:00,sapmachine-11.0.11,41730420,False,sapmachine-jdk-11.0.11_osx-x64_bin.tar.gz,macos,x64,jdk,5789
2026-09-15T00:24:48+00:00,sapmachine-11.0.11,41730420,False,sapmachine-jre-11.0.11_osx-x64_bin.tar.gz,macos,x64,jre,4648
2026-09-15T00:24:48+00:00,sapmachine-11.0.11,41730420,False,sapmachine-jdk-11.0.11_osx-x64_bin-symbols.tar.gz,macos,x64,jdk,8
2026-09-15T00:24:48+00:00,sapmachine-11.0.11,41730420,False,sapmachine-jdk-11.0.11_osx-x64_bin.dmg,macos,x64,jdk,8865
2026-09-15T00:24:48+00:00,sapmachine-11.0.11,41730420,False,sapmachine-jre-11.0.11_osx-x64_bin.dmg,macos,x64,jre,4662
2026-09-15T00:24:48+00:00,sapmachine-11.0.11,41730420,False,sapmachine-jdk-11.0.11_linux-ppc64_bin.tar.gz,linux,ppc64,jdk,4548
2026-09-15T00:24:48+00:00,sapmachine-11.0.11,41730420,False,sapmachine-jre-11.0.11_linux-ppc64_bin.tar.gz,linux,ppc64,jre,4500
2026-09-15T00:24:48+00:00,sapmachine-11.0.11,41730420,False,sapmachine-jdk-11.0.11_linux-ppc64_bin-symbols.tar.gz,linux,ppc64,jdk,8
2026-09-15T00:24:48+00:00,sapmachine-11.0.11,41730420,False,sapmachine-jdk-11.0.11_linux-ppc64le_bin.tar.gz,linux,ppc64,jdk,4571
2026-09-15T00:24:48+00:00,sapmachine-11.0.11,41730420,False,sapmachine-jre-11.0.11_linux-ppc64le_bin.tar.gz,linux,ppc64,jre,4542
2026-09-15T00:24:48+00:00,sapmachine-11.0.11,41730420,False,sapmachine-jdk-11.0.11_linux-ppc64le_bin-symbols.tar.gz,linux,ppc64,jdk,10
2026-09-15T00:24:48+00:00,sapmachine-11.0.11,41730420,False,sapmachine-jdk-11.0.11-beta_linux-aarch64_bin.tar.gz,linux,aarch64,jdk,4285
2026-09-15T00:24:48+00:00,sapmachine-11.0.11,41730420,False,sapmachine-jre-11.0.11-beta_linux-aarch64_bin.tar.gz,linux,aarch64,jre,3898
2026-09-15T00:24:48+00:00,sapmachine-11.0.11,41730420,False,sapmachine-jdk-11.0.11-beta_linux-aarch64_bin-symbols.tar.gz,linux,aarch64,jdk,17
2026-09-15T00:24:48+00:00,sapmachine-16,39844832,False,sapmachine-jdk-16_linux-x64_bin.tar.gz,linux,x64,jdk,7440
2026-09-15T00:24:48+00:00,sapmachine-16,39844832,False,sapmachine-jre-16_linux-x64_bin.tar.gz,linux,x64,jre,8667
2026-09-15T00:24:48+00:00,sapmachine-16,39844832,False,sapmachine-jdk-16_linux-x64_bin-symbols.tar.gz,linux,x64,jdk,3
2026-09-15T00:24:48+00:00,sapmachine-16,39844832,False,sapmachine-jdk-16-beta_linux-aarch64_bin.tar.gz,linux,aarch64,jdk,4354
2026-09-15T00:24:48+00:00,sapmachine-16,39844832,False,sapmachine-jre-16-beta_linux-aarch64_bin.tar.gz,linux,aarch64,jre,3948
2026-09-15T00:24:48+00:00,sapmachine-16,39844832,False,sapmachine-jdk-16-beta_linux-aarch64_bin-symbols.tar.gz,linux,aarch64,jdk,4
2026-09-15T00:24:48+00:00,sapmachine-16,39844832,False,sapmachine-jdk-16-1.x86_64.rpm,linux,x64,jdk,4382
2026-09-15T00:24:48+00:00,sapmachine-16,39844832,False,sapmachine-jdk-16_windows-x64_bin.zip,windows,x64,jdk,7619
2026-09-15T00:24:48+00:00,sapmachine-16,39844832,False,sapmachine-jre-16_windows-x64_bin.zip,windows,x64,jre,6801
2026-09-15T00:24:48+00:00,sapmachine-16,39844832,False,sapmachine-jdk-16_windows-x64_bin-symbols.tar.gz,windows,x64,jdk,3
2026-09-15T00:24:48+00:00,sapmachine-16,39844832,False,sapmachine-jdk-16_windows-x64_bin.msi,windows,x64,jdk,4755
2026-09-15T00:24:48+00:00,sapmachine-16,39844832,False,sapmachine-jre-16_windows-x64_bin.msi,windows,x64,jre,4578
2026-09-15T00:24:48+00:00,sapmachine-16,39844832,False,sapmachine-jdk-16_linux-ppc64le_bin.tar.gz,linux,ppc64,jdk,4462
2026-09-15T00:24:48+00:00,sapmachine-16,39844832,False,sapmachine-jre-16_linux-ppc64le_bin.tar.gz,linux,ppc64,jre,4484
2026-09-15T00:24:48+00:00,sapmachine-16,39844832,False,sapmachine-jdk-16_linux-ppc64le_bin-symbols.tar.gz,linux,ppc64,jdk,3
2026-09-15T00:24:48+00:00,sapmachine-16,39844832,False,sapmachine-jdk-16_linux-ppc64_bin.tar.gz,linux,ppc64,jdk,4476
2026-09-15T00:24:48+00:00,sapmachine-16,39844832,False,sapmachine-jre-16_linux-ppc64_bin.tar.gz,linux,ppc64,jre,4463
2026-09-15T00:24:48+00:00,sapmachine-16,39844832,False,sapmachine-jdk-16_linux-ppc64_bin-symbols.tar.gz,linux,ppc64,jdk,3
2026-09-15T00:24:48+00:00,sapmachine-16,39844832,False,sapmachine-jdk-16_osx-x64_bin.tar.gz,macos,x64,jdk,7350
2026-09-15T00:24:48+00:00,sapmachine-16,39844832,False,sapmachine-jre-16_osx-x64_bin.tar.gz,macos,x64,jre,2918
2026-09-15T00:24:48+00:00,sapmachine-16,39844832,False,sapmachine-jdk-16_osx-x64_bin-symbols.tar.gz,macos,x64,jdk,4
2026-09-15T00:24:48+00:00,sapmachine-16,39844832,False,sapmachine-jdk-16_osx-x64_bin.dmg,macos,x64,jdk,5118
2026-09-15T00:24:48+00:00,sapmachine-16,39844832,False,sapmachine-jre-16_osx-x64_bin.dmg,macos,x64,jre,4534
2026-09-15T00:24:48+00:00,sapmachine-15.0.2,36751903,False,sapmachine-jdk-15.0.2_linux-x64_bin.tar.gz,linux,x64,jdk,13528
2026-09-15T00:24:48+00:00,sapmachine-15.0.2,36751903,False,sapmachine-jre-15.0.2_linux-x64_bin.tar.gz,linux,x64,jre,13340
2026-09-15T00:24:48+00:00,sapmachine-15.0.2,36751903,False,sapmachine-jdk-15.0.2_linux-x64_bin-symbols.tar.gz,linux,x64,jdk,5
2026-09-15T00:24:48+00:00,sapmachine-15.0.2,36751903,False,sapmachine-jdk-15.0.2-beta_linux-aarch64_bin.tar.gz,linux,aarch64,jdk,4488
2026-09-15T00:24:48+00:00,sapmachine-15.0.2,36751903,False,sapmachine-jre-15.0.2-beta_linux-aarch64_bin.tar.gz,linux,aarch64,jre,3993
2026-09-15T00:24:48+00:00,sapmachine-15.0.2,36751903,False,sapmachine-jdk-15.0.2-beta_linux-aarch64_bin-symbols.tar.gz,linux,aarch64,jdk,6
2026-09-15T00:24:48+00:00,sapmachine-15.0.2,36751903,False,sapmachine-jdk-15.0.2-1.x86_64.rpm,linux,x64,jdk,4401
2026-09-15T00:24:48+00:00,sapmachine-15.0.2,36751903,False,sapmachine-jdk-15.0.2_windows-x64_bin.zip,windows,x64,jdk,13319
2026-09-15T00:24:48+00:00,sapmachine-15.0.2,36751903,False,sapmachine-jre-15.0.2_windows-x64_bin.zip,windows,x64,jre,7949
2026-09-15T00:24:48+00:00,sapmachine-15.0.2,36751903,False,sapmachine-jdk-15.0.2_windows-x64_bin-symbols.tar.gz,windows,x64,jdk,8
2026-09-15T00:24:48+00:00,sapmachine-15.0.2,36751903,False,sapmachine-jdk-15.0.2_windows-x64_bin.msi,windows,x64,jdk,4718
2026-09-15T00:24:48+00:00,sapmachine-15.0.2,36751903,False,sapmachine-jre-15.0.2_windows-x64_bin.msi,windows,x64,jre,4658
2026-09-15T00:24:48+00:00,sapmachine-15.0.2,36751903,False,sapmachine-jdk-15.0.2_linux-ppc64_bin.tar.gz,linux,ppc64,jdk,4511
2026-09-15T00:24:48+00:00,sapmachine-15.0.2,36751903,False,sapmachine-jre-15.0.2_linux-ppc64_bin.tar.gz,linux,ppc64,jre,4464
2026-09-15T00:24:48+00:00,sapmachine-15.0.2,36751903,False,sapmachine-jdk-15.0.2_linux-ppc64_bin-symbols.tar.gz,linux,ppc64,jdk,6
2026-09-15T00:24:48+00:00,sapmachine-15.0.2,36751903,False,sapmachine-jdk-15.0.2_linux-ppc64le_bin.tar.gz,linux,ppc64,jdk,4483
2026-09-15T00:24:48+00:00,sapmachine-15.0.2,36751903,False,sapmachine-jre-15.0.2_linux-ppc64le_bin.tar.gz,linux,ppc64,jre,4489
2026-09-15T00:24:48+00:00,sapmachine-15.0.2,36751903,False,sapmachine-jdk-15.0.2_linux-ppc64le_bin-symbols.tar.gz,linux,ppc64,jdk,5
2026-09-15T00:24:48+00:00,sapmachine-15.0.2,36751903,False,sapmachine-jdk-15.0.2_osx-x64_bin.tar.gz,macos,x64,jdk,13511
2026-09-15T00:24:48+00:00,sapmachine-15.0.2,36751903,False,sapmachine-jre-15.0.2_osx-x64_bin.tar.gz,macos,x64,jre,7771
2026-09-15T00:24:48+00:00,sapmachine-15.0.2,36751903,False,sapmachine-jdk-15.0.2_osx-x64_bin-symbols.tar.gz,macos,x64,jdk,8
2026-09-15T00:24:48+00:00,sapmachine-15.0.2,36751903,False,sapmachine-jdk-15.0.2_osx-x64_bin.dmg,macos,x64,jdk,5467
2026-09-15T00:24:48+00:00,sapmachine-15.0.2,36751903,False,sapmachine-jre-15.0.2_osx-x64_bin.dmg,macos,x64,jre,4519
2026-09-15T00:24:48+00:00,sapmachine-11.0.10,36625952,False,sapmachine-jdk-11.0.10_linux-x64_bin.tar.gz,linux,x64,jdk,105861
2026-09-15T00:24:48+00:00,sapmachine-11.0.10,36625952,False,sapmachine-jre-11.0.10_linux-x64_bin.tar.gz,linux,x64,jre,32908
2026-09-15T00:24:48+00:00,sapmachine-11.0.10,36625952,False,sapmachine-jdk-11.0.10_linux-x64_bin-symbols.tar.gz,linux,x64,jdk,7
2026-09-15T00:24:48+00:00,sapmachine-11.0.10,36625952,False,sapmachine-jdk-11.0.10-beta_linux-aarch64_bin.tar.gz,linux,aarch64,jdk,4798
2026-09-15T00:24:48+00:00,sapmachine-11.0.10,36625952,False,sapmachine-jre-11.0.10-beta_linux-aarch64_bin.tar.gz,linux,aarch64,jre,3994
2026-09-15T00:24:48+00:00,sapmachine-11.0.10,36625952,False,sapmachine-jdk-11.0.10-beta_linux-aarch64_bin-symbols.tar.gz,linux,aarch64,jdk,7
2026-09-15T00:24:48+00:00,sapmachine-11.0.10,36625952,False,sapmachine-jdk-11.0.10-1.x86_64.rpm,linux,x64,jdk,4637
2026-09-15T00:24:48+00:00,sapmachine-11.0.10,36625952,False,sapmachine-jdk-11.0.10_windows-x64_bin.zip,windows,x64,jdk,15358
2026-09-15T00:24:48+00:00,sapmachine-11.0.10,36625952,False,sapmachine-jre-11.0.10_windows-x64_bin.zip,windows,x64,jre,9530
2026-09-15T00:24:48+00:00,sapmachine-11.0.10,36625952,False,sapmachine-jdk-11.0.10_windows-x64_bin-symbols.tar.gz,windows,x64,jdk,7
2026-09-15T00:24:48+00:00,sapmachine-11.0.10,36625952,False,sapmachine-jdk-11.0.10_windows-x64_bin.msi,windows,x64,jdk,5996
2026-09-15T00:24:48+00:00,sapmachine-11.0.10,36625952,False,sapmachine-jre-11.0.10_windows-x64_bin.msi,windows,x64,jre,5304
2026-09-15T00:24:48+00:00,sapmachine-11.0.10,36625952,False,sapmachine-jdk-11.0.10_linux-ppc64_bin.tar.gz,linux,ppc64,jdk,4574
2026-09-15T00:24:48+00:00,sapmachine-11.0.10,36625952,False,sapmachine-jre-11.0.10_linux-ppc64_bin.tar.gz,linux,ppc64,jre,4448
2026-09-15T00:24:48+00:00,sapmachine-11.0.10,36625952,False,sapmachine-jdk-11.0.10_linux-ppc64_bin-symbols.tar.gz,linux,ppc64,jdk,7
2026-09-15T00:24:48+00:00,sapmachine-11.0.10,36625952,False,sapmachine-jdk-11.0.10_linux-ppc64le_bin.tar.gz,linux,ppc64,jdk,4548
2026-09-15T00:24:48+00:00,sapmachine-11.0.10,36625952,False,sapmachine-jre-11.0.10_linux-ppc64le_bin.tar.gz,linux,ppc64,jre,4468
2026-09-15T00:24:48+00:00,sapmachine-11.0.10,36625952,False,sapmachine-jdk-11.0.10_linux-ppc64le_bin-symbols.tar.gz,linux,ppc64,jdk,6
2026-09-15T00:24:48+00:00,sapmachine-11.0.10,36625952,False,sapmachine-jdk-11.0.10_osx-x64_bin.tar.gz,macos,x64,jdk,5985
2026-09-15T00:24:48+00:00,sapmachine-11.0.10,36625952,False,sapmachine-jre-11.0.10_osx-x64_bin.tar.gz,macos,x64,jre,4543
2026-09-15T00:24:48+00:00,sapmachine-11.0.10,36625952,False,sapmachine-jdk-11.0.10_osx-x64_bin-symbols.tar.gz,macos,x64,jdk,9
2026-09-15T00:24:48+00:00,sapmachine-11.0.10,36625952,False,sapmachine-jdk-11.0.10_osx-x64_bin.dmg,macos,x64,jdk,8018
2026-09-15T00:24:48+00:00,sapmachine-11.0.10,36625952,False,sapmachine-jre-11.0.10_osx-x64_bin.dmg,macos,x64,jre,4643
2026-09-15T00:24:48+00:00,sapmachine-11.0.9.1,33496967,False,sapmachine-jdk-11.0.9.1_linux-x64_bin.tar.gz,linux,x64,jdk,83696
2026-09-15T00:24:48+00:00,sapmachine-11.0.9.1,33496967,False,sapmachine-jre-11.0.9.1_linux-x64_bin.tar.gz,linux,x64,jre,6762
2026-09-15T00:24:48+00:00,sapmachine-11.0.9.1,33496967,False,sapmachine-jdk-11.0.9.1_linux-x64_bin-symbols.tar.gz,linux,x64,jdk,4
2026-09-15T00:24:48+00:00,sapmachine-11.0.9.1,33496967,False,sapmachine-jdk-11.0.9.1-beta_linux-aarch64_bin.tar.gz,linux,aarch64,jdk,4534
2026-09-15T00:24:48+00:00,sapmachine-11.0.9.1,33496967,False,sapmachine-jre-11.0.9.1-beta_linux-aarch64_bin.tar.gz,linux,aarch64,jre,4069
2026-09-15T00:24:48+00:00,sapmachine-11.0.9.1,33496967,False,sapmachine-jdk-11.0.9.1-beta_linux-aarch64_bin-symbols.tar.gz,linux,aarch64,jdk,7
2026-09-15T00:24:48+00:00,sapmachine-11.0.9.1,33496967,False,sapmachine-jdk-11.0.9.1_windows-x64_bin.zip,windows,x64,jdk,11194
2026-09-15T00:24:48+00:00,sapmachine-11.0.9.1,33496967,False,sapmachine-jre-11.0.9.1_windows-x64_bin.zip,windows,x64,jre,5787
2026-09-15T00:24:48+00:00,sapmachine-11.0.9.1,33496967,False,sapmachine-jdk-11.0.9.1_windows-x64_bin-symbols.tar.gz,windows,x64,jdk,5
2026-09-15T00:24:48+00:00,sapmachine-11.0.9.1,33496967,False,sapmachine-jdk-11.0.9.1_linux-ppc64_bin.tar.gz,linux,ppc64,jdk,4568
2026-09-15T00:24:48+00:00,sapmachine-11.0.9.1,33496967,False,sapmachine-jre-11.0.9.1_linux-ppc64_bin.tar.gz,linux,ppc64,jre,4621
2026-09-15T00:24:48+00:00,sapmachine-11.0.9.1,33496967,False,sapmachine-jdk-11.0.9.1_linux-ppc64_bin-symbols.tar.gz,linux,ppc64,jdk,4
2026-09-15T00:24:48+00:00,sapmachine-11.0.9.1,33496967,False,sapmachine-jdk-11.0.9.1_linux-ppc64le_bin.tar.gz,linux,ppc64,jdk,4603
2026-09-15T00:24:48+00:00,sapmachine-11.0.9.1,33496967,False,sapmachine-jre-11.0.9.1_linux-ppc64le_bin.tar.gz,linux,ppc64,jre,4520
2026-09-15T00:24:48+00:00,sapmachine-11.0.9.1,33496967,False,sapmachine-jdk-11.0.9.1_linux-ppc64le_bin-symbols.tar.gz,linux,ppc64,jdk,5
2026-09-15T00:24:48+00:00,sapmachine-11.0.9.1,33496967,False,sapmachine-jdk-11.0.9.1-1.x86_64.rpm,linux,x64,jdk,4733
2026-09-15T00:24:48+00:00,sapmachine-11.0.9.1,33496967,False,sapmachine-jdk-11.0.9.1_osx-x64_bin.tar.gz,macos,x64,jdk,6449
2026-09-15T00:24:48+00:00,sapmachine-11.0.9.1,33496967,False,sapmachine-jre-11.0.9.1_osx-x64_bin.tar.gz,macos,x64,jre,4575
2026-09-15T00:24:48+00:00,sapmachine-11.0.9.1,33496967,False,sapmachine-jdk-11.0.9.1_osx-x64_bin-symbols.tar.gz,macos,x64,jdk,14
2026-09-15T00:24:48+00:00,sapmachine-11.0.9.1,33496967,False,sapmachine-jdk-11.0.9.1_osx-x64_bin.dmg,macos,x64,jdk,7589
2026-09-15T00:24:48+00:00,sapmachine-11.0.9.1,33496967,False,sapmachine-jre-11.0.9.1_osx-x64_bin.dmg,macos,x64,jre,4788
2026-09-15T00:24:48+00:00,sapmachine-11.0.9.1,33496967,False,sapmachine-jdk-11.0.9.1_windows-x64_bin.msi,windows,x64,jdk,9072
2026-09-15T00:24:48+00:00,sapmachine-11.0.9.1,33496967,False,sapmachine-jre-11.0.9.1_windows-x64_bin.msi,windows,x64,jre,8296
2026-09-15T00:24:48+00:00,sapmachine-11.0.9,32898755,False,sapmachine-jdk-11.0.9_linux-x64_bin.tar.gz,linux,x64,jdk,57506
2026-09-15T00:24:48+00:00,sapmachine-11.0.9,32898755,False,sapmachine-jre-11.0.9_linux-x64_bin.tar.gz,linux,x64,jre,15854
2026-09-15T00:24:48+00:00,sapmachine-11.0.9,32898755,False,sapmachine-jdk-11.0.9_linux-x64_bin-symbols.tar.gz,linux,x64,jdk,4
2026-09-15T00:24:48+00:00,sapmachine-11.0.9,32898755,False,sapmachine-jdk-11.0.9-beta_linux-aarch64_bin.tar.gz,linux,aarch64,jdk,4075
2026-09-15T00:24:48+00:00,sapmachine-11.0.9,32898755,False,sapmachine-jre-11.0.9-beta_linux-aarch64_bin.tar.gz,linux,aarch64,jre,4084
2026-09-15T00:24:48+00:00,sapmachine-11.0.9,32898755,False,sapmachine-jdk-11.0.9-beta_linux-aarch64_bin-symbols.tar.gz,linux,aarch64,jdk,9
2026-09-15T00:24:48+00:00,sapmachine-11.0.9,32898755,False,sapmachine-jdk-11.0.9_windows-x64_bin.zip,windows,x64,jdk,10187
2026-09-15T00:24:48+00:00,sapmachine-11.0.9,32898755,False,sapmachine-jre-11.0.9_windows-x64_bin.zip,windows,x64,jre,8193
2026-09-15T00:24:48+00:00,sapmachine-11.0.9,32898755,False,sapmachine-jdk-11.0.9_windows-x64_bin-symbols.tar.gz,windows,x64,jdk,4
2026-09-15T00:24:48+00:00,sapmachine-11.0.9,32898755,False,sapmachine-jdk-11.0.9_windows-x64_bin.msi,windows,x64,jdk,5015
2026-09-15T00:24:48+00:00,sapmachine-11.0.9,32898755,False,sapmachine-jre-11.0.9_windows-x64_bin.msi,windows,x64,jre,4690
2026-09-15T00:24:48+00:00,sapmachine-11.0.9,32898755,False,sapmachine-jdk-11.0.9_linux-ppc64_bin.tar.gz,linux,ppc64,jdk,4575
2026-09-15T00:24:48+00:00,sapmachine-11.0.9,32898755,False,sapmachine-jre-11.0.9_linux-ppc64_bin.tar.gz,linux,ppc64,jre,4628
2026-09-15T00:24:48+00:00,sapmachine-11.0.9,32898755,False,sapmachine-jdk-11.0.9_linux-ppc64_bin-symbols.tar.gz,linux,ppc64,jdk,5
2026-09-15T00:24:48+00:00,sapmachine-11.0.9,32898755,False,sapmachine-jdk-11.0.9_linux-ppc64le_bin.tar.gz,linux,ppc64,jdk,4576
2026-09-15T00:24:48+00:00,sapmachine-11.0.9,32898755,False,sapmachine-jre-11.0.9_linux-ppc64le_bin.tar.gz,linux,ppc64,jre,4528
2026-09-15T00:24:48+00:00,sapmachine-11.0.9,32898755,False,sapmachine-jdk-11.0.9_linux-ppc64le_bin-symbols.tar.gz,linux,ppc64,jdk,4
2026-09-15T00:24:48+00:00,sapmachine-11.0.9,32898755,False,sapmachine-jdk-11.0.9_osx-x64_bin.tar.gz,macos,x64,jdk,5358
2026-09-15T00:24:48+00:00,sapmachine-11.0.9,32898755,False,sapmachine-jre-11.0.9_osx-x64_bin.tar.gz,macos,x64,jre,4664
2026-09-15T00:24:48+00:00,sapmachine-11.0.9,32898755,False,sapmachine-jdk-11.0.9_osx-x64_bin-symbols.tar.gz,macos,x64,jdk,6
2026-09-15T00:24:48+00:00,sapmachine-11.0.9,32898755,False,sapmachine-jdk-11.0.9_osx-x64_bin.dmg,macos,x64,jdk,4856
2026-09-15T00:24:48+00:00,sapmachine-11.0.9,32898755,False,sapmachine-jre-11.0.9_osx-x64_bin.dmg,macos,x64,jre,4538
2026-09-15T00:24:48+00:00,sapmachine-11.0.9,32898755,False,sapmachine-jdk-11.0.9-1.x86_64.rpm,linux,x64,jdk,4566
2026-09-15T00:24:48+00:00,sapmachine-15.0.1,32898848,False,sapmachine-jdk-15.0.1_linux-x64_bin.tar.gz,linux,x64,jdk,10367
2026-09-15T00:24:48+00:00,sapmachine-15.0.1,32898848,False,sapmachine-jre-15.0.1_linux-x64_bin.tar.gz,linux,x64,jre,10354
2026-09-15T00:24:48+00:00,sapmachine-15.0.1,32898848,False,sapmachine-jdk-15.0.1_linux-x64_bin-symbols.tar.gz,linux,x64,jdk,4
2026-09-15T00:24:48+00:00,sapmachine-15.0.1,32898848,False,sapmachine-jdk-15.0.1_windows-x64_bin.zip,windows,x64,jdk,10121
2026-09-15T00:24:48+00:00,sapmachine-15.0.1,32898848,False,sapmachine-jre-15.0.1_windows-x64_bin.zip,windows,x64,jre,7957
2026-09-15T00:24:48+00:00,sapmachine-15.0.1,32898848,False,sapmachine-jdk-15.0.1_windows-x64_bin-symbols.tar.gz,windows,x64,jdk,4
2026-09-15T00:24:48+00:00,sapmachine-15.0.1,32898848,False,sapmachine-jdk-15.0.1_windows-x64_bin.msi,windows,x64,jdk,4872
2026-09-15T00:24:48+00:00,sapmachine-15.0.1,32898848,False,sapmachine-jre-15.0.1_windows-x64_bin.msi,windows,x64,jre,4733
2026-09-15T00:24:48+00:00,sapmachine-15.0.1,32898848,False,sapmachine-jdk-15.0.1-beta_linux-aarch64_bin.tar.gz,linux,aarch64,jdk,4687
2026-09-15T00:24:48+00:00,sapmachine-15.0.1,32898848,False,sapmachine-jre-15.0.1-beta_linux-aarch64_bin.tar.gz,linux,aarch64,jre,4079
2026-09-15T00:24:48+00:00,sapmachine-15.0.1,32898848,False,sapmachine-jdk-15.0.1-beta_linux-aarch64_bin-symbols.tar.gz,linux,aarch64,jdk,4
2026-09-15T00:24:48+00:00,sapmachine-15.0.1,32898848,False,sapmachine-jdk-15.0.1_linux-ppc64_bin.tar.gz,linux,ppc64,jdk,4646
2026-09-15T00:24:48+00:00,sapmachine-15.0.1,32898848,False,sapmachine-jre-15.0.1_linux-ppc64_bin.tar.gz,linux,ppc64,jre,4567
2026-09-15T00:24:48+00:00,sapmachine-15.0.1,32898848,False,sapmachine-jdk-15.0.1_linux-ppc64_bin-symbols.tar.gz,linux,ppc64,jdk,5
2026-09-15T00:24:48+00:00,sapmachine-15.0.1,32898848,False,sapmachine-jdk-15.0.1_linux-ppc64le_bin.tar.gz,linux,ppc64,jdk,4598
2026-09-15T00:24:48+00:00,sapmachine-15.0.1,32898848,False,sapmachine-jre-15.0.1_linux-ppc64le_bin.tar.gz,linux,ppc64,jre,4621
2026-09-15T00:24:48+00:00,sapmachine-15.0.1,32898848,False,sapmachine-jdk-15.0.1_linux-ppc64le_bin-symbols.tar.gz,linux,ppc64,jdk,4
2026-09-15T00:24:48+00:00,sapmachine-15.0.1,32898848,False,sapmachine-jdk-15.0.1_osx-x64_bin.tar.gz,macos,x64,jdk,9521
2026-09-15T00:24:48+00:00,sapmachine-15.0.1,32898848,False,sapmachine-jre-15.0.1_osx-x64_bin.tar.gz,macos,x64,jre,7836
2026-09-15T00:24:48+00:00,sapmachine-15.0.1,32898848,False,sapmachine-jdk-15.0.1_osx-x64_bin-symbols.tar.gz,macos,x64,jdk,6
2026-09-15T00:24:48+00:00,sapmachine-15.0.1,32898848,False,sapmachine-jdk-15.0.1_osx-x64_bin.dmg,macos,x64,jdk,5642
2026-09-15T00:24:48+00:00,sapmachine-15.0.1,32898848,False,sapmachine-jre-15.0.1_osx-x64_bin.dmg,macos,x64,jre,4582
2026-09-15T00:24:48+00:00,sapmachine-15.0.1,32898848,False,sapmachine-jdk-15.0.1-1.x86_64.rpm,linux,x64,jdk,4477
2026-09-15T00:24:48+00:00,sapmachine-15,31379215,False,sapmachine-jdk-15_linux-x64_bin.tar.gz,linux,x64,jdk,11366
2026-09-15T00:24:48+00:00,sapmachine-15,31379215,False,sapmachine-jre-15_linux-x64_bin.tar.gz,linux,x64,jre,13048
2026-09-15T00:24:48+00:00,sapmachine-15,31379215,False,sapmachine-jdk-15_linux-x64_bin-symbols.tar.gz,linux,x64,jdk,7
2026-09-15T00:24:48+00:00,sapmachine-15,31379215,False,sapmachine-jdk-15_linux-ppc64_bin.tar.gz,linux,ppc64,jdk,4597
2026-09-15T00:24:48+00:00,sapmachine-15,31379215,False,sapmachine-jre-15_linux-ppc64_bin.tar.gz,linux,ppc64,jre,4606
2026-09-15T00:24:48+00:00,sapmachine-15,31379215,False,sapmachine-jdk-15_linux-ppc64_bin-symbols.tar.gz,linux,ppc64,jdk,5
2026-09-15T00:24:48+00:00,sapmachine-15,31379215,False,sapmachine-jdk-15_windows-x64_bin.zip,windows,x64,jdk,11110
2026-09-15T00:24:48+00:00,sapmachine-15,31379215,False,sapmachine-jre-15_windows-x64_bin.zip,windows,x64,jre,10665
2026-09-15T00:24:48+00:00,sapmachine-15,31379215,False,sapmachine-jdk-15_windows-x64_bin-symbols.tar.gz,windows,x64,jdk,6
2026-09-15T00:24:48+00:00,sapmachine-15,31379215,False,sapmachine-jdk-15_windows-x64_bin.msi,windows,x64,jdk,4734
2026-09-15T00:24:48+00:00,sapmachine-15,31379215,False,sapmachine-jre-15_windows-x64_bin.msi,windows,x64,jre,4605
2026-09-15T00:24:48+00:00,sapmachine-15,31379215,False,sapmachine-jdk-15_linux-ppc64le_bin.tar.gz,linux,ppc64,jdk,4696
2026-09-15T00:24:48+00:00,sapmachine-15,31379215,False,sapmachine-jre-15_linux-ppc64le_bin.tar.gz,linux,ppc64,jre,4653
2026-09-15T00:24:48+00:00,sapmachine-15,31379215,False,sapmachine-jdk-15_linux-ppc64le_bin-symbols.tar.gz,linux,ppc64,jdk,6
2026-09-15T00:24:48+00:00,sapmachine-15,31379215,False,sapmachine-jdk-15-beta_linux-aarch64_bin.tar.gz,linux,aarch64,jdk,4131
2026-09-15T00:24:48+00:00,sapmachine-15,31379215,False,sapmachine-jre-15-beta_linux-aarch64_bin.tar.gz,linux,aarch64,jre,4119
2026-09-15T00:24:48+00:00,sapmachine-15,31379215,False,sapmachine-jdk-15-beta_linux-aarch64_bin-symbols.tar.gz,linux,aarch64,jdk,6
2026-09-15T00:24:48+00:00,sapmachine-15,31379215,False,sapmachine-jdk-15_osx-x64_bin.tar.gz,macos,x64,jdk,11222
2026-09-15T00:24:48+00:00,sapmachine-15,31379215,False,sapmachine-jre-15_osx-x64_bin.tar.gz,macos,x64,jre,10988
2026-09-15T00:24:48+00:00,sapmachine-15,31379215,False,sapmachine-jdk-15_osx-x64_bin-symbols.tar.gz,macos,x64,jdk,8
2026-09-15T00:24:48+00:00,sapmachine-15,31379215,False,sapmachine-jdk-15_osx-x64_bin.dmg,macos,x64,jdk,5105
2026-09-15T00:24:48+00:00,sapmachine-15,31379215,False,sapmachine-jre-15_osx-x64_bin.dmg,macos,x64,jre,4696
2026-09-15T00:24:48+00:00,sapmachine-15,31379215,False,sapmachine-jdk-15-1.x86_64.rpm,linux,x64,jdk,4492
2026-09-15T00:24:48+00:00,sapmachine-11.0.8,28580678,False,sapmachine-jdk-11.0.8_linux-x64_bin.tar.gz,linux,x64,jdk,1889436
2026-09-15T00:24:48+00:00,sapmachine-11.0.8,28580678,False,sapmachine-jre-11.0.8_linux-x64_bin.tar.gz,linux,x64,jre,16414
2026-09-15T00:24:48+00:00,sapmachine-11.0.8,28580678,False,sapmachine-jdk-11.0.8_linux-x64_bin-symbols.tar.gz,linux,x64,jdk,9
2026-09-15T00:24:48+00:00,sapmachine-11.0.8,28580678,False,sapmachine-jdk-11.0.8_windows-x64_bin.zip,windows,x64,jdk,15478
2026-09-15T00:24:48+00:00,sapmachine-11.0.8,28580678,False,sapmachine-jre-11.0.8_windows-x64_bin.zip,windows,x64,jre,8960
2026-09-15T00:24:48+00:00,sapmachine-11.0.8,28580678,False,sapmachine-jdk-11.0.8_windows-x64_bin-symbols.tar.gz,windows,x64,jdk,11
2026-09-15T00:24:48+00:00,sapmachine-11.0.8,28580678,False,sapmachine-jdk-11.0.8_windows-x64_bin.msi,windows,x64,jdk,6003
2026-09-15T00:24:48+00:00,sapmachine-11.0.8,28580678,False,sapmachine-jre-11.0.8_windows-x64_bin.msi,windows,x64,jre,5110
2026-09-15T00:24:48+00:00,sapmachine-11.0.8,28580678,False,sapmachine-jdk-11.0.8_linux-ppc64le_bin.tar.gz,linux,ppc64,jdk,4708
2026-09-15T00:24:48+00:00,sapmachine-11.0.8,28580678,False,sapmachine-jre-11.0.8_linux-ppc64le_bin.tar.gz,linux,ppc64,jre,4676
2026-09-15T00:24:48+00:00,sapmachine-11.0.8,28580678,False,sapmachine-jdk-11.0.8_linux-ppc64le_bin-symbols.tar.gz,linux,ppc64,jdk,6
2026-09-15T00:24:48+00:00,sapmachine-11.0.8,28580678,False,sapmachine-jdk-11.0.8-1.x86_64.rpm,linux,x64,jdk,4726
2026-09-15T00:24:48+00:00,sapmachine-11.0.8,28580678,False,sapmachine-jdk-11.0.8_linux-ppc64_bin.tar.gz,linux,ppc64,jdk,4686
2026-09-15T00:24:48+00:00,sapmachine-11.0.8,28580678,False,sapmachine-jre-11.0.8_linux-ppc64_bin.tar.gz,linux,ppc64,jre,4634
2026-09-15T00:24:48+00:00,sapmachine-11.0.8,28580678,False,sapmachine-jdk-11.0.8_linux-ppc64_bin-symbols.tar.gz,linux,ppc64,jdk,7
2026-09-15T00:24:48+00:00,sapmachine-11.0.8,28580678,False,sapmachine-jdk-11.0.8_osx-x64_bin.tar.gz,macos,x64,jdk,5995
2026-09-15T00:24:48+00:00,sapmachine-11.0.8,28580678,False,sapmachine-jre-11.0.8_osx-x64_bin.tar.gz,macos,x64,jre,4735
2026-09-15T00:24:48+00:00,sapmachine-11.0.8,28580678,False,sapmachine-jdk-11.0.8_osx-x64_bin-symbols.tar.gz,macos,x64,jdk,18
2026-09-15T00:24:48+00:00,sapmachine-11.0.8,28580678,False,sapmachine-jre-11.0.8_osx-x64_bin.dmg,macos,x64,jre,4769
2026-09-15T00:24:48+00:00,sapmachine-11.0.8,28580678,False,sapmachine-jdk-11.0.8_osx-x64_bin.dmg,macos,x64,jdk,7945
2026-09-15T00:24:48+00:00,sapmachine-14.0.2,28622206,False,sapmachine-jdk-14.0.2_linux-x64_bin.tar.gz,linux,x64,jdk,10278
2026-09-15T00:24:48+00:00,sapmachine-14.0.2,28622206,False,sapmachine-jre-14.0.2_linux-x64_bin.tar.gz,linux,x64,jre,10781
2026-09-15T00:24:48+00:00,sapmachine-14.0.2,28622206,False,sapmachine-jdk-14.0.2_linux-x64_bin-symbols.tar.gz,linux,x64,jdk,6
2026-09-15T00:24:48+00:00,sapmachine-14.0.2,28622206,False,sapmachine-jdk-14.0.2_windows-x64_bin.zip,windows,x64,jdk,9931
2026-09-15T00:24:48+00:00,sapmachine-14.0.2,28622206,False,sapmachine-jre-14.0.2_windows-x64_bin.zip,windows,x64,jre,8095
2026-09-15T00:24:48+00:00,sapmachine-14.0.2,28622206,False,sapmachine-jdk-14.0.2_windows-x64_bin-symbols.tar.gz,windows,x64,jdk,6
2026-09-15T00:24:48+00:00,sapmachine-14.0.2,28622206,False,sapmachine-jdk-14.0.2_windows-x64_bin.msi,windows,x64,jdk,4802
2026-09-15T00:24:48+00:00,sapmachine-14.0.2,28622206,False,sapmachine-jre-14.0.2_windows-x64_bin.msi,windows,x64,jre,4680
2026-09-15T00:24:48+00:00,sapmachine-14.0.2,28622206,False,sapmachine-jdk-14.0.2_linux-ppc64_bin.tar.gz,linux,ppc64,jdk,4798
2026-09-15T00:24:48+00:00,sapmachine-14.0.2,28622206,False,sapmachine-jre-14.0.2_linux-ppc64_bin.tar.gz,linux,ppc64,jre,4711
2026-09-15T00:24:48+00:00,sapmachine-14.0.2,28622206,False,sapmachine-jdk-14.0.2_linux-ppc64_bin-symbols.tar.gz,linux,ppc64,jdk,5
2026-09-15T00:24:48+00:00,sapmachine-14.0.2,28622206,False,sapmachine-jdk-14.0.2_linux-ppc64le_bin.tar.gz,linux,ppc64,jdk,4722
2026-09-15T00:24:48+00:00,sapmachine-14.0.2,28622206,False,sapmachine-jre-14.0.2_linux-ppc64le_bin.tar.gz,linux,ppc64,jre,4641
2026-09-15T00:24:48+00:00,sapmachine-14.0.2,28622206,False,sapmachine-jdk-14.0.2_linux-ppc64le_bin-symbols.tar.gz,linux,ppc64,jdk,5
2026-09-15T00:24:48+00:00,sapmachine-14.0.2,28622206,False,sapmachine-jdk-14.0.2_osx-x64_bin.tar.gz,macos,x64,jdk,6446
2026-09-15T00:24:48+00:00,sapmachine-14.0.2,28622206,False,sapmachine-jre-14.0.2_osx-x64_bin.tar.gz,macos,x64,jre,4758
2026-09-15T00:24:48+00:00,sapmachine-14.0.2,28622206,False,sapmachine-jdk-14.0.2_osx-x64_bin-symbols.tar.gz,macos,x64,jdk,10
2026-09-15T00:24:48+00:00,sapmachine-14.0.2,28622206,False,sapmachine-jdk-14.0.2_osx-x64_bin.dmg,macos,x64,jdk,5487
2026-09-15T00:24:48+00:00,sapmachine-14.0.2,28622206,False,sapmachine-jre-14.0.2_osx-x64_bin.dmg,macos,x64,jre,4662
2026-09-15T00:24:48+00:00,sapmachine-14.0.2,28622206,False,sapmachine-jdk-14.0.2-1.x86_64.rpm,linux,x64,jdk,4587
2026-09-15T00:24:48+00:00,sapmachine-14.0.1,25562726,False,sapmachine-jdk-14.0.1_linux-x64_bin.tar.gz,linux,x64,jdk,5262
2026-09-15T00:24:48+00:00,sapmachine-14.0.1,25562726,False,sapmachine-jre-14.0.1_linux-x64_bin.tar.gz,linux,x64,jre,7147
2026-09-15T00:24:48+00:00,sapmachine-14.0.1,25562726,False,sapmachine-jdk-14.0.1_linux-x64_bin-symbols.tar.gz,linux,x64,jdk,9
2026-09-15T00:24:48+00:00,sapmachine-14.0.1,25562726,False,sapmachine-jdk-14.0.1_linux-ppc64le_bin.tar.gz,linux,ppc64,jdk,4739
2026-09-15T00:24:48+00:00,sapmachine-14.0.1,25562726,False,sapmachine-jre-14.0.1_linux-ppc64le_bin.tar.gz,linux,ppc64,jre,4655
2026-09-15T00:24:48+00:00,sapmachine-14.0.1,25562726,False,sapmachine-jdk-14.0.1_linux-ppc64le_bin-symbols.tar.gz,linux,ppc64,jdk,8
2026-09-15T00:24:48+00:00,sapmachine-14.0.1,25562726,False,sapmachine-jdk-14.0.1_linux-ppc64_bin.tar.gz,linux,ppc64,jdk,4733
2026-09-15T00:24:48+00:00,sapmachine-14.0.1,25562726,False,sapmachine-jre-14.0.1_linux-ppc64_bin.tar.gz,linux,ppc64,jre,4702
2026-09-15T00:24:48+00:00,sapmachine-14.0.1,25562726,False,sapmachine-jdk-14.0.1_linux-ppc64_bin-symbols.tar.gz,linux,ppc64,jdk,9
2026-09-15T00:24:48+00:00,sapmachine-14.0.1,25562726,False,sapmachine-jdk-14.0.1-1.x86_64.rpm,linux,x64,jdk,4591
2026-09-15T00:24:48+00:00,sapmachine-14.0.1,25562726,False,sapmachine-jdk-14.0.1_osx-x64_bin.tar.gz,macos,x64,jdk,4996
2026-09-15T00:24:48+00:00,sapmachine-14.0.1,25562726,False,sapmachine-jre-14.0.1_osx-x64_bin.tar.gz,macos,x64,jre,4790
2026-09-15T00:24:48+00:00,sapmachine-14.0.1,25562726,False,sapmachine-jdk-14.0.1_osx-x64_bin-symbols.tar.gz,macos,x64,jdk,13
2026-09-15T00:24:48+00:00,sapmachine-14.0.1,25562726,False,sapmachine-jdk-14.0.1_osx-x64_bin.dmg,macos,x64,jdk,5509
2026-09-15T00:24:48+00:00,sapmachine-14.0.1,25562726,False,sapmachine-jre-14.0.1_osx-x64_bin.dmg,macos,x64,jre,4708
2026-09-15T00:24:48+00:00,sapmachine-14.0.1,25562726,False,sapmachine-jdk-14.0.1_windows-x64_bin.zip,windows,x64,jdk,5209
2026-09-15T00:24:48+00:00,sapmachine-14.0.1,25562726,False,sapmachine-jre-14.0.1_windows-x64_bin.zip,windows,x64,jre,4739
2026-09-15T00:24:48+00:00,sapmachine-14.0.1,25562726,False,sapmachine-jdk-14.0.1_windows-x64_bin-symbols.tar.gz,windows,x64,jdk,9
2026-09-15T00:24:48+00:00,sapmachine-14.0.1,25562726,False,sapmachine-jdk-14.0.1_windows-x64_bin.msi,windows,x64,jdk,4801
2026-09-15T00:24:48+00:00,sapmachine-14.0.1,25562726,False,sapmachine-jre-14.0.1_windows-x64_bin.msi,windows,x64,jre,4779
2026-09-15T00:24:48+00:00,sapmachine-11.0.7,25525566,False,sapmachine-jdk-11.0.7_linux-x64_bin.tar.gz,linux,x64,jdk,708004
2026-09-15T00:24:48+00:00,sapmachine-11.0.7,25525566,False,sapmachine-jre-11.0.7_linux-x64_bin.tar.gz,linux,x64,jre,16534
2026-09-15T00:24:48+00:00,sapmachine-11.0.7,25525566,False,sapmachine-jdk-11.0.7_linux-x64_bin-symbols.tar.gz,linux,x64,jdk,12
2026-09-15T00:24:48+00:00,sapmachine-11.0.7,25525566,False,sapmachine-jdk-11.0.7_linux-ppc64le_bin.tar.gz,linux,ppc64,jdk,4656
2026-09-15T00:24:48+00:00,sapmachine-11.0.7,25525566,False,sapmachine-jre-11.0.7_linux-ppc64le_bin.tar.gz,linux,ppc64,jre,4603
2026-09-15T00:24:48+00:00,sapmachine-11.0.7,25525566,False,sapmachine-jdk-11.0.7_linux-ppc64le_bin-symbols.tar.gz,linux,ppc64,jdk,9
2026-09-15T00:24:48+00:00,sapmachine-11.0.7,25525566,False,sapmachine-jdk-11.0.7_linux-ppc64_bin.tar.gz,linux,ppc64,jdk,4637
2026-09-15T00:24:48+00:00,sapmachine-11.0.7,25525566,False,sapmachine-jre-11.0.7_linux-ppc64_bin.tar.gz,linux,ppc64,jre,4610
2026-09-15T00:24:48+00:00,sapmachine-11.0.7,25525566,False,sapmachine-jdk-11.0.7_linux-ppc64_bin-symbols.tar.gz,linux,ppc64,jdk,9
2026-09-15T00:24:48+00:00,sapmachine-11.0.7,25525566,False,sapmachine-jdk-11.0.7_windows-x64_bin.zip,windows,x64,jdk,9329
2026-09-15T00:24:48+00:00,sapmachine-11.0.7,25525566,False,sapmachine-jre-11.0.7_windows-x64_bin.zip,windows,x64,jre,5218
2026-09-15T00:24:48+00:00,sapmachine-11.0.7,25525566,False,sapmachine-jdk-11.0.7_windows-x64_bin-symbols.tar.gz,windows,x64,jdk,10
2026-09-15T00:24:48+00:00,sapmachine-11.0.7,25525566,False,sapmachine-jdk-11.0.7_windows-x64_bin.msi,windows,x64,jdk,5560
2026-09-15T00:24:48+00:00,sapmachine-11.0.7,25525566,False,sapmachine-jre-11.0.7_windows-x64_bin.msi,windows,x64,jre,4892
2026-09-15T00:24:48+00:00,sapmachine-11.0.7,25525566,False,sapmachine-jdk-11.0.7_osx-x64_bin.tar.gz,macos,x64,jdk,5052
2026-09-15T00:24:48+00:00,sapmachine-11.0.7,25525566,False,sapmachine-jre-11.0.7_osx-x64_bin.tar.gz,macos,x64,jre,4797
2026-09-15T00:24:48+00:00,sapmachine-11.0.7,25525566,False,sapmachine-jdk-11.0.7_osx-x64_bin-symbols.tar.gz,macos,x64,jdk,11
2026-09-15T00:24:48+00:00,sapmachine-11.0.7,25525566,False,sapmachine-jdk-11.0.7_osx-x64_bin.dmg,macos,x64,jdk,7074
2026-09-15T00:24:48+00:00,sapmachine-11.0.7,25525566,False,sapmachine-jre-11.0.7_osx-x64_bin.dmg,macos,x64,jre,4724
2026-09-15T00:24:48+00:00,sapmachine-11.0.7,25525566,False,sapmachine-jdk-11.0.7-1.x86_64.rpm,linux,x64,jdk,4642
2026-09-15T00:24:48+00:00,sapmachine-14,24646923,False,sapmachine-jdk-14_linux-x64_bin.tar.gz,linux,x64,jdk,4814
2026-09-15T00:24:48+00:00,sapmachine-14,24646923,False,sapmachine-jre-14_linux-x64_bin.tar.gz,linux,x64,jre,7091
2026-09-15T00:24:48+00:00,sapmachine-14,24646923,False,sapmachine-jdk-14_linux-x64_bin-symbols.tar.gz,linux,x64,jdk,8
2026-09-15T00:24:48+00:00,sapmachine-14,24646923,False,sapmachine-jdk-14_linux-ppc64le_bin.tar.gz,linux,ppc64,jdk,4628
2026-09-15T00:24:48+00:00,sapmachine-14,24646923,False,sapmachine-jre-14_linux-ppc64le_bin.tar.gz,linux,ppc64,jre,4593
2026-09-15T00:24:48+00:00,sapmachine-14,24646923,False,sapmachine-jdk-14_linux-ppc64le_bin-symbols.tar.gz,linux,ppc64,jdk,10
2026-09-15T00:24:48+00:00,sapmachine-14,24646923,False,sapmachine-jdk-14_windows-x64_bin.zip,windows,x64,jdk,4835
2026-09-15T00:24:48+00:00,sapmachine-14,24646923,False,sapmachine-jre-14_windows-x64_bin.zip,windows,x64,jre,4710
2026-09-15T00:24:48+00:00,sapmachine-14,24646923,False,sapmachine-jdk-14_windows-x64_bin-symbols.tar.gz,windows,x64,jdk,9
2026-09-15T00:24:48+00:00,sapmachine-14,24646923,False,sapmachine-jdk-14_windows-x64_bin.msi,windows,x64,jdk,4758
2026-09-15T00:24:48+00:00,sapmachine-14,24646923,False,sapmachine-jre-14_windows-x64_bin.msi,windows,x64,jre,4742
2026-09-15T00:24:48+00:00,sapmachine-14,24646923,False,sapmachine-jdk-14_linux-ppc64_bin.tar.gz,linux,ppc64,jdk,4629
2026-09-15T00:24:48+00:00,sapmachine-14,24646923,False,sapmachine-jre-14_linux-ppc64_bin.tar.gz,linux,ppc64,jre,4629
2026-09-15T00:24:48+00:00,sapmachine-14,24646923,False,sapmachine-jdk-14_linux-ppc64_bin-symbols.tar.gz,linux,ppc64,jdk,8
2026-09-15T00:24:48+00:00,sapmachine-14,24646923,False,sapmachine-jdk-14_osx-x64_bin.tar.gz,macos,x64,jdk,4701
2026-09-15T00:24:48+00:00,sapmachine-14,24646923,False,sapmachine-jre-14_osx-x64_bin.tar.gz,macos,x64,jre,4629
2026-09-15T00:24:48+00:00,sapmachine-14,24646923,False,sapmachine-jdk-14_osx-x64_bin-symbols.tar.gz,macos,x64,jdk,9
2026-09-15T00:24:48+00:00,sapmachine-14,24646923,False,sapmachine-jdk-14_osx-x64_bin.dmg,macos,x64,jdk,5056
2026-09-15T00:24:48+00:00,sapmachine-14,24646923,False,sapmachine-jre-14_osx-x64_bin.dmg,macos,x64,jre,4709
2026-09-15T00:24:48+00:00,sapmachine-14,24646923,False,sapmachine-jdk-14-1.x86_64.rpm,linux,x64,jdk,4590
2026-09-15T00:24:48+00:00,sapmachine-11.0.6.0.1,23610957,False,sapmachine-jdk-11.0.6.0.1_linux-x64_bin.tar.gz,linux,x64,jdk,10727
2026-09-15T00:24:48+00:00,sapmachine-11.0.6.0.1,23610957,False,sapmachine-jre-11.0.6.0.1_linux-x64_bin.tar.gz,linux,x64,jre,10704
2026-09-15T00:24:48+00:00,sapmachine-11.0.6.0.1,23610957,False,sapmachine-jdk-11.0.6.0.1_linux-x64_bin-symbols.tar.gz,linux,x64,jdk,10
2026-09-15T00:24:48+00:00,sapmachine-11.0.6.0.1,23610957,False,sapmachine-jdk-11.0.6.0.1_linux-ppc64_bin.tar.gz,linux,ppc64,jdk,4702
2026-09-15T00:24:48+00:00,sapmachine-11.0.6.0.1,23610957,False,sapmachine-jre-11.0.6.0.1_linux-ppc64_bin.tar.gz,linux,ppc64,jre,4646
2026-09-15T00:24:48+00:00,sapmachine-11.0.6.0.1,23610957,False,sapmachine-jdk-11.0.6.0.1_linux-ppc64_bin-symbols.tar.gz,linux,ppc64,jdk,10
2026-09-15T00:24:48+00:00,sapmachine-11.0.6.0.1,23610957,False,sapmachine-jdk-11.0.6.0.1_linux-ppc64le_bin.tar.gz,linux,ppc64,jdk,4726
2026-09-15T00:24:48+00:00,sapmachine-11.0.6.0.1,23610957,False,sapmachine-jre-11.0.6.0.1_linux-ppc64le_bin.tar.gz,linux,ppc64,jre,4647
2026-09-15T00:24:48+00:00,sapmachine-11.0.6.0.1,23610957,False,sapmachine-jdk-11.0.6.0.1_linux-ppc64le_bin-symbols.tar.gz,linux,ppc64,jdk,17
2026-09-15T00:24:48+00:00,sapmachine-11.0.6.0.1,23610957,False,sapmachine-jdk-11.0.6.0.1_osx-x64_bin.tar.gz,macos,x64,jdk,4718
2026-09-15T00:24:48+00:00,sapmachine-11.0.6.0.1,23610957,False,sapmachine-jre-11.0.6.0.1_osx-x64_bin.tar.gz,macos,x64,jre,4641
2026-09-15T00:24:48+00:00,sapmachine-11.0.6.0.1,23610957,False,sapmachine-jdk-11.0.6.0.1_osx-x64_bin-symbols.tar.gz,macos,x64,jdk,15
2026-09-15T00:24:48+00:00,sapmachine-11.0.6.0.1,23610957,False,sapmachine-jdk-11.0.6.0.1_osx-x64_bin.dmg,macos,x64,jdk,6930
2026-09-15T00:24:48+00:00,sapmachine-11.0.6.0.1,23610957,False,sapmachine-jre-11.0.6.0.1_osx-x64_bin.dmg,macos,x64,jre,4791
2026-09-15T00:24:48+00:00,sapmachine-11.0.6.0.1,23610957,False,sapmachine-jdk-11.0.6.0.1_windows-x64_bin.zip,windows,x64,jdk,7234
2026-09-15T00:24:48+00:00,sapmachine-11.0.6.0.1,23610957,False,sapmachine-jre-11.0.6.0.1_windows-x64_bin.zip,windows,x64,jre,4965
2026-09-15T00:24:48+00:00,sapmachine-11.0.6.0.1,23610957,False,sapmachine-jdk-11.0.6.0.1_windows-x64_bin-symbols.tar.gz,windows,x64,jdk,15
2026-09-15T00:24:48+00:00,sapmachine-11.0.6.0.1,23610957,False,sapmachine-jdk-11.0.6.0.1_windows-x64_bin.msi,windows,x64,jdk,5159
2026-09-15T00:24:48+00:00,sapmachine-11.0.6.0.1,23610957,False,sapmachine-jre-11.0.6.0.1_windows-x64_bin.msi,windows,x64,jre,4916
2026-09-15T00:24:48+00:00,sapmachine-13.0.2,22893880,False,sapmachine-jdk-13.0.2_linux-x64_bin.tar.gz,linux,x64,jdk,8879
2026-09-15T00:24:48+00:00,sapmachine-13.0.2,22893880,False,sapmachine-jre-13.0.2_linux-x64_bin.tar.gz,linux,x64,jre,10569
2026-09-15T00:24:48+00:00,sapmachine-13.0.2,22893880,False,sapmachine-jdk-13.0.2_linux-x64_bin-symbols.tar.gz,linux,x64,jdk,1570
2026-09-15T00:24:48+00:00,sapmachine-13.0.2,22893880,False,sapmachine-jdk-13.0.2_linux-ppc64le_bin.tar.gz,linux,ppc64,jdk,4875
2026-09-15T00:24:48+00:00,sapmachine-13.0.2,22893880,False,sapmachine-jre-13.0.2_linux-ppc64le_bin.tar.gz,linux,ppc64,jre,4780
2026-09-15T00:24:48+00:00,sapmachine-13.0.2,22893880,False,sapmachine-jdk-13.0.2_linux-ppc64le_bin-symbols.tar.gz,linux,ppc64,jdk,30
2026-09-15T00:24:48+00:00,sapmachine-13.0.2,22893880,False,sapmachine-jdk-13.0.2_linux-ppc64_bin.tar.gz,linux,ppc64,jdk,4885
2026-09-15T00:24:48+00:00,sapmachine-13.0.2,22893880,False,sapmachine-jre-13.0.2_linux-ppc64_bin.tar.gz,linux,ppc64,jre,4831
2026-09-15T00:24:48+00:00,sapmachine-13.0.2,22893880,False,sapmachine-jdk-13.0.2_linux-ppc64_bin-symbols.tar.gz,linux,ppc64,jdk,23
2026-09-15T00:24:48+00:00,sapmachine-13.0.2,22893880,False,sapmachine-jdk-13.0.2-1.x86_64.rpm,linux,x64,jdk,4553
2026-09-15T00:24:48+00:00,sapmachine-13.0.2,22893880,False,sapmachine-jdk-13.0.2_windows-x64_bin.zip,windows,x64,jdk,9730
2026-09-15T00:24:48+00:00,sapmachine-13.0.2,22893880,False,sapmachine-jre-13.0.2_windows-x64_bin.zip,windows,x64,jre,8266
2026-09-15T00:24:48+00:00,sapmachine-13.0.2,22893880,False,sapmachine-jdk-13.0.2_windows-x64_bin-symbols.tar.gz,windows,x64,jdk,22
2026-09-15T00:24:48+00:00,sapmachine-13.0.2,22893880,False,sapmachine-jdk-13.0.2_windows-x64_bin.msi,windows,x64,jdk,6381
2026-09-15T00:24:48+00:00,sapmachine-13.0.2,22893880,False,sapmachine-jre-13.0.2_windows-x64_bin.msi,windows,x64,jre,4880
2026-09-15T00:24:48+00:00,sapmachine-13.0.2,22893880,False,sapmachine-jdk-13.0.2_osx-x64_bin.tar.gz,macos,x64,jdk,6287
2026-09-15T00:24:48+00:00,sapmachine-13.0.2,22893880,False,sapmachine-jre-13.0.2_osx-x64_bin.tar.gz,macos,x64,jre,4815
2026-09-15T00:24:48+00:00,sapmachine-13.0.2,22893880,False,sapmachine-jdk-13.0.2_osx-x64_bin-symbols.tar.gz,macos,x64,jdk,33
2026-09-15T00:24:48+00:00,sapmachine-13.0.2,22893880,False,sapmachine-jdk-13.0.2_osx-x64_bin.dmg,macos,x64,jdk,5573
2026-09-15T00:24:48+00:00,sapmachine-13.0.2,22893880,False,sapmachine-jre-13.0.2_osx-x64_bin.dmg,macos,x64,jre,4861
2026-09-15T00:24:48+00:00,sapmachine-11.0.6,22865328,False,sapmachine-jdk-11.0.6_linux-x64_bin.tar.gz,linux,x64,jdk,16698
2026-09-15T00:24:48+00:00,sapmachine-11.0.6,22865328,False,sapmachine-jre-11.0.6_linux-x64_bin.tar.gz,linux,x64,jre,8264
2026-09-15T00:24:48+00:00,sapmachine-11.0.6,22865328,False,sapmachine-jdk-11.0.6_linux-x64_bin-symbols.tar.gz,linux,x64,jdk,9
2026-09-15T00:24:48+00:00,sapmachine-11.0.6,22865328,False,sapmachine-jdk-11.0.6_linux-ppc64le_bin.tar.gz,linux,ppc64,jdk,4642
2026-09-15T00:24:48+00:00,sapmachine-11.0.6,22865328,False,sapmachine-jre-11.0.6_linux-ppc64le_bin.tar.gz,linux,ppc64,jre,4656
2026-09-15T00:24:48+00:00,sapmachine-11.0.6,22865328,False,sapmachine-jdk-11.0.6_linux-ppc64le_bin-symbols.tar.gz,linux,ppc64,jdk,8
2026-09-15T00:24:48+00:00,sapmachine-11.0.6,22865328,False,sapmachine-jdk-11.0.6_linux-ppc64_bin.tar.gz,linux,ppc64,jdk,4707
2026-09-15T00:24:48+00:00,sapmachine-11.0.6,22865328,False,sapmachine-jre-11.0.6_linux-ppc64_bin.tar.gz,linux,ppc64,jre,4625
2026-09-15T00:24:48+00:00,sapmachine-11.0.6,22865328,False,sapmachine-jdk-11.0.6_linux-ppc64_bin-symbols.tar.gz,linux,ppc64,jdk,8
2026-09-15T00:24:48+00:00,sapmachine-11.0.6,22865328,False,sapmachine-jdk-11.0.6_windows-x64_bin.zip,windows,x64,jdk,6101
2026-09-15T00:24:48+00:00,sapmachine-11.0.6,22865328,False,sapmachine-jre-11.0.6_windows-x64_bin.zip,windows,x64,jre,4821
2026-09-15T00:24:48+00:00,sapmachine-11.0.6,22865328,False,sapmachine-jdk-11.0.6_windows-x64_bin-symbols.tar.gz,windows,x64,jdk,10
2026-09-15T00:24:48+00:00,sapmachine-11.0.6,22865328,False,sapmachine-jdk-11.0.6_windows-x64_bin.msi,windows,x64,jdk,5069
2026-09-15T00:24:48+00:00,sapmachine-11.0.6,22865328,False,sapmachine-jre-11.0.6_windows-x64_bin.msi,windows,x64,jre,4791
2026-09-15T00:24:48+00:00,sapmachine-11.0.6,22865328,False,sapmachine-jdk-11.0.6_osx-x64_bin.tar.gz,macos,x64,jdk,4968
2026-09-15T00:24:48+00:00,sapmachine-11.0.6,22865328,False,sapmachine-jre-11.0.6_osx-x64_bin.tar.gz,macos,x64,jre,4746
2026-09-15T00:24:48+00:00,sapmachine-11.0.6,22865328,False,sapmachine-jdk-11.0.6_osx-x64_bin-symbols.tar.gz,macos,x64,jdk,12
2026-09-15T00:24:48+00:00,sapmachine-11.0.6,22865328,False,sapmachine-jdk-11.0.6_osx-x64_bin.dmg,macos,x64,jdk,6464
2026-09-15T00:24:48+00:00,sapmachine-11.0.6,22865328,False,sapmachine-jre-11.0.6_osx-x64_bin.dmg,macos,x64,jre,4765
2026-09-15T00:24:48+00:00,sapmachine-11.0.6,22865328,False,sapmachine-jdk-11.0.6-1.x86_64.rpm,linux,x64,jdk,4577
2026-09-15T00:24:48+00:00,sapmachine-13.0.1,20769204,False,sapmachine-jdk-13.0.1_linux-x64_bin.tar.gz,linux,x64,jdk,1105
2026-09-15T00:24:48+00:00,sapmachine-13.0.1,20769204,False,sapmachine-jre-13.0.1_linux-x64_bin.tar.gz,linux,x64,jre,3205
2026-09-15T00:24:48+00:00,sapmachine-13.0.1,20769204,False,sapmachine-jdk-13.0.1_osx-x64_bin.tar.gz,macos,x64,jdk,699
2026-09-15T00:24:48+00:00,sapmachine-13.0.1,20769204,False,sapmachine-jre-13.0.1_osx-x64_bin.tar.gz,macos,x64,jre,539
2026-09-15T00:24:48+00:00,sapmachine-13.0.1,20769204,False,sapmachine-jdk-13.0.1_osx-x64_bin.dmg,macos,x64,jdk,1454
2026-09-15T00:24:48+00:00,sapmachine-13.0.1,20769204,False,sapmachine-jre-13.0.1_osx-x64_bin.dmg,macos,x64,jre,634
2026-09-15T00:24:48+00:00,sapmachine-13.0.1,20769204,False,sapmachine-jdk-13.0.1_linux-ppc64_bin.tar.gz,linux,ppc64,jdk,706
2026-09-15T00:24:48+00:00,sapmachine-13.0.1,20769204,False,sapmachine-jre-13.0.1_linux-ppc64_bin.tar.gz,linux,ppc64,jre,520
2026-09-15T00:24:48+00:00,sapmachine-13.0.1,20769204,False,sapmachine-jdk-13.0.1-1.x86_64.rpm,linux,x64,jdk,469
2026-09-15T00:24:48+00:00,sapmachine-13.0.1,20769204,False,sapmachine-jdk-13.0.1_linux-ppc64le_bin.tar.gz,linux,ppc64,jdk,622
2026-09-15T00:24:48+00:00,sapmachine-13.0.1,20769204,False,sapmachine-jre-13.0.1_linux-ppc64le_bin.tar.gz,linux,ppc64,jre,524
2026-09-15T00:24:48+00:00,sapmachine-13.0.1,20769204,False,sapmachine-jdk-13.0.1_windows-x64_bin.zip,windows,x64,jdk,726
2026-09-15T00:24:48+00:00,sapmachine-13.0.1,20769204,False,sapmachine-jre-13.0.1_windows-x64_bin.zip,windows,x64,jre,632
2026-09-15T00:24:48+00:00,sapmachine-13.0.1,20769204,False,sapmachine-jdk-13.0.1_windows-x64_bin.msi,windows,x64,jdk,817
2026-09-15T00:24:48+00:00,sapmachine-13.0.1,20769204,False,sapmachine-jre-13.0.1_windows-x64_bin.msi,windows,x64,jre,658
2026-09-15T00:24:48+00:00,sapmachine-11.0.5,20734889,False,sapmachine-jdk-11.0.5_linux-ppc64_bin.tar.gz,linux,ppc64,jdk,652
2026-09-15T00:24:48+00:00,sapmachine-11.0.5,20734889,False,sapmachine-jre-11.0.5_linux-ppc64_bin.tar.gz,linux,ppc64,jre,469
2026-09-15T00:24:48+00:00,sapmachine-11.0.5,20734889,False,sapmachine-jdk-11.0.5_linux-ppc64le_bin.tar.gz,linux,ppc64,jdk,606
2026-09-15T00:24:48+00:00,sapmachine-11.0.5,20734889,False,sapmachine-jre-11.0.5_linux-ppc64le_bin.tar.gz,linux,ppc64,jre,582
2026-09-15T00:24:48+00:00,sapmachine-11.0.5,20734889,False,sapmachine-jdk-11.0.5_osx-x64_bin.tar.gz,macos,x64,jdk,710
2026-09-15T00:24:48+00:00,sapmachine-11.0.5,20734889,False,sapmachine-jre-11.0.5_osx-x64_bin.tar.gz,macos,x64,jre,558
2026-09-15T00:24:48+00:00,sapmachine-11.0.5,20734889,False,sapmachine-jdk-11.0.5_osx-x64_bin.dmg,macos,x64,jdk,4374
2026-09-15T00:24:48+00:00,sapmachine-11.0.5,20734889,False,sapmachine-jre-11.0.5_osx-x64_bin.dmg,macos,x64,jre,602
2026-09-15T00:24:48+00:00,sapmachine-11.0.5,20734889,False,sapmachine-jdk-11.0.5_linux-x64_bin.tar.gz,linux,x64,jdk,112934
2026-09-15T00:24:48+00:00,sapmachine-11.0.5,20734889,False,sapmachine-jre-11.0.5_linux-x64_bin.tar.gz,linux,x64,jre,16315
2026-09-15T00:24:48+00:00,sapmachine-11.0.5,20734889,False,sapmachine-jdk-11.0.5-1.x86_64.rpm,linux,x64,jdk,761
2026-09-15T00:24:48+00:00,sapmachine-11.0.5,20734889,False,sapmachine-jdk-11.0.5_windows-x64_bin.zip,windows,x64,jdk,1849
2026-09-15T00:24:48+00:00,sapmachine-11.0.5,20734889,False,sapmachine-jre-11.0.5_windows-x64_bin.zip,windows,x64,jre,753
2026-09-15T00:24:48+00:00,sapmachine-11.0.5,20734889,False,sapmachine-jdk-11.0.5_windows-x64_bin.msi,windows,x64,jdk,911
2026-09-15T00:24:48+00:00,sapmachine-11.0.5,20734889,False,sapmachine-jre-11.0.5_windows-x64_bin.msi,windows,x64,jre,703
2026-09-15T00:24:48+00:00,sapmachine-13,20069372,False,sapmachine-jdk-13_linux-x64_bin.tar.gz,linux,x64,jdk,584
2026-09-15T00:24:48+00:00,sapmachine-13,20069372,False,sapmachine-jre-13_linux-x64_bin.tar.gz,linux,x64,jre,3064
2026-09-15T00:24:48+00:00,sapmachine-13,20069372,False,sapmachine-jdk-13_linux-ppc64le_bin.tar.gz,linux,ppc64,jdk,514
2026-09-15T00:24:48+00:00,sapmachine-13,20069372,False,sapmachine-jre-13_linux-ppc64le_bin.tar.gz,linux,ppc64,jre,537
2026-09-15T00:24:48+00:00,sapmachine-13,20069372,False,sapmachine-jdk-13_linux-ppc64_bin.tar.gz,linux,ppc64,jdk,524
2026-09-15T00:24:48+00:00,sapmachine-13,20069372,False,sapmachine-jre-13_linux-ppc64_bin.tar.gz,linux,ppc64,jre,517
2026-09-15T00:24:48+00:00,sapmachine-13,20069372,False,sapmachine-jdk-13_windows-x64_bin.zip,windows,x64,jdk,662
2026-09-15T00:24:48+00:00,sapmachine-13,20069372,False,sapmachine-jre-13_windows-x64_bin.zip,windows,x64,jre,620
2026-09-15T00:24:48+00:00,sapmachine-13,20069372,False,sapmachine-jdk-13_windows-x64_bin.msi,windows,x64,jdk,1055
2026-09-15T00:24:48+00:00,sapmachine-13,20069372,False,sapmachine-jdk-13_osx-x64_bin.tar.gz,macos,x64,jdk,561
2026-09-15T00:24:48+00:00,sapmachine-13,20069372,False,sapmachine-jre-13_osx-x64_bin.tar.gz,macos,x64,jre,493
2026-09-15T00:24:48+00:00,sapmachine-13,20069372,False,sapmachine-jdk-13_osx-x64_bin.dmg,macos,x64,jdk,915
2026-09-15T00:24:48+00:00,sapmachine-13,20069372,False,sapmachine-jre-13_osx-x64_bin.dmg,macos,x64,jre,578
2026-09-15T00:24:48+00:00,sapmachine-13,20069372,False,sapmachine-jdk-13-1.x86_64.rpm,linux,x64,jdk,423
2026-09-15T00:24:48+00:00,sapmachine-12.0.2,18677178,False,sapmachine-jdk-12.0.2_linux-x64_bin.tar.gz,linux,x64,jdk,3539
2026-09-15T00:24:48+00:00,sapmachine-12.0.2,18677178,False,sapmachine-jre-12.0.2_linux-x64_bin.tar.gz,linux,x64,jre,4052
2026-09-15T00:24:48+00:00,sapmachine-12.0.2,18677178,False,sapmachine-jdk-12.0.2_linux-ppc64_bin.tar.gz,linux,ppc64,jdk,712
2026-09-15T00:24:48+00:00,sapmachine-12.0.2,18677178,False,sapmachine-jre-12.0.2_linux-ppc64_bin.tar.gz,linux,ppc64,jre,738
2026-09-15T00:24:48+00:00,sapmachine-12.0.2,18677178,False,sapmachine-jdk-12.0.2_linux-ppc64le_bin.tar.gz,linux,ppc64,jdk,713
2026-09-15T00:24:48+00:00,sapmachine-12.0.2,18677178,False,sapmachine-jre-12.0.2_linux-ppc64le_bin.tar.gz,linux,ppc64,jre,705
2026-09-15T00:24:48+00:00,sapmachine-12.0.2,18677178,False,sapmachine-jdk-12.0.2_osx-x64_bin.tar.gz,macos,x64,jdk,3011
2026-09-15T00:24:48+00:00,sapmachine-12.0.2,18677178,False,sapmachine-jre-12.0.2_osx-x64_bin.tar.gz,macos,x64,jre,713
2026-09-15T00:24:48+00:00,sapmachine-12.0.2,18677178,False,sapmachine-jdk-12.0.2_windows-x64_bin.zip,windows,x64,jdk,3012
2026-09-15T00:24:48+00:00,sapmachine-12.0.2,18677178,False,sapmachine-jre-12.0.2_windows-x64_bin.zip,windows,x64,jre,1212
2026-09-15T00:24:48+00:00,sapmachine-12.0.2,18677178,False,sapmachine-jdk-12.0.2_windows-x64_bin.msi,windows,x64,jdk,932
2026-09-15T00:24:48+00:00,sapmachine-11.0.4,18662772,False,sapmachine-jdk-11.0.4_linux-x64_bin.tar.gz,linux,x64,jdk,54388
2026-09-15T00:24:48+00:00,sapmachine-11.0.4,18662772,False,sapmachine-jre-11.0.4_linux-x64_bin.tar.gz,linux,x64,jre,6167
2026-09-15T00:24:48+00:00,sapmachine-11.0.4,18662772,False,sapmachine-jdk-11.0.4_linux-ppc64le_bin.tar.gz,linux,ppc64,jdk,548
2026-09-15T00:24:48+00:00,sapmachine-11.0.4,18662772,False,sapmachine-jre-11.0.4_linux-ppc64le_bin.tar.gz,linux,ppc64,jre,528
2026-09-15T00:24:48+00:00,sapmachine-11.0.4,18662772,False,sapmachine-jdk-11.0.4_linux-ppc64_bin.tar.gz,linux,ppc64,jdk,567
2026-09-15T00:24:48+00:00,sapmachine-11.0.4,18662772,False,sapmachine-jre-11.0.4_linux-ppc64_bin.tar.gz,linux,ppc64,jre,522
2026-09-15T00:24:48+00:00,sapmachine-11.0.4,18662772,False,sapmachine-jdk-11.0.4_windows-x64_bin.zip,windows,x64,jdk,4999
2026-09-15T00:24:48+00:00,sapmachine-11.0.4,18662772,False,sapmachine-jre-11.0.4_windows-x64_bin.zip,windows,x64,jre,501
2026-09-15T00:24:48+00:00,sapmachine-11.0.4,18662772,False,sapmachine-jdk-11.0.4_windows-x64_bin.msi,windows,x64,jdk,1215
2026-09-15T00:24:48+00:00,sapmachine-11.0.4,18662772,False,sapmachine-jdk-11.0.4_osx-x64_bin.tar.gz,macos,x64,jdk,1303
2026-09-15T00:24:48+00:00,sapmachine-11.0.4,18662772,False,sapmachine-jre-11.0.4_osx-x64_bin.tar.gz,macos,x64,jre,552
2026-09-15T00:24:48+00:00,sapmachine-11.0.4,18662772,False,sapmachine-jdk-11.0.4_osx-x64_bin.dmg,macos,x64,jdk,2086
2026-09-15T00:24:48+00:00,sapmachine-11.0.4,18662772,False,sapmachine-jre-11.0.4_osx-x64_bin.dmg,macos,x64,jre,582
2026-09-15T00:24:48+00:00,sapmachine-11.0.4,18662772,False,sapmachine-jdk-11.0.4-1.x86_64.rpm,linux,x64,jdk,5395
2026-09-15T00:24:48+00:00,sapmachine-11.0.3,16817222,False,sapmachine-jdk-11.0.3_linux-x64_bin.tar.gz,linux,x64,jdk,162531
2026-09-15T00:24:48+00:00,sapmachine-11.0.3,16817222,False,sapmachine-jre-11.0.3_linux-x64_bin.tar.gz,linux,x64,jre,4383
2026-09-15T00:24:48+00:00,sapmachine-11.0.3,16817222,False,sapmachine-jdk-11.0.3_linux-ppc64_bin.tar.gz,linux,ppc64,jdk,573
2026-09-15T00:24:48+00:00,sapmachine-11.0.3,16817222,False,sapmachine-jre-11.0.3_linux-ppc64_bin.tar.gz,linux,ppc64,jre,537
2026-09-15T00:24:48+00:00,sapmachine-11.0.3,16817222,False,sapmachine-jdk-11.0.3_linux-ppc64le_bin.tar.gz,linux,ppc64,jdk,649
2026-09-15T00:24:48+00:00,sapmachine-11.0.3,16817222,False,sapmachine-jre-11.0.3_linux-ppc64le_bin.tar.gz,linux,ppc64,jre,499
2026-09-15T00:24:48+00:00,sapmachine-11.0.3,16817222,False,sapmachine-jdk-11.0.3_osx-x64_bin.tar.gz,macos,x64,jdk,2693
2026-09-15T00:24:48+00:00,sapmachine-11.0.3,16817222,False,sapmachine-jre-11.0.3_osx-x64_bin.tar.gz,macos,x64,jre,622
2026-09-15T00:24:48+00:00,sapmachine-11.0.3,16817222,False,sapmachine-jdk-11.0.3_windows-x64_bin.zip,windows,x64,jdk,3036
2026-09-15T00:24:48+00:00,sapmachine-11.0.3,16817222,False,sapmachine-jre-11.0.3_windows-x64_bin.zip,windows,x64,jre,567
2026-09-15T00:24:48+00:00,sapmachine-11.0.3,16817222,False,sapmachine-jdk-11.0.3_windows-x64_bin.msi,windows,x64,jdk,1102
2026-09-15T00:24:48+00:00,sapmachine-12.0.1,16817523,False,sapmachine-jdk-12.0.1_linux-x64_bin.tar.gz,linux,x64,jdk,191927
2026-09-15T00:24:48+00:00,sapmachine-12.0.1,16817523,False,sapmachine-jre-12.0.1_linux-x64_bin.tar.gz,linux,x64,jre,3229
2026-09-15T00:24:48+00:00,sapmachine-12.0.1,16817523,False,sapmachine-jdk-12.0.1_osx-x64_bin.tar.gz,macos,x64,jdk,1786
2026-09-15T00:24:48+00:00,sapmachine-12.0.1,16817523,False,sapmachine-jre-12.0.1_osx-x64_bin.tar.gz,macos,x64,jre,517
2026-09-15T00:24:48+00:00,sapmachine-12.0.1,16817523,False,sapmachine-jdk-12.0.1_linux-ppc64_bin.tar.gz,linux,ppc64,jdk,594
2026-09-15T00:24:48+00:00,sapmachine-12.0.1,16817523,False,sapmachine-jre-12.0.1_linux-ppc64_bin.tar.gz,linux,ppc64,jre,520
2026-09-15T00:24:48+00:00,sapmachine-12.0.1,16817523,False,sapmachine-jdk-12.0.1_linux-ppc64le_bin.tar.gz,linux,ppc64,jdk,605
2026-09-15T00:24:48+00:00,sapmachine-12.0.1,16817523,False,sapmachine-jre-12.0.1_linux-ppc64le_bin.tar.gz,linux,ppc64,jre,523
2026-09-15T00:24:48+00:00,sapmachine-12.0.1,16817523,False,sapmachine-jdk-12.0.1_windows-x64_bin.zip,windows,x64,jdk,1854
2026-09-15T00:24:48+00:00,sapmachine-12.0.1,16817523,False,sapmachine-jre-12.0.1_windows-x64_bin.zip,windows,x64,jre,486
2026-09-15T00:24:48+00:00,sapmachine-12.0.1,16817523,False,sapmachine-jdk-12.0.1_windows-x64_bin.msi,windows,x64,jdk,691
2026-09-15T00:24:48+00:00,sapmachine-12,16255922,False,sapmachine-jdk-12_linux-x64_bin.tar.gz,linux,x64,jdk,568
2026-09-15T00:24:48+00:00,sapmachine-12,16255922,False,sapmachine-jre-12_linux-x64_bin.tar.gz,linux,x64,jre,3150
2026-09-15T00:24:48+00:00,sapmachine-12,16255922,False,sapmachine-jdk-12_linux-ppc64le_bin.tar.gz,linux,ppc64,jdk,557
2026-09-15T00:24:48+00:00,sapmachine-12,16255922,False,sapmachine-jre-12_linux-ppc64le_bin.tar.gz,linux,ppc64,jre,543
2026-09-15T00:24:48+00:00,sapmachine-12,16255922,False,sapmachine-jdk-12_osx-x64_bin.tar.gz,macos,x64,jdk,676
2026-09-15T00:24:48+00:00,sapmachine-12,16255922,False,sapmachine-jre-12_osx-x64_bin.tar.gz,macos,x64,jre,491
2026-09-15T00:24:48+00:00,sapmachine-12,16255922,False,sapmachine-jdk-12_linux-ppc64_bin.tar.gz,linux,ppc64,jdk,627
2026-09-15T00:24:48+00:00,sapmachine-12,16255922,False,sapmachine-jre-12_linux-ppc64_bin.tar.gz,linux,ppc64,jre,571
2026-09-15T00:24:48+00:00,sapmachine-12,16255922,False,sapmachine-jdk-12_windows-x64_bin.zip,windows,x64,jdk,589
2026-09-15T00:24:48+00:00,sapmachine-12,16255922,False,sapmachine-jre-12_windows-x64_bin.zip,windows,x64,jre,523
2026-09-15T00:24:48+00:00,sapmachine-12,16255922,False,sapmachine-jdk-12_windows-x64_bin.msi,windows,x64,jdk,536
2026-09-15T00:24:48+00:00,sapmachine-11.0.2,15006958,False,sapmachine-jdk-11.0.2_linux-x64_bin.tar.gz,linux,x64,jdk,535766
2026-09-15T00:24:48+00:00,sapmachine-11.0.2,15006958,False,sapmachine-jre-11.0.2_linux-x64_bin.tar.gz,linux,x64,jre,1434254
2026-09-15T00:24:48+00:00,sapmachine-11.0.2,15006958,False,sapmachine-jdk-11.0.2_linux-ppc64le_bin.tar.gz,linux,ppc64,jdk,564
2026-09-15T00:24:48+00:00,sapmachine-11.0.2,15006958,False,sapmachine-jre-11.0.2_linux-ppc64le_bin.tar.gz,linux,ppc64,jre,525
2026-09-15T00:24:48+00:00,sapmachine-11.0.2,15006958,False,sapmachine-jdk-11.0.2_linux-ppc64_bin.tar.gz,linux,ppc64,jdk,621
2026-09-15T00:24:48+00:00,sapmachine-11.0.2,15006958,False,sapmachine-jre-11.0.2_linux-ppc64_bin.tar.gz,linux,ppc64,jre,499
2026-09-15T00:24:48+00:00,sapmachine-11.0.2,15006958,False,sapmachine-jdk-11.0.2_windows-x64_bin.zip,windows,x64,jdk,1572
2026-09-15T00:24:48+00:00,sapmachine-11.0.2,15006958,False,sapmachine-jre-11.0.2_windows-x64_bin.zip,windows,x64,jre,635
2026-09-15T00:24:48+00:00,sapmachine-11.0.2,15006958,False,sapmachine-jdk-11.0.2_osx-x64_bin.tar.gz,macos,x64,jdk,2115
2026-09-15T00:24:48+00:00,sapmachine-11.0.2,15006958,False,sapmachine-jre-11.0.2_osx-x64_bin.tar.gz,macos,x64,jre,579
2026-09-15T00:24:48+00:00,sapmachine-11.0.2,15006958,False,sapmachine-jdk-11.0.2_windows-x64_bin.msi,windows,x64,jdk,704
2026-09-15T00:24:48+00:00,sapmachine10_linux-x64_snapshot-20180123_12_34_01,9347530,True,sapmachine-jdk-10-snapshot.47_linux-x64_bin.tar.gz,linux,x64,jdk,0
2026-09-15T00:24:48+00:00,sapmachine10_linux-x64_snapshot-20180123_12_34_01,9347530,True,sapmachine-jre-10-snapshot.47_linux-x64_bin.tar.gz,linux,x64,jre,0
