timestamp,release_name,release_id,is_prerelease,asset_name,os_name,architecture,java_type,total_downloads
2026-09-08T00:24:05+00:00,sapmachine-25.0.5+5,383777589,True,sapmachine-jdk-25.0.5-ea.5_linux-x64-musl_bin.tar.gz,alpine,x64,jdk,16
2026-09-08T00:24:05+00:00,sapmachine-25.0.5+5,383777589,True,sapmachine-jre-25.0.5-ea.5_linux-x64-musl_bin.tar.gz,alpine,x64,jre,17
2026-09-08T00:24:05+00:00,sapmachine-25.0.5+5,383777589,True,sapmachine-jdk-25.0.5-ea.5_linux-x64-musl_bin-symbols.tar.gz,alpine,x64,jdk,2
2026-09-08T00:24:05+00:00,sapmachine-25.0.5+5,383777589,True,sapmachine-jdk-25.0.5-ea.5_linux-x64_bin.tar.gz,linux,x64,jdk,17
2026-09-08T00:24:05+00:00,sapmachine-25.0.5+5,383777589,True,sapmachine-jre-25.0.5-ea.5_linux-x64_bin.tar.gz,linux,x64,jre,17
2026-09-08T00:24:05+00:00,sapmachine-25.0.5+5,383777589,True,sapmachine-jdk-25.0.5-ea.5_linux-x64_bin-symbols.tar.gz,linux,x64,jdk,2
2026-09-08T00:24:05+00:00,sapmachine-25.0.5+5,383777589,True,sapmachine-jdk-25.0.5-ea.5_aix-ppc64_bin.tar.gz,aix,ppc64,jdk,15
2026-09-08T00:24:05+00:00,sapmachine-25.0.5+5,383777589,True,sapmachine-jre-25.0.5-ea.5_aix-ppc64_bin.tar.gz,aix,ppc64,jre,16
2026-09-08T00:24:05+00:00,sapmachine-25.0.5+5,383777589,True,sapmachine-jdk-25.0.5-ea.5_aix-ppc64_bin-symbols.tar.gz,aix,ppc64,jdk,0
2026-09-08T00:24:05+00:00,sapmachine-25.0.5+5,383777589,True,sapmachine-jdk-25.0.5-ea.5_linux-ppc64le_bin.tar.gz,linux,ppc64,jdk,15
2026-09-08T00:24:05+00:00,sapmachine-25.0.5+5,383777589,True,sapmachine-jre-25.0.5-ea.5_linux-ppc64le_bin.tar.gz,linux,ppc64,jre,14
2026-09-08T00:24:05+00:00,sapmachine-25.0.5+5,383777589,True,sapmachine-jdk-25.0.5-ea.5_linux-ppc64le_bin-symbols.tar.gz,linux,ppc64,jdk,0
2026-09-08T00:24:05+00:00,sapmachine-25.0.5+5,383777589,True,sapmachine-jdk-25.0.5-ea.5_linux-aarch64_bin.tar.gz,linux,aarch64,jdk,15
2026-09-08T00:24:05+00:00,sapmachine-25.0.5+5,383777589,True,sapmachine-jre-25.0.5-ea.5_linux-aarch64_bin.tar.gz,linux,aarch64,jre,15
2026-09-08T00:24:05+00:00,sapmachine-25.0.5+5,383777589,True,sapmachine-jdk-25.0.5-ea.5_linux-aarch64_bin-symbols.tar.gz,linux,aarch64,jdk,0
2026-09-08T00:24:05+00:00,sapmachine-25.0.5+5,383777589,True,sapmachine-jdk-25.0.5-ea.5_macos-aarch64_bin.tar.gz,macos,aarch64,jdk,26
2026-09-08T00:24:05+00:00,sapmachine-25.0.5+5,383777589,True,sapmachine-jre-25.0.5-ea.5_macos-aarch64_bin.tar.gz,macos,aarch64,jre,15
2026-09-08T00:24:05+00:00,sapmachine-25.0.5+5,383777589,True,sapmachine-jdk-25.0.5-ea.5_macos-aarch64_bin-symbols.tar.gz,macos,aarch64,jdk,0
2026-09-08T00:24:05+00:00,sapmachine-25.0.5+5,383777589,True,sapmachine-jdk-25.0.5-ea.5_macos-aarch64_bin.dmg,macos,aarch64,jdk,16
2026-09-08T00:24:05+00:00,sapmachine-25.0.5+5,383777589,True,sapmachine-jre-25.0.5-ea.5_macos-aarch64_bin.dmg,macos,aarch64,jre,15
2026-09-08T00:24:05+00:00,sapmachine-25.0.5+5,383777589,True,sapmachine-jdk-25.0.5-ea.5_windows-x64_bin.zip,windows,x64,jdk,14
2026-09-08T00:24:05+00:00,sapmachine-25.0.5+5,383777589,True,sapmachine-jre-25.0.5-ea.5_windows-x64_bin.zip,windows,x64,jre,14
2026-09-08T00:24:05+00:00,sapmachine-25.0.5+5,383777589,True,sapmachine-jdk-25.0.5-ea.5_windows-x64_bin-symbols.tar.gz,windows,x64,jdk,0
2026-09-08T00:24:05+00:00,sapmachine-28+13,382721864,True,sapmachine-jdk-28-ea.13_linux-x64-musl_bin.tar.gz,alpine,x64,jdk,18
2026-09-08T00:24:05+00:00,sapmachine-28+13,382721864,True,sapmachine-jre-28-ea.13_linux-x64-musl_bin.tar.gz,alpine,x64,jre,18
2026-09-08T00:24:05+00:00,sapmachine-28+13,382721864,True,sapmachine-jdk-28-ea.13_linux-x64-musl_bin-symbols.tar.gz,alpine,x64,jdk,1
2026-09-08T00:24:05+00:00,sapmachine-28+13,382721864,True,sapmachine-jdk-28-ea.13_linux-x64_bin.tar.gz,linux,x64,jdk,18
2026-09-08T00:24:05+00:00,sapmachine-28+13,382721864,True,sapmachine-jre-28-ea.13_linux-x64_bin.tar.gz,linux,x64,jre,18
2026-09-08T00:24:05+00:00,sapmachine-28+13,382721864,True,sapmachine-jdk-28-ea.13_linux-x64_bin-symbols.tar.gz,linux,x64,jdk,1
2026-09-08T00:24:05+00:00,sapmachine-28+13,382721864,True,sapmachine-jdk-28-ea.13_macos-aarch64_bin.tar.gz,macos,aarch64,jdk,17
2026-09-08T00:24:05+00:00,sapmachine-28+13,382721864,True,sapmachine-jre-28-ea.13_macos-aarch64_bin.tar.gz,macos,aarch64,jre,18
2026-09-08T00:24:05+00:00,sapmachine-28+13,382721864,True,sapmachine-jdk-28-ea.13_macos-aarch64_bin-symbols.tar.gz,macos,aarch64,jdk,0
2026-09-08T00:24:05+00:00,sapmachine-28+13,382721864,True,sapmachine-jdk-28-ea.13_macos-aarch64_bin.dmg,macos,aarch64,jdk,21
2026-09-08T00:24:05+00:00,sapmachine-28+13,382721864,True,sapmachine-jre-28-ea.13_macos-aarch64_bin.dmg,macos,aarch64,jre,19
2026-09-08T00:24:05+00:00,sapmachine-28+13,382721864,True,sapmachine-jdk-28-ea.13_linux-ppc64le_bin.tar.gz,linux,ppc64,jdk,18
2026-09-08T00:24:05+00:00,sapmachine-28+13,382721864,True,sapmachine-jre-28-ea.13_linux-ppc64le_bin.tar.gz,linux,ppc64,jre,17
2026-09-08T00:24:05+00:00,sapmachine-28+13,382721864,True,sapmachine-jdk-28-ea.13_linux-ppc64le_bin-symbols.tar.gz,linux,ppc64,jdk,0
2026-09-08T00:24:05+00:00,sapmachine-28+13,382721864,True,sapmachine-jdk-28-ea.13_aix-ppc64_bin.tar.gz,aix,ppc64,jdk,17
2026-09-08T00:24:05+00:00,sapmachine-28+13,382721864,True,sapmachine-jre-28-ea.13_aix-ppc64_bin.tar.gz,aix,ppc64,jre,18
2026-09-08T00:24:05+00:00,sapmachine-28+13,382721864,True,sapmachine-jdk-28-ea.13_aix-ppc64_bin-symbols.tar.gz,aix,ppc64,jdk,0
2026-09-08T00:24:05+00:00,sapmachine-28+13,382721864,True,sapmachine-jdk-28-ea.13_linux-aarch64_bin.tar.gz,linux,aarch64,jdk,18
2026-09-08T00:24:05+00:00,sapmachine-28+13,382721864,True,sapmachine-jre-28-ea.13_linux-aarch64_bin.tar.gz,linux,aarch64,jre,18
2026-09-08T00:24:05+00:00,sapmachine-28+13,382721864,True,sapmachine-jdk-28-ea.13_linux-aarch64_bin-symbols.tar.gz,linux,aarch64,jdk,0
2026-09-08T00:24:05+00:00,sapmachine-28+13,382721864,True,sapmachine-jdk-28-ea.13_windows-x64_bin.zip,windows,x64,jdk,19
2026-09-08T00:24:05+00:00,sapmachine-28+13,382721864,True,sapmachine-jre-28-ea.13_windows-x64_bin.zip,windows,x64,jre,18
2026-09-08T00:24:05+00:00,sapmachine-28+13,382721864,True,sapmachine-jdk-28-ea.13_windows-x64_bin-symbols.tar.gz,windows,x64,jdk,0
2026-09-08T00:24:05+00:00,sapmachine-17.0.21+4,382421693,True,sapmachine-jdk-17.0.21-ea.4_linux-x64-musl_bin.tar.gz,alpine,x64,jdk,18
2026-09-08T00:24:05+00:00,sapmachine-17.0.21+4,382421693,True,sapmachine-jre-17.0.21-ea.4_linux-x64-musl_bin.tar.gz,alpine,x64,jre,18
2026-09-08T00:24:05+00:00,sapmachine-17.0.21+4,382421693,True,sapmachine-jdk-17.0.21-ea.4_linux-x64-musl_bin-symbols.tar.gz,alpine,x64,jdk,1
2026-09-08T00:24:05+00:00,sapmachine-17.0.21+4,382421693,True,sapmachine-jdk-17.0.21-ea.4_macos-aarch64_bin.tar.gz,macos,aarch64,jdk,343
2026-09-08T00:24:05+00:00,sapmachine-17.0.21+4,382421693,True,sapmachine-jre-17.0.21-ea.4_macos-aarch64_bin.tar.gz,macos,aarch64,jre,23
2026-09-08T00:24:05+00:00,sapmachine-17.0.21+4,382421693,True,sapmachine-jdk-17.0.21-ea.4_macos-aarch64_bin-symbols.tar.gz,macos,aarch64,jdk,1
2026-09-08T00:24:05+00:00,sapmachine-17.0.21+4,382421693,True,sapmachine-jdk-17.0.21-ea.4_macos-aarch64_bin.dmg,macos,aarch64,jdk,19
2026-09-08T00:24:05+00:00,sapmachine-17.0.21+4,382421693,True,sapmachine-jre-17.0.21-ea.4_macos-aarch64_bin.dmg,macos,aarch64,jre,19
2026-09-08T00:24:05+00:00,sapmachine-17.0.21+4,382421693,True,sapmachine-jdk-17.0.21-ea.4_linux-x64_bin.tar.gz,linux,x64,jdk,158
2026-09-08T00:24:05+00:00,sapmachine-17.0.21+4,382421693,True,sapmachine-jre-17.0.21-ea.4_linux-x64_bin.tar.gz,linux,x64,jre,17
2026-09-08T00:24:05+00:00,sapmachine-17.0.21+4,382421693,True,sapmachine-jdk-17.0.21-ea.4_linux-x64_bin-symbols.tar.gz,linux,x64,jdk,0
2026-09-08T00:24:05+00:00,sapmachine-17.0.21+4,382421693,True,sapmachine-jdk-17.0.21-ea.4_linux-ppc64le_bin.tar.gz,linux,ppc64,jdk,17
2026-09-08T00:24:05+00:00,sapmachine-17.0.21+4,382421693,True,sapmachine-jre-17.0.21-ea.4_linux-ppc64le_bin.tar.gz,linux,ppc64,jre,17
2026-09-08T00:24:05+00:00,sapmachine-17.0.21+4,382421693,True,sapmachine-jdk-17.0.21-ea.4_linux-ppc64le_bin-symbols.tar.gz,linux,ppc64,jdk,0
2026-09-08T00:24:05+00:00,sapmachine-17.0.21+4,382421693,True,sapmachine-jdk-17.0.21-ea.4_linux-aarch64_bin.tar.gz,linux,aarch64,jdk,18
2026-09-08T00:24:05+00:00,sapmachine-17.0.21+4,382421693,True,sapmachine-jre-17.0.21-ea.4_linux-aarch64_bin.tar.gz,linux,aarch64,jre,17
2026-09-08T00:24:05+00:00,sapmachine-17.0.21+4,382421693,True,sapmachine-jdk-17.0.21-ea.4_linux-aarch64_bin-symbols.tar.gz,linux,aarch64,jdk,0
2026-09-08T00:24:05+00:00,sapmachine-17.0.21+4,382421693,True,sapmachine-jdk-17.0.21-ea.4_windows-x64_bin.zip,windows,x64,jdk,152
2026-09-08T00:24:05+00:00,sapmachine-17.0.21+4,382421693,True,sapmachine-jre-17.0.21-ea.4_windows-x64_bin.zip,windows,x64,jre,16
2026-09-08T00:24:05+00:00,sapmachine-17.0.21+4,382421693,True,sapmachine-jdk-17.0.21-ea.4_windows-x64_bin-symbols.tar.gz,windows,x64,jdk,0
2026-09-08T00:24:05+00:00,sapmachine-17.0.21+4,382421693,True,sapmachine-jdk-17.0.21-ea.4_macos-x64_bin.tar.gz,macos,x64,jdk,17
2026-09-08T00:24:05+00:00,sapmachine-17.0.21+4,382421693,True,sapmachine-jre-17.0.21-ea.4_macos-x64_bin.tar.gz,macos,x64,jre,16
2026-09-08T00:24:05+00:00,sapmachine-17.0.21+4,382421693,True,sapmachine-jdk-17.0.21-ea.4_macos-x64_bin-symbols.tar.gz,macos,x64,jdk,0
2026-09-08T00:24:05+00:00,sapmachine-17.0.21+4,382421693,True,sapmachine-jdk-17.0.21-ea.4_macos-x64_bin.dmg,macos,x64,jdk,16
2026-09-08T00:24:05+00:00,sapmachine-17.0.21+4,382421693,True,sapmachine-jre-17.0.21-ea.4_macos-x64_bin.dmg,macos,x64,jre,16
2026-09-08T00:24:05+00:00,sapmachine-21.0.13+4,382421849,True,sapmachine-jdk-21.0.13-ea.4_linux-x64-musl_bin.tar.gz,alpine,x64,jdk,21
2026-09-08T00:24:05+00:00,sapmachine-21.0.13+4,382421849,True,sapmachine-jre-21.0.13-ea.4_linux-x64-musl_bin.tar.gz,alpine,x64,jre,20
2026-09-08T00:24:05+00:00,sapmachine-21.0.13+4,382421849,True,sapmachine-jdk-21.0.13-ea.4_linux-x64-musl_bin-symbols.tar.gz,alpine,x64,jdk,4
2026-09-08T00:24:05+00:00,sapmachine-21.0.13+4,382421849,True,sapmachine-jdk-21.0.13-ea.4_linux-x64_bin.tar.gz,linux,x64,jdk,163
2026-09-08T00:24:05+00:00,sapmachine-21.0.13+4,382421849,True,sapmachine-jre-21.0.13-ea.4_linux-x64_bin.tar.gz,linux,x64,jre,21
2026-09-08T00:24:05+00:00,sapmachine-21.0.13+4,382421849,True,sapmachine-jdk-21.0.13-ea.4_linux-x64_bin-symbols.tar.gz,linux,x64,jdk,3
2026-09-08T00:24:05+00:00,sapmachine-21.0.13+4,382421849,True,sapmachine-jdk-21.0.13-ea.4_macos-aarch64_bin.tar.gz,macos,aarch64,jdk,248
2026-09-08T00:24:05+00:00,sapmachine-21.0.13+4,382421849,True,sapmachine-jre-21.0.13-ea.4_macos-aarch64_bin.tar.gz,macos,aarch64,jre,22
2026-09-08T00:24:05+00:00,sapmachine-21.0.13+4,382421849,True,sapmachine-jdk-21.0.13-ea.4_macos-aarch64_bin-symbols.tar.gz,macos,aarch64,jdk,0
2026-09-08T00:24:05+00:00,sapmachine-21.0.13+4,382421849,True,sapmachine-jdk-21.0.13-ea.4_macos-aarch64_bin.dmg,macos,aarch64,jdk,18
2026-09-08T00:24:05+00:00,sapmachine-21.0.13+4,382421849,True,sapmachine-jre-21.0.13-ea.4_macos-aarch64_bin.dmg,macos,aarch64,jre,18
2026-09-08T00:24:05+00:00,sapmachine-21.0.13+4,382421849,True,sapmachine-jdk-21.0.13-ea.4_linux-ppc64le_bin.tar.gz,linux,ppc64,jdk,17
2026-09-08T00:24:05+00:00,sapmachine-21.0.13+4,382421849,True,sapmachine-jre-21.0.13-ea.4_linux-ppc64le_bin.tar.gz,linux,ppc64,jre,17
2026-09-08T00:24:05+00:00,sapmachine-21.0.13+4,382421849,True,sapmachine-jdk-21.0.13-ea.4_linux-ppc64le_bin-symbols.tar.gz,linux,ppc64,jdk,0
2026-09-08T00:24:05+00:00,sapmachine-21.0.13+4,382421849,True,sapmachine-jdk-21.0.13-ea.4_linux-aarch64_bin.tar.gz,linux,aarch64,jdk,19
2026-09-08T00:24:05+00:00,sapmachine-21.0.13+4,382421849,True,sapmachine-jre-21.0.13-ea.4_linux-aarch64_bin.tar.gz,linux,aarch64,jre,18
2026-09-08T00:24:05+00:00,sapmachine-21.0.13+4,382421849,True,sapmachine-jdk-21.0.13-ea.4_linux-aarch64_bin-symbols.tar.gz,linux,aarch64,jdk,0
2026-09-08T00:24:05+00:00,sapmachine-21.0.13+4,382421849,True,sapmachine-jdk-21.0.13-ea.4_windows-x64_bin.zip,windows,x64,jdk,155
2026-09-08T00:24:05+00:00,sapmachine-21.0.13+4,382421849,True,sapmachine-jre-21.0.13-ea.4_windows-x64_bin.zip,windows,x64,jre,16
2026-09-08T00:24:05+00:00,sapmachine-21.0.13+4,382421849,True,sapmachine-jdk-21.0.13-ea.4_windows-x64_bin-symbols.tar.gz,windows,x64,jdk,0
2026-09-08T00:24:05+00:00,sapmachine-21.0.13+4,382421849,True,sapmachine-jdk-21.0.13-ea.4_macos-x64_bin.tar.gz,macos,x64,jdk,16
2026-09-08T00:24:05+00:00,sapmachine-21.0.13+4,382421849,True,sapmachine-jre-21.0.13-ea.4_macos-x64_bin.tar.gz,macos,x64,jre,16
2026-09-08T00:24:05+00:00,sapmachine-21.0.13+4,382421849,True,sapmachine-jdk-21.0.13-ea.4_macos-x64_bin-symbols.tar.gz,macos,x64,jdk,0
2026-09-08T00:24:05+00:00,sapmachine-21.0.13+4,382421849,True,sapmachine-jdk-21.0.13-ea.4_macos-x64_bin.dmg,macos,x64,jdk,16
2026-09-08T00:24:05+00:00,sapmachine-21.0.13+4,382421849,True,sapmachine-jre-21.0.13-ea.4_macos-x64_bin.dmg,macos,x64,jre,17
2026-09-08T00:24:05+00:00,sapmachine-21.0.13+4,382421849,True,sapmachine-jdk-21.0.13-ea.4_aix-ppc64_bin.tar.gz,aix,ppc64,jdk,16
2026-09-08T00:24:05+00:00,sapmachine-21.0.13+4,382421849,True,sapmachine-jre-21.0.13-ea.4_aix-ppc64_bin.tar.gz,aix,ppc64,jre,16
2026-09-08T00:24:05+00:00,sapmachine-21.0.13+4,382421849,True,sapmachine-jdk-21.0.13-ea.4_aix-ppc64_bin-symbols.tar.gz,aix,ppc64,jdk,0
2026-09-08T00:24:05+00:00,sapmachine-28+12,381855867,True,sapmachine-jdk-28-ea.12_linux-x64-musl_bin.tar.gz,alpine,x64,jdk,17
2026-09-08T00:24:05+00:00,sapmachine-28+12,381855867,True,sapmachine-jre-28-ea.12_linux-x64-musl_bin.tar.gz,alpine,x64,jre,18
2026-09-08T00:24:05+00:00,sapmachine-28+12,381855867,True,sapmachine-jdk-28-ea.12_linux-x64-musl_bin-symbols.tar.gz,alpine,x64,jdk,0
2026-09-08T00:24:05+00:00,sapmachine-28+12,381855867,True,sapmachine-jdk-28-ea.12_linux-x64_bin.tar.gz,linux,x64,jdk,17
2026-09-08T00:24:05+00:00,sapmachine-28+12,381855867,True,sapmachine-jre-28-ea.12_linux-x64_bin.tar.gz,linux,x64,jre,17
2026-09-08T00:24:05+00:00,sapmachine-28+12,381855867,True,sapmachine-jdk-28-ea.12_linux-x64_bin-symbols.tar.gz,linux,x64,jdk,0
2026-09-08T00:24:05+00:00,sapmachine-28+12,381855867,True,sapmachine-jdk-28-ea.12_macos-aarch64_bin.tar.gz,macos,aarch64,jdk,17
2026-09-08T00:24:05+00:00,sapmachine-28+12,381855867,True,sapmachine-jre-28-ea.12_macos-aarch64_bin.tar.gz,macos,aarch64,jre,17
2026-09-08T00:24:05+00:00,sapmachine-28+12,381855867,True,sapmachine-jdk-28-ea.12_macos-aarch64_bin-symbols.tar.gz,macos,aarch64,jdk,0
2026-09-08T00:24:05+00:00,sapmachine-28+12,381855867,True,sapmachine-jdk-28-ea.12_macos-aarch64_bin.dmg,macos,aarch64,jdk,20
2026-09-08T00:24:05+00:00,sapmachine-28+12,381855867,True,sapmachine-jre-28-ea.12_macos-aarch64_bin.dmg,macos,aarch64,jre,18
2026-09-08T00:24:05+00:00,sapmachine-28+12,381855867,True,sapmachine-jdk-28-ea.12_linux-ppc64le_bin.tar.gz,linux,ppc64,jdk,18
2026-09-08T00:24:05+00:00,sapmachine-28+12,381855867,True,sapmachine-jre-28-ea.12_linux-ppc64le_bin.tar.gz,linux,ppc64,jre,17
2026-09-08T00:24:05+00:00,sapmachine-28+12,381855867,True,sapmachine-jdk-28-ea.12_linux-ppc64le_bin-symbols.tar.gz,linux,ppc64,jdk,0
2026-09-08T00:24:05+00:00,sapmachine-28+12,381855867,True,sapmachine-jdk-28-ea.12_linux-aarch64_bin.tar.gz,linux,aarch64,jdk,17
2026-09-08T00:24:05+00:00,sapmachine-28+12,381855867,True,sapmachine-jre-28-ea.12_linux-aarch64_bin.tar.gz,linux,aarch64,jre,17
2026-09-08T00:24:05+00:00,sapmachine-28+12,381855867,True,sapmachine-jdk-28-ea.12_linux-aarch64_bin-symbols.tar.gz,linux,aarch64,jdk,0
2026-09-08T00:24:05+00:00,sapmachine-28+12,381855867,True,sapmachine-jdk-28-ea.12_aix-ppc64_bin.tar.gz,aix,ppc64,jdk,18
2026-09-08T00:24:05+00:00,sapmachine-28+12,381855867,True,sapmachine-jre-28-ea.12_aix-ppc64_bin.tar.gz,aix,ppc64,jre,17
2026-09-08T00:24:05+00:00,sapmachine-28+12,381855867,True,sapmachine-jdk-28-ea.12_aix-ppc64_bin-symbols.tar.gz,aix,ppc64,jdk,0
2026-09-08T00:24:05+00:00,sapmachine-28+12,381855867,True,sapmachine-jdk-28-ea.12_windows-x64_bin.zip,windows,x64,jdk,17
2026-09-08T00:24:05+00:00,sapmachine-28+12,381855867,True,sapmachine-jre-28-ea.12_windows-x64_bin.zip,windows,x64,jre,17
2026-09-08T00:24:05+00:00,sapmachine-28+12,381855867,True,sapmachine-jdk-28-ea.12_windows-x64_bin-symbols.tar.gz,windows,x64,jdk,0
2026-09-08T00:24:05+00:00,sapmachine-25.0.5+4,381197640,True,sapmachine-jdk-25.0.5-ea.4_linux-x64-musl_bin.tar.gz,alpine,x64,jdk,19
2026-09-08T00:24:05+00:00,sapmachine-25.0.5+4,381197640,True,sapmachine-jre-25.0.5-ea.4_linux-x64-musl_bin.tar.gz,alpine,x64,jre,19
2026-09-08T00:24:05+00:00,sapmachine-25.0.5+4,381197640,True,sapmachine-jdk-25.0.5-ea.4_linux-x64-musl_bin-symbols.tar.gz,alpine,x64,jdk,1
2026-09-08T00:24:05+00:00,sapmachine-25.0.5+4,381197640,True,sapmachine-jdk-25.0.5-ea.4_aix-ppc64_bin.tar.gz,aix,ppc64,jdk,20
2026-09-08T00:24:05+00:00,sapmachine-25.0.5+4,381197640,True,sapmachine-jre-25.0.5-ea.4_aix-ppc64_bin.tar.gz,aix,ppc64,jre,18
2026-09-08T00:24:05+00:00,sapmachine-25.0.5+4,381197640,True,sapmachine-jdk-25.0.5-ea.4_aix-ppc64_bin-symbols.tar.gz,aix,ppc64,jdk,2
2026-09-08T00:24:05+00:00,sapmachine-25.0.5+4,381197640,True,sapmachine-jdk-25.0.5-ea.4_macos-aarch64_bin.tar.gz,macos,aarch64,jdk,40
2026-09-08T00:24:05+00:00,sapmachine-25.0.5+4,381197640,True,sapmachine-jre-25.0.5-ea.4_macos-aarch64_bin.tar.gz,macos,aarch64,jre,20
2026-09-08T00:24:05+00:00,sapmachine-25.0.5+4,381197640,True,sapmachine-jdk-25.0.5-ea.4_macos-aarch64_bin-symbols.tar.gz,macos,aarch64,jdk,0
2026-09-08T00:24:05+00:00,sapmachine-25.0.5+4,381197640,True,sapmachine-jdk-25.0.5-ea.4_macos-aarch64_bin.dmg,macos,aarch64,jdk,21
2026-09-08T00:24:05+00:00,sapmachine-25.0.5+4,381197640,True,sapmachine-jre-25.0.5-ea.4_macos-aarch64_bin.dmg,macos,aarch64,jre,21
2026-09-08T00:24:05+00:00,sapmachine-25.0.5+4,381197640,True,sapmachine-jdk-25.0.5-ea.4_windows-x64_bin.zip,windows,x64,jdk,20
2026-09-08T00:24:05+00:00,sapmachine-25.0.5+4,381197640,True,sapmachine-jre-25.0.5-ea.4_windows-x64_bin.zip,windows,x64,jre,20
2026-09-08T00:24:05+00:00,sapmachine-25.0.5+4,381197640,True,sapmachine-jdk-25.0.5-ea.4_windows-x64_bin-symbols.tar.gz,windows,x64,jdk,0
2026-09-08T00:24:05+00:00,sapmachine-25.0.5+4,381197640,True,sapmachine-jdk-25.0.5-ea.4_linux-aarch64_bin.tar.gz,linux,aarch64,jdk,23
2026-09-08T00:24:05+00:00,sapmachine-25.0.5+4,381197640,True,sapmachine-jre-25.0.5-ea.4_linux-aarch64_bin.tar.gz,linux,aarch64,jre,20
2026-09-08T00:24:05+00:00,sapmachine-25.0.5+4,381197640,True,sapmachine-jdk-25.0.5-ea.4_linux-aarch64_bin-symbols.tar.gz,linux,aarch64,jdk,2
2026-09-08T00:24:05+00:00,sapmachine-25.0.5+4,381197640,True,sapmachine-jdk-25.0.5-ea.4_linux-x64_bin.tar.gz,linux,x64,jdk,24
2026-09-08T00:24:05+00:00,sapmachine-25.0.5+4,381197640,True,sapmachine-jre-25.0.5-ea.4_linux-x64_bin.tar.gz,linux,x64,jre,20
2026-09-08T00:24:05+00:00,sapmachine-25.0.5+4,381197640,True,sapmachine-jdk-25.0.5-ea.4_linux-x64_bin-symbols.tar.gz,linux,x64,jdk,0
2026-09-08T00:24:05+00:00,sapmachine-25.0.5+4,381197640,True,sapmachine-jdk-25.0.5-ea.4_linux-ppc64le_bin.tar.gz,linux,ppc64,jdk,24
2026-09-08T00:24:05+00:00,sapmachine-25.0.5+4,381197640,True,sapmachine-jre-25.0.5-ea.4_linux-ppc64le_bin.tar.gz,linux,ppc64,jre,20
2026-09-08T00:24:05+00:00,sapmachine-25.0.5+4,381197640,True,sapmachine-jdk-25.0.5-ea.4_linux-ppc64le_bin-symbols.tar.gz,linux,ppc64,jdk,2
2026-09-08T00:24:05+00:00,sapmachine-17.0.21+3,376093539,True,sapmachine-jdk-17.0.21-ea.3_linux-x64-musl_bin.tar.gz,alpine,x64,jdk,33
2026-09-08T00:24:05+00:00,sapmachine-17.0.21+3,376093539,True,sapmachine-jre-17.0.21-ea.3_linux-x64-musl_bin.tar.gz,alpine,x64,jre,32
2026-09-08T00:24:05+00:00,sapmachine-17.0.21+3,376093539,True,sapmachine-jdk-17.0.21-ea.3_linux-x64-musl_bin-symbols.tar.gz,alpine,x64,jdk,2
2026-09-08T00:24:05+00:00,sapmachine-17.0.21+3,376093539,True,sapmachine-jdk-17.0.21-ea.3_linux-x64_bin.tar.gz,linux,x64,jdk,422
2026-09-08T00:24:05+00:00,sapmachine-17.0.21+3,376093539,True,sapmachine-jre-17.0.21-ea.3_linux-x64_bin.tar.gz,linux,x64,jre,34
2026-09-08T00:24:05+00:00,sapmachine-17.0.21+3,376093539,True,sapmachine-jdk-17.0.21-ea.3_linux-x64_bin-symbols.tar.gz,linux,x64,jdk,3
2026-09-08T00:24:05+00:00,sapmachine-17.0.21+3,376093539,True,sapmachine-jdk-17.0.21-ea.3_linux-ppc64le_bin.tar.gz,linux,ppc64,jdk,32
2026-09-08T00:24:05+00:00,sapmachine-17.0.21+3,376093539,True,sapmachine-jre-17.0.21-ea.3_linux-ppc64le_bin.tar.gz,linux,ppc64,jre,31
2026-09-08T00:24:05+00:00,sapmachine-17.0.21+3,376093539,True,sapmachine-jdk-17.0.21-ea.3_linux-ppc64le_bin-symbols.tar.gz,linux,ppc64,jdk,1
2026-09-08T00:24:05+00:00,sapmachine-17.0.21+3,376093539,True,sapmachine-jdk-17.0.21-ea.3_linux-aarch64_bin.tar.gz,linux,aarch64,jdk,34
2026-09-08T00:24:05+00:00,sapmachine-17.0.21+3,376093539,True,sapmachine-jre-17.0.21-ea.3_linux-aarch64_bin.tar.gz,linux,aarch64,jre,33
2026-09-08T00:24:05+00:00,sapmachine-17.0.21+3,376093539,True,sapmachine-jdk-17.0.21-ea.3_linux-aarch64_bin-symbols.tar.gz,linux,aarch64,jdk,1
2026-09-08T00:24:05+00:00,sapmachine-17.0.21+3,376093539,True,sapmachine-jdk-17.0.21-ea.3_windows-x64_bin.zip,windows,x64,jdk,356
2026-09-08T00:24:05+00:00,sapmachine-17.0.21+3,376093539,True,sapmachine-jre-17.0.21-ea.3_windows-x64_bin.zip,windows,x64,jre,31
2026-09-08T00:24:05+00:00,sapmachine-17.0.21+3,376093539,True,sapmachine-jdk-17.0.21-ea.3_windows-x64_bin-symbols.tar.gz,windows,x64,jdk,1
2026-09-08T00:24:05+00:00,sapmachine-17.0.21+3,376093539,True,sapmachine-jdk-17.0.21-ea.3_macos-x64_bin.tar.gz,macos,x64,jdk,30
2026-09-08T00:24:05+00:00,sapmachine-17.0.21+3,376093539,True,sapmachine-jre-17.0.21-ea.3_macos-x64_bin.tar.gz,macos,x64,jre,30
2026-09-08T00:24:05+00:00,sapmachine-17.0.21+3,376093539,True,sapmachine-jdk-17.0.21-ea.3_macos-x64_bin-symbols.tar.gz,macos,x64,jdk,2
2026-09-08T00:24:05+00:00,sapmachine-17.0.21+3,376093539,True,sapmachine-jdk-17.0.21-ea.3_macos-x64_bin.dmg,macos,x64,jdk,29
2026-09-08T00:24:05+00:00,sapmachine-17.0.21+3,376093539,True,sapmachine-jre-17.0.21-ea.3_macos-x64_bin.dmg,macos,x64,jre,29
2026-09-08T00:24:05+00:00,sapmachine-17.0.21+3,376093539,True,sapmachine-jdk-17.0.21-ea.3_macos-aarch64_bin.tar.gz,macos,aarch64,jdk,726
2026-09-08T00:24:05+00:00,sapmachine-17.0.21+3,376093539,True,sapmachine-jre-17.0.21-ea.3_macos-aarch64_bin.tar.gz,macos,aarch64,jre,33
2026-09-08T00:24:05+00:00,sapmachine-17.0.21+3,376093539,True,sapmachine-jdk-17.0.21-ea.3_macos-aarch64_bin-symbols.tar.gz,macos,aarch64,jdk,2
2026-09-08T00:24:05+00:00,sapmachine-17.0.21+3,376093539,True,sapmachine-jdk-17.0.21-ea.3_macos-aarch64_bin.dmg,macos,aarch64,jdk,34
2026-09-08T00:24:05+00:00,sapmachine-17.0.21+3,376093539,True,sapmachine-jre-17.0.21-ea.3_macos-aarch64_bin.dmg,macos,aarch64,jre,31
2026-09-08T00:24:05+00:00,sapmachine-21.0.13+3,376089838,True,sapmachine-jdk-21.0.13-ea.3_linux-x64_bin.tar.gz,linux,x64,jdk,361
2026-09-08T00:24:05+00:00,sapmachine-21.0.13+3,376089838,True,sapmachine-jre-21.0.13-ea.3_linux-x64_bin.tar.gz,linux,x64,jre,34
2026-09-08T00:24:05+00:00,sapmachine-21.0.13+3,376089838,True,sapmachine-jdk-21.0.13-ea.3_linux-x64_bin-symbols.tar.gz,linux,x64,jdk,2
2026-09-08T00:24:05+00:00,sapmachine-21.0.13+3,376089838,True,sapmachine-jdk-21.0.13-ea.3_aix-ppc64_bin.tar.gz,aix,ppc64,jdk,32
2026-09-08T00:24:05+00:00,sapmachine-21.0.13+3,376089838,True,sapmachine-jre-21.0.13-ea.3_aix-ppc64_bin.tar.gz,aix,ppc64,jre,32
2026-09-08T00:24:05+00:00,sapmachine-21.0.13+3,376089838,True,sapmachine-jdk-21.0.13-ea.3_aix-ppc64_bin-symbols.tar.gz,aix,ppc64,jdk,2
2026-09-08T00:24:05+00:00,sapmachine-21.0.13+3,376089838,True,sapmachine-jdk-21.0.13-ea.3_linux-x64-musl_bin.tar.gz,alpine,x64,jdk,31
2026-09-08T00:24:05+00:00,sapmachine-21.0.13+3,376089838,True,sapmachine-jre-21.0.13-ea.3_linux-x64-musl_bin.tar.gz,alpine,x64,jre,31
2026-09-08T00:24:05+00:00,sapmachine-21.0.13+3,376089838,True,sapmachine-jdk-21.0.13-ea.3_linux-x64-musl_bin-symbols.tar.gz,alpine,x64,jdk,1
2026-09-08T00:24:05+00:00,sapmachine-21.0.13+3,376089838,True,sapmachine-jdk-21.0.13-ea.3_linux-ppc64le_bin.tar.gz,linux,ppc64,jdk,31
2026-09-08T00:24:05+00:00,sapmachine-21.0.13+3,376089838,True,sapmachine-jre-21.0.13-ea.3_linux-ppc64le_bin.tar.gz,linux,ppc64,jre,32
2026-09-08T00:24:05+00:00,sapmachine-21.0.13+3,376089838,True,sapmachine-jdk-21.0.13-ea.3_linux-ppc64le_bin-symbols.tar.gz,linux,ppc64,jdk,1
2026-09-08T00:24:05+00:00,sapmachine-21.0.13+3,376089838,True,sapmachine-jdk-21.0.13-ea.3_linux-aarch64_bin.tar.gz,linux,aarch64,jdk,32
2026-09-08T00:24:05+00:00,sapmachine-21.0.13+3,376089838,True,sapmachine-jre-21.0.13-ea.3_linux-aarch64_bin.tar.gz,linux,aarch64,jre,31
2026-09-08T00:24:05+00:00,sapmachine-21.0.13+3,376089838,True,sapmachine-jdk-21.0.13-ea.3_linux-aarch64_bin-symbols.tar.gz,linux,aarch64,jdk,1
2026-09-08T00:24:05+00:00,sapmachine-21.0.13+3,376089838,True,sapmachine-jdk-21.0.13-ea.3_macos-x64_bin.tar.gz,macos,x64,jdk,33
2026-09-08T00:24:05+00:00,sapmachine-21.0.13+3,376089838,True,sapmachine-jre-21.0.13-ea.3_macos-x64_bin.tar.gz,macos,x64,jre,31
2026-09-08T00:24:05+00:00,sapmachine-21.0.13+3,376089838,True,sapmachine-jdk-21.0.13-ea.3_macos-x64_bin-symbols.tar.gz,macos,x64,jdk,2
2026-09-08T00:24:05+00:00,sapmachine-21.0.13+3,376089838,True,sapmachine-jdk-21.0.13-ea.3_macos-x64_bin.dmg,macos,x64,jdk,30
2026-09-08T00:24:05+00:00,sapmachine-21.0.13+3,376089838,True,sapmachine-jre-21.0.13-ea.3_macos-x64_bin.dmg,macos,x64,jre,29
2026-09-08T00:24:05+00:00,sapmachine-21.0.13+3,376089838,True,sapmachine-jdk-21.0.13-ea.3_windows-x64_bin.zip,windows,x64,jdk,356
2026-09-08T00:24:05+00:00,sapmachine-21.0.13+3,376089838,True,sapmachine-jre-21.0.13-ea.3_windows-x64_bin.zip,windows,x64,jre,30
2026-09-08T00:24:05+00:00,sapmachine-21.0.13+3,376089838,True,sapmachine-jdk-21.0.13-ea.3_windows-x64_bin-symbols.tar.gz,windows,x64,jdk,1
2026-09-08T00:24:05+00:00,sapmachine-21.0.13+3,376089838,True,sapmachine-jdk-21.0.13-ea.3_macos-aarch64_bin.tar.gz,macos,aarch64,jdk,484
2026-09-08T00:24:05+00:00,sapmachine-21.0.13+3,376089838,True,sapmachine-jre-21.0.13-ea.3_macos-aarch64_bin.tar.gz,macos,aarch64,jre,35
2026-09-08T00:24:05+00:00,sapmachine-21.0.13+3,376089838,True,sapmachine-jdk-21.0.13-ea.3_macos-aarch64_bin-symbols.tar.gz,macos,aarch64,jdk,2
2026-09-08T00:24:05+00:00,sapmachine-21.0.13+3,376089838,True,sapmachine-jdk-21.0.13-ea.3_macos-aarch64_bin.dmg,macos,aarch64,jdk,32
2026-09-08T00:24:05+00:00,sapmachine-21.0.13+3,376089838,True,sapmachine-jre-21.0.13-ea.3_macos-aarch64_bin.dmg,macos,aarch64,jre,30
2026-09-08T00:24:05+00:00,sapmachine-27+35,376088749,True,sapmachine-jdk-27-ea.35_linux-x64-musl_bin.tar.gz,alpine,x64,jdk,34
2026-09-08T00:24:05+00:00,sapmachine-27+35,376088749,True,sapmachine-jre-27-ea.35_linux-x64-musl_bin.tar.gz,alpine,x64,jre,33
2026-09-08T00:24:05+00:00,sapmachine-27+35,376088749,True,sapmachine-jdk-27-ea.35_linux-x64-musl_bin-symbols.tar.gz,alpine,x64,jdk,2
2026-09-08T00:24:05+00:00,sapmachine-27+35,376088749,True,sapmachine-jdk-27-ea.35_linux-x64_bin.tar.gz,linux,x64,jdk,36
2026-09-08T00:24:05+00:00,sapmachine-27+35,376088749,True,sapmachine-jre-27-ea.35_linux-x64_bin.tar.gz,linux,x64,jre,33
2026-09-08T00:24:05+00:00,sapmachine-27+35,376088749,True,sapmachine-jdk-27-ea.35_linux-x64_bin-symbols.tar.gz,linux,x64,jdk,2
2026-09-08T00:24:05+00:00,sapmachine-27+35,376088749,True,sapmachine-jdk-27-ea.35_linux-aarch64_bin.tar.gz,linux,aarch64,jdk,34
2026-09-08T00:24:05+00:00,sapmachine-27+35,376088749,True,sapmachine-jre-27-ea.35_linux-aarch64_bin.tar.gz,linux,aarch64,jre,32
2026-09-08T00:24:05+00:00,sapmachine-27+35,376088749,True,sapmachine-jdk-27-ea.35_linux-aarch64_bin-symbols.tar.gz,linux,aarch64,jdk,1
2026-09-08T00:24:05+00:00,sapmachine-27+35,376088749,True,sapmachine-jdk-27-ea.35_linux-ppc64le_bin.tar.gz,linux,ppc64,jdk,36
2026-09-08T00:24:05+00:00,sapmachine-27+35,376088749,True,sapmachine-jre-27-ea.35_linux-ppc64le_bin.tar.gz,linux,ppc64,jre,32
2026-09-08T00:24:05+00:00,sapmachine-27+35,376088749,True,sapmachine-jdk-27-ea.35_linux-ppc64le_bin-symbols.tar.gz,linux,ppc64,jdk,1
2026-09-08T00:24:05+00:00,sapmachine-27+35,376088749,True,sapmachine-jdk-27-ea.35_aix-ppc64_bin.tar.gz,aix,ppc64,jdk,33
2026-09-08T00:24:05+00:00,sapmachine-27+35,376088749,True,sapmachine-jre-27-ea.35_aix-ppc64_bin.tar.gz,aix,ppc64,jre,32
2026-09-08T00:24:05+00:00,sapmachine-27+35,376088749,True,sapmachine-jdk-27-ea.35_aix-ppc64_bin-symbols.tar.gz,aix,ppc64,jdk,1
2026-09-08T00:24:05+00:00,sapmachine-27+35,376088749,True,sapmachine-jdk-27-ea.35_macos-aarch64_bin.tar.gz,macos,aarch64,jdk,38
2026-09-08T00:24:05+00:00,sapmachine-27+35,376088749,True,sapmachine-jre-27-ea.35_macos-aarch64_bin.tar.gz,macos,aarch64,jre,35
2026-09-08T00:24:05+00:00,sapmachine-27+35,376088749,True,sapmachine-jdk-27-ea.35_macos-aarch64_bin-symbols.tar.gz,macos,aarch64,jdk,1
2026-09-08T00:24:05+00:00,sapmachine-27+35,376088749,True,sapmachine-jdk-27-ea.35_macos-aarch64_bin.dmg,macos,aarch64,jdk,34
2026-09-08T00:24:05+00:00,sapmachine-27+35,376088749,True,sapmachine-jre-27-ea.35_macos-aarch64_bin.dmg,macos,aarch64,jre,30
2026-09-08T00:24:05+00:00,sapmachine-27+35,376088749,True,sapmachine-jdk-27-ea.35_windows-x64_bin.zip,windows,x64,jdk,37
2026-09-08T00:24:05+00:00,sapmachine-27+35,376088749,True,sapmachine-jre-27-ea.35_windows-x64_bin.zip,windows,x64,jre,32
2026-09-08T00:24:05+00:00,sapmachine-27+35,376088749,True,sapmachine-jdk-27-ea.35_windows-x64_bin-symbols.tar.gz,windows,x64,jdk,1
2026-09-08T00:24:05+00:00,sapmachine-25.0.5+3,375384200,True,sapmachine-jdk-25.0.5-ea.3_linux-x64-musl_bin.tar.gz,alpine,x64,jdk,35
2026-09-08T00:24:05+00:00,sapmachine-25.0.5+3,375384200,True,sapmachine-jre-25.0.5-ea.3_linux-x64-musl_bin.tar.gz,alpine,x64,jre,33
2026-09-08T00:24:05+00:00,sapmachine-25.0.5+3,375384200,True,sapmachine-jdk-25.0.5-ea.3_linux-x64-musl_bin-symbols.tar.gz,alpine,x64,jdk,3
2026-09-08T00:24:05+00:00,sapmachine-25.0.5+3,375384200,True,sapmachine-jdk-25.0.5-ea.3_linux-x64_bin.tar.gz,linux,x64,jdk,44
2026-09-08T00:24:05+00:00,sapmachine-25.0.5+3,375384200,True,sapmachine-jre-25.0.5-ea.3_linux-x64_bin.tar.gz,linux,x64,jre,36
2026-09-08T00:24:05+00:00,sapmachine-25.0.5+3,375384200,True,sapmachine-jdk-25.0.5-ea.3_linux-x64_bin-symbols.tar.gz,linux,x64,jdk,2
2026-09-08T00:24:05+00:00,sapmachine-25.0.5+3,375384200,True,sapmachine-jdk-25.0.5-ea.3_linux-ppc64le_bin.tar.gz,linux,ppc64,jdk,34
2026-09-08T00:24:05+00:00,sapmachine-25.0.5+3,375384200,True,sapmachine-jre-25.0.5-ea.3_linux-ppc64le_bin.tar.gz,linux,ppc64,jre,34
2026-09-08T00:24:05+00:00,sapmachine-25.0.5+3,375384200,True,sapmachine-jdk-25.0.5-ea.3_linux-ppc64le_bin-symbols.tar.gz,linux,ppc64,jdk,2
2026-09-08T00:24:05+00:00,sapmachine-25.0.5+3,375384200,True,sapmachine-jdk-25.0.5-ea.3_linux-aarch64_bin.tar.gz,linux,aarch64,jdk,34
2026-09-08T00:24:05+00:00,sapmachine-25.0.5+3,375384200,True,sapmachine-jre-25.0.5-ea.3_linux-aarch64_bin.tar.gz,linux,aarch64,jre,35
2026-09-08T00:24:05+00:00,sapmachine-25.0.5+3,375384200,True,sapmachine-jdk-25.0.5-ea.3_linux-aarch64_bin-symbols.tar.gz,linux,aarch64,jdk,1
2026-09-08T00:24:05+00:00,sapmachine-25.0.5+3,375384200,True,sapmachine-jdk-25.0.5-ea.3_aix-ppc64_bin.tar.gz,aix,ppc64,jdk,32
2026-09-08T00:24:05+00:00,sapmachine-25.0.5+3,375384200,True,sapmachine-jre-25.0.5-ea.3_aix-ppc64_bin.tar.gz,aix,ppc64,jre,32
2026-09-08T00:24:05+00:00,sapmachine-25.0.5+3,375384200,True,sapmachine-jdk-25.0.5-ea.3_aix-ppc64_bin-symbols.tar.gz,aix,ppc64,jdk,1
2026-09-08T00:24:05+00:00,sapmachine-25.0.5+3,375384200,True,sapmachine-jdk-25.0.5-ea.3_macos-aarch64_bin.tar.gz,macos,aarch64,jdk,41
2026-09-08T00:24:05+00:00,sapmachine-25.0.5+3,375384200,True,sapmachine-jre-25.0.5-ea.3_macos-aarch64_bin.tar.gz,macos,aarch64,jre,32
2026-09-08T00:24:05+00:00,sapmachine-25.0.5+3,375384200,True,sapmachine-jdk-25.0.5-ea.3_macos-aarch64_bin-symbols.tar.gz,macos,aarch64,jdk,1
2026-09-08T00:24:05+00:00,sapmachine-25.0.5+3,375384200,True,sapmachine-jdk-25.0.5-ea.3_macos-aarch64_bin.dmg,macos,aarch64,jdk,32
2026-09-08T00:24:05+00:00,sapmachine-25.0.5+3,375384200,True,sapmachine-jre-25.0.5-ea.3_macos-aarch64_bin.dmg,macos,aarch64,jre,31
2026-09-08T00:24:05+00:00,sapmachine-25.0.5+3,375384200,True,sapmachine-jdk-25.0.5-ea.3_windows-x64_bin.zip,windows,x64,jdk,37
2026-09-08T00:24:05+00:00,sapmachine-25.0.5+3,375384200,True,sapmachine-jre-25.0.5-ea.3_windows-x64_bin.zip,windows,x64,jre,36
2026-09-08T00:24:05+00:00,sapmachine-25.0.5+3,375384200,True,sapmachine-jdk-25.0.5-ea.3_windows-x64_bin-symbols.tar.gz,windows,x64,jdk,1
2026-09-08T00:24:05+00:00,sapmachine-17.0.21+2,370777100,True,sapmachine-jdk-17.0.21-ea.2_linux-x64-musl_bin.tar.gz,alpine,x64,jdk,32
2026-09-08T00:24:05+00:00,sapmachine-17.0.21+2,370777100,True,sapmachine-jre-17.0.21-ea.2_linux-x64-musl_bin.tar.gz,alpine,x64,jre,31
2026-09-08T00:24:05+00:00,sapmachine-17.0.21+2,370777100,True,sapmachine-jdk-17.0.21-ea.2_linux-x64-musl_bin-symbols.tar.gz,alpine,x64,jdk,1
2026-09-08T00:24:05+00:00,sapmachine-17.0.21+2,370777100,True,sapmachine-jdk-17.0.21-ea.2_linux-x64_bin.tar.gz,linux,x64,jdk,348
2026-09-08T00:24:05+00:00,sapmachine-17.0.21+2,370777100,True,sapmachine-jre-17.0.21-ea.2_linux-x64_bin.tar.gz,linux,x64,jre,33
2026-09-08T00:24:05+00:00,sapmachine-17.0.21+2,370777100,True,sapmachine-jdk-17.0.21-ea.2_linux-x64_bin-symbols.tar.gz,linux,x64,jdk,1
2026-09-08T00:24:05+00:00,sapmachine-17.0.21+2,370777100,True,sapmachine-jdk-17.0.21-ea.2_macos-aarch64_bin.tar.gz,macos,aarch64,jdk,657
2026-09-08T00:24:05+00:00,sapmachine-17.0.21+2,370777100,True,sapmachine-jre-17.0.21-ea.2_macos-aarch64_bin.tar.gz,macos,aarch64,jre,34
2026-09-08T00:24:05+00:00,sapmachine-17.0.21+2,370777100,True,sapmachine-jdk-17.0.21-ea.2_macos-aarch64_bin-symbols.tar.gz,macos,aarch64,jdk,1
2026-09-08T00:24:05+00:00,sapmachine-17.0.21+2,370777100,True,sapmachine-jdk-17.0.21-ea.2_macos-aarch64_bin.dmg,macos,aarch64,jdk,34
2026-09-08T00:24:05+00:00,sapmachine-17.0.21+2,370777100,True,sapmachine-jre-17.0.21-ea.2_macos-aarch64_bin.dmg,macos,aarch64,jre,32
2026-09-08T00:24:05+00:00,sapmachine-17.0.21+2,370777100,True,sapmachine-jdk-17.0.21-ea.2_linux-ppc64le_bin.tar.gz,linux,ppc64,jdk,34
2026-09-08T00:24:05+00:00,sapmachine-17.0.21+2,370777100,True,sapmachine-jre-17.0.21-ea.2_linux-ppc64le_bin.tar.gz,linux,ppc64,jre,33
2026-09-08T00:24:05+00:00,sapmachine-17.0.21+2,370777100,True,sapmachine-jdk-17.0.21-ea.2_linux-ppc64le_bin-symbols.tar.gz,linux,ppc64,jdk,1
2026-09-08T00:24:05+00:00,sapmachine-17.0.21+2,370777100,True,sapmachine-jdk-17.0.21-ea.2_linux-aarch64_bin.tar.gz,linux,aarch64,jdk,34
2026-09-08T00:24:05+00:00,sapmachine-17.0.21+2,370777100,True,sapmachine-jre-17.0.21-ea.2_linux-aarch64_bin.tar.gz,linux,aarch64,jre,33
2026-09-08T00:24:05+00:00,sapmachine-17.0.21+2,370777100,True,sapmachine-jdk-17.0.21-ea.2_linux-aarch64_bin-symbols.tar.gz,linux,aarch64,jdk,1
2026-09-08T00:24:05+00:00,sapmachine-17.0.21+2,370777100,True,sapmachine-jdk-17.0.21-ea.2_windows-x64_bin.zip,windows,x64,jdk,341
2026-09-08T00:24:05+00:00,sapmachine-17.0.21+2,370777100,True,sapmachine-jre-17.0.21-ea.2_windows-x64_bin.zip,windows,x64,jre,34
2026-09-08T00:24:05+00:00,sapmachine-17.0.21+2,370777100,True,sapmachine-jdk-17.0.21-ea.2_windows-x64_bin-symbols.tar.gz,windows,x64,jdk,1
2026-09-08T00:24:05+00:00,sapmachine-17.0.21+2,370777100,True,sapmachine-jdk-17.0.21-ea.2_macos-x64_bin.tar.gz,macos,x64,jdk,32
2026-09-08T00:24:05+00:00,sapmachine-17.0.21+2,370777100,True,sapmachine-jre-17.0.21-ea.2_macos-x64_bin.tar.gz,macos,x64,jre,31
2026-09-08T00:24:05+00:00,sapmachine-17.0.21+2,370777100,True,sapmachine-jdk-17.0.21-ea.2_macos-x64_bin-symbols.tar.gz,macos,x64,jdk,1
2026-09-08T00:24:05+00:00,sapmachine-17.0.21+2,370777100,True,sapmachine-jdk-17.0.21-ea.2_macos-x64_bin.dmg,macos,x64,jdk,31
2026-09-08T00:24:05+00:00,sapmachine-17.0.21+2,370777100,True,sapmachine-jre-17.0.21-ea.2_macos-x64_bin.dmg,macos,x64,jre,30
2026-09-08T00:24:05+00:00,sapmachine-21.0.13+2,370772499,True,sapmachine-jdk-21.0.13-ea.2_linux-x64-musl_bin.tar.gz,alpine,x64,jdk,33
2026-09-08T00:24:05+00:00,sapmachine-21.0.13+2,370772499,True,sapmachine-jre-21.0.13-ea.2_linux-x64-musl_bin.tar.gz,alpine,x64,jre,32
2026-09-08T00:24:05+00:00,sapmachine-21.0.13+2,370772499,True,sapmachine-jdk-21.0.13-ea.2_linux-x64-musl_bin-symbols.tar.gz,alpine,x64,jdk,1
2026-09-08T00:24:05+00:00,sapmachine-21.0.13+2,370772499,True,sapmachine-jdk-21.0.13-ea.2_linux-x64_bin.tar.gz,linux,x64,jdk,343
2026-09-08T00:24:05+00:00,sapmachine-21.0.13+2,370772499,True,sapmachine-jre-21.0.13-ea.2_linux-x64_bin.tar.gz,linux,x64,jre,33
2026-09-08T00:24:05+00:00,sapmachine-21.0.13+2,370772499,True,sapmachine-jdk-21.0.13-ea.2_linux-x64_bin-symbols.tar.gz,linux,x64,jdk,1
2026-09-08T00:24:05+00:00,sapmachine-21.0.13+2,370772499,True,sapmachine-jdk-21.0.13-ea.2_aix-ppc64_bin.tar.gz,aix,ppc64,jdk,32
2026-09-08T00:24:05+00:00,sapmachine-21.0.13+2,370772499,True,sapmachine-jre-21.0.13-ea.2_aix-ppc64_bin.tar.gz,aix,ppc64,jre,32
2026-09-08T00:24:05+00:00,sapmachine-21.0.13+2,370772499,True,sapmachine-jdk-21.0.13-ea.2_aix-ppc64_bin-symbols.tar.gz,aix,ppc64,jdk,1
2026-09-08T00:24:05+00:00,sapmachine-21.0.13+2,370772499,True,sapmachine-jdk-21.0.13-ea.2_macos-aarch64_bin.tar.gz,macos,aarch64,jdk,427
2026-09-08T00:24:05+00:00,sapmachine-21.0.13+2,370772499,True,sapmachine-jre-21.0.13-ea.2_macos-aarch64_bin.tar.gz,macos,aarch64,jre,36
2026-09-08T00:24:05+00:00,sapmachine-21.0.13+2,370772499,True,sapmachine-jdk-21.0.13-ea.2_macos-aarch64_bin-symbols.tar.gz,macos,aarch64,jdk,1
2026-09-08T00:24:05+00:00,sapmachine-21.0.13+2,370772499,True,sapmachine-jdk-21.0.13-ea.2_macos-aarch64_bin.dmg,macos,aarch64,jdk,34
2026-09-08T00:24:05+00:00,sapmachine-21.0.13+2,370772499,True,sapmachine-jre-21.0.13-ea.2_macos-aarch64_bin.dmg,macos,aarch64,jre,32
2026-09-08T00:24:05+00:00,sapmachine-21.0.13+2,370772499,True,sapmachine-jdk-21.0.13-ea.2_linux-ppc64le_bin.tar.gz,linux,ppc64,jdk,34
2026-09-08T00:24:05+00:00,sapmachine-21.0.13+2,370772499,True,sapmachine-jre-21.0.13-ea.2_linux-ppc64le_bin.tar.gz,linux,ppc64,jre,34
2026-09-08T00:24:05+00:00,sapmachine-21.0.13+2,370772499,True,sapmachine-jdk-21.0.13-ea.2_linux-ppc64le_bin-symbols.tar.gz,linux,ppc64,jdk,1
2026-09-08T00:24:05+00:00,sapmachine-21.0.13+2,370772499,True,sapmachine-jdk-21.0.13-ea.2_linux-aarch64_bin.tar.gz,linux,aarch64,jdk,34
2026-09-08T00:24:05+00:00,sapmachine-21.0.13+2,370772499,True,sapmachine-jre-21.0.13-ea.2_linux-aarch64_bin.tar.gz,linux,aarch64,jre,34
2026-09-08T00:24:05+00:00,sapmachine-21.0.13+2,370772499,True,sapmachine-jdk-21.0.13-ea.2_linux-aarch64_bin-symbols.tar.gz,linux,aarch64,jdk,1
2026-09-08T00:24:05+00:00,sapmachine-21.0.13+2,370772499,True,sapmachine-jdk-21.0.13-ea.2_macos-x64_bin.tar.gz,macos,x64,jdk,33
2026-09-08T00:24:05+00:00,sapmachine-21.0.13+2,370772499,True,sapmachine-jre-21.0.13-ea.2_macos-x64_bin.tar.gz,macos,x64,jre,31
2026-09-08T00:24:05+00:00,sapmachine-21.0.13+2,370772499,True,sapmachine-jdk-21.0.13-ea.2_macos-x64_bin-symbols.tar.gz,macos,x64,jdk,1
2026-09-08T00:24:05+00:00,sapmachine-21.0.13+2,370772499,True,sapmachine-jdk-21.0.13-ea.2_macos-x64_bin.dmg,macos,x64,jdk,31
2026-09-08T00:24:05+00:00,sapmachine-21.0.13+2,370772499,True,sapmachine-jre-21.0.13-ea.2_macos-x64_bin.dmg,macos,x64,jre,30
2026-09-08T00:24:05+00:00,sapmachine-21.0.13+2,370772499,True,sapmachine-jdk-21.0.13-ea.2_windows-x64_bin.zip,windows,x64,jdk,353
2026-09-08T00:24:05+00:00,sapmachine-21.0.13+2,370772499,True,sapmachine-jre-21.0.13-ea.2_windows-x64_bin.zip,windows,x64,jre,34
2026-09-08T00:24:05+00:00,sapmachine-21.0.13+2,370772499,True,sapmachine-jdk-21.0.13-ea.2_windows-x64_bin-symbols.tar.gz,windows,x64,jdk,1
2026-09-08T00:24:05+00:00,sapmachine-25.0.5+2,370767000,True,sapmachine-jdk-25.0.5-ea.2_linux-x64-musl_bin.tar.gz,alpine,x64,jdk,33
2026-09-08T00:24:05+00:00,sapmachine-25.0.5+2,370767000,True,sapmachine-jre-25.0.5-ea.2_linux-x64-musl_bin.tar.gz,alpine,x64,jre,33
2026-09-08T00:24:05+00:00,sapmachine-25.0.5+2,370767000,True,sapmachine-jdk-25.0.5-ea.2_linux-x64-musl_bin-symbols.tar.gz,alpine,x64,jdk,2
2026-09-08T00:24:05+00:00,sapmachine-25.0.5+2,370767000,True,sapmachine-jdk-25.0.5-ea.2_linux-x64_bin.tar.gz,linux,x64,jdk,35
2026-09-08T00:24:05+00:00,sapmachine-25.0.5+2,370767000,True,sapmachine-jre-25.0.5-ea.2_linux-x64_bin.tar.gz,linux,x64,jre,34
2026-09-08T00:24:05+00:00,sapmachine-25.0.5+2,370767000,True,sapmachine-jdk-25.0.5-ea.2_linux-x64_bin-symbols.tar.gz,linux,x64,jdk,1
2026-09-08T00:24:05+00:00,sapmachine-25.0.5+2,370767000,True,sapmachine-jdk-25.0.5-ea.2_aix-ppc64_bin.tar.gz,aix,ppc64,jdk,32
2026-09-08T00:24:05+00:00,sapmachine-25.0.5+2,370767000,True,sapmachine-jre-25.0.5-ea.2_aix-ppc64_bin.tar.gz,aix,ppc64,jre,32
2026-09-08T00:24:05+00:00,sapmachine-25.0.5+2,370767000,True,sapmachine-jdk-25.0.5-ea.2_aix-ppc64_bin-symbols.tar.gz,aix,ppc64,jdk,1
2026-09-08T00:24:05+00:00,sapmachine-25.0.5+2,370767000,True,sapmachine-jdk-25.0.5-ea.2_macos-aarch64_bin.tar.gz,macos,aarch64,jdk,63
2026-09-08T00:24:05+00:00,sapmachine-25.0.5+2,370767000,True,sapmachine-jre-25.0.5-ea.2_macos-aarch64_bin.tar.gz,macos,aarch64,jre,32
2026-09-08T00:24:05+00:00,sapmachine-25.0.5+2,370767000,True,sapmachine-jdk-25.0.5-ea.2_macos-aarch64_bin-symbols.tar.gz,macos,aarch64,jdk,2
2026-09-08T00:24:05+00:00,sapmachine-25.0.5+2,370767000,True,sapmachine-jdk-25.0.5-ea.2_macos-aarch64_bin.dmg,macos,aarch64,jdk,34
2026-09-08T00:24:05+00:00,sapmachine-25.0.5+2,370767000,True,sapmachine-jre-25.0.5-ea.2_macos-aarch64_bin.dmg,macos,aarch64,jre,33
2026-09-08T00:24:05+00:00,sapmachine-25.0.5+2,370767000,True,sapmachine-jdk-25.0.5-ea.2_linux-ppc64le_bin.tar.gz,linux,ppc64,jdk,34
2026-09-08T00:24:05+00:00,sapmachine-25.0.5+2,370767000,True,sapmachine-jre-25.0.5-ea.2_linux-ppc64le_bin.tar.gz,linux,ppc64,jre,34
2026-09-08T00:24:05+00:00,sapmachine-25.0.5+2,370767000,True,sapmachine-jdk-25.0.5-ea.2_linux-ppc64le_bin-symbols.tar.gz,linux,ppc64,jdk,1
2026-09-08T00:24:05+00:00,sapmachine-25.0.5+2,370767000,True,sapmachine-jdk-25.0.5-ea.2_linux-aarch64_bin.tar.gz,linux,aarch64,jdk,34
2026-09-08T00:24:05+00:00,sapmachine-25.0.5+2,370767000,True,sapmachine-jre-25.0.5-ea.2_linux-aarch64_bin.tar.gz,linux,aarch64,jre,34
2026-09-08T00:24:05+00:00,sapmachine-25.0.5+2,370767000,True,sapmachine-jdk-25.0.5-ea.2_linux-aarch64_bin-symbols.tar.gz,linux,aarch64,jdk,1
2026-09-08T00:24:05+00:00,sapmachine-25.0.5+2,370767000,True,sapmachine-jdk-25.0.5-ea.2_windows-x64_bin.zip,windows,x64,jdk,37
2026-09-08T00:24:05+00:00,sapmachine-25.0.5+2,370767000,True,sapmachine-jre-25.0.5-ea.2_windows-x64_bin.zip,windows,x64,jre,35
2026-09-08T00:24:05+00:00,sapmachine-25.0.5+2,370767000,True,sapmachine-jdk-25.0.5-ea.2_windows-x64_bin-symbols.tar.gz,windows,x64,jdk,1
2026-09-08T00:24:05+00:00,sapmachine-28+11,370765788,True,sapmachine-jdk-28-ea.11_linux-x64_bin.tar.gz,linux,x64,jdk,35
2026-09-08T00:24:05+00:00,sapmachine-28+11,370765788,True,sapmachine-jre-28-ea.11_linux-x64_bin.tar.gz,linux,x64,jre,33
2026-09-08T00:24:05+00:00,sapmachine-28+11,370765788,True,sapmachine-jdk-28-ea.11_linux-x64_bin-symbols.tar.gz,linux,x64,jdk,2
2026-09-08T00:24:05+00:00,sapmachine-28+11,370765788,True,sapmachine-jdk-28-ea.11_linux-x64-musl_bin.tar.gz,alpine,x64,jdk,35
2026-09-08T00:24:05+00:00,sapmachine-28+11,370765788,True,sapmachine-jre-28-ea.11_linux-x64-musl_bin.tar.gz,alpine,x64,jre,34
2026-09-08T00:24:05+00:00,sapmachine-28+11,370765788,True,sapmachine-jdk-28-ea.11_linux-x64-musl_bin-symbols.tar.gz,alpine,x64,jdk,2
2026-09-08T00:24:05+00:00,sapmachine-28+11,370765788,True,sapmachine-jdk-28-ea.11_aix-ppc64_bin.tar.gz,aix,ppc64,jdk,34
2026-09-08T00:24:05+00:00,sapmachine-28+11,370765788,True,sapmachine-jre-28-ea.11_aix-ppc64_bin.tar.gz,aix,ppc64,jre,33
2026-09-08T00:24:05+00:00,sapmachine-28+11,370765788,True,sapmachine-jdk-28-ea.11_aix-ppc64_bin-symbols.tar.gz,aix,ppc64,jdk,1
2026-09-08T00:24:05+00:00,sapmachine-28+11,370765788,True,sapmachine-jdk-28-ea.11_macos-aarch64_bin.tar.gz,macos,aarch64,jdk,33
2026-09-08T00:24:05+00:00,sapmachine-28+11,370765788,True,sapmachine-jre-28-ea.11_macos-aarch64_bin.tar.gz,macos,aarch64,jre,33
2026-09-08T00:24:05+00:00,sapmachine-28+11,370765788,True,sapmachine-jdk-28-ea.11_macos-aarch64_bin-symbols.tar.gz,macos,aarch64,jdk,1
2026-09-08T00:24:05+00:00,sapmachine-28+11,370765788,True,sapmachine-jdk-28-ea.11_macos-aarch64_bin.dmg,macos,aarch64,jdk,36
2026-09-08T00:24:05+00:00,sapmachine-28+11,370765788,True,sapmachine-jre-28-ea.11_macos-aarch64_bin.dmg,macos,aarch64,jre,34
2026-09-08T00:24:05+00:00,sapmachine-28+11,370765788,True,sapmachine-jdk-28-ea.11_linux-ppc64le_bin.tar.gz,linux,ppc64,jdk,31
2026-09-08T00:24:05+00:00,sapmachine-28+11,370765788,True,sapmachine-jre-28-ea.11_linux-ppc64le_bin.tar.gz,linux,ppc64,jre,31
2026-09-08T00:24:05+00:00,sapmachine-28+11,370765788,True,sapmachine-jdk-28-ea.11_linux-ppc64le_bin-symbols.tar.gz,linux,ppc64,jdk,1
2026-09-08T00:24:05+00:00,sapmachine-28+11,370765788,True,sapmachine-jdk-28-ea.11_linux-aarch64_bin.tar.gz,linux,aarch64,jdk,32
2026-09-08T00:24:05+00:00,sapmachine-28+11,370765788,True,sapmachine-jre-28-ea.11_linux-aarch64_bin.tar.gz,linux,aarch64,jre,32
2026-09-08T00:24:05+00:00,sapmachine-28+11,370765788,True,sapmachine-jdk-28-ea.11_linux-aarch64_bin-symbols.tar.gz,linux,aarch64,jdk,1
2026-09-08T00:24:05+00:00,sapmachine-28+11,370765788,True,sapmachine-jdk-28-ea.11_windows-x64_bin.zip,windows,x64,jdk,35
2026-09-08T00:24:05+00:00,sapmachine-28+11,370765788,True,sapmachine-jre-28-ea.11_windows-x64_bin.zip,windows,x64,jre,35
2026-09-08T00:24:05+00:00,sapmachine-28+11,370765788,True,sapmachine-jdk-28-ea.11_windows-x64_bin-symbols.tar.gz,windows,x64,jdk,1
2026-09-08T00:24:05+00:00,sapmachine-17.0.20.1,372686560,False,sapmachine-17.0.20.1-sbom-linux-aarch64.json,linux,aarch64,,24
2026-09-08T00:24:05+00:00,sapmachine-17.0.20.1,372686560,False,sapmachine-17.0.20.1-sbom-linux-ppc64le.json,linux,ppc64,,24
2026-09-08T00:24:05+00:00,sapmachine-17.0.20.1,372686560,False,sapmachine-17.0.20.1-sbom-linux-x64-musl.json,alpine,x64,,24
2026-09-08T00:24:05+00:00,sapmachine-17.0.20.1,372686560,False,sapmachine-17.0.20.1-sbom-linux-x64.json,linux,x64,,25
2026-09-08T00:24:05+00:00,sapmachine-17.0.20.1,372686560,False,sapmachine-17.0.20.1-sbom-macos-aarch64.json,macos,aarch64,,24
2026-09-08T00:24:05+00:00,sapmachine-17.0.20.1,372686560,False,sapmachine-17.0.20.1-sbom-macos-x64.json,macos,x64,,24
2026-09-08T00:24:05+00:00,sapmachine-17.0.20.1,372686560,False,sapmachine-17.0.20.1-sbom-windows-x64.json,windows,x64,,24
2026-09-08T00:24:05+00:00,sapmachine-17.0.20.1,372686560,False,sapmachine-jdk-17.0.20.1_linux-aarch64_bin-symbols.tar.gz,linux,aarch64,jdk,3
2026-09-08T00:24:05+00:00,sapmachine-17.0.20.1,372686560,False,sapmachine-jdk-17.0.20.1_linux-aarch64_bin.tar.gz,linux,aarch64,jdk,150
2026-09-08T00:24:05+00:00,sapmachine-17.0.20.1,372686560,False,sapmachine-jdk-17.0.20.1_linux-ppc64le_bin-symbols.tar.gz,linux,ppc64,jdk,3
2026-09-08T00:24:05+00:00,sapmachine-17.0.20.1,372686560,False,sapmachine-jdk-17.0.20.1_linux-ppc64le_bin.tar.gz,linux,ppc64,jdk,54
2026-09-08T00:24:05+00:00,sapmachine-17.0.20.1,372686560,False,sapmachine-jdk-17.0.20.1_linux-x64-musl_bin-symbols.tar.gz,alpine,x64,jdk,3
2026-09-08T00:24:05+00:00,sapmachine-17.0.20.1,372686560,False,sapmachine-jdk-17.0.20.1_linux-x64-musl_bin.tar.gz,alpine,x64,jdk,912
2026-09-08T00:24:05+00:00,sapmachine-17.0.20.1,372686560,False,sapmachine-jdk-17.0.20.1_linux-x64_bin-symbols.tar.gz,linux,x64,jdk,3
2026-09-08T00:24:05+00:00,sapmachine-17.0.20.1,372686560,False,sapmachine-jdk-17.0.20.1_linux-x64_bin.tar.gz,linux,x64,jdk,17727
2026-09-08T00:24:05+00:00,sapmachine-17.0.20.1,372686560,False,sapmachine-jdk-17.0.20.1_macos-aarch64_bin-symbols.tar.gz,macos,aarch64,jdk,3
2026-09-08T00:24:05+00:00,sapmachine-17.0.20.1,372686560,False,sapmachine-jdk-17.0.20.1_macos-aarch64_bin.dmg,macos,aarch64,jdk,327
2026-09-08T00:24:05+00:00,sapmachine-17.0.20.1,372686560,False,sapmachine-jdk-17.0.20.1_macos-aarch64_bin.tar.gz,macos,aarch64,jdk,13532
2026-09-08T00:24:05+00:00,sapmachine-17.0.20.1,372686560,False,sapmachine-jdk-17.0.20.1_macos-x64_bin-symbols.tar.gz,macos,x64,jdk,3
2026-09-08T00:24:05+00:00,sapmachine-17.0.20.1,372686560,False,sapmachine-jdk-17.0.20.1_macos-x64_bin.dmg,macos,x64,jdk,137
2026-09-08T00:24:05+00:00,sapmachine-17.0.20.1,372686560,False,sapmachine-jdk-17.0.20.1_macos-x64_bin.tar.gz,macos,x64,jdk,1197
2026-09-08T00:24:05+00:00,sapmachine-17.0.20.1,372686560,False,sapmachine-jdk-17.0.20.1_windows-x64_bin-symbols.tar.gz,windows,x64,jdk,4
2026-09-08T00:24:05+00:00,sapmachine-17.0.20.1,372686560,False,sapmachine-jdk-17.0.20.1_windows-x64_bin.msi,windows,x64,jdk,607
2026-09-08T00:24:05+00:00,sapmachine-17.0.20.1,372686560,False,sapmachine-jdk-17.0.20.1_windows-x64_bin.zip,windows,x64,jdk,2108
2026-09-08T00:24:05+00:00,sapmachine-17.0.20.1,372686560,False,sapmachine-jre-17.0.20.1_linux-aarch64_bin.tar.gz,linux,aarch64,jre,103
2026-09-08T00:24:05+00:00,sapmachine-17.0.20.1,372686560,False,sapmachine-jre-17.0.20.1_linux-ppc64le_bin.tar.gz,linux,ppc64,jre,40
2026-09-08T00:24:05+00:00,sapmachine-17.0.20.1,372686560,False,sapmachine-jre-17.0.20.1_linux-x64-musl_bin.tar.gz,alpine,x64,jre,38
2026-09-08T00:24:05+00:00,sapmachine-17.0.20.1,372686560,False,sapmachine-jre-17.0.20.1_linux-x64_bin.tar.gz,linux,x64,jre,10466
2026-09-08T00:24:05+00:00,sapmachine-17.0.20.1,372686560,False,sapmachine-jre-17.0.20.1_macos-aarch64_bin.dmg,macos,aarch64,jre,38
2026-09-08T00:24:05+00:00,sapmachine-17.0.20.1,372686560,False,sapmachine-jre-17.0.20.1_macos-aarch64_bin.tar.gz,macos,aarch64,jre,620
2026-09-08T00:24:05+00:00,sapmachine-17.0.20.1,372686560,False,sapmachine-jre-17.0.20.1_macos-x64_bin.dmg,macos,x64,jre,36
2026-09-08T00:24:05+00:00,sapmachine-17.0.20.1,372686560,False,sapmachine-jre-17.0.20.1_macos-x64_bin.tar.gz,macos,x64,jre,723
2026-09-08T00:24:05+00:00,sapmachine-17.0.20.1,372686560,False,sapmachine-jre-17.0.20.1_windows-x64_bin.msi,windows,x64,jre,1498
2026-09-08T00:24:05+00:00,sapmachine-17.0.20.1,372686560,False,sapmachine-jre-17.0.20.1_windows-x64_bin.zip,windows,x64,jre,753
2026-09-08T00:24:05+00:00,sapmachine-21.0.12.1,372718652,False,sapmachine-21.0.12.1-sbom-aix-ppc64.json,aix,ppc64,,23
2026-09-08T00:24:05+00:00,sapmachine-21.0.12.1,372718652,False,sapmachine-21.0.12.1-sbom-linux-aarch64.json,linux,aarch64,,23
2026-09-08T00:24:05+00:00,sapmachine-21.0.12.1,372718652,False,sapmachine-21.0.12.1-sbom-linux-ppc64le.json,linux,ppc64,,23
2026-09-08T00:24:05+00:00,sapmachine-21.0.12.1,372718652,False,sapmachine-21.0.12.1-sbom-linux-x64-musl.json,alpine,x64,,23
2026-09-08T00:24:05+00:00,sapmachine-21.0.12.1,372718652,False,sapmachine-21.0.12.1-sbom-linux-x64.json,linux,x64,,23
2026-09-08T00:24:05+00:00,sapmachine-21.0.12.1,372718652,False,sapmachine-21.0.12.1-sbom-macos-aarch64.json,macos,aarch64,,24
2026-09-08T00:24:05+00:00,sapmachine-21.0.12.1,372718652,False,sapmachine-21.0.12.1-sbom-windows-x64.json,windows,x64,,23
2026-09-08T00:24:05+00:00,sapmachine-21.0.12.1,372718652,False,sapmachine-jdk-21.0.12.1_aix-ppc64_bin-symbols.tar.gz,aix,ppc64,jdk,2
2026-09-08T00:24:05+00:00,sapmachine-21.0.12.1,372718652,False,sapmachine-jdk-21.0.12.1_aix-ppc64_bin.tar.gz,aix,ppc64,jdk,65
2026-09-08T00:24:05+00:00,sapmachine-21.0.12.1,372718652,False,sapmachine-jdk-21.0.12.1_linux-aarch64_bin-symbols.tar.gz,linux,aarch64,jdk,2
2026-09-08T00:24:05+00:00,sapmachine-21.0.12.1,372718652,False,sapmachine-jdk-21.0.12.1_linux-aarch64_bin.tar.gz,linux,aarch64,jdk,1130
2026-09-08T00:24:05+00:00,sapmachine-21.0.12.1,372718652,False,sapmachine-jdk-21.0.12.1_linux-ppc64le_bin-symbols.tar.gz,linux,ppc64,jdk,2
2026-09-08T00:24:05+00:00,sapmachine-21.0.12.1,372718652,False,sapmachine-jdk-21.0.12.1_linux-ppc64le_bin.tar.gz,linux,ppc64,jdk,57
2026-09-08T00:24:05+00:00,sapmachine-21.0.12.1,372718652,False,sapmachine-jdk-21.0.12.1_linux-x64-musl_bin-symbols.tar.gz,alpine,x64,jdk,2
2026-09-08T00:24:05+00:00,sapmachine-21.0.12.1,372718652,False,sapmachine-jdk-21.0.12.1_linux-x64-musl_bin.tar.gz,alpine,x64,jdk,905
2026-09-08T00:24:05+00:00,sapmachine-21.0.12.1,372718652,False,sapmachine-jdk-21.0.12.1_linux-x64_bin-symbols.tar.gz,linux,x64,jdk,2
2026-09-08T00:24:05+00:00,sapmachine-21.0.12.1,372718652,False,sapmachine-jdk-21.0.12.1_linux-x64_bin.tar.gz,linux,x64,jdk,47623
2026-09-08T00:24:05+00:00,sapmachine-21.0.12.1,372718652,False,sapmachine-jdk-21.0.12.1_macos-aarch64_bin-symbols.tar.gz,macos,aarch64,jdk,2
2026-09-08T00:24:05+00:00,sapmachine-21.0.12.1,372718652,False,sapmachine-jdk-21.0.12.1_macos-aarch64_bin.dmg,macos,aarch64,jdk,559
2026-09-08T00:24:05+00:00,sapmachine-21.0.12.1,372718652,False,sapmachine-jdk-21.0.12.1_macos-aarch64_bin.tar.gz,macos,aarch64,jdk,25043
2026-09-08T00:24:05+00:00,sapmachine-21.0.12.1,372718652,False,sapmachine-jdk-21.0.12.1_macos-x64_bin-symbols.tar.gz,macos,x64,jdk,3
2026-09-08T00:24:05+00:00,sapmachine-21.0.12.1,372718652,False,sapmachine-jdk-21.0.12.1_macos-x64_bin.dmg,macos,x64,jdk,229
2026-09-08T00:24:05+00:00,sapmachine-21.0.12.1,372718652,False,sapmachine-jdk-21.0.12.1_macos-x64_bin.tar.gz,macos,x64,jdk,1377
2026-09-08T00:24:05+00:00,sapmachine-21.0.12.1,372718652,False,sapmachine-jdk-21.0.12.1_windows-x64_bin-symbols.tar.gz,windows,x64,jdk,3
2026-09-08T00:24:05+00:00,sapmachine-21.0.12.1,372718652,False,sapmachine-jdk-21.0.12.1_windows-x64_bin.msi,windows,x64,jdk,788
2026-09-08T00:24:05+00:00,sapmachine-21.0.12.1,372718652,False,sapmachine-jdk-21.0.12.1_windows-x64_bin.zip,windows,x64,jdk,1553
2026-09-08T00:24:05+00:00,sapmachine-21.0.12.1,372718652,False,sapmachine-jre-21.0.12.1_aix-ppc64_bin.tar.gz,aix,ppc64,jre,38
2026-09-08T00:24:05+00:00,sapmachine-21.0.12.1,372718652,False,sapmachine-jre-21.0.12.1_linux-aarch64_bin.tar.gz,linux,aarch64,jre,101
2026-09-08T00:24:05+00:00,sapmachine-21.0.12.1,372718652,False,sapmachine-jre-21.0.12.1_linux-ppc64le_bin.tar.gz,linux,ppc64,jre,39
2026-09-08T00:24:05+00:00,sapmachine-21.0.12.1,372718652,False,sapmachine-jre-21.0.12.1_linux-x64-musl_bin.tar.gz,alpine,x64,jre,34
2026-09-08T00:24:05+00:00,sapmachine-21.0.12.1,372718652,False,sapmachine-jre-21.0.12.1_linux-x64_bin.tar.gz,linux,x64,jre,22748
2026-09-08T00:24:05+00:00,sapmachine-21.0.12.1,372718652,False,sapmachine-jre-21.0.12.1_macos-aarch64_bin.dmg,macos,aarch64,jre,49
2026-09-08T00:24:05+00:00,sapmachine-21.0.12.1,372718652,False,sapmachine-jre-21.0.12.1_macos-aarch64_bin.tar.gz,macos,aarch64,jre,350
2026-09-08T00:24:05+00:00,sapmachine-21.0.12.1,372718652,False,sapmachine-jre-21.0.12.1_macos-x64_bin.dmg,macos,x64,jre,34
2026-09-08T00:24:05+00:00,sapmachine-21.0.12.1,372718652,False,sapmachine-jre-21.0.12.1_macos-x64_bin.tar.gz,macos,x64,jre,156
2026-09-08T00:24:05+00:00,sapmachine-21.0.12.1,372718652,False,sapmachine-jre-21.0.12.1_windows-x64_bin.msi,windows,x64,jre,374
2026-09-08T00:24:05+00:00,sapmachine-21.0.12.1,372718652,False,sapmachine-jre-21.0.12.1_windows-x64_bin.zip,windows,x64,jre,175
2026-09-08T00:24:05+00:00,sapmachine-25.0.4.1,372726787,False,sapmachine-25.0.4.1-sbom-aix-ppc64.json,aix,ppc64,,24
2026-09-08T00:24:05+00:00,sapmachine-25.0.4.1,372726787,False,sapmachine-25.0.4.1-sbom-linux-aarch64.json,linux,aarch64,,25
2026-09-08T00:24:05+00:00,sapmachine-25.0.4.1,372726787,False,sapmachine-25.0.4.1-sbom-linux-ppc64le.json,linux,ppc64,,24
2026-09-08T00:24:05+00:00,sapmachine-25.0.4.1,372726787,False,sapmachine-25.0.4.1-sbom-linux-x64-musl.json,alpine,x64,,24
2026-09-08T00:24:05+00:00,sapmachine-25.0.4.1,372726787,False,sapmachine-25.0.4.1-sbom-linux-x64.json,linux,x64,,24
2026-09-08T00:24:05+00:00,sapmachine-25.0.4.1,372726787,False,sapmachine-25.0.4.1-sbom-macos-aarch64.json,macos,aarch64,,24
2026-09-08T00:24:05+00:00,sapmachine-25.0.4.1,372726787,False,sapmachine-25.0.4.1-sbom-windows-x64.json,windows,x64,,24
2026-09-08T00:24:05+00:00,sapmachine-25.0.4.1,372726787,False,sapmachine-jdk-25.0.4.1_aix-ppc64_bin-symbols.tar.gz,aix,ppc64,jdk,3
2026-09-08T00:24:05+00:00,sapmachine-25.0.4.1,372726787,False,sapmachine-jdk-25.0.4.1_aix-ppc64_bin.tar.gz,aix,ppc64,jdk,85
2026-09-08T00:24:05+00:00,sapmachine-25.0.4.1,372726787,False,sapmachine-jdk-25.0.4.1_linux-aarch64_bin-symbols.tar.gz,linux,aarch64,jdk,4
2026-09-08T00:24:05+00:00,sapmachine-25.0.4.1,372726787,False,sapmachine-jdk-25.0.4.1_linux-aarch64_bin.tar.gz,linux,aarch64,jdk,157
2026-09-08T00:24:05+00:00,sapmachine-25.0.4.1,372726787,False,sapmachine-jdk-25.0.4.1_linux-ppc64le_bin-symbols.tar.gz,linux,ppc64,jdk,4
2026-09-08T00:24:05+00:00,sapmachine-25.0.4.1,372726787,False,sapmachine-jdk-25.0.4.1_linux-ppc64le_bin.tar.gz,linux,ppc64,jdk,64
2026-09-08T00:24:05+00:00,sapmachine-25.0.4.1,372726787,False,sapmachine-jdk-25.0.4.1_linux-x64-musl_bin-symbols.tar.gz,alpine,x64,jdk,4
2026-09-08T00:24:05+00:00,sapmachine-25.0.4.1,372726787,False,sapmachine-jdk-25.0.4.1_linux-x64-musl_bin.tar.gz,alpine,x64,jdk,58
2026-09-08T00:24:05+00:00,sapmachine-25.0.4.1,372726787,False,sapmachine-jdk-25.0.4.1_linux-x64_bin-symbols.tar.gz,linux,x64,jdk,4
2026-09-08T00:24:05+00:00,sapmachine-25.0.4.1,372726787,False,sapmachine-jdk-25.0.4.1_linux-x64_bin.tar.gz,linux,x64,jdk,35733
2026-09-08T00:24:05+00:00,sapmachine-25.0.4.1,372726787,False,sapmachine-jdk-25.0.4.1_macos-aarch64_bin-symbols.tar.gz,macos,aarch64,jdk,4
2026-09-08T00:24:05+00:00,sapmachine-25.0.4.1,372726787,False,sapmachine-jdk-25.0.4.1_macos-aarch64_bin.dmg,macos,aarch64,jdk,360
2026-09-08T00:24:05+00:00,sapmachine-25.0.4.1,372726787,False,sapmachine-jdk-25.0.4.1_macos-aarch64_bin.tar.gz,macos,aarch64,jdk,19107
2026-09-08T00:24:05+00:00,sapmachine-25.0.4.1,372726787,False,sapmachine-jdk-25.0.4.1_windows-x64_bin-symbols.tar.gz,windows,x64,jdk,5
2026-09-08T00:24:05+00:00,sapmachine-25.0.4.1,372726787,False,sapmachine-jdk-25.0.4.1_windows-x64_bin.msi,windows,x64,jdk,750
2026-09-08T00:24:05+00:00,sapmachine-25.0.4.1,372726787,False,sapmachine-jdk-25.0.4.1_windows-x64_bin.zip,windows,x64,jdk,895
2026-09-08T00:24:05+00:00,sapmachine-25.0.4.1,372726787,False,sapmachine-jre-25.0.4.1_aix-ppc64_bin.tar.gz,aix,ppc64,jre,36
2026-09-08T00:24:05+00:00,sapmachine-25.0.4.1,372726787,False,sapmachine-jre-25.0.4.1_linux-aarch64_bin.tar.gz,linux,aarch64,jre,93
2026-09-08T00:24:05+00:00,sapmachine-25.0.4.1,372726787,False,sapmachine-jre-25.0.4.1_linux-ppc64le_bin.tar.gz,linux,ppc64,jre,40
2026-09-08T00:24:05+00:00,sapmachine-25.0.4.1,372726787,False,sapmachine-jre-25.0.4.1_linux-x64-musl_bin.tar.gz,alpine,x64,jre,38
2026-09-08T00:24:05+00:00,sapmachine-25.0.4.1,372726787,False,sapmachine-jre-25.0.4.1_linux-x64_bin.tar.gz,linux,x64,jre,8004
2026-09-08T00:24:05+00:00,sapmachine-25.0.4.1,372726787,False,sapmachine-jre-25.0.4.1_macos-aarch64_bin.dmg,macos,aarch64,jre,44
2026-09-08T00:24:05+00:00,sapmachine-25.0.4.1,372726787,False,sapmachine-jre-25.0.4.1_macos-aarch64_bin.tar.gz,macos,aarch64,jre,152
2026-09-08T00:24:05+00:00,sapmachine-25.0.4.1,372726787,False,sapmachine-jre-25.0.4.1_windows-x64_bin.msi,windows,x64,jre,206
2026-09-08T00:24:05+00:00,sapmachine-25.0.4.1,372726787,False,sapmachine-jre-25.0.4.1_windows-x64_bin.zip,windows,x64,jre,96
2026-09-08T00:24:05+00:00,sapmachine-26.0.2.1,372737378,False,sapmachine-jdk-26.0.2.1_aix-ppc64_bin-symbols.tar.gz,aix,ppc64,jdk,6
2026-09-08T00:24:05+00:00,sapmachine-26.0.2.1,372737378,False,sapmachine-jdk-26.0.2.1_aix-ppc64_bin.tar.gz,aix,ppc64,jdk,68
2026-09-08T00:24:05+00:00,sapmachine-26.0.2.1,372737378,False,sapmachine-jdk-26.0.2.1_linux-aarch64_bin-symbols.tar.gz,linux,aarch64,jdk,4
2026-09-08T00:24:05+00:00,sapmachine-26.0.2.1,372737378,False,sapmachine-jdk-26.0.2.1_linux-aarch64_bin.tar.gz,linux,aarch64,jdk,92
2026-09-08T00:24:05+00:00,sapmachine-26.0.2.1,372737378,False,sapmachine-jdk-26.0.2.1_linux-ppc64le_bin-symbols.tar.gz,linux,ppc64,jdk,4
2026-09-08T00:24:05+00:00,sapmachine-26.0.2.1,372737378,False,sapmachine-jdk-26.0.2.1_linux-ppc64le_bin.tar.gz,linux,ppc64,jdk,67
2026-09-08T00:24:05+00:00,sapmachine-26.0.2.1,372737378,False,sapmachine-jdk-26.0.2.1_linux-x64-musl_bin-symbols.tar.gz,alpine,x64,jdk,4
2026-09-08T00:24:05+00:00,sapmachine-26.0.2.1,372737378,False,sapmachine-jdk-26.0.2.1_linux-x64-musl_bin.tar.gz,alpine,x64,jdk,59
2026-09-08T00:24:05+00:00,sapmachine-26.0.2.1,372737378,False,sapmachine-jdk-26.0.2.1_linux-x64_bin-symbols.tar.gz,linux,x64,jdk,4
2026-09-08T00:24:05+00:00,sapmachine-26.0.2.1,372737378,False,sapmachine-jdk-26.0.2.1_linux-x64_bin.tar.gz,linux,x64,jdk,832
2026-09-08T00:24:05+00:00,sapmachine-26.0.2.1,372737378,False,sapmachine-jdk-26.0.2.1_macos-aarch64_bin-symbols.tar.gz,macos,aarch64,jdk,4
2026-09-08T00:24:05+00:00,sapmachine-26.0.2.1,372737378,False,sapmachine-jdk-26.0.2.1_macos-aarch64_bin.dmg,macos,aarch64,jdk,883
2026-09-08T00:24:05+00:00,sapmachine-26.0.2.1,372737378,False,sapmachine-jdk-26.0.2.1_macos-aarch64_bin.tar.gz,macos,aarch64,jdk,1424
2026-09-08T00:24:05+00:00,sapmachine-26.0.2.1,372737378,False,sapmachine-jdk-26.0.2.1_windows-x64_bin-symbols.tar.gz,windows,x64,jdk,3
2026-09-08T00:24:05+00:00,sapmachine-26.0.2.1,372737378,False,sapmachine-jdk-26.0.2.1_windows-x64_bin.msi,windows,x64,jdk,426
2026-09-08T00:24:05+00:00,sapmachine-26.0.2.1,372737378,False,sapmachine-jdk-26.0.2.1_windows-x64_bin.zip,windows,x64,jdk,399
2026-09-08T00:24:05+00:00,sapmachine-26.0.2.1,372737378,False,sapmachine-jre-26.0.2.1_aix-ppc64_bin.tar.gz,aix,ppc64,jre,36
2026-09-08T00:24:05+00:00,sapmachine-26.0.2.1,372737378,False,sapmachine-jre-26.0.2.1_linux-aarch64_bin.tar.gz,linux,aarch64,jre,61
2026-09-08T00:24:05+00:00,sapmachine-26.0.2.1,372737378,False,sapmachine-jre-26.0.2.1_linux-ppc64le_bin.tar.gz,linux,ppc64,jre,38
2026-09-08T00:24:05+00:00,sapmachine-26.0.2.1,372737378,False,sapmachine-jre-26.0.2.1_linux-x64-musl_bin.tar.gz,alpine,x64,jre,35
2026-09-08T00:24:05+00:00,sapmachine-26.0.2.1,372737378,False,sapmachine-jre-26.0.2.1_linux-x64_bin.tar.gz,linux,x64,jre,81
2026-09-08T00:24:05+00:00,sapmachine-26.0.2.1,372737378,False,sapmachine-jre-26.0.2.1_macos-aarch64_bin.dmg,macos,aarch64,jre,39
2026-09-08T00:24:05+00:00,sapmachine-26.0.2.1,372737378,False,sapmachine-jre-26.0.2.1_macos-aarch64_bin.tar.gz,macos,aarch64,jre,174
2026-09-08T00:24:05+00:00,sapmachine-26.0.2.1,372737378,False,sapmachine-jre-26.0.2.1_windows-x64_bin.msi,windows,x64,jre,169
2026-09-08T00:24:05+00:00,sapmachine-26.0.2.1,372737378,False,sapmachine-jre-26.0.2.1_windows-x64_bin.zip,windows,x64,jre,54
2026-09-08T00:24:05+00:00,sapmachine-21.0.13+1,369673274,True,sapmachine-jdk-21.0.13-ea.1_linux-x64-musl_bin.tar.gz,alpine,x64,jdk,34
2026-09-08T00:24:05+00:00,sapmachine-21.0.13+1,369673274,True,sapmachine-jre-21.0.13-ea.1_linux-x64-musl_bin.tar.gz,alpine,x64,jre,34
2026-09-08T00:24:05+00:00,sapmachine-21.0.13+1,369673274,True,sapmachine-jdk-21.0.13-ea.1_linux-x64-musl_bin-symbols.tar.gz,alpine,x64,jdk,2
2026-09-08T00:24:05+00:00,sapmachine-21.0.13+1,369673274,True,sapmachine-jdk-21.0.13-ea.1_macos-aarch64_bin.tar.gz,macos,aarch64,jdk,111
2026-09-08T00:24:05+00:00,sapmachine-21.0.13+1,369673274,True,sapmachine-jre-21.0.13-ea.1_macos-aarch64_bin.tar.gz,macos,aarch64,jre,39
2026-09-08T00:24:05+00:00,sapmachine-21.0.13+1,369673274,True,sapmachine-jdk-21.0.13-ea.1_macos-aarch64_bin-symbols.tar.gz,macos,aarch64,jdk,2
2026-09-08T00:24:05+00:00,sapmachine-21.0.13+1,369673274,True,sapmachine-jdk-21.0.13-ea.1_macos-aarch64_bin.dmg,macos,aarch64,jdk,34
2026-09-08T00:24:05+00:00,sapmachine-21.0.13+1,369673274,True,sapmachine-jre-21.0.13-ea.1_macos-aarch64_bin.dmg,macos,aarch64,jre,34
2026-09-08T00:24:05+00:00,sapmachine-21.0.13+1,369673274,True,sapmachine-jdk-21.0.13-ea.1_linux-x64_bin.tar.gz,linux,x64,jdk,63
2026-09-08T00:24:05+00:00,sapmachine-21.0.13+1,369673274,True,sapmachine-jre-21.0.13-ea.1_linux-x64_bin.tar.gz,linux,x64,jre,35
2026-09-08T00:24:05+00:00,sapmachine-21.0.13+1,369673274,True,sapmachine-jdk-21.0.13-ea.1_linux-x64_bin-symbols.tar.gz,linux,x64,jdk,1
2026-09-08T00:24:05+00:00,sapmachine-21.0.13+1,369673274,True,sapmachine-jdk-21.0.13-ea.1_aix-ppc64_bin.tar.gz,aix,ppc64,jdk,33
2026-09-08T00:24:05+00:00,sapmachine-21.0.13+1,369673274,True,sapmachine-jre-21.0.13-ea.1_aix-ppc64_bin.tar.gz,aix,ppc64,jre,33
2026-09-08T00:24:05+00:00,sapmachine-21.0.13+1,369673274,True,sapmachine-jdk-21.0.13-ea.1_aix-ppc64_bin-symbols.tar.gz,aix,ppc64,jdk,1
2026-09-08T00:24:05+00:00,sapmachine-21.0.13+1,369673274,True,sapmachine-jdk-21.0.13-ea.1_linux-ppc64le_bin.tar.gz,linux,ppc64,jdk,35
2026-09-08T00:24:05+00:00,sapmachine-21.0.13+1,369673274,True,sapmachine-jre-21.0.13-ea.1_linux-ppc64le_bin.tar.gz,linux,ppc64,jre,35
2026-09-08T00:24:05+00:00,sapmachine-21.0.13+1,369673274,True,sapmachine-jdk-21.0.13-ea.1_linux-ppc64le_bin-symbols.tar.gz,linux,ppc64,jdk,1
2026-09-08T00:24:05+00:00,sapmachine-21.0.13+1,369673274,True,sapmachine-jdk-21.0.13-ea.1_macos-x64_bin.tar.gz,macos,x64,jdk,34
2026-09-08T00:24:05+00:00,sapmachine-21.0.13+1,369673274,True,sapmachine-jre-21.0.13-ea.1_macos-x64_bin.tar.gz,macos,x64,jre,33
2026-09-08T00:24:05+00:00,sapmachine-21.0.13+1,369673274,True,sapmachine-jdk-21.0.13-ea.1_macos-x64_bin-symbols.tar.gz,macos,x64,jdk,1
2026-09-08T00:24:05+00:00,sapmachine-21.0.13+1,369673274,True,sapmachine-jdk-21.0.13-ea.1_macos-x64_bin.dmg,macos,x64,jdk,32
2026-09-08T00:24:05+00:00,sapmachine-21.0.13+1,369673274,True,sapmachine-jre-21.0.13-ea.1_macos-x64_bin.dmg,macos,x64,jre,32
2026-09-08T00:24:05+00:00,sapmachine-21.0.13+1,369673274,True,sapmachine-jdk-21.0.13-ea.1_linux-aarch64_bin.tar.gz,linux,aarch64,jdk,35
2026-09-08T00:24:05+00:00,sapmachine-21.0.13+1,369673274,True,sapmachine-jre-21.0.13-ea.1_linux-aarch64_bin.tar.gz,linux,aarch64,jre,35
2026-09-08T00:24:05+00:00,sapmachine-21.0.13+1,369673274,True,sapmachine-jdk-21.0.13-ea.1_linux-aarch64_bin-symbols.tar.gz,linux,aarch64,jdk,1
2026-09-08T00:24:05+00:00,sapmachine-21.0.13+1,369673274,True,sapmachine-jdk-21.0.13-ea.1_windows-x64_bin.zip,windows,x64,jdk,67
2026-09-08T00:24:05+00:00,sapmachine-21.0.13+1,369673274,True,sapmachine-jre-21.0.13-ea.1_windows-x64_bin.zip,windows,x64,jre,36
2026-09-08T00:24:05+00:00,sapmachine-21.0.13+1,369673274,True,sapmachine-jdk-21.0.13-ea.1_windows-x64_bin-symbols.tar.gz,windows,x64,jdk,1
2026-09-08T00:24:05+00:00,sapmachine-25.0.5+1,369669143,True,sapmachine-jdk-25.0.5-ea.1_linux-x64-musl_bin.tar.gz,alpine,x64,jdk,34
2026-09-08T00:24:05+00:00,sapmachine-25.0.5+1,369669143,True,sapmachine-jre-25.0.5-ea.1_linux-x64-musl_bin.tar.gz,alpine,x64,jre,34
2026-09-08T00:24:05+00:00,sapmachine-25.0.5+1,369669143,True,sapmachine-jdk-25.0.5-ea.1_linux-x64-musl_bin-symbols.tar.gz,alpine,x64,jdk,2
2026-09-08T00:24:05+00:00,sapmachine-25.0.5+1,369669143,True,sapmachine-jdk-25.0.5-ea.1_linux-x64_bin.tar.gz,linux,x64,jdk,38
2026-09-08T00:24:05+00:00,sapmachine-25.0.5+1,369669143,True,sapmachine-jre-25.0.5-ea.1_linux-x64_bin.tar.gz,linux,x64,jre,35
2026-09-08T00:24:05+00:00,sapmachine-25.0.5+1,369669143,True,sapmachine-jdk-25.0.5-ea.1_linux-x64_bin-symbols.tar.gz,linux,x64,jdk,1
2026-09-08T00:24:05+00:00,sapmachine-25.0.5+1,369669143,True,sapmachine-jdk-25.0.5-ea.1_macos-aarch64_bin.tar.gz,macos,aarch64,jdk,54
2026-09-08T00:24:05+00:00,sapmachine-25.0.5+1,369669143,True,sapmachine-jre-25.0.5-ea.1_macos-aarch64_bin.tar.gz,macos,aarch64,jre,35
2026-09-08T00:24:05+00:00,sapmachine-25.0.5+1,369669143,True,sapmachine-jdk-25.0.5-ea.1_macos-aarch64_bin-symbols.tar.gz,macos,aarch64,jdk,2
2026-09-08T00:24:05+00:00,sapmachine-25.0.5+1,369669143,True,sapmachine-jdk-25.0.5-ea.1_macos-aarch64_bin.dmg,macos,aarch64,jdk,35
2026-09-08T00:24:05+00:00,sapmachine-25.0.5+1,369669143,True,sapmachine-jre-25.0.5-ea.1_macos-aarch64_bin.dmg,macos,aarch64,jre,33
2026-09-08T00:24:05+00:00,sapmachine-25.0.5+1,369669143,True,sapmachine-jdk-25.0.5-ea.1_linux-aarch64_bin.tar.gz,linux,aarch64,jdk,35
2026-09-08T00:24:05+00:00,sapmachine-25.0.5+1,369669143,True,sapmachine-jre-25.0.5-ea.1_linux-aarch64_bin.tar.gz,linux,aarch64,jre,35
2026-09-08T00:24:05+00:00,sapmachine-25.0.5+1,369669143,True,sapmachine-jdk-25.0.5-ea.1_linux-aarch64_bin-symbols.tar.gz,linux,aarch64,jdk,1
2026-09-08T00:24:05+00:00,sapmachine-25.0.5+1,369669143,True,sapmachine-jdk-25.0.5-ea.1_linux-ppc64le_bin.tar.gz,linux,ppc64,jdk,35
2026-09-08T00:24:05+00:00,sapmachine-25.0.5+1,369669143,True,sapmachine-jre-25.0.5-ea.1_linux-ppc64le_bin.tar.gz,linux,ppc64,jre,35
2026-09-08T00:24:05+00:00,sapmachine-25.0.5+1,369669143,True,sapmachine-jdk-25.0.5-ea.1_linux-ppc64le_bin-symbols.tar.gz,linux,ppc64,jdk,1
2026-09-08T00:24:05+00:00,sapmachine-25.0.5+1,369669143,True,sapmachine-jdk-25.0.5-ea.1_aix-ppc64_bin.tar.gz,aix,ppc64,jdk,33
2026-09-08T00:24:05+00:00,sapmachine-25.0.5+1,369669143,True,sapmachine-jre-25.0.5-ea.1_aix-ppc64_bin.tar.gz,aix,ppc64,jre,33
2026-09-08T00:24:05+00:00,sapmachine-25.0.5+1,369669143,True,sapmachine-jdk-25.0.5-ea.1_aix-ppc64_bin-symbols.tar.gz,aix,ppc64,jdk,3
2026-09-08T00:24:05+00:00,sapmachine-25.0.5+1,369669143,True,sapmachine-jdk-25.0.5-ea.1_windows-x64_bin.zip,windows,x64,jdk,35
2026-09-08T00:24:05+00:00,sapmachine-25.0.5+1,369669143,True,sapmachine-jre-25.0.5-ea.1_windows-x64_bin.zip,windows,x64,jre,35
2026-09-08T00:24:05+00:00,sapmachine-25.0.5+1,369669143,True,sapmachine-jdk-25.0.5-ea.1_windows-x64_bin-symbols.tar.gz,windows,x64,jdk,1
2026-09-08T00:24:05+00:00,sapmachine-28+10,368940347,True,sapmachine-jdk-28-ea.10_linux-x64-musl_bin.tar.gz,alpine,x64,jdk,37
2026-09-08T00:24:05+00:00,sapmachine-28+10,368940347,True,sapmachine-jre-28-ea.10_linux-x64-musl_bin.tar.gz,alpine,x64,jre,37
2026-09-08T00:24:05+00:00,sapmachine-28+10,368940347,True,sapmachine-jdk-28-ea.10_linux-x64-musl_bin-symbols.tar.gz,alpine,x64,jdk,2
2026-09-08T00:24:05+00:00,sapmachine-28+10,368940347,True,sapmachine-jdk-28-ea.10_macos-aarch64_bin.tar.gz,macos,aarch64,jdk,37
2026-09-08T00:24:05+00:00,sapmachine-28+10,368940347,True,sapmachine-jre-28-ea.10_macos-aarch64_bin.tar.gz,macos,aarch64,jre,37
2026-09-08T00:24:05+00:00,sapmachine-28+10,368940347,True,sapmachine-jdk-28-ea.10_macos-aarch64_bin-symbols.tar.gz,macos,aarch64,jdk,2
2026-09-08T00:24:05+00:00,sapmachine-28+10,368940347,True,sapmachine-jdk-28-ea.10_macos-aarch64_bin.dmg,macos,aarch64,jdk,39
2026-09-08T00:24:05+00:00,sapmachine-28+10,368940347,True,sapmachine-jre-28-ea.10_macos-aarch64_bin.dmg,macos,aarch64,jre,38
2026-09-08T00:24:05+00:00,sapmachine-28+10,368940347,True,sapmachine-jdk-28-ea.10_linux-x64_bin.tar.gz,linux,x64,jdk,40
2026-09-08T00:24:05+00:00,sapmachine-28+10,368940347,True,sapmachine-jre-28-ea.10_linux-x64_bin.tar.gz,linux,x64,jre,36
2026-09-08T00:24:05+00:00,sapmachine-28+10,368940347,True,sapmachine-jdk-28-ea.10_linux-x64_bin-symbols.tar.gz,linux,x64,jdk,2
2026-09-08T00:24:05+00:00,sapmachine-28+10,368940347,True,sapmachine-jdk-28-ea.10_linux-ppc64le_bin.tar.gz,linux,ppc64,jdk,35
2026-09-08T00:24:05+00:00,sapmachine-28+10,368940347,True,sapmachine-jre-28-ea.10_linux-ppc64le_bin.tar.gz,linux,ppc64,jre,35
2026-09-08T00:24:05+00:00,sapmachine-28+10,368940347,True,sapmachine-jdk-28-ea.10_linux-ppc64le_bin-symbols.tar.gz,linux,ppc64,jdk,1
2026-09-08T00:24:05+00:00,sapmachine-28+10,368940347,True,sapmachine-jdk-28-ea.10_linux-aarch64_bin.tar.gz,linux,aarch64,jdk,35
2026-09-08T00:24:05+00:00,sapmachine-28+10,368940347,True,sapmachine-jre-28-ea.10_linux-aarch64_bin.tar.gz,linux,aarch64,jre,35
2026-09-08T00:24:05+00:00,sapmachine-28+10,368940347,True,sapmachine-jdk-28-ea.10_linux-aarch64_bin-symbols.tar.gz,linux,aarch64,jdk,1
2026-09-08T00:24:05+00:00,sapmachine-28+10,368940347,True,sapmachine-jdk-28-ea.10_aix-ppc64_bin.tar.gz,aix,ppc64,jdk,36
2026-09-08T00:24:05+00:00,sapmachine-28+10,368940347,True,sapmachine-jre-28-ea.10_aix-ppc64_bin.tar.gz,aix,ppc64,jre,36
2026-09-08T00:24:05+00:00,sapmachine-28+10,368940347,True,sapmachine-jdk-28-ea.10_aix-ppc64_bin-symbols.tar.gz,aix,ppc64,jdk,1
2026-09-08T00:24:05+00:00,sapmachine-28+10,368940347,True,sapmachine-jdk-28-ea.10_windows-x64_bin.zip,windows,x64,jdk,34
2026-09-08T00:24:05+00:00,sapmachine-28+10,368940347,True,sapmachine-jre-28-ea.10_windows-x64_bin.zip,windows,x64,jre,34
2026-09-08T00:24:05+00:00,sapmachine-28+10,368940347,True,sapmachine-jdk-28-ea.10_windows-x64_bin-symbols.tar.gz,windows,x64,jdk,1
2026-09-08T00:24:05+00:00,sapmachine-17.0.21+1,367347641,True,sapmachine-jdk-17.0.21-ea.1_linux-x64-musl_bin.tar.gz,alpine,x64,jdk,40
2026-09-08T00:24:05+00:00,sapmachine-17.0.21+1,367347641,True,sapmachine-jre-17.0.21-ea.1_linux-x64-musl_bin.tar.gz,alpine,x64,jre,39
2026-09-08T00:24:05+00:00,sapmachine-17.0.21+1,367347641,True,sapmachine-jdk-17.0.21-ea.1_linux-x64-musl_bin-symbols.tar.gz,alpine,x64,jdk,1
2026-09-08T00:24:05+00:00,sapmachine-17.0.21+1,367347641,True,sapmachine-jdk-17.0.21-ea.1_linux-x64_bin.tar.gz,linux,x64,jdk,156
2026-09-08T00:24:05+00:00,sapmachine-17.0.21+1,367347641,True,sapmachine-jre-17.0.21-ea.1_linux-x64_bin.tar.gz,linux,x64,jre,42
2026-09-08T00:24:05+00:00,sapmachine-17.0.21+1,367347641,True,sapmachine-jdk-17.0.21-ea.1_linux-x64_bin-symbols.tar.gz,linux,x64,jdk,1
2026-09-08T00:24:05+00:00,sapmachine-17.0.21+1,367347641,True,sapmachine-jdk-17.0.21-ea.1_linux-ppc64le_bin.tar.gz,linux,ppc64,jdk,43
2026-09-08T00:24:05+00:00,sapmachine-17.0.21+1,367347641,True,sapmachine-jre-17.0.21-ea.1_linux-ppc64le_bin.tar.gz,linux,ppc64,jre,42
2026-09-08T00:24:05+00:00,sapmachine-17.0.21+1,367347641,True,sapmachine-jdk-17.0.21-ea.1_linux-ppc64le_bin-symbols.tar.gz,linux,ppc64,jdk,1
2026-09-08T00:24:05+00:00,sapmachine-17.0.21+1,367347641,True,sapmachine-jdk-17.0.21-ea.1_linux-aarch64_bin.tar.gz,linux,aarch64,jdk,44
2026-09-08T00:24:05+00:00,sapmachine-17.0.21+1,367347641,True,sapmachine-jre-17.0.21-ea.1_linux-aarch64_bin.tar.gz,linux,aarch64,jre,42
2026-09-08T00:24:05+00:00,sapmachine-17.0.21+1,367347641,True,sapmachine-jdk-17.0.21-ea.1_linux-aarch64_bin-symbols.tar.gz,linux,aarch64,jdk,1
2026-09-08T00:24:05+00:00,sapmachine-17.0.21+1,367347641,True,sapmachine-jdk-17.0.21-ea.1_macos-x64_bin.tar.gz,macos,x64,jdk,40
2026-09-08T00:24:05+00:00,sapmachine-17.0.21+1,367347641,True,sapmachine-jre-17.0.21-ea.1_macos-x64_bin.tar.gz,macos,x64,jre,39
2026-09-08T00:24:05+00:00,sapmachine-17.0.21+1,367347641,True,sapmachine-jdk-17.0.21-ea.1_macos-x64_bin-symbols.tar.gz,macos,x64,jdk,1
2026-09-08T00:24:05+00:00,sapmachine-17.0.21+1,367347641,True,sapmachine-jdk-17.0.21-ea.1_macos-x64_bin.dmg,macos,x64,jdk,40
2026-09-08T00:24:05+00:00,sapmachine-17.0.21+1,367347641,True,sapmachine-jre-17.0.21-ea.1_macos-x64_bin.dmg,macos,x64,jre,38
2026-09-08T00:24:05+00:00,sapmachine-17.0.21+1,367347641,True,sapmachine-jdk-17.0.21-ea.1_macos-aarch64_bin.tar.gz,macos,aarch64,jdk,432
2026-09-08T00:24:05+00:00,sapmachine-17.0.21+1,367347641,True,sapmachine-jre-17.0.21-ea.1_macos-aarch64_bin.tar.gz,macos,aarch64,jre,42
2026-09-08T00:24:05+00:00,sapmachine-17.0.21+1,367347641,True,sapmachine-jdk-17.0.21-ea.1_macos-aarch64_bin-symbols.tar.gz,macos,aarch64,jdk,1
2026-09-08T00:24:05+00:00,sapmachine-17.0.21+1,367347641,True,sapmachine-jdk-17.0.21-ea.1_macos-aarch64_bin.dmg,macos,aarch64,jdk,43
2026-09-08T00:24:05+00:00,sapmachine-17.0.21+1,367347641,True,sapmachine-jre-17.0.21-ea.1_macos-aarch64_bin.dmg,macos,aarch64,jre,41
2026-09-08T00:24:05+00:00,sapmachine-17.0.21+1,367347641,True,sapmachine-jdk-17.0.21-ea.1_windows-x64_bin.zip,windows,x64,jdk,146
2026-09-08T00:24:05+00:00,sapmachine-17.0.21+1,367347641,True,sapmachine-jre-17.0.21-ea.1_windows-x64_bin.zip,windows,x64,jre,41
2026-09-08T00:24:05+00:00,sapmachine-17.0.21+1,367347641,True,sapmachine-jdk-17.0.21-ea.1_windows-x64_bin-symbols.tar.gz,windows,x64,jdk,1
2026-09-08T00:24:05+00:00,sapmachine-27+33,364570882,True,sapmachine-jdk-27-ea.33_linux-x64-musl_bin.tar.gz,alpine,x64,jdk,50
2026-09-08T00:24:05+00:00,sapmachine-27+33,364570882,True,sapmachine-jre-27-ea.33_linux-x64-musl_bin.tar.gz,alpine,x64,jre,50
2026-09-08T00:24:05+00:00,sapmachine-27+33,364570882,True,sapmachine-jdk-27-ea.33_linux-x64-musl_bin-symbols.tar.gz,alpine,x64,jdk,4
2026-09-08T00:24:05+00:00,sapmachine-27+33,364570882,True,sapmachine-jdk-27-ea.33_aix-ppc64_bin.tar.gz,aix,ppc64,jdk,48
2026-09-08T00:24:05+00:00,sapmachine-27+33,364570882,True,sapmachine-jre-27-ea.33_aix-ppc64_bin.tar.gz,aix,ppc64,jre,49
2026-09-08T00:24:05+00:00,sapmachine-27+33,364570882,True,sapmachine-jdk-27-ea.33_aix-ppc64_bin-symbols.tar.gz,aix,ppc64,jdk,3
2026-09-08T00:24:05+00:00,sapmachine-27+33,364570882,True,sapmachine-jdk-27-ea.33_linux-x64_bin.tar.gz,linux,x64,jdk,76
2026-09-08T00:24:05+00:00,sapmachine-27+33,364570882,True,sapmachine-jre-27-ea.33_linux-x64_bin.tar.gz,linux,x64,jre,52
2026-09-08T00:24:05+00:00,sapmachine-27+33,364570882,True,sapmachine-jdk-27-ea.33_linux-x64_bin-symbols.tar.gz,linux,x64,jdk,3
2026-09-08T00:24:05+00:00,sapmachine-27+33,364570882,True,sapmachine-jdk-27-ea.33_linux-ppc64le_bin.tar.gz,linux,ppc64,jdk,51
2026-09-08T00:24:05+00:00,sapmachine-27+33,364570882,True,sapmachine-jre-27-ea.33_linux-ppc64le_bin.tar.gz,linux,ppc64,jre,51
2026-09-08T00:24:05+00:00,sapmachine-27+33,364570882,True,sapmachine-jdk-27-ea.33_linux-ppc64le_bin-symbols.tar.gz,linux,ppc64,jdk,3
2026-09-08T00:24:05+00:00,sapmachine-27+33,364570882,True,sapmachine-jdk-27-ea.33_linux-aarch64_bin.tar.gz,linux,aarch64,jdk,52
2026-09-08T00:24:05+00:00,sapmachine-27+33,364570882,True,sapmachine-jre-27-ea.33_linux-aarch64_bin.tar.gz,linux,aarch64,jre,52
2026-09-08T00:24:05+00:00,sapmachine-27+33,364570882,True,sapmachine-jdk-27-ea.33_linux-aarch64_bin-symbols.tar.gz,linux,aarch64,jdk,3
2026-09-08T00:24:05+00:00,sapmachine-27+33,364570882,True,sapmachine-jdk-27-ea.33_macos-aarch64_bin.tar.gz,macos,aarch64,jdk,52
2026-09-08T00:24:05+00:00,sapmachine-27+33,364570882,True,sapmachine-jre-27-ea.33_macos-aarch64_bin.tar.gz,macos,aarch64,jre,51
2026-09-08T00:24:05+00:00,sapmachine-27+33,364570882,True,sapmachine-jdk-27-ea.33_macos-aarch64_bin-symbols.tar.gz,macos,aarch64,jdk,3
2026-09-08T00:24:05+00:00,sapmachine-27+33,364570882,True,sapmachine-jdk-27-ea.33_macos-aarch64_bin.dmg,macos,aarch64,jdk,50
2026-09-08T00:24:05+00:00,sapmachine-27+33,364570882,True,sapmachine-jre-27-ea.33_macos-aarch64_bin.dmg,macos,aarch64,jre,46
2026-09-08T00:24:05+00:00,sapmachine-27+33,364570882,True,sapmachine-jdk-27-ea.33_windows-x64_bin.zip,windows,x64,jdk,51
2026-09-08T00:24:05+00:00,sapmachine-27+33,364570882,True,sapmachine-jre-27-ea.33_windows-x64_bin.zip,windows,x64,jre,49
2026-09-08T00:24:05+00:00,sapmachine-27+33,364570882,True,sapmachine-jdk-27-ea.33_windows-x64_bin-symbols.tar.gz,windows,x64,jdk,3
2026-09-08T00:24:05+00:00,sapmachine-28+9,364570758,True,sapmachine-jdk-28-ea.9_linux-x64-musl_bin.tar.gz,alpine,x64,jdk,47
2026-09-08T00:24:05+00:00,sapmachine-28+9,364570758,True,sapmachine-jre-28-ea.9_linux-x64-musl_bin.tar.gz,alpine,x64,jre,47
2026-09-08T00:24:05+00:00,sapmachine-28+9,364570758,True,sapmachine-jdk-28-ea.9_linux-x64-musl_bin-symbols.tar.gz,alpine,x64,jdk,4
2026-09-08T00:24:05+00:00,sapmachine-28+9,364570758,True,sapmachine-jdk-28-ea.9_linux-x64_bin.tar.gz,linux,x64,jdk,49
2026-09-08T00:24:05+00:00,sapmachine-28+9,364570758,True,sapmachine-jre-28-ea.9_linux-x64_bin.tar.gz,linux,x64,jre,50
2026-09-08T00:24:05+00:00,sapmachine-28+9,364570758,True,sapmachine-jdk-28-ea.9_linux-x64_bin-symbols.tar.gz,linux,x64,jdk,4
2026-09-08T00:24:05+00:00,sapmachine-28+9,364570758,True,sapmachine-jdk-28-ea.9_macos-aarch64_bin.tar.gz,macos,aarch64,jdk,46
2026-09-08T00:24:05+00:00,sapmachine-28+9,364570758,True,sapmachine-jre-28-ea.9_macos-aarch64_bin.tar.gz,macos,aarch64,jre,47
2026-09-08T00:24:05+00:00,sapmachine-28+9,364570758,True,sapmachine-jdk-28-ea.9_macos-aarch64_bin-symbols.tar.gz,macos,aarch64,jdk,3
2026-09-08T00:24:05+00:00,sapmachine-28+9,364570758,True,sapmachine-jdk-28-ea.9_macos-aarch64_bin.dmg,macos,aarch64,jdk,48
2026-09-08T00:24:05+00:00,sapmachine-28+9,364570758,True,sapmachine-jre-28-ea.9_macos-aarch64_bin.dmg,macos,aarch64,jre,45
2026-09-08T00:24:05+00:00,sapmachine-28+9,364570758,True,sapmachine-jdk-28-ea.9_linux-aarch64_bin.tar.gz,linux,aarch64,jdk,48
2026-09-08T00:24:05+00:00,sapmachine-28+9,364570758,True,sapmachine-jre-28-ea.9_linux-aarch64_bin.tar.gz,linux,aarch64,jre,48
2026-09-08T00:24:05+00:00,sapmachine-28+9,364570758,True,sapmachine-jdk-28-ea.9_linux-aarch64_bin-symbols.tar.gz,linux,aarch64,jdk,3
2026-09-08T00:24:05+00:00,sapmachine-28+9,364570758,True,sapmachine-jdk-28-ea.9_linux-ppc64le_bin.tar.gz,linux,ppc64,jdk,48
2026-09-08T00:24:05+00:00,sapmachine-28+9,364570758,True,sapmachine-jre-28-ea.9_linux-ppc64le_bin.tar.gz,linux,ppc64,jre,48
2026-09-08T00:24:05+00:00,sapmachine-28+9,364570758,True,sapmachine-jdk-28-ea.9_linux-ppc64le_bin-symbols.tar.gz,linux,ppc64,jdk,3
2026-09-08T00:24:05+00:00,sapmachine-28+9,364570758,True,sapmachine-jdk-28-ea.9_aix-ppc64_bin.tar.gz,aix,ppc64,jdk,46
2026-09-08T00:24:05+00:00,sapmachine-28+9,364570758,True,sapmachine-jre-28-ea.9_aix-ppc64_bin.tar.gz,aix,ppc64,jre,46
2026-09-08T00:24:05+00:00,sapmachine-28+9,364570758,True,sapmachine-jdk-28-ea.9_aix-ppc64_bin-symbols.tar.gz,aix,ppc64,jdk,4
2026-09-08T00:24:05+00:00,sapmachine-28+9,364570758,True,sapmachine-jdk-28-ea.9_windows-x64_bin.zip,windows,x64,jdk,46
2026-09-08T00:24:05+00:00,sapmachine-28+9,364570758,True,sapmachine-jre-28-ea.9_windows-x64_bin.zip,windows,x64,jre,47
2026-09-08T00:24:05+00:00,sapmachine-28+9,364570758,True,sapmachine-jdk-28-ea.9_windows-x64_bin-symbols.tar.gz,windows,x64,jdk,3
2026-09-08T00:24:05+00:00,sapmachine-27+32,361458805,True,sapmachine-jdk-27-ea.32_linux-x64-musl_bin.tar.gz,alpine,x64,jdk,55
2026-09-08T00:24:05+00:00,sapmachine-27+32,361458805,True,sapmachine-jre-27-ea.32_linux-x64-musl_bin.tar.gz,alpine,x64,jre,55
2026-09-08T00:24:05+00:00,sapmachine-27+32,361458805,True,sapmachine-jdk-27-ea.32_linux-x64-musl_bin-symbols.tar.gz,alpine,x64,jdk,2
2026-09-08T00:24:05+00:00,sapmachine-27+32,361458805,True,sapmachine-jdk-27-ea.32_aix-ppc64_bin.tar.gz,aix,ppc64,jdk,54
2026-09-08T00:24:05+00:00,sapmachine-27+32,361458805,True,sapmachine-jre-27-ea.32_aix-ppc64_bin.tar.gz,aix,ppc64,jre,55
2026-09-08T00:24:05+00:00,sapmachine-27+32,361458805,True,sapmachine-jdk-27-ea.32_aix-ppc64_bin-symbols.tar.gz,aix,ppc64,jdk,1
2026-09-08T00:24:05+00:00,sapmachine-27+32,361458805,True,sapmachine-jdk-27-ea.32_linux-x64_bin.tar.gz,linux,x64,jdk,59
2026-09-08T00:24:05+00:00,sapmachine-27+32,361458805,True,sapmachine-jre-27-ea.32_linux-x64_bin.tar.gz,linux,x64,jre,56
2026-09-08T00:24:05+00:00,sapmachine-27+32,361458805,True,sapmachine-jdk-27-ea.32_linux-x64_bin-symbols.tar.gz,linux,x64,jdk,1
2026-09-08T00:24:05+00:00,sapmachine-27+32,361458805,True,sapmachine-jdk-27-ea.32_linux-aarch64_bin.tar.gz,linux,aarch64,jdk,57
2026-09-08T00:24:05+00:00,sapmachine-27+32,361458805,True,sapmachine-jre-27-ea.32_linux-aarch64_bin.tar.gz,linux,aarch64,jre,56
2026-09-08T00:24:05+00:00,sapmachine-27+32,361458805,True,sapmachine-jdk-27-ea.32_linux-aarch64_bin-symbols.tar.gz,linux,aarch64,jdk,1
2026-09-08T00:24:05+00:00,sapmachine-27+32,361458805,True,sapmachine-jdk-27-ea.32_macos-aarch64_bin.tar.gz,macos,aarch64,jdk,59
2026-09-08T00:24:05+00:00,sapmachine-27+32,361458805,True,sapmachine-jre-27-ea.32_macos-aarch64_bin.tar.gz,macos,aarch64,jre,59
2026-09-08T00:24:05+00:00,sapmachine-27+32,361458805,True,sapmachine-jdk-27-ea.32_macos-aarch64_bin-symbols.tar.gz,macos,aarch64,jdk,1
2026-09-08T00:24:05+00:00,sapmachine-27+32,361458805,True,sapmachine-jdk-27-ea.32_macos-aarch64_bin.dmg,macos,aarch64,jdk,57
2026-09-08T00:24:05+00:00,sapmachine-27+32,361458805,True,sapmachine-jre-27-ea.32_macos-aarch64_bin.dmg,macos,aarch64,jre,53
2026-09-08T00:24:05+00:00,sapmachine-27+32,361458805,True,sapmachine-jdk-27-ea.32_linux-ppc64le_bin.tar.gz,linux,ppc64,jdk,55
2026-09-08T00:24:05+00:00,sapmachine-27+32,361458805,True,sapmachine-jre-27-ea.32_linux-ppc64le_bin.tar.gz,linux,ppc64,jre,55
2026-09-08T00:24:05+00:00,sapmachine-27+32,361458805,True,sapmachine-jdk-27-ea.32_linux-ppc64le_bin-symbols.tar.gz,linux,ppc64,jdk,1
2026-09-08T00:24:05+00:00,sapmachine-27+32,361458805,True,sapmachine-jdk-27-ea.32_windows-x64_bin.zip,windows,x64,jdk,56
2026-09-08T00:24:05+00:00,sapmachine-27+32,361458805,True,sapmachine-jre-27-ea.32_windows-x64_bin.zip,windows,x64,jre,54
2026-09-08T00:24:05+00:00,sapmachine-27+32,361458805,True,sapmachine-jdk-27-ea.32_windows-x64_bin-symbols.tar.gz,windows,x64,jdk,1
2026-09-08T00:24:05+00:00,sapmachine-28+8,361458945,True,sapmachine-jdk-28-ea.8_linux-x64-musl_bin.tar.gz,alpine,x64,jdk,51
2026-09-08T00:24:05+00:00,sapmachine-28+8,361458945,True,sapmachine-jre-28-ea.8_linux-x64-musl_bin.tar.gz,alpine,x64,jre,51
2026-09-08T00:24:05+00:00,sapmachine-28+8,361458945,True,sapmachine-jdk-28-ea.8_linux-x64-musl_bin-symbols.tar.gz,alpine,x64,jdk,2
2026-09-08T00:24:05+00:00,sapmachine-28+8,361458945,True,sapmachine-jdk-28-ea.8_linux-x64_bin.tar.gz,linux,x64,jdk,54
2026-09-08T00:24:05+00:00,sapmachine-28+8,361458945,True,sapmachine-jre-28-ea.8_linux-x64_bin.tar.gz,linux,x64,jre,54
2026-09-08T00:24:05+00:00,sapmachine-28+8,361458945,True,sapmachine-jdk-28-ea.8_linux-x64_bin-symbols.tar.gz,linux,x64,jdk,1
2026-09-08T00:24:05+00:00,sapmachine-28+8,361458945,True,sapmachine-jdk-28-ea.8_macos-aarch64_bin.tar.gz,macos,aarch64,jdk,50
2026-09-08T00:24:05+00:00,sapmachine-28+8,361458945,True,sapmachine-jre-28-ea.8_macos-aarch64_bin.tar.gz,macos,aarch64,jre,50
2026-09-08T00:24:05+00:00,sapmachine-28+8,361458945,True,sapmachine-jdk-28-ea.8_macos-aarch64_bin-symbols.tar.gz,macos,aarch64,jdk,1
2026-09-08T00:24:05+00:00,sapmachine-28+8,361458945,True,sapmachine-jdk-28-ea.8_macos-aarch64_bin.dmg,macos,aarch64,jdk,50
2026-09-08T00:24:05+00:00,sapmachine-28+8,361458945,True,sapmachine-jre-28-ea.8_macos-aarch64_bin.dmg,macos,aarch64,jre,49
2026-09-08T00:24:05+00:00,sapmachine-28+8,361458945,True,sapmachine-jdk-28-ea.8_linux-aarch64_bin.tar.gz,linux,aarch64,jdk,55
2026-09-08T00:24:05+00:00,sapmachine-28+8,361458945,True,sapmachine-jre-28-ea.8_linux-aarch64_bin.tar.gz,linux,aarch64,jre,54
2026-09-08T00:24:05+00:00,sapmachine-28+8,361458945,True,sapmachine-jdk-28-ea.8_linux-aarch64_bin-symbols.tar.gz,linux,aarch64,jdk,1
2026-09-08T00:24:05+00:00,sapmachine-28+8,361458945,True,sapmachine-jdk-28-ea.8_linux-ppc64le_bin.tar.gz,linux,ppc64,jdk,54
2026-09-08T00:24:05+00:00,sapmachine-28+8,361458945,True,sapmachine-jre-28-ea.8_linux-ppc64le_bin.tar.gz,linux,ppc64,jre,55
2026-09-08T00:24:05+00:00,sapmachine-28+8,361458945,True,sapmachine-jdk-28-ea.8_linux-ppc64le_bin-symbols.tar.gz,linux,ppc64,jdk,1
2026-09-08T00:24:05+00:00,sapmachine-28+8,361458945,True,sapmachine-jdk-28-ea.8_aix-ppc64_bin.tar.gz,aix,ppc64,jdk,50
2026-09-08T00:24:05+00:00,sapmachine-28+8,361458945,True,sapmachine-jre-28-ea.8_aix-ppc64_bin.tar.gz,aix,ppc64,jre,50
2026-09-08T00:24:05+00:00,sapmachine-28+8,361458945,True,sapmachine-jdk-28-ea.8_aix-ppc64_bin-symbols.tar.gz,aix,ppc64,jdk,1
2026-09-08T00:24:05+00:00,sapmachine-28+8,361458945,True,sapmachine-jdk-28-ea.8_windows-x64_bin.zip,windows,x64,jdk,55
2026-09-08T00:24:05+00:00,sapmachine-28+8,361458945,True,sapmachine-jre-28-ea.8_windows-x64_bin.zip,windows,x64,jre,54
2026-09-08T00:24:05+00:00,sapmachine-28+8,361458945,True,sapmachine-jdk-28-ea.8_windows-x64_bin-symbols.tar.gz,windows,x64,jdk,1
2026-09-08T00:24:05+00:00,sapmachine-27+31,357067002,True,sapmachine-jdk-27-ea.31_linux-x64_bin.tar.gz,linux,x64,jdk,76
2026-09-08T00:24:05+00:00,sapmachine-27+31,357067002,True,sapmachine-jre-27-ea.31_linux-x64_bin.tar.gz,linux,x64,jre,76
2026-09-08T00:24:05+00:00,sapmachine-27+31,357067002,True,sapmachine-jdk-27-ea.31_linux-x64_bin-symbols.tar.gz,linux,x64,jdk,2
2026-09-08T00:24:05+00:00,sapmachine-27+31,357067002,True,sapmachine-jdk-27-ea.31_aix-ppc64_bin.tar.gz,aix,ppc64,jdk,73
2026-09-08T00:24:05+00:00,sapmachine-27+31,357067002,True,sapmachine-jre-27-ea.31_aix-ppc64_bin.tar.gz,aix,ppc64,jre,73
2026-09-08T00:24:05+00:00,sapmachine-27+31,357067002,True,sapmachine-jdk-27-ea.31_aix-ppc64_bin-symbols.tar.gz,aix,ppc64,jdk,2
2026-09-08T00:24:05+00:00,sapmachine-27+31,357067002,True,sapmachine-jdk-27-ea.31_linux-x64-musl_bin.tar.gz,alpine,x64,jdk,73
2026-09-08T00:24:05+00:00,sapmachine-27+31,357067002,True,sapmachine-jre-27-ea.31_linux-x64-musl_bin.tar.gz,alpine,x64,jre,73
2026-09-08T00:24:05+00:00,sapmachine-27+31,357067002,True,sapmachine-jdk-27-ea.31_linux-x64-musl_bin-symbols.tar.gz,alpine,x64,jdk,1
2026-09-08T00:24:05+00:00,sapmachine-27+31,357067002,True,sapmachine-jdk-27-ea.31_linux-ppc64le_bin.tar.gz,linux,ppc64,jdk,75
2026-09-08T00:24:05+00:00,sapmachine-27+31,357067002,True,sapmachine-jre-27-ea.31_linux-ppc64le_bin.tar.gz,linux,ppc64,jre,75
2026-09-08T00:24:05+00:00,sapmachine-27+31,357067002,True,sapmachine-jdk-27-ea.31_linux-ppc64le_bin-symbols.tar.gz,linux,ppc64,jdk,1
2026-09-08T00:24:05+00:00,sapmachine-27+31,357067002,True,sapmachine-jdk-27-ea.31_macos-aarch64_bin.tar.gz,macos,aarch64,jdk,79
2026-09-08T00:24:05+00:00,sapmachine-27+31,357067002,True,sapmachine-jre-27-ea.31_macos-aarch64_bin.tar.gz,macos,aarch64,jre,76
2026-09-08T00:24:05+00:00,sapmachine-27+31,357067002,True,sapmachine-jdk-27-ea.31_macos-aarch64_bin-symbols.tar.gz,macos,aarch64,jdk,1
2026-09-08T00:24:05+00:00,sapmachine-27+31,357067002,True,sapmachine-jdk-27-ea.31_macos-aarch64_bin.dmg,macos,aarch64,jdk,76
2026-09-08T00:24:05+00:00,sapmachine-27+31,357067002,True,sapmachine-jre-27-ea.31_macos-aarch64_bin.dmg,macos,aarch64,jre,72
2026-09-08T00:24:05+00:00,sapmachine-27+31,357067002,True,sapmachine-jdk-27-ea.31_linux-aarch64_bin.tar.gz,linux,aarch64,jdk,74
2026-09-08T00:24:05+00:00,sapmachine-27+31,357067002,True,sapmachine-jre-27-ea.31_linux-aarch64_bin.tar.gz,linux,aarch64,jre,74
2026-09-08T00:24:05+00:00,sapmachine-27+31,357067002,True,sapmachine-jdk-27-ea.31_linux-aarch64_bin-symbols.tar.gz,linux,aarch64,jdk,1
2026-09-08T00:24:05+00:00,sapmachine-27+31,357067002,True,sapmachine-jdk-27-ea.31_windows-x64_bin.zip,windows,x64,jdk,73
2026-09-08T00:24:05+00:00,sapmachine-27+31,357067002,True,sapmachine-jre-27-ea.31_windows-x64_bin.zip,windows,x64,jre,73
2026-09-08T00:24:05+00:00,sapmachine-27+31,357067002,True,sapmachine-jdk-27-ea.31_windows-x64_bin-symbols.tar.gz,windows,x64,jdk,1
2026-09-08T00:24:05+00:00,sapmachine-28+7,357065760,True,sapmachine-jdk-28-ea.7_linux-x64-musl_bin.tar.gz,alpine,x64,jdk,61
2026-09-08T00:24:05+00:00,sapmachine-28+7,357065760,True,sapmachine-jre-28-ea.7_linux-x64-musl_bin.tar.gz,alpine,x64,jre,61
2026-09-08T00:24:05+00:00,sapmachine-28+7,357065760,True,sapmachine-jdk-28-ea.7_linux-x64-musl_bin-symbols.tar.gz,alpine,x64,jdk,2
2026-09-08T00:24:05+00:00,sapmachine-28+7,357065760,True,sapmachine-jdk-28-ea.7_linux-x64_bin.tar.gz,linux,x64,jdk,73
2026-09-08T00:24:05+00:00,sapmachine-28+7,357065760,True,sapmachine-jre-28-ea.7_linux-x64_bin.tar.gz,linux,x64,jre,73
2026-09-08T00:24:05+00:00,sapmachine-28+7,357065760,True,sapmachine-jdk-28-ea.7_linux-x64_bin-symbols.tar.gz,linux,x64,jdk,1
2026-09-08T00:24:05+00:00,sapmachine-28+7,357065760,True,sapmachine-jdk-28-ea.7_macos-aarch64_bin.tar.gz,macos,aarch64,jdk,59
2026-09-08T00:24:05+00:00,sapmachine-28+7,357065760,True,sapmachine-jre-28-ea.7_macos-aarch64_bin.tar.gz,macos,aarch64,jre,59
2026-09-08T00:24:05+00:00,sapmachine-28+7,357065760,True,sapmachine-jdk-28-ea.7_macos-aarch64_bin-symbols.tar.gz,macos,aarch64,jdk,1
2026-09-08T00:24:05+00:00,sapmachine-28+7,357065760,True,sapmachine-jdk-28-ea.7_macos-aarch64_bin.dmg,macos,aarch64,jdk,61
2026-09-08T00:24:05+00:00,sapmachine-28+7,357065760,True,sapmachine-jre-28-ea.7_macos-aarch64_bin.dmg,macos,aarch64,jre,59
2026-09-08T00:24:05+00:00,sapmachine-28+7,357065760,True,sapmachine-jdk-28-ea.7_linux-aarch64_bin.tar.gz,linux,aarch64,jdk,71
2026-09-08T00:24:05+00:00,sapmachine-28+7,357065760,True,sapmachine-jre-28-ea.7_linux-aarch64_bin.tar.gz,linux,aarch64,jre,71
2026-09-08T00:24:05+00:00,sapmachine-28+7,357065760,True,sapmachine-jdk-28-ea.7_linux-aarch64_bin-symbols.tar.gz,linux,aarch64,jdk,1
2026-09-08T00:24:05+00:00,sapmachine-28+7,357065760,True,sapmachine-jdk-28-ea.7_linux-ppc64le_bin.tar.gz,linux,ppc64,jdk,71
2026-09-08T00:24:05+00:00,sapmachine-28+7,357065760,True,sapmachine-jre-28-ea.7_linux-ppc64le_bin.tar.gz,linux,ppc64,jre,71
2026-09-08T00:24:05+00:00,sapmachine-28+7,357065760,True,sapmachine-jdk-28-ea.7_linux-ppc64le_bin-symbols.tar.gz,linux,ppc64,jdk,1
2026-09-08T00:24:05+00:00,sapmachine-28+7,357065760,True,sapmachine-jdk-28-ea.7_aix-ppc64_bin.tar.gz,aix,ppc64,jdk,59
2026-09-08T00:24:05+00:00,sapmachine-28+7,357065760,True,sapmachine-jre-28-ea.7_aix-ppc64_bin.tar.gz,aix,ppc64,jre,59
2026-09-08T00:24:05+00:00,sapmachine-28+7,357065760,True,sapmachine-jdk-28-ea.7_aix-ppc64_bin-symbols.tar.gz,aix,ppc64,jdk,1
2026-09-08T00:24:05+00:00,sapmachine-28+7,357065760,True,sapmachine-jdk-28-ea.7_windows-x64_bin.zip,windows,x64,jdk,68
2026-09-08T00:24:05+00:00,sapmachine-28+7,357065760,True,sapmachine-jre-28-ea.7_windows-x64_bin.zip,windows,x64,jre,68
2026-09-08T00:24:05+00:00,sapmachine-28+7,357065760,True,sapmachine-jdk-28-ea.7_windows-x64_bin-symbols.tar.gz,windows,x64,jdk,1
2026-09-08T00:24:05+00:00,sapmachine-17.0.20+8,357843096,True,sapmachine-jdk-17.0.20-ea.8_linux-x64-musl_bin.tar.gz,alpine,x64,jdk,65
2026-09-08T00:24:05+00:00,sapmachine-17.0.20+8,357843096,True,sapmachine-jre-17.0.20-ea.8_linux-x64-musl_bin.tar.gz,alpine,x64,jre,64
2026-09-08T00:24:05+00:00,sapmachine-17.0.20+8,357843096,True,sapmachine-jdk-17.0.20-ea.8_linux-x64-musl_bin-symbols.tar.gz,alpine,x64,jdk,2
2026-09-08T00:24:05+00:00,sapmachine-17.0.20+8,357843096,True,sapmachine-jdk-17.0.20-ea.8_linux-ppc64le_bin.tar.gz,linux,ppc64,jdk,65
2026-09-08T00:24:05+00:00,sapmachine-17.0.20+8,357843096,True,sapmachine-jre-17.0.20-ea.8_linux-ppc64le_bin.tar.gz,linux,ppc64,jre,64
2026-09-08T00:24:05+00:00,sapmachine-17.0.20+8,357843096,True,sapmachine-jdk-17.0.20-ea.8_linux-ppc64le_bin-symbols.tar.gz,linux,ppc64,jdk,1
2026-09-08T00:24:05+00:00,sapmachine-17.0.20+8,357843096,True,sapmachine-jdk-17.0.20-ea.8_macos-aarch64_bin.tar.gz,macos,aarch64,jdk,3450
2026-09-08T00:24:05+00:00,sapmachine-17.0.20+8,357843096,True,sapmachine-jre-17.0.20-ea.8_macos-aarch64_bin.tar.gz,macos,aarch64,jre,275
2026-09-08T00:24:05+00:00,sapmachine-17.0.20+8,357843096,True,sapmachine-jdk-17.0.20-ea.8_macos-aarch64_bin-symbols.tar.gz,macos,aarch64,jdk,1
2026-09-08T00:24:05+00:00,sapmachine-17.0.20+8,357843096,True,sapmachine-jdk-17.0.20-ea.8_macos-aarch64_bin.dmg,macos,aarch64,jdk,64
2026-09-08T00:24:05+00:00,sapmachine-17.0.20+8,357843096,True,sapmachine-jre-17.0.20-ea.8_macos-aarch64_bin.dmg,macos,aarch64,jre,63
2026-09-08T00:24:05+00:00,sapmachine-17.0.20+8,357843096,True,sapmachine-jdk-17.0.20-ea.8_linux-x64_bin.tar.gz,linux,x64,jdk,863
2026-09-08T00:24:05+00:00,sapmachine-17.0.20+8,357843096,True,sapmachine-jre-17.0.20-ea.8_linux-x64_bin.tar.gz,linux,x64,jre,64
2026-09-08T00:24:05+00:00,sapmachine-17.0.20+8,357843096,True,sapmachine-jdk-17.0.20-ea.8_linux-x64_bin-symbols.tar.gz,linux,x64,jdk,1
2026-09-08T00:24:05+00:00,sapmachine-17.0.20+8,357843096,True,sapmachine-jdk-17.0.20-ea.8_linux-aarch64_bin.tar.gz,linux,aarch64,jdk,66
2026-09-08T00:24:05+00:00,sapmachine-17.0.20+8,357843096,True,sapmachine-jre-17.0.20-ea.8_linux-aarch64_bin.tar.gz,linux,aarch64,jre,65
2026-09-08T00:24:05+00:00,sapmachine-17.0.20+8,357843096,True,sapmachine-jdk-17.0.20-ea.8_linux-aarch64_bin-symbols.tar.gz,linux,aarch64,jdk,1
2026-09-08T00:24:05+00:00,sapmachine-17.0.20+8,357843096,True,sapmachine-jdk-17.0.20-ea.8_macos-x64_bin.tar.gz,macos,x64,jdk,66
2026-09-08T00:24:05+00:00,sapmachine-17.0.20+8,357843096,True,sapmachine-jre-17.0.20-ea.8_macos-x64_bin.tar.gz,macos,x64,jre,65
2026-09-08T00:24:05+00:00,sapmachine-17.0.20+8,357843096,True,sapmachine-jdk-17.0.20-ea.8_macos-x64_bin-symbols.tar.gz,macos,x64,jdk,1
2026-09-08T00:24:05+00:00,sapmachine-17.0.20+8,357843096,True,sapmachine-jdk-17.0.20-ea.8_macos-x64_bin.dmg,macos,x64,jdk,65
2026-09-08T00:24:05+00:00,sapmachine-17.0.20+8,357843096,True,sapmachine-jre-17.0.20-ea.8_macos-x64_bin.dmg,macos,x64,jre,64
2026-09-08T00:24:05+00:00,sapmachine-17.0.20+8,357843096,True,sapmachine-jdk-17.0.20-ea.8_windows-x64_bin.zip,windows,x64,jdk,851
2026-09-08T00:24:05+00:00,sapmachine-17.0.20+8,357843096,True,sapmachine-jre-17.0.20-ea.8_windows-x64_bin.zip,windows,x64,jre,68
2026-09-08T00:24:05+00:00,sapmachine-17.0.20+8,357843096,True,sapmachine-jdk-17.0.20-ea.8_windows-x64_bin-symbols.tar.gz,windows,x64,jdk,1
2026-09-08T00:24:05+00:00,sapmachine-17.0.20,357795553,False,sapmachine-17.0.20-sbom-linux-aarch64.json,linux,aarch64,,53
2026-09-08T00:24:05+00:00,sapmachine-17.0.20,357795553,False,sapmachine-17.0.20-sbom-linux-ppc64le.json,linux,ppc64,,52
2026-09-08T00:24:05+00:00,sapmachine-17.0.20,357795553,False,sapmachine-17.0.20-sbom-linux-x64-musl.json,alpine,x64,,52
2026-09-08T00:24:05+00:00,sapmachine-17.0.20,357795553,False,sapmachine-17.0.20-sbom-linux-x64.json,linux,x64,,53
2026-09-08T00:24:05+00:00,sapmachine-17.0.20,357795553,False,sapmachine-17.0.20-sbom-macos-aarch64.json,macos,aarch64,,53
2026-09-08T00:24:05+00:00,sapmachine-17.0.20,357795553,False,sapmachine-17.0.20-sbom-macos-x64.json,macos,x64,,52
2026-09-08T00:24:05+00:00,sapmachine-17.0.20,357795553,False,sapmachine-17.0.20-sbom-windows-x64.json,windows,x64,,52
2026-09-08T00:24:05+00:00,sapmachine-17.0.20,357795553,False,sapmachine-jdk-17.0.20_linux-aarch64_bin-symbols.tar.gz,linux,aarch64,jdk,2
2026-09-08T00:24:05+00:00,sapmachine-17.0.20,357795553,False,sapmachine-jdk-17.0.20_linux-aarch64_bin.tar.gz,linux,aarch64,jdk,300
2026-09-08T00:24:05+00:00,sapmachine-17.0.20,357795553,False,sapmachine-jdk-17.0.20_linux-ppc64le_bin-symbols.tar.gz,linux,ppc64,jdk,2
2026-09-08T00:24:05+00:00,sapmachine-17.0.20,357795553,False,sapmachine-jdk-17.0.20_linux-ppc64le_bin.tar.gz,linux,ppc64,jdk,102
2026-09-08T00:24:05+00:00,sapmachine-17.0.20,357795553,False,sapmachine-jdk-17.0.20_linux-x64-musl_bin-symbols.tar.gz,alpine,x64,jdk,2
2026-09-08T00:24:05+00:00,sapmachine-17.0.20,357795553,False,sapmachine-jdk-17.0.20_linux-x64-musl_bin.tar.gz,alpine,x64,jdk,1477
2026-09-08T00:24:05+00:00,sapmachine-17.0.20,357795553,False,sapmachine-jdk-17.0.20_linux-x64_bin-symbols.tar.gz,linux,x64,jdk,2
2026-09-08T00:24:05+00:00,sapmachine-17.0.20,357795553,False,sapmachine-jdk-17.0.20_linux-x64_bin.tar.gz,linux,x64,jdk,25358
2026-09-08T00:24:05+00:00,sapmachine-17.0.20,357795553,False,sapmachine-jdk-17.0.20_macos-aarch64_bin-symbols.tar.gz,macos,aarch64,jdk,2
2026-09-08T00:24:05+00:00,sapmachine-17.0.20,357795553,False,sapmachine-jdk-17.0.20_macos-aarch64_bin.dmg,macos,aarch64,jdk,498
2026-09-08T00:24:05+00:00,sapmachine-17.0.20,357795553,False,sapmachine-jdk-17.0.20_macos-aarch64_bin.tar.gz,macos,aarch64,jdk,16785
2026-09-08T00:24:05+00:00,sapmachine-17.0.20,357795553,False,sapmachine-jdk-17.0.20_macos-x64_bin-symbols.tar.gz,macos,x64,jdk,2
2026-09-08T00:24:05+00:00,sapmachine-17.0.20,357795553,False,sapmachine-jdk-17.0.20_macos-x64_bin.dmg,macos,x64,jdk,287
2026-09-08T00:24:05+00:00,sapmachine-17.0.20,357795553,False,sapmachine-jdk-17.0.20_macos-x64_bin.tar.gz,macos,x64,jdk,1708
2026-09-08T00:24:05+00:00,sapmachine-17.0.20,357795553,False,sapmachine-jdk-17.0.20_windows-x64_bin-symbols.tar.gz,windows,x64,jdk,2
2026-09-08T00:24:05+00:00,sapmachine-17.0.20,357795553,False,sapmachine-jdk-17.0.20_windows-x64_bin.msi,windows,x64,jdk,666
2026-09-08T00:24:05+00:00,sapmachine-17.0.20,357795553,False,sapmachine-jdk-17.0.20_windows-x64_bin.zip,windows,x64,jdk,2960
2026-09-08T00:24:05+00:00,sapmachine-17.0.20,357795553,False,sapmachine-jre-17.0.20_linux-aarch64_bin.tar.gz,linux,aarch64,jre,266
2026-09-08T00:24:05+00:00,sapmachine-17.0.20,357795553,False,sapmachine-jre-17.0.20_linux-ppc64le_bin.tar.gz,linux,ppc64,jre,75
2026-09-08T00:24:05+00:00,sapmachine-17.0.20,357795553,False,sapmachine-jre-17.0.20_linux-x64-musl_bin.tar.gz,alpine,x64,jre,79
2026-09-08T00:24:05+00:00,sapmachine-17.0.20,357795553,False,sapmachine-jre-17.0.20_linux-x64_bin.tar.gz,linux,x64,jre,20719
2026-09-08T00:24:05+00:00,sapmachine-17.0.20,357795553,False,sapmachine-jre-17.0.20_macos-aarch64_bin.dmg,macos,aarch64,jre,76
2026-09-08T00:24:05+00:00,sapmachine-17.0.20,357795553,False,sapmachine-jre-17.0.20_macos-aarch64_bin.tar.gz,macos,aarch64,jre,676
2026-09-08T00:24:05+00:00,sapmachine-17.0.20,357795553,False,sapmachine-jre-17.0.20_macos-x64_bin.dmg,macos,x64,jre,69
2026-09-08T00:24:05+00:00,sapmachine-17.0.20,357795553,False,sapmachine-jre-17.0.20_macos-x64_bin.tar.gz,macos,x64,jre,1023
2026-09-08T00:24:05+00:00,sapmachine-17.0.20,357795553,False,sapmachine-jre-17.0.20_windows-x64_bin.msi,windows,x64,jre,1233
2026-09-08T00:24:05+00:00,sapmachine-17.0.20,357795553,False,sapmachine-jre-17.0.20_windows-x64_bin.zip,windows,x64,jre,1094
2026-09-08T00:24:05+00:00,sapmachine-21.0.12,357792575,False,sapmachine-21.0.12-sbom-aix-ppc64.json,aix,ppc64,,53
2026-09-08T00:24:05+00:00,sapmachine-21.0.12,357792575,False,sapmachine-21.0.12-sbom-linux-aarch64.json,linux,aarch64,,53
2026-09-08T00:24:05+00:00,sapmachine-21.0.12,357792575,False,sapmachine-21.0.12-sbom-linux-ppc64le.json,linux,ppc64,,53
2026-09-08T00:24:05+00:00,sapmachine-21.0.12,357792575,False,sapmachine-21.0.12-sbom-linux-x64-musl.json,alpine,x64,,53
2026-09-08T00:24:05+00:00,sapmachine-21.0.12,357792575,False,sapmachine-21.0.12-sbom-linux-x64.json,linux,x64,,56
2026-09-08T00:24:05+00:00,sapmachine-21.0.12,357792575,False,sapmachine-21.0.12-sbom-macos-aarch64.json,macos,aarch64,,55
2026-09-08T00:24:05+00:00,sapmachine-21.0.12,357792575,False,sapmachine-21.0.12-sbom-macos-x64.json,macos,x64,,54
2026-09-08T00:24:05+00:00,sapmachine-21.0.12,357792575,False,sapmachine-21.0.12-sbom-windows-x64.json,windows,x64,,55
2026-09-08T00:24:05+00:00,sapmachine-21.0.12,357792575,False,sapmachine-jdk-21.0.12_aix-ppc64_bin-symbols.tar.gz,aix,ppc64,jdk,4
2026-09-08T00:24:05+00:00,sapmachine-21.0.12,357792575,False,sapmachine-jdk-21.0.12_aix-ppc64_bin.tar.gz,aix,ppc64,jdk,116
2026-09-08T00:24:05+00:00,sapmachine-21.0.12,357792575,False,sapmachine-jdk-21.0.12_linux-aarch64_bin-symbols.tar.gz,linux,aarch64,jdk,4
2026-09-08T00:24:05+00:00,sapmachine-21.0.12,357792575,False,sapmachine-jdk-21.0.12_linux-aarch64_bin.tar.gz,linux,aarch64,jdk,1704
2026-09-08T00:24:05+00:00,sapmachine-21.0.12,357792575,False,sapmachine-jdk-21.0.12_linux-ppc64le_bin-symbols.tar.gz,linux,ppc64,jdk,4
2026-09-08T00:24:05+00:00,sapmachine-21.0.12,357792575,False,sapmachine-jdk-21.0.12_linux-ppc64le_bin.tar.gz,linux,ppc64,jdk,114
2026-09-08T00:24:05+00:00,sapmachine-21.0.12,357792575,False,sapmachine-jdk-21.0.12_linux-x64-musl_bin-symbols.tar.gz,alpine,x64,jdk,4
2026-09-08T00:24:05+00:00,sapmachine-21.0.12,357792575,False,sapmachine-jdk-21.0.12_linux-x64-musl_bin.tar.gz,alpine,x64,jdk,1482
2026-09-08T00:24:05+00:00,sapmachine-21.0.12,357792575,False,sapmachine-jdk-21.0.12_linux-x64_bin-symbols.tar.gz,linux,x64,jdk,4
2026-09-08T00:24:05+00:00,sapmachine-21.0.12,357792575,False,sapmachine-jdk-21.0.12_linux-x64_bin.tar.gz,linux,x64,jdk,62823
2026-09-08T00:24:05+00:00,sapmachine-21.0.12,357792575,False,sapmachine-jdk-21.0.12_macos-aarch64_bin-symbols.tar.gz,macos,aarch64,jdk,4
2026-09-08T00:24:05+00:00,sapmachine-21.0.12,357792575,False,sapmachine-jdk-21.0.12_macos-aarch64_bin.dmg,macos,aarch64,jdk,923
2026-09-08T00:24:05+00:00,sapmachine-21.0.12,357792575,False,sapmachine-jdk-21.0.12_macos-aarch64_bin.tar.gz,macos,aarch64,jdk,28102
2026-09-08T00:24:05+00:00,sapmachine-21.0.12,357792575,False,sapmachine-jdk-21.0.12_macos-x64_bin-symbols.tar.gz,macos,x64,jdk,4
2026-09-08T00:24:05+00:00,sapmachine-21.0.12,357792575,False,sapmachine-jdk-21.0.12_macos-x64_bin.dmg,macos,x64,jdk,461
2026-09-08T00:24:05+00:00,sapmachine-21.0.12,357792575,False,sapmachine-jdk-21.0.12_macos-x64_bin.tar.gz,macos,x64,jdk,2239
2026-09-08T00:24:05+00:00,sapmachine-21.0.12,357792575,False,sapmachine-jdk-21.0.12_windows-x64_bin-symbols.tar.gz,windows,x64,jdk,5
2026-09-08T00:24:05+00:00,sapmachine-21.0.12,357792575,False,sapmachine-jdk-21.0.12_windows-x64_bin.msi,windows,x64,jdk,1008
2026-09-08T00:24:05+00:00,sapmachine-21.0.12,357792575,False,sapmachine-jdk-21.0.12_windows-x64_bin.zip,windows,x64,jdk,2174
2026-09-08T00:24:05+00:00,sapmachine-21.0.12,357792575,False,sapmachine-jre-21.0.12_aix-ppc64_bin.tar.gz,aix,ppc64,jre,81
2026-09-08T00:24:05+00:00,sapmachine-21.0.12,357792575,False,sapmachine-jre-21.0.12_linux-aarch64_bin.tar.gz,linux,aarch64,jre,415
2026-09-08T00:24:05+00:00,sapmachine-21.0.12,357792575,False,sapmachine-jre-21.0.12_linux-ppc64le_bin.tar.gz,linux,ppc64,jre,82
2026-09-08T00:24:05+00:00,sapmachine-21.0.12,357792575,False,sapmachine-jre-21.0.12_linux-x64-musl_bin.tar.gz,alpine,x64,jre,76
2026-09-08T00:24:05+00:00,sapmachine-21.0.12,357792575,False,sapmachine-jre-21.0.12_linux-x64_bin.tar.gz,linux,x64,jre,30507
2026-09-08T00:24:05+00:00,sapmachine-21.0.12,357792575,False,sapmachine-jre-21.0.12_macos-aarch64_bin.dmg,macos,aarch64,jre,103
2026-09-08T00:24:05+00:00,sapmachine-21.0.12,357792575,False,sapmachine-jre-21.0.12_macos-aarch64_bin.tar.gz,macos,aarch64,jre,429
2026-09-08T00:24:05+00:00,sapmachine-21.0.12,357792575,False,sapmachine-jre-21.0.12_macos-x64_bin.dmg,macos,x64,jre,78
2026-09-08T00:24:05+00:00,sapmachine-21.0.12,357792575,False,sapmachine-jre-21.0.12_macos-x64_bin.tar.gz,macos,x64,jre,212
2026-09-08T00:24:05+00:00,sapmachine-21.0.12,357792575,False,sapmachine-jre-21.0.12_windows-x64_bin.msi,windows,x64,jre,418
2026-09-08T00:24:05+00:00,sapmachine-21.0.12,357792575,False,sapmachine-jre-21.0.12_windows-x64_bin.zip,windows,x64,jre,232
2026-09-08T00:24:05+00:00,sapmachine-21.0.12+8,357843630,True,sapmachine-jdk-21.0.12-ea.8_linux-x64-musl_bin.tar.gz,alpine,x64,jdk,62
2026-09-08T00:24:05+00:00,sapmachine-21.0.12+8,357843630,True,sapmachine-jre-21.0.12-ea.8_linux-x64-musl_bin.tar.gz,alpine,x64,jre,62
2026-09-08T00:24:05+00:00,sapmachine-21.0.12+8,357843630,True,sapmachine-jdk-21.0.12-ea.8_linux-x64-musl_bin-symbols.tar.gz,alpine,x64,jdk,2
2026-09-08T00:24:05+00:00,sapmachine-21.0.12+8,357843630,True,sapmachine-jdk-21.0.12-ea.8_linux-x64_bin.tar.gz,linux,x64,jdk,925
2026-09-08T00:24:05+00:00,sapmachine-21.0.12+8,357843630,True,sapmachine-jre-21.0.12-ea.8_linux-x64_bin.tar.gz,linux,x64,jre,63
2026-09-08T00:24:05+00:00,sapmachine-21.0.12+8,357843630,True,sapmachine-jdk-21.0.12-ea.8_linux-x64_bin-symbols.tar.gz,linux,x64,jdk,2
2026-09-08T00:24:05+00:00,sapmachine-21.0.12+8,357843630,True,sapmachine-jdk-21.0.12-ea.8_linux-aarch64_bin.tar.gz,linux,aarch64,jdk,62
2026-09-08T00:24:05+00:00,sapmachine-21.0.12+8,357843630,True,sapmachine-jre-21.0.12-ea.8_linux-aarch64_bin.tar.gz,linux,aarch64,jre,62
2026-09-08T00:24:05+00:00,sapmachine-21.0.12+8,357843630,True,sapmachine-jdk-21.0.12-ea.8_linux-aarch64_bin-symbols.tar.gz,linux,aarch64,jdk,1
2026-09-08T00:24:05+00:00,sapmachine-21.0.12+8,357843630,True,sapmachine-jdk-21.0.12-ea.8_linux-ppc64le_bin.tar.gz,linux,ppc64,jdk,64
2026-09-08T00:24:05+00:00,sapmachine-21.0.12+8,357843630,True,sapmachine-jre-21.0.12-ea.8_linux-ppc64le_bin.tar.gz,linux,ppc64,jre,64
2026-09-08T00:24:05+00:00,sapmachine-21.0.12+8,357843630,True,sapmachine-jdk-21.0.12-ea.8_linux-ppc64le_bin-symbols.tar.gz,linux,ppc64,jdk,1
2026-09-08T00:24:05+00:00,sapmachine-21.0.12+8,357843630,True,sapmachine-jdk-21.0.12-ea.8_aix-ppc64_bin.tar.gz,aix,ppc64,jdk,63
2026-09-08T00:24:05+00:00,sapmachine-21.0.12+8,357843630,True,sapmachine-jre-21.0.12-ea.8_aix-ppc64_bin.tar.gz,aix,ppc64,jre,63
2026-09-08T00:24:05+00:00,sapmachine-21.0.12+8,357843630,True,sapmachine-jdk-21.0.12-ea.8_aix-ppc64_bin-symbols.tar.gz,aix,ppc64,jdk,1
2026-09-08T00:24:05+00:00,sapmachine-21.0.12+8,357843630,True,sapmachine-jdk-21.0.12-ea.8_macos-aarch64_bin.tar.gz,macos,aarch64,jdk,2782
2026-09-08T00:24:05+00:00,sapmachine-21.0.12+8,357843630,True,sapmachine-jre-21.0.12-ea.8_macos-aarch64_bin.tar.gz,macos,aarch64,jre,247
2026-09-08T00:24:05+00:00,sapmachine-21.0.12+8,357843630,True,sapmachine-jdk-21.0.12-ea.8_macos-aarch64_bin-symbols.tar.gz,macos,aarch64,jdk,1
2026-09-08T00:24:05+00:00,sapmachine-21.0.12+8,357843630,True,sapmachine-jdk-21.0.12-ea.8_macos-aarch64_bin.dmg,macos,aarch64,jdk,65
2026-09-08T00:24:05+00:00,sapmachine-21.0.12+8,357843630,True,sapmachine-jre-21.0.12-ea.8_macos-aarch64_bin.dmg,macos,aarch64,jre,63
2026-09-08T00:24:05+00:00,sapmachine-21.0.12+8,357843630,True,sapmachine-jdk-21.0.12-ea.8_macos-x64_bin.tar.gz,macos,x64,jdk,92
2026-09-08T00:24:05+00:00,sapmachine-21.0.12+8,357843630,True,sapmachine-jre-21.0.12-ea.8_macos-x64_bin.tar.gz,macos,x64,jre,63
2026-09-08T00:24:05+00:00,sapmachine-21.0.12+8,357843630,True,sapmachine-jdk-21.0.12-ea.8_macos-x64_bin-symbols.tar.gz,macos,x64,jdk,1
2026-09-08T00:24:05+00:00,sapmachine-21.0.12+8,357843630,True,sapmachine-jdk-21.0.12-ea.8_macos-x64_bin.dmg,macos,x64,jdk,64
2026-09-08T00:24:05+00:00,sapmachine-21.0.12+8,357843630,True,sapmachine-jre-21.0.12-ea.8_macos-x64_bin.dmg,macos,x64,jre,62
2026-09-08T00:24:05+00:00,sapmachine-21.0.12+8,357843630,True,sapmachine-jdk-21.0.12-ea.8_windows-x64_bin.zip,windows,x64,jdk,920
2026-09-08T00:24:05+00:00,sapmachine-21.0.12+8,357843630,True,sapmachine-jre-21.0.12-ea.8_windows-x64_bin.zip,windows,x64,jre,66
2026-09-08T00:24:05+00:00,sapmachine-21.0.12+8,357843630,True,sapmachine-jdk-21.0.12-ea.8_windows-x64_bin-symbols.tar.gz,windows,x64,jdk,1
2026-09-08T00:24:05+00:00,sapmachine-25.0.4+7,357805950,True,sapmachine-jdk-25.0.4-ea.7_linux-x64-musl_bin.tar.gz,alpine,x64,jdk,66
2026-09-08T00:24:05+00:00,sapmachine-25.0.4+7,357805950,True,sapmachine-jre-25.0.4-ea.7_linux-x64-musl_bin.tar.gz,alpine,x64,jre,66
2026-09-08T00:24:05+00:00,sapmachine-25.0.4+7,357805950,True,sapmachine-jdk-25.0.4-ea.7_linux-x64-musl_bin-symbols.tar.gz,alpine,x64,jdk,2
2026-09-08T00:24:05+00:00,sapmachine-25.0.4+7,357805950,True,sapmachine-jdk-25.0.4-ea.7_aix-ppc64_bin.tar.gz,aix,ppc64,jdk,66
2026-09-08T00:24:05+00:00,sapmachine-25.0.4+7,357805950,True,sapmachine-jre-25.0.4-ea.7_aix-ppc64_bin.tar.gz,aix,ppc64,jre,66
2026-09-08T00:24:05+00:00,sapmachine-25.0.4+7,357805950,True,sapmachine-jdk-25.0.4-ea.7_aix-ppc64_bin-symbols.tar.gz,aix,ppc64,jdk,2
2026-09-08T00:24:05+00:00,sapmachine-25.0.4+7,357805950,True,sapmachine-jdk-25.0.4-ea.7_linux-x64_bin.tar.gz,linux,x64,jdk,77
2026-09-08T00:24:05+00:00,sapmachine-25.0.4+7,357805950,True,sapmachine-jre-25.0.4-ea.7_linux-x64_bin.tar.gz,linux,x64,jre,68
2026-09-08T00:24:05+00:00,sapmachine-25.0.4+7,357805950,True,sapmachine-jdk-25.0.4-ea.7_linux-x64_bin-symbols.tar.gz,linux,x64,jdk,1
2026-09-08T00:24:05+00:00,sapmachine-25.0.4+7,357805950,True,sapmachine-jdk-25.0.4-ea.7_linux-ppc64le_bin.tar.gz,linux,ppc64,jdk,68
2026-09-08T00:24:05+00:00,sapmachine-25.0.4+7,357805950,True,sapmachine-jre-25.0.4-ea.7_linux-ppc64le_bin.tar.gz,linux,ppc64,jre,68
2026-09-08T00:24:05+00:00,sapmachine-25.0.4+7,357805950,True,sapmachine-jdk-25.0.4-ea.7_linux-ppc64le_bin-symbols.tar.gz,linux,ppc64,jdk,1
2026-09-08T00:24:05+00:00,sapmachine-25.0.4+7,357805950,True,sapmachine-jdk-25.0.4-ea.7_macos-aarch64_bin.tar.gz,macos,aarch64,jdk,83
2026-09-08T00:24:05+00:00,sapmachine-25.0.4+7,357805950,True,sapmachine-jre-25.0.4-ea.7_macos-aarch64_bin.tar.gz,macos,aarch64,jre,66
2026-09-08T00:24:05+00:00,sapmachine-25.0.4+7,357805950,True,sapmachine-jdk-25.0.4-ea.7_macos-aarch64_bin-symbols.tar.gz,macos,aarch64,jdk,1
2026-09-08T00:24:05+00:00,sapmachine-25.0.4+7,357805950,True,sapmachine-jdk-25.0.4-ea.7_macos-aarch64_bin.dmg,macos,aarch64,jdk,66
2026-09-08T00:24:05+00:00,sapmachine-25.0.4+7,357805950,True,sapmachine-jre-25.0.4-ea.7_macos-aarch64_bin.dmg,macos,aarch64,jre,65
2026-09-08T00:24:05+00:00,sapmachine-25.0.4+7,357805950,True,sapmachine-jdk-25.0.4-ea.7_linux-aarch64_bin.tar.gz,linux,aarch64,jdk,68
2026-09-08T00:24:05+00:00,sapmachine-25.0.4+7,357805950,True,sapmachine-jre-25.0.4-ea.7_linux-aarch64_bin.tar.gz,linux,aarch64,jre,68
2026-09-08T00:24:05+00:00,sapmachine-25.0.4+7,357805950,True,sapmachine-jdk-25.0.4-ea.7_linux-aarch64_bin-symbols.tar.gz,linux,aarch64,jdk,1
2026-09-08T00:24:05+00:00,sapmachine-25.0.4+7,357805950,True,sapmachine-jdk-25.0.4-ea.7_windows-x64_bin.zip,windows,x64,jdk,68
2026-09-08T00:24:05+00:00,sapmachine-25.0.4+7,357805950,True,sapmachine-jre-25.0.4-ea.7_windows-x64_bin.zip,windows,x64,jre,68
2026-09-08T00:24:05+00:00,sapmachine-25.0.4+7,357805950,True,sapmachine-jdk-25.0.4-ea.7_windows-x64_bin-symbols.tar.gz,windows,x64,jdk,1
2026-09-08T00:24:05+00:00,sapmachine-25.0.4,357626706,False,sapmachine-25.0.4-sbom-aix-ppc64.json,aix,ppc64,,55
2026-09-08T00:24:05+00:00,sapmachine-25.0.4,357626706,False,sapmachine-25.0.4-sbom-linux-aarch64.json,linux,aarch64,,53
2026-09-08T00:24:05+00:00,sapmachine-25.0.4,357626706,False,sapmachine-25.0.4-sbom-linux-ppc64le.json,linux,ppc64,,53
2026-09-08T00:24:05+00:00,sapmachine-25.0.4,357626706,False,sapmachine-25.0.4-sbom-linux-x64-musl.json,alpine,x64,,53
2026-09-08T00:24:05+00:00,sapmachine-25.0.4,357626706,False,sapmachine-25.0.4-sbom-linux-x64.json,linux,x64,,55
2026-09-08T00:24:05+00:00,sapmachine-25.0.4,357626706,False,sapmachine-25.0.4-sbom-macos-aarch64.json,macos,aarch64,,54
2026-09-08T00:24:05+00:00,sapmachine-25.0.4,357626706,False,sapmachine-25.0.4-sbom-windows-x64.json,windows,x64,,55
2026-09-08T00:24:05+00:00,sapmachine-25.0.4,357626706,False,sapmachine-jdk-25.0.4_aix-ppc64_bin-symbols.tar.gz,aix,ppc64,jdk,2
2026-09-08T00:24:05+00:00,sapmachine-25.0.4,357626706,False,sapmachine-jdk-25.0.4_aix-ppc64_bin.tar.gz,aix,ppc64,jdk,107
2026-09-08T00:24:05+00:00,sapmachine-25.0.4,357626706,False,sapmachine-jdk-25.0.4_linux-aarch64_bin-symbols.tar.gz,linux,aarch64,jdk,2
2026-09-08T00:24:05+00:00,sapmachine-25.0.4,357626706,False,sapmachine-jdk-25.0.4_linux-aarch64_bin.tar.gz,linux,aarch64,jdk,340
2026-09-08T00:24:05+00:00,sapmachine-25.0.4,357626706,False,sapmachine-jdk-25.0.4_linux-ppc64le_bin-symbols.tar.gz,linux,ppc64,jdk,2
2026-09-08T00:24:05+00:00,sapmachine-25.0.4,357626706,False,sapmachine-jdk-25.0.4_linux-ppc64le_bin.tar.gz,linux,ppc64,jdk,120
2026-09-08T00:24:05+00:00,sapmachine-25.0.4,357626706,False,sapmachine-jdk-25.0.4_linux-x64-musl_bin-symbols.tar.gz,alpine,x64,jdk,2
2026-09-08T00:24:05+00:00,sapmachine-25.0.4,357626706,False,sapmachine-jdk-25.0.4_linux-x64-musl_bin.tar.gz,alpine,x64,jdk,113
2026-09-08T00:24:05+00:00,sapmachine-25.0.4,357626706,False,sapmachine-jdk-25.0.4_linux-x64_bin-symbols.tar.gz,linux,x64,jdk,3
2026-09-08T00:24:05+00:00,sapmachine-25.0.4,357626706,False,sapmachine-jdk-25.0.4_linux-x64_bin.tar.gz,linux,x64,jdk,44492
2026-09-08T00:24:05+00:00,sapmachine-25.0.4,357626706,False,sapmachine-jdk-25.0.4_macos-aarch64_bin-symbols.tar.gz,macos,aarch64,jdk,2
2026-09-08T00:24:05+00:00,sapmachine-25.0.4,357626706,False,sapmachine-jdk-25.0.4_macos-aarch64_bin.dmg,macos,aarch64,jdk,448
2026-09-08T00:24:05+00:00,sapmachine-25.0.4,357626706,False,sapmachine-jdk-25.0.4_macos-aarch64_bin.tar.gz,macos,aarch64,jdk,18569
2026-09-08T00:24:05+00:00,sapmachine-25.0.4,357626706,False,sapmachine-jdk-25.0.4_windows-x64_bin-symbols.tar.gz,windows,x64,jdk,2
2026-09-08T00:24:05+00:00,sapmachine-25.0.4,357626706,False,sapmachine-jdk-25.0.4_windows-x64_bin.msi,windows,x64,jdk,628
2026-09-08T00:24:05+00:00,sapmachine-25.0.4,357626706,False,sapmachine-jdk-25.0.4_windows-x64_bin.zip,windows,x64,jdk,950
2026-09-08T00:24:05+00:00,sapmachine-25.0.4,357626706,False,sapmachine-jre-25.0.4_aix-ppc64_bin.tar.gz,aix,ppc64,jre,75
2026-09-08T00:24:05+00:00,sapmachine-25.0.4,357626706,False,sapmachine-jre-25.0.4_linux-aarch64_bin.tar.gz,linux,aarch64,jre,244
2026-09-08T00:24:05+00:00,sapmachine-25.0.4,357626706,False,sapmachine-jre-25.0.4_linux-ppc64le_bin.tar.gz,linux,ppc64,jre,79
2026-09-08T00:24:05+00:00,sapmachine-25.0.4,357626706,False,sapmachine-jre-25.0.4_linux-x64-musl_bin.tar.gz,alpine,x64,jre,78
2026-09-08T00:24:05+00:00,sapmachine-25.0.4,357626706,False,sapmachine-jre-25.0.4_linux-x64_bin.tar.gz,linux,x64,jre,9531
2026-09-08T00:24:05+00:00,sapmachine-25.0.4,357626706,False,sapmachine-jre-25.0.4_macos-aarch64_bin.dmg,macos,aarch64,jre,89
2026-09-08T00:24:05+00:00,sapmachine-25.0.4,357626706,False,sapmachine-jre-25.0.4_macos-aarch64_bin.tar.gz,macos,aarch64,jre,197
2026-09-08T00:24:05+00:00,sapmachine-25.0.4,357626706,False,sapmachine-jre-25.0.4_windows-x64_bin.msi,windows,x64,jre,256
2026-09-08T00:24:05+00:00,sapmachine-25.0.4,357626706,False,sapmachine-jre-25.0.4_windows-x64_bin.zip,windows,x64,jre,118
2026-09-08T00:24:05+00:00,sapmachine-26.0.2+10,357802906,True,sapmachine-jdk-26.0.2-ea.10_linux-x64-musl_bin.tar.gz,alpine,x64,jdk,66
2026-09-08T00:24:05+00:00,sapmachine-26.0.2+10,357802906,True,sapmachine-jre-26.0.2-ea.10_linux-x64-musl_bin.tar.gz,alpine,x64,jre,66
2026-09-08T00:24:05+00:00,sapmachine-26.0.2+10,357802906,True,sapmachine-jdk-26.0.2-ea.10_linux-x64-musl_bin-symbols.tar.gz,alpine,x64,jdk,2
2026-09-08T00:24:05+00:00,sapmachine-26.0.2+10,357802906,True,sapmachine-jdk-26.0.2-ea.10_macos-aarch64_bin.tar.gz,macos,aarch64,jdk,70
2026-09-08T00:24:05+00:00,sapmachine-26.0.2+10,357802906,True,sapmachine-jre-26.0.2-ea.10_macos-aarch64_bin.tar.gz,macos,aarch64,jre,73
2026-09-08T00:24:05+00:00,sapmachine-26.0.2+10,357802906,True,sapmachine-jdk-26.0.2-ea.10_macos-aarch64_bin-symbols.tar.gz,macos,aarch64,jdk,1
2026-09-08T00:24:05+00:00,sapmachine-26.0.2+10,357802906,True,sapmachine-jdk-26.0.2-ea.10_macos-aarch64_bin.dmg,macos,aarch64,jdk,66
2026-09-08T00:24:05+00:00,sapmachine-26.0.2+10,357802906,True,sapmachine-jre-26.0.2-ea.10_macos-aarch64_bin.dmg,macos,aarch64,jre,65
2026-09-08T00:24:05+00:00,sapmachine-26.0.2+10,357802906,True,sapmachine-jdk-26.0.2-ea.10_linux-x64_bin.tar.gz,linux,x64,jdk,68
2026-09-08T00:24:05+00:00,sapmachine-26.0.2+10,357802906,True,sapmachine-jre-26.0.2-ea.10_linux-x64_bin.tar.gz,linux,x64,jre,68
2026-09-08T00:24:05+00:00,sapmachine-26.0.2+10,357802906,True,sapmachine-jdk-26.0.2-ea.10_linux-x64_bin-symbols.tar.gz,linux,x64,jdk,1
2026-09-08T00:24:05+00:00,sapmachine-26.0.2+10,357802906,True,sapmachine-jdk-26.0.2-ea.10_aix-ppc64_bin.tar.gz,aix,ppc64,jdk,65
2026-09-08T00:24:05+00:00,sapmachine-26.0.2+10,357802906,True,sapmachine-jre-26.0.2-ea.10_aix-ppc64_bin.tar.gz,aix,ppc64,jre,65
2026-09-08T00:24:05+00:00,sapmachine-26.0.2+10,357802906,True,sapmachine-jdk-26.0.2-ea.10_aix-ppc64_bin-symbols.tar.gz,aix,ppc64,jdk,1
2026-09-08T00:24:05+00:00,sapmachine-26.0.2+10,357802906,True,sapmachine-jdk-26.0.2-ea.10_linux-ppc64le_bin.tar.gz,linux,ppc64,jdk,68
2026-09-08T00:24:05+00:00,sapmachine-26.0.2+10,357802906,True,sapmachine-jre-26.0.2-ea.10_linux-ppc64le_bin.tar.gz,linux,ppc64,jre,68
2026-09-08T00:24:05+00:00,sapmachine-26.0.2+10,357802906,True,sapmachine-jdk-26.0.2-ea.10_linux-ppc64le_bin-symbols.tar.gz,linux,ppc64,jdk,1
2026-09-08T00:24:05+00:00,sapmachine-26.0.2+10,357802906,True,sapmachine-jdk-26.0.2-ea.10_linux-aarch64_bin.tar.gz,linux,aarch64,jdk,68
2026-09-08T00:24:05+00:00,sapmachine-26.0.2+10,357802906,True,sapmachine-jre-26.0.2-ea.10_linux-aarch64_bin.tar.gz,linux,aarch64,jre,68
2026-09-08T00:24:05+00:00,sapmachine-26.0.2+10,357802906,True,sapmachine-jdk-26.0.2-ea.10_linux-aarch64_bin-symbols.tar.gz,linux,aarch64,jdk,1
2026-09-08T00:24:05+00:00,sapmachine-26.0.2+10,357802906,True,sapmachine-jdk-26.0.2-ea.10_windows-x64_bin.zip,windows,x64,jdk,68
2026-09-08T00:24:05+00:00,sapmachine-26.0.2+10,357802906,True,sapmachine-jre-26.0.2-ea.10_windows-x64_bin.zip,windows,x64,jre,68
2026-09-08T00:24:05+00:00,sapmachine-26.0.2+10,357802906,True,sapmachine-jdk-26.0.2-ea.10_windows-x64_bin-symbols.tar.gz,windows,x64,jdk,1
2026-09-08T00:24:05+00:00,sapmachine-26.0.2,357619279,False,sapmachine-jdk-26.0.2_aix-ppc64_bin-symbols.tar.gz,aix,ppc64,jdk,3
2026-09-08T00:24:05+00:00,sapmachine-26.0.2,357619279,False,sapmachine-jdk-26.0.2_aix-ppc64_bin.tar.gz,aix,ppc64,jdk,139
2026-09-08T00:24:05+00:00,sapmachine-26.0.2,357619279,False,sapmachine-jdk-26.0.2_linux-aarch64_bin-symbols.tar.gz,linux,aarch64,jdk,2
2026-09-08T00:24:05+00:00,sapmachine-26.0.2,357619279,False,sapmachine-jdk-26.0.2_linux-aarch64_bin.tar.gz,linux,aarch64,jdk,199
2026-09-08T00:24:05+00:00,sapmachine-26.0.2,357619279,False,sapmachine-jdk-26.0.2_linux-ppc64le_bin-symbols.tar.gz,linux,ppc64,jdk,1
2026-09-08T00:24:05+00:00,sapmachine-26.0.2,357619279,False,sapmachine-jdk-26.0.2_linux-ppc64le_bin.tar.gz,linux,ppc64,jdk,139
2026-09-08T00:24:05+00:00,sapmachine-26.0.2,357619279,False,sapmachine-jdk-26.0.2_linux-x64-musl_bin-symbols.tar.gz,alpine,x64,jdk,2
2026-09-08T00:24:05+00:00,sapmachine-26.0.2,357619279,False,sapmachine-jdk-26.0.2_linux-x64-musl_bin.tar.gz,alpine,x64,jdk,122
2026-09-08T00:24:05+00:00,sapmachine-26.0.2,357619279,False,sapmachine-jdk-26.0.2_linux-x64_bin-symbols.tar.gz,linux,x64,jdk,1
2026-09-08T00:24:05+00:00,sapmachine-26.0.2,357619279,False,sapmachine-jdk-26.0.2_linux-x64_bin.tar.gz,linux,x64,jdk,994
2026-09-08T00:24:05+00:00,sapmachine-26.0.2,357619279,False,sapmachine-jdk-26.0.2_macos-aarch64_bin-symbols.tar.gz,macos,aarch64,jdk,1
2026-09-08T00:24:05+00:00,sapmachine-26.0.2,357619279,False,sapmachine-jdk-26.0.2_macos-aarch64_bin.dmg,macos,aarch64,jdk,1365
2026-09-08T00:24:05+00:00,sapmachine-26.0.2,357619279,False,sapmachine-jdk-26.0.2_macos-aarch64_bin.tar.gz,macos,aarch64,jdk,1128
2026-09-08T00:24:05+00:00,sapmachine-26.0.2,357619279,False,sapmachine-jdk-26.0.2_windows-x64_bin-symbols.tar.gz,windows,x64,jdk,1
2026-09-08T00:24:05+00:00,sapmachine-26.0.2,357619279,False,sapmachine-jdk-26.0.2_windows-x64_bin.msi,windows,x64,jdk,1347
2026-09-08T00:24:05+00:00,sapmachine-26.0.2,357619279,False,sapmachine-jdk-26.0.2_windows-x64_bin.zip,windows,x64,jdk,423
2026-09-08T00:24:05+00:00,sapmachine-26.0.2,357619279,False,sapmachine-jre-26.0.2_aix-ppc64_bin.tar.gz,aix,ppc64,jre,72
2026-09-08T00:24:05+00:00,sapmachine-26.0.2,357619279,False,sapmachine-jre-26.0.2_linux-aarch64_bin.tar.gz,linux,aarch64,jre,131
2026-09-08T00:24:05+00:00,sapmachine-26.0.2,357619279,False,sapmachine-jre-26.0.2_linux-ppc64le_bin.tar.gz,linux,ppc64,jre,76
2026-09-08T00:24:05+00:00,sapmachine-26.0.2,357619279,False,sapmachine-jre-26.0.2_linux-x64-musl_bin.tar.gz,alpine,x64,jre,75
2026-09-08T00:24:05+00:00,sapmachine-26.0.2,357619279,False,sapmachine-jre-26.0.2_linux-x64_bin.tar.gz,linux,x64,jre,545
2026-09-08T00:24:05+00:00,sapmachine-26.0.2,357619279,False,sapmachine-jre-26.0.2_macos-aarch64_bin.dmg,macos,aarch64,jre,81
2026-09-08T00:24:05+00:00,sapmachine-26.0.2,357619279,False,sapmachine-jre-26.0.2_macos-aarch64_bin.tar.gz,macos,aarch64,jre,162
2026-09-08T00:24:05+00:00,sapmachine-26.0.2,357619279,False,sapmachine-jre-26.0.2_windows-x64_bin.msi,windows,x64,jre,327
2026-09-08T00:24:05+00:00,sapmachine-26.0.2,357619279,False,sapmachine-jre-26.0.2_windows-x64_bin.zip,windows,x64,jre,111
2026-09-08T00:24:05+00:00,sapmachine-26.0.2+1,355181493,True,sapmachine-jdk-26.0.2-ea.1_linux-x64-musl_bin.tar.gz,alpine,x64,jdk,70
2026-09-08T00:24:05+00:00,sapmachine-26.0.2+1,355181493,True,sapmachine-jre-26.0.2-ea.1_linux-x64-musl_bin.tar.gz,alpine,x64,jre,70
2026-09-08T00:24:05+00:00,sapmachine-26.0.2+1,355181493,True,sapmachine-jdk-26.0.2-ea.1_linux-x64-musl_bin-symbols.tar.gz,alpine,x64,jdk,2
2026-09-08T00:24:05+00:00,sapmachine-26.0.2+1,355181493,True,sapmachine-jdk-26.0.2-ea.1_aix-ppc64_bin.tar.gz,aix,ppc64,jdk,68
2026-09-08T00:24:05+00:00,sapmachine-26.0.2+1,355181493,True,sapmachine-jre-26.0.2-ea.1_aix-ppc64_bin.tar.gz,aix,ppc64,jre,69
2026-09-08T00:24:05+00:00,sapmachine-26.0.2+1,355181493,True,sapmachine-jdk-26.0.2-ea.1_aix-ppc64_bin-symbols.tar.gz,aix,ppc64,jdk,1
2026-09-08T00:24:05+00:00,sapmachine-26.0.2+1,355181493,True,sapmachine-jdk-26.0.2-ea.1_linux-x64_bin.tar.gz,linux,x64,jdk,73
2026-09-08T00:24:05+00:00,sapmachine-26.0.2+1,355181493,True,sapmachine-jre-26.0.2-ea.1_linux-x64_bin.tar.gz,linux,x64,jre,72
2026-09-08T00:24:05+00:00,sapmachine-26.0.2+1,355181493,True,sapmachine-jdk-26.0.2-ea.1_linux-x64_bin-symbols.tar.gz,linux,x64,jdk,1
2026-09-08T00:24:05+00:00,sapmachine-26.0.2+1,355181493,True,sapmachine-jdk-26.0.2-ea.1_linux-ppc64le_bin.tar.gz,linux,ppc64,jdk,72
2026-09-08T00:24:05+00:00,sapmachine-26.0.2+1,355181493,True,sapmachine-jre-26.0.2-ea.1_linux-ppc64le_bin.tar.gz,linux,ppc64,jre,72
2026-09-08T00:24:05+00:00,sapmachine-26.0.2+1,355181493,True,sapmachine-jdk-26.0.2-ea.1_linux-ppc64le_bin-symbols.tar.gz,linux,ppc64,jdk,1
2026-09-08T00:24:05+00:00,sapmachine-26.0.2+1,355181493,True,sapmachine-jdk-26.0.2-ea.1_macos-aarch64_bin.tar.gz,macos,aarch64,jdk,73
2026-09-08T00:24:05+00:00,sapmachine-26.0.2+1,355181493,True,sapmachine-jre-26.0.2-ea.1_macos-aarch64_bin.tar.gz,macos,aarch64,jre,75
2026-09-08T00:24:05+00:00,sapmachine-26.0.2+1,355181493,True,sapmachine-jdk-26.0.2-ea.1_macos-aarch64_bin-symbols.tar.gz,macos,aarch64,jdk,1
2026-09-08T00:24:05+00:00,sapmachine-26.0.2+1,355181493,True,sapmachine-jdk-26.0.2-ea.1_macos-aarch64_bin.dmg,macos,aarch64,jdk,70
2026-09-08T00:24:05+00:00,sapmachine-26.0.2+1,355181493,True,sapmachine-jre-26.0.2-ea.1_macos-aarch64_bin.dmg,macos,aarch64,jre,68
2026-09-08T00:24:05+00:00,sapmachine-26.0.2+1,355181493,True,sapmachine-jdk-26.0.2-ea.1_linux-aarch64_bin.tar.gz,linux,aarch64,jdk,72
2026-09-08T00:24:05+00:00,sapmachine-26.0.2+1,355181493,True,sapmachine-jre-26.0.2-ea.1_linux-aarch64_bin.tar.gz,linux,aarch64,jre,73
2026-09-08T00:24:05+00:00,sapmachine-26.0.2+1,355181493,True,sapmachine-jdk-26.0.2-ea.1_linux-aarch64_bin-symbols.tar.gz,linux,aarch64,jdk,1
2026-09-08T00:24:05+00:00,sapmachine-26.0.2+1,355181493,True,sapmachine-jdk-26.0.2-ea.1_windows-x64_bin.zip,windows,x64,jdk,73
2026-09-08T00:24:05+00:00,sapmachine-26.0.2+1,355181493,True,sapmachine-jre-26.0.2-ea.1_windows-x64_bin.zip,windows,x64,jre,72
2026-09-08T00:24:05+00:00,sapmachine-26.0.2+1,355181493,True,sapmachine-jdk-26.0.2-ea.1_windows-x64_bin-symbols.tar.gz,windows,x64,jdk,1
2026-09-08T00:24:05+00:00,sapmachine-27+30,355155816,True,sapmachine-jdk-27-ea.30_linux-x64-musl_bin.tar.gz,alpine,x64,jdk,69
2026-09-08T00:24:05+00:00,sapmachine-27+30,355155816,True,sapmachine-jre-27-ea.30_linux-x64-musl_bin.tar.gz,alpine,x64,jre,69
2026-09-08T00:24:05+00:00,sapmachine-27+30,355155816,True,sapmachine-jdk-27-ea.30_linux-x64-musl_bin-symbols.tar.gz,alpine,x64,jdk,1
2026-09-08T00:24:05+00:00,sapmachine-27+30,355155816,True,sapmachine-jdk-27-ea.30_linux-x64_bin.tar.gz,linux,x64,jdk,72
2026-09-08T00:24:05+00:00,sapmachine-27+30,355155816,True,sapmachine-jre-27-ea.30_linux-x64_bin.tar.gz,linux,x64,jre,72
2026-09-08T00:24:05+00:00,sapmachine-27+30,355155816,True,sapmachine-jdk-27-ea.30_linux-x64_bin-symbols.tar.gz,linux,x64,jdk,1
2026-09-08T00:24:05+00:00,sapmachine-27+30,355155816,True,sapmachine-jdk-27-ea.30_linux-aarch64_bin.tar.gz,linux,aarch64,jdk,72
2026-09-08T00:24:05+00:00,sapmachine-27+30,355155816,True,sapmachine-jre-27-ea.30_linux-aarch64_bin.tar.gz,linux,aarch64,jre,72
2026-09-08T00:24:05+00:00,sapmachine-27+30,355155816,True,sapmachine-jdk-27-ea.30_linux-aarch64_bin-symbols.tar.gz,linux,aarch64,jdk,1
2026-09-08T00:24:05+00:00,sapmachine-27+30,355155816,True,sapmachine-jdk-27-ea.30_aix-ppc64_bin.tar.gz,aix,ppc64,jdk,69
2026-09-08T00:24:05+00:00,sapmachine-27+30,355155816,True,sapmachine-jre-27-ea.30_aix-ppc64_bin.tar.gz,aix,ppc64,jre,69
2026-09-08T00:24:05+00:00,sapmachine-27+30,355155816,True,sapmachine-jdk-27-ea.30_aix-ppc64_bin-symbols.tar.gz,aix,ppc64,jdk,1
2026-09-08T00:24:05+00:00,sapmachine-27+30,355155816,True,sapmachine-jdk-27-ea.30_linux-ppc64le_bin.tar.gz,linux,ppc64,jdk,72
2026-09-08T00:24:05+00:00,sapmachine-27+30,355155816,True,sapmachine-jre-27-ea.30_linux-ppc64le_bin.tar.gz,linux,ppc64,jre,72
2026-09-08T00:24:05+00:00,sapmachine-27+30,355155816,True,sapmachine-jdk-27-ea.30_linux-ppc64le_bin-symbols.tar.gz,linux,ppc64,jdk,1
2026-09-08T00:24:05+00:00,sapmachine-27+30,355155816,True,sapmachine-jdk-27-ea.30_macos-aarch64_bin.tar.gz,macos,aarch64,jdk,75
2026-09-08T00:24:05+00:00,sapmachine-27+30,355155816,True,sapmachine-jre-27-ea.30_macos-aarch64_bin.tar.gz,macos,aarch64,jre,74
2026-09-08T00:24:05+00:00,sapmachine-27+30,355155816,True,sapmachine-jdk-27-ea.30_macos-aarch64_bin-symbols.tar.gz,macos,aarch64,jdk,1
2026-09-08T00:24:05+00:00,sapmachine-27+30,355155816,True,sapmachine-jdk-27-ea.30_macos-aarch64_bin.dmg,macos,aarch64,jdk,71
2026-09-08T00:24:05+00:00,sapmachine-27+30,355155816,True,sapmachine-jre-27-ea.30_macos-aarch64_bin.dmg,macos,aarch64,jre,68
2026-09-08T00:24:05+00:00,sapmachine-27+30,355155816,True,sapmachine-jdk-27-ea.30_windows-x64_bin.zip,windows,x64,jdk,72
2026-09-08T00:24:05+00:00,sapmachine-27+30,355155816,True,sapmachine-jre-27-ea.30_windows-x64_bin.zip,windows,x64,jre,72
2026-09-08T00:24:05+00:00,sapmachine-27+30,355155816,True,sapmachine-jdk-27-ea.30_windows-x64_bin-symbols.tar.gz,windows,x64,jdk,1
2026-09-08T00:24:05+00:00,sapmachine-28+6,355175502,True,sapmachine-jdk-28-ea.6_linux-x64-musl_bin.tar.gz,alpine,x64,jdk,66
2026-09-08T00:24:05+00:00,sapmachine-28+6,355175502,True,sapmachine-jre-28-ea.6_linux-x64-musl_bin.tar.gz,alpine,x64,jre,66
2026-09-08T00:24:05+00:00,sapmachine-28+6,355175502,True,sapmachine-jdk-28-ea.6_linux-x64-musl_bin-symbols.tar.gz,alpine,x64,jdk,2
2026-09-08T00:24:05+00:00,sapmachine-28+6,355175502,True,sapmachine-jdk-28-ea.6_linux-aarch64_bin.tar.gz,linux,aarch64,jdk,69
2026-09-08T00:24:05+00:00,sapmachine-28+6,355175502,True,sapmachine-jre-28-ea.6_linux-aarch64_bin.tar.gz,linux,aarch64,jre,69
2026-09-08T00:24:05+00:00,sapmachine-28+6,355175502,True,sapmachine-jdk-28-ea.6_linux-aarch64_bin-symbols.tar.gz,linux,aarch64,jdk,1
2026-09-08T00:24:05+00:00,sapmachine-28+6,355175502,True,sapmachine-jdk-28-ea.6_linux-x64_bin.tar.gz,linux,x64,jdk,68
2026-09-08T00:24:05+00:00,sapmachine-28+6,355175502,True,sapmachine-jre-28-ea.6_linux-x64_bin.tar.gz,linux,x64,jre,69
2026-09-08T00:24:05+00:00,sapmachine-28+6,355175502,True,sapmachine-jdk-28-ea.6_linux-x64_bin-symbols.tar.gz,linux,x64,jdk,1
2026-09-08T00:24:05+00:00,sapmachine-28+6,355175502,True,sapmachine-jdk-28-ea.6_macos-aarch64_bin.tar.gz,macos,aarch64,jdk,65
2026-09-08T00:24:05+00:00,sapmachine-28+6,355175502,True,sapmachine-jre-28-ea.6_macos-aarch64_bin.tar.gz,macos,aarch64,jre,65
2026-09-08T00:24:05+00:00,sapmachine-28+6,355175502,True,sapmachine-jdk-28-ea.6_macos-aarch64_bin-symbols.tar.gz,macos,aarch64,jdk,1
2026-09-08T00:24:05+00:00,sapmachine-28+6,355175502,True,sapmachine-jdk-28-ea.6_macos-aarch64_bin.dmg,macos,aarch64,jdk,65
2026-09-08T00:24:05+00:00,sapmachine-28+6,355175502,True,sapmachine-jre-28-ea.6_macos-aarch64_bin.dmg,macos,aarch64,jre,64
2026-09-08T00:24:05+00:00,sapmachine-28+6,355175502,True,sapmachine-jdk-28-ea.6_aix-ppc64_bin.tar.gz,aix,ppc64,jdk,65
2026-09-08T00:24:05+00:00,sapmachine-28+6,355175502,True,sapmachine-jre-28-ea.6_aix-ppc64_bin.tar.gz,aix,ppc64,jre,65
2026-09-08T00:24:05+00:00,sapmachine-28+6,355175502,True,sapmachine-jdk-28-ea.6_aix-ppc64_bin-symbols.tar.gz,aix,ppc64,jdk,1
2026-09-08T00:24:05+00:00,sapmachine-28+6,355175502,True,sapmachine-jdk-28-ea.6_linux-ppc64le_bin.tar.gz,linux,ppc64,jdk,69
2026-09-08T00:24:05+00:00,sapmachine-28+6,355175502,True,sapmachine-jre-28-ea.6_linux-ppc64le_bin.tar.gz,linux,ppc64,jre,69
2026-09-08T00:24:05+00:00,sapmachine-28+6,355175502,True,sapmachine-jdk-28-ea.6_linux-ppc64le_bin-symbols.tar.gz,linux,ppc64,jdk,1
2026-09-08T00:24:05+00:00,sapmachine-28+6,355175502,True,sapmachine-jdk-28-ea.6_windows-x64_bin.zip,windows,x64,jdk,63
2026-09-08T00:24:05+00:00,sapmachine-28+6,355175502,True,sapmachine-jre-28-ea.6_windows-x64_bin.zip,windows,x64,jre,64
2026-09-08T00:24:05+00:00,sapmachine-28+6,355175502,True,sapmachine-jdk-28-ea.6_windows-x64_bin-symbols.tar.gz,windows,x64,jdk,1
2026-09-08T00:24:05+00:00,sapmachine-27+29,348838230,True,sapmachine-jdk-27-ea.29_linux-x64_bin.tar.gz,linux,x64,jdk,85
2026-09-08T00:24:05+00:00,sapmachine-27+29,348838230,True,sapmachine-jre-27-ea.29_linux-x64_bin.tar.gz,linux,x64,jre,85
2026-09-08T00:24:05+00:00,sapmachine-27+29,348838230,True,sapmachine-jdk-27-ea.29_linux-x64_bin-symbols.tar.gz,linux,x64,jdk,2
2026-09-08T00:24:05+00:00,sapmachine-27+29,348838230,True,sapmachine-jdk-27-ea.29_aix-ppc64_bin.tar.gz,aix,ppc64,jdk,82
2026-09-08T00:24:05+00:00,sapmachine-27+29,348838230,True,sapmachine-jre-27-ea.29_aix-ppc64_bin.tar.gz,aix,ppc64,jre,82
2026-09-08T00:24:05+00:00,sapmachine-27+29,348838230,True,sapmachine-jdk-27-ea.29_aix-ppc64_bin-symbols.tar.gz,aix,ppc64,jdk,2
2026-09-08T00:24:05+00:00,sapmachine-27+29,348838230,True,sapmachine-jdk-27-ea.29_macos-aarch64_bin.tar.gz,macos,aarch64,jdk,92
2026-09-08T00:24:05+00:00,sapmachine-27+29,348838230,True,sapmachine-jre-27-ea.29_macos-aarch64_bin.tar.gz,macos,aarch64,jre,86
2026-09-08T00:24:05+00:00,sapmachine-27+29,348838230,True,sapmachine-jdk-27-ea.29_macos-aarch64_bin-symbols.tar.gz,macos,aarch64,jdk,2
2026-09-08T00:24:05+00:00,sapmachine-27+29,348838230,True,sapmachine-jdk-27-ea.29_macos-aarch64_bin.dmg,macos,aarch64,jdk,87
2026-09-08T00:24:05+00:00,sapmachine-27+29,348838230,True,sapmachine-jre-27-ea.29_macos-aarch64_bin.dmg,macos,aarch64,jre,82
2026-09-08T00:24:05+00:00,sapmachine-27+29,348838230,True,sapmachine-jdk-27-ea.29_linux-x64-musl_bin.tar.gz,alpine,x64,jdk,81
2026-09-08T00:24:05+00:00,sapmachine-27+29,348838230,True,sapmachine-jre-27-ea.29_linux-x64-musl_bin.tar.gz,alpine,x64,jre,81
2026-09-08T00:24:05+00:00,sapmachine-27+29,348838230,True,sapmachine-jdk-27-ea.29_linux-x64-musl_bin-symbols.tar.gz,alpine,x64,jdk,1
2026-09-08T00:24:05+00:00,sapmachine-27+29,348838230,True,sapmachine-jdk-27-ea.29_linux-ppc64le_bin.tar.gz,linux,ppc64,jdk,84
2026-09-08T00:24:05+00:00,sapmachine-27+29,348838230,True,sapmachine-jre-27-ea.29_linux-ppc64le_bin.tar.gz,linux,ppc64,jre,84
2026-09-08T00:24:05+00:00,sapmachine-27+29,348838230,True,sapmachine-jdk-27-ea.29_linux-ppc64le_bin-symbols.tar.gz,linux,ppc64,jdk,1
2026-09-08T00:24:05+00:00,sapmachine-27+29,348838230,True,sapmachine-jdk-27-ea.29_linux-aarch64_bin.tar.gz,linux,aarch64,jdk,84
2026-09-08T00:24:05+00:00,sapmachine-27+29,348838230,True,sapmachine-jre-27-ea.29_linux-aarch64_bin.tar.gz,linux,aarch64,jre,84
2026-09-08T00:24:05+00:00,sapmachine-27+29,348838230,True,sapmachine-jdk-27-ea.29_linux-aarch64_bin-symbols.tar.gz,linux,aarch64,jdk,1
2026-09-08T00:24:05+00:00,sapmachine-27+29,348838230,True,sapmachine-jdk-27-ea.29_windows-x64_bin.zip,windows,x64,jdk,84
2026-09-08T00:24:05+00:00,sapmachine-27+29,348838230,True,sapmachine-jre-27-ea.29_windows-x64_bin.zip,windows,x64,jre,85
2026-09-08T00:24:05+00:00,sapmachine-27+29,348838230,True,sapmachine-jdk-27-ea.29_windows-x64_bin-symbols.tar.gz,windows,x64,jdk,1
2026-09-08T00:24:05+00:00,sapmachine-28+5,348837538,True,sapmachine-jdk-28-ea.5_linux-x64-musl_bin.tar.gz,alpine,x64,jdk,85
2026-09-08T00:24:05+00:00,sapmachine-28+5,348837538,True,sapmachine-jre-28-ea.5_linux-x64-musl_bin.tar.gz,alpine,x64,jre,85
2026-09-08T00:24:05+00:00,sapmachine-28+5,348837538,True,sapmachine-jdk-28-ea.5_linux-x64-musl_bin-symbols.tar.gz,alpine,x64,jdk,3
2026-09-08T00:24:05+00:00,sapmachine-28+5,348837538,True,sapmachine-jdk-28-ea.5_macos-aarch64_bin.tar.gz,macos,aarch64,jdk,85
2026-09-08T00:24:05+00:00,sapmachine-28+5,348837538,True,sapmachine-jre-28-ea.5_macos-aarch64_bin.tar.gz,macos,aarch64,jre,86
2026-09-08T00:24:05+00:00,sapmachine-28+5,348837538,True,sapmachine-jdk-28-ea.5_macos-aarch64_bin-symbols.tar.gz,macos,aarch64,jdk,3
2026-09-08T00:24:05+00:00,sapmachine-28+5,348837538,True,sapmachine-jdk-28-ea.5_macos-aarch64_bin.dmg,macos,aarch64,jdk,86
2026-09-08T00:24:05+00:00,sapmachine-28+5,348837538,True,sapmachine-jre-28-ea.5_macos-aarch64_bin.dmg,macos,aarch64,jre,85
2026-09-08T00:24:05+00:00,sapmachine-28+5,348837538,True,sapmachine-jdk-28-ea.5_linux-x64_bin.tar.gz,linux,x64,jdk,83
2026-09-08T00:24:05+00:00,sapmachine-28+5,348837538,True,sapmachine-jre-28-ea.5_linux-x64_bin.tar.gz,linux,x64,jre,81
2026-09-08T00:24:05+00:00,sapmachine-28+5,348837538,True,sapmachine-jdk-28-ea.5_linux-x64_bin-symbols.tar.gz,linux,x64,jdk,1
2026-09-08T00:24:05+00:00,sapmachine-28+5,348837538,True,sapmachine-jdk-28-ea.5_linux-aarch64_bin.tar.gz,linux,aarch64,jdk,81
2026-09-08T00:24:05+00:00,sapmachine-28+5,348837538,True,sapmachine-jre-28-ea.5_linux-aarch64_bin.tar.gz,linux,aarch64,jre,81
2026-09-08T00:24:05+00:00,sapmachine-28+5,348837538,True,sapmachine-jdk-28-ea.5_linux-aarch64_bin-symbols.tar.gz,linux,aarch64,jdk,1
2026-09-08T00:24:05+00:00,sapmachine-28+5,348837538,True,sapmachine-jdk-28-ea.5_aix-ppc64_bin.tar.gz,aix,ppc64,jdk,83
2026-09-08T00:24:05+00:00,sapmachine-28+5,348837538,True,sapmachine-jre-28-ea.5_aix-ppc64_bin.tar.gz,aix,ppc64,jre,83
2026-09-08T00:24:05+00:00,sapmachine-28+5,348837538,True,sapmachine-jdk-28-ea.5_aix-ppc64_bin-symbols.tar.gz,aix,ppc64,jdk,1
2026-09-08T00:24:05+00:00,sapmachine-28+5,348837538,True,sapmachine-jdk-28-ea.5_linux-ppc64le_bin.tar.gz,linux,ppc64,jdk,81
2026-09-08T00:24:05+00:00,sapmachine-28+5,348837538,True,sapmachine-jre-28-ea.5_linux-ppc64le_bin.tar.gz,linux,ppc64,jre,81
2026-09-08T00:24:05+00:00,sapmachine-28+5,348837538,True,sapmachine-jdk-28-ea.5_linux-ppc64le_bin-symbols.tar.gz,linux,ppc64,jdk,1
2026-09-08T00:24:05+00:00,sapmachine-28+5,348837538,True,sapmachine-jdk-28-ea.5_windows-x64_bin.zip,windows,x64,jdk,90
2026-09-08T00:24:05+00:00,sapmachine-28+5,348837538,True,sapmachine-jre-28-ea.5_windows-x64_bin.zip,windows,x64,jre,84
2026-09-08T00:24:05+00:00,sapmachine-28+5,348837538,True,sapmachine-jdk-28-ea.5_windows-x64_bin-symbols.tar.gz,windows,x64,jdk,1
2026-09-08T00:24:05+00:00,sapmachine-28+4,347179004,True,sapmachine-jdk-28-ea.4_linux-x64-musl_bin.tar.gz,alpine,x64,jdk,87
2026-09-08T00:24:05+00:00,sapmachine-28+4,347179004,True,sapmachine-jre-28-ea.4_linux-x64-musl_bin.tar.gz,alpine,x64,jre,87
2026-09-08T00:24:05+00:00,sapmachine-28+4,347179004,True,sapmachine-jdk-28-ea.4_linux-x64-musl_bin-symbols.tar.gz,alpine,x64,jdk,2
2026-09-08T00:24:05+00:00,sapmachine-28+4,347179004,True,sapmachine-jdk-28-ea.4_macos-aarch64_bin.tar.gz,macos,aarch64,jdk,87
2026-09-08T00:24:05+00:00,sapmachine-28+4,347179004,True,sapmachine-jre-28-ea.4_macos-aarch64_bin.tar.gz,macos,aarch64,jre,87
2026-09-08T00:24:05+00:00,sapmachine-28+4,347179004,True,sapmachine-jdk-28-ea.4_macos-aarch64_bin-symbols.tar.gz,macos,aarch64,jdk,2
2026-09-08T00:24:05+00:00,sapmachine-28+4,347179004,True,sapmachine-jdk-28-ea.4_macos-aarch64_bin.dmg,macos,aarch64,jdk,88
2026-09-08T00:24:05+00:00,sapmachine-28+4,347179004,True,sapmachine-jre-28-ea.4_macos-aarch64_bin.dmg,macos,aarch64,jre,87
2026-09-08T00:24:05+00:00,sapmachine-28+4,347179004,True,sapmachine-jdk-28-ea.4_linux-x64_bin.tar.gz,linux,x64,jdk,86
2026-09-08T00:24:05+00:00,sapmachine-28+4,347179004,True,sapmachine-jre-28-ea.4_linux-x64_bin.tar.gz,linux,x64,jre,90
2026-09-08T00:24:05+00:00,sapmachine-28+4,347179004,True,sapmachine-jdk-28-ea.4_linux-x64_bin-symbols.tar.gz,linux,x64,jdk,1
2026-09-08T00:24:05+00:00,sapmachine-28+4,347179004,True,sapmachine-jdk-28-ea.4_linux-ppc64le_bin.tar.gz,linux,ppc64,jdk,86
2026-09-08T00:24:05+00:00,sapmachine-28+4,347179004,True,sapmachine-jre-28-ea.4_linux-ppc64le_bin.tar.gz,linux,ppc64,jre,87
2026-09-08T00:24:05+00:00,sapmachine-28+4,347179004,True,sapmachine-jdk-28-ea.4_linux-ppc64le_bin-symbols.tar.gz,linux,ppc64,jdk,1
2026-09-08T00:24:05+00:00,sapmachine-28+4,347179004,True,sapmachine-jdk-28-ea.4_linux-aarch64_bin.tar.gz,linux,aarch64,jdk,86
2026-09-08T00:24:05+00:00,sapmachine-28+4,347179004,True,sapmachine-jre-28-ea.4_linux-aarch64_bin.tar.gz,linux,aarch64,jre,85
2026-09-08T00:24:05+00:00,sapmachine-28+4,347179004,True,sapmachine-jdk-28-ea.4_linux-aarch64_bin-symbols.tar.gz,linux,aarch64,jdk,1
2026-09-08T00:24:05+00:00,sapmachine-28+4,347179004,True,sapmachine-jdk-28-ea.4_aix-ppc64_bin.tar.gz,aix,ppc64,jdk,86
2026-09-08T00:24:05+00:00,sapmachine-28+4,347179004,True,sapmachine-jre-28-ea.4_aix-ppc64_bin.tar.gz,aix,ppc64,jre,86
2026-09-08T00:24:05+00:00,sapmachine-28+4,347179004,True,sapmachine-jdk-28-ea.4_aix-ppc64_bin-symbols.tar.gz,aix,ppc64,jdk,1
2026-09-08T00:24:05+00:00,sapmachine-28+4,347179004,True,sapmachine-jdk-28-ea.4_windows-x64_bin.zip,windows,x64,jdk,85
2026-09-08T00:24:05+00:00,sapmachine-28+4,347179004,True,sapmachine-jre-28-ea.4_windows-x64_bin.zip,windows,x64,jre,85
2026-09-08T00:24:05+00:00,sapmachine-28+4,347179004,True,sapmachine-jdk-28-ea.4_windows-x64_bin-symbols.tar.gz,windows,x64,jdk,1
2026-09-08T00:24:05+00:00,sapmachine-27+28,345266471,True,sapmachine-jdk-27-ea.28_linux-x64-musl_bin.tar.gz,alpine,x64,jdk,97
2026-09-08T00:24:05+00:00,sapmachine-27+28,345266471,True,sapmachine-jre-27-ea.28_linux-x64-musl_bin.tar.gz,alpine,x64,jre,94
2026-09-08T00:24:05+00:00,sapmachine-27+28,345266471,True,sapmachine-jdk-27-ea.28_linux-x64-musl_bin-symbols.tar.gz,alpine,x64,jdk,1
2026-09-08T00:24:05+00:00,sapmachine-27+28,345266471,True,sapmachine-jdk-27-ea.28_linux-x64_bin.tar.gz,linux,x64,jdk,96
2026-09-08T00:24:05+00:00,sapmachine-27+28,345266471,True,sapmachine-jre-27-ea.28_linux-x64_bin.tar.gz,linux,x64,jre,96
2026-09-08T00:24:05+00:00,sapmachine-27+28,345266471,True,sapmachine-jdk-27-ea.28_linux-x64_bin-symbols.tar.gz,linux,x64,jdk,1
2026-09-08T00:24:05+00:00,sapmachine-27+28,345266471,True,sapmachine-jdk-27-ea.28_linux-ppc64le_bin.tar.gz,linux,ppc64,jdk,97
2026-09-08T00:24:05+00:00,sapmachine-27+28,345266471,True,sapmachine-jre-27-ea.28_linux-ppc64le_bin.tar.gz,linux,ppc64,jre,98
2026-09-08T00:24:05+00:00,sapmachine-27+28,345266471,True,sapmachine-jdk-27-ea.28_linux-ppc64le_bin-symbols.tar.gz,linux,ppc64,jdk,1
2026-09-08T00:24:05+00:00,sapmachine-27+28,345266471,True,sapmachine-jdk-27-ea.28_macos-aarch64_bin.tar.gz,macos,aarch64,jdk,106
2026-09-08T00:24:05+00:00,sapmachine-27+28,345266471,True,sapmachine-jre-27-ea.28_macos-aarch64_bin.tar.gz,macos,aarch64,jre,96
2026-09-08T00:24:05+00:00,sapmachine-27+28,345266471,True,sapmachine-jdk-27-ea.28_macos-aarch64_bin-symbols.tar.gz,macos,aarch64,jdk,1
2026-09-08T00:24:05+00:00,sapmachine-27+28,345266471,True,sapmachine-jdk-27-ea.28_macos-aarch64_bin.dmg,macos,aarch64,jdk,99
2026-09-08T00:24:05+00:00,sapmachine-27+28,345266471,True,sapmachine-jre-27-ea.28_macos-aarch64_bin.dmg,macos,aarch64,jre,95
2026-09-08T00:24:05+00:00,sapmachine-27+28,345266471,True,sapmachine-jdk-27-ea.28_aix-ppc64_bin.tar.gz,aix,ppc64,jdk,93
2026-09-08T00:24:05+00:00,sapmachine-27+28,345266471,True,sapmachine-jre-27-ea.28_aix-ppc64_bin.tar.gz,aix,ppc64,jre,98
2026-09-08T00:24:05+00:00,sapmachine-27+28,345266471,True,sapmachine-jdk-27-ea.28_aix-ppc64_bin-symbols.tar.gz,aix,ppc64,jdk,1
2026-09-08T00:24:05+00:00,sapmachine-27+28,345266471,True,sapmachine-jdk-27-ea.28_linux-aarch64_bin.tar.gz,linux,aarch64,jdk,97
2026-09-08T00:24:05+00:00,sapmachine-27+28,345266471,True,sapmachine-jre-27-ea.28_linux-aarch64_bin.tar.gz,linux,aarch64,jre,97
2026-09-08T00:24:05+00:00,sapmachine-27+28,345266471,True,sapmachine-jdk-27-ea.28_linux-aarch64_bin-symbols.tar.gz,linux,aarch64,jdk,1
2026-09-08T00:24:05+00:00,sapmachine-27+28,345266471,True,sapmachine-jdk-27-ea.28_windows-x64_bin.zip,windows,x64,jdk,99
2026-09-08T00:24:05+00:00,sapmachine-27+28,345266471,True,sapmachine-jre-27-ea.28_windows-x64_bin.zip,windows,x64,jre,103
2026-09-08T00:24:05+00:00,sapmachine-27+28,345266471,True,sapmachine-jdk-27-ea.28_windows-x64_bin-symbols.tar.gz,windows,x64,jdk,1
2026-09-08T00:24:05+00:00,sapmachine-21.0.12+7,345167640,True,sapmachine-jdk-21.0.12-ea.7_linux-x64_bin.tar.gz,linux,x64,jdk,1715
2026-09-08T00:24:05+00:00,sapmachine-21.0.12+7,345167640,True,sapmachine-jre-21.0.12-ea.7_linux-x64_bin.tar.gz,linux,x64,jre,97
2026-09-08T00:24:05+00:00,sapmachine-21.0.12+7,345167640,True,sapmachine-jdk-21.0.12-ea.7_linux-x64_bin-symbols.tar.gz,linux,x64,jdk,2
2026-09-08T00:24:05+00:00,sapmachine-21.0.12+7,345167640,True,sapmachine-jdk-21.0.12-ea.7_aix-ppc64_bin.tar.gz,aix,ppc64,jdk,94
2026-09-08T00:24:05+00:00,sapmachine-21.0.12+7,345167640,True,sapmachine-jre-21.0.12-ea.7_aix-ppc64_bin.tar.gz,aix,ppc64,jre,92
2026-09-08T00:24:05+00:00,sapmachine-21.0.12+7,345167640,True,sapmachine-jdk-21.0.12-ea.7_aix-ppc64_bin-symbols.tar.gz,aix,ppc64,jdk,2
2026-09-08T00:24:05+00:00,sapmachine-21.0.12+7,345167640,True,sapmachine-jdk-21.0.12-ea.7_macos-aarch64_bin.tar.gz,macos,aarch64,jdk,1740
2026-09-08T00:24:05+00:00,sapmachine-21.0.12+7,345167640,True,sapmachine-jre-21.0.12-ea.7_macos-aarch64_bin.tar.gz,macos,aarch64,jre,104
2026-09-08T00:24:05+00:00,sapmachine-21.0.12+7,345167640,True,sapmachine-jdk-21.0.12-ea.7_macos-aarch64_bin-symbols.tar.gz,macos,aarch64,jdk,1
2026-09-08T00:24:05+00:00,sapmachine-21.0.12+7,345167640,True,sapmachine-jdk-21.0.12-ea.7_macos-aarch64_bin.dmg,macos,aarch64,jdk,101
2026-09-08T00:24:05+00:00,sapmachine-21.0.12+7,345167640,True,sapmachine-jre-21.0.12-ea.7_macos-aarch64_bin.dmg,macos,aarch64,jre,92
2026-09-08T00:24:05+00:00,sapmachine-21.0.12+7,345167640,True,sapmachine-jdk-21.0.12-ea.7_linux-x64-musl_bin.tar.gz,alpine,x64,jdk,92
2026-09-08T00:24:05+00:00,sapmachine-21.0.12+7,345167640,True,sapmachine-jre-21.0.12-ea.7_linux-x64-musl_bin.tar.gz,alpine,x64,jre,92
2026-09-08T00:24:05+00:00,sapmachine-21.0.12+7,345167640,True,sapmachine-jdk-21.0.12-ea.7_linux-x64-musl_bin-symbols.tar.gz,alpine,x64,jdk,1
2026-09-08T00:24:05+00:00,sapmachine-21.0.12+7,345167640,True,sapmachine-jdk-21.0.12-ea.7_linux-ppc64le_bin.tar.gz,linux,ppc64,jdk,95
2026-09-08T00:24:05+00:00,sapmachine-21.0.12+7,345167640,True,sapmachine-jre-21.0.12-ea.7_linux-ppc64le_bin.tar.gz,linux,ppc64,jre,97
2026-09-08T00:24:05+00:00,sapmachine-21.0.12+7,345167640,True,sapmachine-jdk-21.0.12-ea.7_linux-ppc64le_bin-symbols.tar.gz,linux,ppc64,jdk,1
2026-09-08T00:24:05+00:00,sapmachine-21.0.12+7,345167640,True,sapmachine-jdk-21.0.12-ea.7_linux-aarch64_bin.tar.gz,linux,aarch64,jdk,95
2026-09-08T00:24:05+00:00,sapmachine-21.0.12+7,345167640,True,sapmachine-jre-21.0.12-ea.7_linux-aarch64_bin.tar.gz,linux,aarch64,jre,99
2026-09-08T00:24:05+00:00,sapmachine-21.0.12+7,345167640,True,sapmachine-jdk-21.0.12-ea.7_linux-aarch64_bin-symbols.tar.gz,linux,aarch64,jdk,1
2026-09-08T00:24:05+00:00,sapmachine-21.0.12+7,345167640,True,sapmachine-jdk-21.0.12-ea.7_macos-x64_bin.tar.gz,macos,x64,jdk,96
2026-09-08T00:24:05+00:00,sapmachine-21.0.12+7,345167640,True,sapmachine-jre-21.0.12-ea.7_macos-x64_bin.tar.gz,macos,x64,jre,91
2026-09-08T00:24:05+00:00,sapmachine-21.0.12+7,345167640,True,sapmachine-jdk-21.0.12-ea.7_macos-x64_bin-symbols.tar.gz,macos,x64,jdk,2
2026-09-08T00:24:05+00:00,sapmachine-21.0.12+7,345167640,True,sapmachine-jdk-21.0.12-ea.7_macos-x64_bin.dmg,macos,x64,jdk,93
2026-09-08T00:24:05+00:00,sapmachine-21.0.12+7,345167640,True,sapmachine-jre-21.0.12-ea.7_macos-x64_bin.dmg,macos,x64,jre,95
2026-09-08T00:24:05+00:00,sapmachine-21.0.12+7,345167640,True,sapmachine-jdk-21.0.12-ea.7_windows-x64_bin.zip,windows,x64,jdk,1691
2026-09-08T00:24:05+00:00,sapmachine-21.0.12+7,345167640,True,sapmachine-jre-21.0.12-ea.7_windows-x64_bin.zip,windows,x64,jre,96
2026-09-08T00:24:05+00:00,sapmachine-21.0.12+7,345167640,True,sapmachine-jdk-21.0.12-ea.7_windows-x64_bin-symbols.tar.gz,windows,x64,jdk,1
2026-09-08T00:24:05+00:00,sapmachine-25.0.4+6,345165761,True,sapmachine-jdk-25.0.4-ea.6_linux-x64-musl_bin.tar.gz,alpine,x64,jdk,94
2026-09-08T00:24:05+00:00,sapmachine-25.0.4+6,345165761,True,sapmachine-jre-25.0.4-ea.6_linux-x64-musl_bin.tar.gz,alpine,x64,jre,97
2026-09-08T00:24:05+00:00,sapmachine-25.0.4+6,345165761,True,sapmachine-jdk-25.0.4-ea.6_linux-x64-musl_bin-symbols.tar.gz,alpine,x64,jdk,2
2026-09-08T00:24:05+00:00,sapmachine-25.0.4+6,345165761,True,sapmachine-jdk-25.0.4-ea.6_linux-x64_bin.tar.gz,linux,x64,jdk,123
2026-09-08T00:24:05+00:00,sapmachine-25.0.4+6,345165761,True,sapmachine-jre-25.0.4-ea.6_linux-x64_bin.tar.gz,linux,x64,jre,97
2026-09-08T00:24:05+00:00,sapmachine-25.0.4+6,345165761,True,sapmachine-jdk-25.0.4-ea.6_linux-x64_bin-symbols.tar.gz,linux,x64,jdk,1
2026-09-08T00:24:05+00:00,sapmachine-25.0.4+6,345165761,True,sapmachine-jdk-25.0.4-ea.6_aix-ppc64_bin.tar.gz,aix,ppc64,jdk,92
2026-09-08T00:24:05+00:00,sapmachine-25.0.4+6,345165761,True,sapmachine-jre-25.0.4-ea.6_aix-ppc64_bin.tar.gz,aix,ppc64,jre,92
2026-09-08T00:24:05+00:00,sapmachine-25.0.4+6,345165761,True,sapmachine-jdk-25.0.4-ea.6_aix-ppc64_bin-symbols.tar.gz,aix,ppc64,jdk,2
2026-09-08T00:24:05+00:00,sapmachine-25.0.4+6,345165761,True,sapmachine-jdk-25.0.4-ea.6_macos-aarch64_bin.tar.gz,macos,aarch64,jdk,104
2026-09-08T00:24:05+00:00,sapmachine-25.0.4+6,345165761,True,sapmachine-jre-25.0.4-ea.6_macos-aarch64_bin.tar.gz,macos,aarch64,jre,99
2026-09-08T00:24:05+00:00,sapmachine-25.0.4+6,345165761,True,sapmachine-jdk-25.0.4-ea.6_macos-aarch64_bin-symbols.tar.gz,macos,aarch64,jdk,1
2026-09-08T00:24:05+00:00,sapmachine-25.0.4+6,345165761,True,sapmachine-jdk-25.0.4-ea.6_macos-aarch64_bin.dmg,macos,aarch64,jdk,99
2026-09-08T00:24:05+00:00,sapmachine-25.0.4+6,345165761,True,sapmachine-jre-25.0.4-ea.6_macos-aarch64_bin.dmg,macos,aarch64,jre,94
2026-09-08T00:24:05+00:00,sapmachine-25.0.4+6,345165761,True,sapmachine-jdk-25.0.4-ea.6_linux-aarch64_bin.tar.gz,linux,aarch64,jdk,101
2026-09-08T00:24:05+00:00,sapmachine-25.0.4+6,345165761,True,sapmachine-jre-25.0.4-ea.6_linux-aarch64_bin.tar.gz,linux,aarch64,jre,95
2026-09-08T00:24:05+00:00,sapmachine-25.0.4+6,345165761,True,sapmachine-jdk-25.0.4-ea.6_linux-aarch64_bin-symbols.tar.gz,linux,aarch64,jdk,1
2026-09-08T00:24:05+00:00,sapmachine-25.0.4+6,345165761,True,sapmachine-jdk-25.0.4-ea.6_linux-ppc64le_bin.tar.gz,linux,ppc64,jdk,96
2026-09-08T00:24:05+00:00,sapmachine-25.0.4+6,345165761,True,sapmachine-jre-25.0.4-ea.6_linux-ppc64le_bin.tar.gz,linux,ppc64,jre,97
2026-09-08T00:24:05+00:00,sapmachine-25.0.4+6,345165761,True,sapmachine-jdk-25.0.4-ea.6_linux-ppc64le_bin-symbols.tar.gz,linux,ppc64,jdk,1
2026-09-08T00:24:05+00:00,sapmachine-25.0.4+6,345165761,True,sapmachine-jdk-25.0.4-ea.6_windows-x64_bin.zip,windows,x64,jdk,101
2026-09-08T00:24:05+00:00,sapmachine-25.0.4+6,345165761,True,sapmachine-jre-25.0.4-ea.6_windows-x64_bin.zip,windows,x64,jre,98
2026-09-08T00:24:05+00:00,sapmachine-25.0.4+6,345165761,True,sapmachine-jdk-25.0.4-ea.6_windows-x64_bin-symbols.tar.gz,windows,x64,jdk,1
2026-09-08T00:24:05+00:00,sapmachine-17.0.20+7,344562073,True,sapmachine-jdk-17.0.20-ea.7_macos-aarch64_bin.tar.gz,macos,aarch64,jdk,2171
2026-09-08T00:24:05+00:00,sapmachine-17.0.20+7,344562073,True,sapmachine-jre-17.0.20-ea.7_macos-aarch64_bin.tar.gz,macos,aarch64,jre,104
2026-09-08T00:24:05+00:00,sapmachine-17.0.20+7,344562073,True,sapmachine-jdk-17.0.20-ea.7_macos-aarch64_bin-symbols.tar.gz,macos,aarch64,jdk,1
2026-09-08T00:24:05+00:00,sapmachine-17.0.20+7,344562073,True,sapmachine-jdk-17.0.20-ea.7_macos-aarch64_bin.dmg,macos,aarch64,jdk,109
2026-09-08T00:24:05+00:00,sapmachine-17.0.20+7,344562073,True,sapmachine-jre-17.0.20-ea.7_macos-aarch64_bin.dmg,macos,aarch64,jre,96
2026-09-08T00:24:05+00:00,sapmachine-17.0.20+7,344562073,True,sapmachine-jdk-17.0.20-ea.7_linux-x64-musl_bin.tar.gz,alpine,x64,jdk,95
2026-09-08T00:24:05+00:00,sapmachine-17.0.20+7,344562073,True,sapmachine-jre-17.0.20-ea.7_linux-x64-musl_bin.tar.gz,alpine,x64,jre,93
2026-09-08T00:24:05+00:00,sapmachine-17.0.20+7,344562073,True,sapmachine-jdk-17.0.20-ea.7_linux-x64-musl_bin-symbols.tar.gz,alpine,x64,jdk,1
2026-09-08T00:24:05+00:00,sapmachine-17.0.20+7,344562073,True,sapmachine-jdk-17.0.20-ea.7_linux-x64_bin.tar.gz,linux,x64,jdk,1772
2026-09-08T00:24:05+00:00,sapmachine-17.0.20+7,344562073,True,sapmachine-jre-17.0.20-ea.7_linux-x64_bin.tar.gz,linux,x64,jre,101
2026-09-08T00:24:05+00:00,sapmachine-17.0.20+7,344562073,True,sapmachine-jdk-17.0.20-ea.7_linux-x64_bin-symbols.tar.gz,linux,x64,jdk,1
2026-09-08T00:24:05+00:00,sapmachine-17.0.20+7,344562073,True,sapmachine-jdk-17.0.20-ea.7_macos-x64_bin.tar.gz,macos,x64,jdk,94
2026-09-08T00:24:05+00:00,sapmachine-17.0.20+7,344562073,True,sapmachine-jre-17.0.20-ea.7_macos-x64_bin.tar.gz,macos,x64,jre,94
2026-09-08T00:24:05+00:00,sapmachine-17.0.20+7,344562073,True,sapmachine-jdk-17.0.20-ea.7_macos-x64_bin-symbols.tar.gz,macos,x64,jdk,1
2026-09-08T00:24:05+00:00,sapmachine-17.0.20+7,344562073,True,sapmachine-jdk-17.0.20-ea.7_macos-x64_bin.dmg,macos,x64,jdk,97
2026-09-08T00:24:05+00:00,sapmachine-17.0.20+7,344562073,True,sapmachine-jre-17.0.20-ea.7_macos-x64_bin.dmg,macos,x64,jre,91
2026-09-08T00:24:05+00:00,sapmachine-17.0.20+7,344562073,True,sapmachine-jdk-17.0.20-ea.7_linux-ppc64le_bin.tar.gz,linux,ppc64,jdk,104
2026-09-08T00:24:05+00:00,sapmachine-17.0.20+7,344562073,True,sapmachine-jre-17.0.20-ea.7_linux-ppc64le_bin.tar.gz,linux,ppc64,jre,102
2026-09-08T00:24:05+00:00,sapmachine-17.0.20+7,344562073,True,sapmachine-jdk-17.0.20-ea.7_linux-ppc64le_bin-symbols.tar.gz,linux,ppc64,jdk,1
2026-09-08T00:24:05+00:00,sapmachine-17.0.20+7,344562073,True,sapmachine-jdk-17.0.20-ea.7_linux-aarch64_bin.tar.gz,linux,aarch64,jdk,97
2026-09-08T00:24:05+00:00,sapmachine-17.0.20+7,344562073,True,sapmachine-jre-17.0.20-ea.7_linux-aarch64_bin.tar.gz,linux,aarch64,jre,96
2026-09-08T00:24:05+00:00,sapmachine-17.0.20+7,344562073,True,sapmachine-jdk-17.0.20-ea.7_linux-aarch64_bin-symbols.tar.gz,linux,aarch64,jdk,1
2026-09-08T00:24:05+00:00,sapmachine-17.0.20+7,344562073,True,sapmachine-jdk-17.0.20-ea.7_windows-x64_bin.zip,windows,x64,jdk,1758
2026-09-08T00:24:05+00:00,sapmachine-17.0.20+7,344562073,True,sapmachine-jre-17.0.20-ea.7_windows-x64_bin.zip,windows,x64,jre,102
2026-09-08T00:24:05+00:00,sapmachine-17.0.20+7,344562073,True,sapmachine-jdk-17.0.20-ea.7_windows-x64_bin-symbols.tar.gz,windows,x64,jdk,1
2026-09-08T00:24:05+00:00,sapmachine-27+27,344554280,True,sapmachine-jdk-27-ea.27_linux-x64-musl_bin.tar.gz,alpine,x64,jdk,93
2026-09-08T00:24:05+00:00,sapmachine-27+27,344554280,True,sapmachine-jre-27-ea.27_linux-x64-musl_bin.tar.gz,alpine,x64,jre,94
2026-09-08T00:24:05+00:00,sapmachine-27+27,344554280,True,sapmachine-jdk-27-ea.27_linux-x64-musl_bin-symbols.tar.gz,alpine,x64,jdk,1
2026-09-08T00:24:05+00:00,sapmachine-27+27,344554280,True,sapmachine-jdk-27-ea.27_aix-ppc64_bin.tar.gz,aix,ppc64,jdk,92
2026-09-08T00:24:05+00:00,sapmachine-27+27,344554280,True,sapmachine-jre-27-ea.27_aix-ppc64_bin.tar.gz,aix,ppc64,jre,92
2026-09-08T00:24:05+00:00,sapmachine-27+27,344554280,True,sapmachine-jdk-27-ea.27_aix-ppc64_bin-symbols.tar.gz,aix,ppc64,jdk,1
2026-09-08T00:24:05+00:00,sapmachine-27+27,344554280,True,sapmachine-jdk-27-ea.27_macos-aarch64_bin.tar.gz,macos,aarch64,jdk,96
2026-09-08T00:24:05+00:00,sapmachine-27+27,344554280,True,sapmachine-jre-27-ea.27_macos-aarch64_bin.tar.gz,macos,aarch64,jre,99
2026-09-08T00:24:05+00:00,sapmachine-27+27,344554280,True,sapmachine-jdk-27-ea.27_macos-aarch64_bin-symbols.tar.gz,macos,aarch64,jdk,1
2026-09-08T00:24:05+00:00,sapmachine-27+27,344554280,True,sapmachine-jdk-27-ea.27_macos-aarch64_bin.dmg,macos,aarch64,jdk,93
2026-09-08T00:24:05+00:00,sapmachine-27+27,344554280,True,sapmachine-jre-27-ea.27_macos-aarch64_bin.dmg,macos,aarch64,jre,92
2026-09-08T00:24:05+00:00,sapmachine-27+27,344554280,True,sapmachine-jdk-27-ea.27_linux-ppc64le_bin.tar.gz,linux,ppc64,jdk,97
2026-09-08T00:24:05+00:00,sapmachine-27+27,344554280,True,sapmachine-jre-27-ea.27_linux-ppc64le_bin.tar.gz,linux,ppc64,jre,97
2026-09-08T00:24:05+00:00,sapmachine-27+27,344554280,True,sapmachine-jdk-27-ea.27_linux-ppc64le_bin-symbols.tar.gz,linux,ppc64,jdk,1
2026-09-08T00:24:05+00:00,sapmachine-27+27,344554280,True,sapmachine-jdk-27-ea.27_linux-x64_bin.tar.gz,linux,x64,jdk,100
2026-09-08T00:24:05+00:00,sapmachine-27+27,344554280,True,sapmachine-jre-27-ea.27_linux-x64_bin.tar.gz,linux,x64,jre,96
2026-09-08T00:24:05+00:00,sapmachine-27+27,344554280,True,sapmachine-jdk-27-ea.27_linux-x64_bin-symbols.tar.gz,linux,x64,jdk,1
2026-09-08T00:24:05+00:00,sapmachine-27+27,344554280,True,sapmachine-jdk-27-ea.27_linux-aarch64_bin.tar.gz,linux,aarch64,jdk,97
2026-09-08T00:24:05+00:00,sapmachine-27+27,344554280,True,sapmachine-jre-27-ea.27_linux-aarch64_bin.tar.gz,linux,aarch64,jre,96
2026-09-08T00:24:05+00:00,sapmachine-27+27,344554280,True,sapmachine-jdk-27-ea.27_linux-aarch64_bin-symbols.tar.gz,linux,aarch64,jdk,1
2026-09-08T00:24:05+00:00,sapmachine-27+27,344554280,True,sapmachine-jdk-27-ea.27_windows-x64_bin.zip,windows,x64,jdk,97
2026-09-08T00:24:05+00:00,sapmachine-27+27,344554280,True,sapmachine-jre-27-ea.27_windows-x64_bin.zip,windows,x64,jre,97
2026-09-08T00:24:05+00:00,sapmachine-27+27,344554280,True,sapmachine-jdk-27-ea.27_windows-x64_bin-symbols.tar.gz,windows,x64,jdk,1
2026-09-08T00:24:05+00:00,sapmachine-28+3,344554012,True,sapmachine-jdk-28-ea.3_macos-aarch64_bin.tar.gz,macos,aarch64,jdk,92
2026-09-08T00:24:05+00:00,sapmachine-28+3,344554012,True,sapmachine-jre-28-ea.3_macos-aarch64_bin.tar.gz,macos,aarch64,jre,92
2026-09-08T00:24:05+00:00,sapmachine-28+3,344554012,True,sapmachine-jdk-28-ea.3_macos-aarch64_bin-symbols.tar.gz,macos,aarch64,jdk,1
2026-09-08T00:24:05+00:00,sapmachine-28+3,344554012,True,sapmachine-jdk-28-ea.3_macos-aarch64_bin.dmg,macos,aarch64,jdk,93
2026-09-08T00:24:05+00:00,sapmachine-28+3,344554012,True,sapmachine-jre-28-ea.3_macos-aarch64_bin.dmg,macos,aarch64,jre,93
2026-09-08T00:24:05+00:00,sapmachine-28+3,344554012,True,sapmachine-jdk-28-ea.3_linux-x64-musl_bin.tar.gz,alpine,x64,jdk,92
2026-09-08T00:24:05+00:00,sapmachine-28+3,344554012,True,sapmachine-jre-28-ea.3_linux-x64-musl_bin.tar.gz,alpine,x64,jre,92
2026-09-08T00:24:05+00:00,sapmachine-28+3,344554012,True,sapmachine-jdk-28-ea.3_linux-x64-musl_bin-symbols.tar.gz,alpine,x64,jdk,2
2026-09-08T00:24:05+00:00,sapmachine-28+3,344554012,True,sapmachine-jdk-28-ea.3_linux-x64_bin.tar.gz,linux,x64,jdk,93
2026-09-08T00:24:05+00:00,sapmachine-28+3,344554012,True,sapmachine-jre-28-ea.3_linux-x64_bin.tar.gz,linux,x64,jre,93
2026-09-08T00:24:05+00:00,sapmachine-28+3,344554012,True,sapmachine-jdk-28-ea.3_linux-x64_bin-symbols.tar.gz,linux,x64,jdk,1
2026-09-08T00:24:05+00:00,sapmachine-28+3,344554012,True,sapmachine-jdk-28-ea.3_aix-ppc64_bin.tar.gz,aix,ppc64,jdk,92
2026-09-08T00:24:05+00:00,sapmachine-28+3,344554012,True,sapmachine-jre-28-ea.3_aix-ppc64_bin.tar.gz,aix,ppc64,jre,92
2026-09-08T00:24:05+00:00,sapmachine-28+3,344554012,True,sapmachine-jdk-28-ea.3_aix-ppc64_bin-symbols.tar.gz,aix,ppc64,jdk,1
2026-09-08T00:24:05+00:00,sapmachine-28+3,344554012,True,sapmachine-jdk-28-ea.3_linux-aarch64_bin.tar.gz,linux,aarch64,jdk,93
2026-09-08T00:24:05+00:00,sapmachine-28+3,344554012,True,sapmachine-jre-28-ea.3_linux-aarch64_bin.tar.gz,linux,aarch64,jre,93
2026-09-08T00:24:05+00:00,sapmachine-28+3,344554012,True,sapmachine-jdk-28-ea.3_linux-aarch64_bin-symbols.tar.gz,linux,aarch64,jdk,1
2026-09-08T00:24:05+00:00,sapmachine-28+3,344554012,True,sapmachine-jdk-28-ea.3_linux-ppc64le_bin.tar.gz,linux,ppc64,jdk,96
2026-09-08T00:24:05+00:00,sapmachine-28+3,344554012,True,sapmachine-jre-28-ea.3_linux-ppc64le_bin.tar.gz,linux,ppc64,jre,92
2026-09-08T00:24:05+00:00,sapmachine-28+3,344554012,True,sapmachine-jdk-28-ea.3_linux-ppc64le_bin-symbols.tar.gz,linux,ppc64,jdk,1
2026-09-08T00:24:05+00:00,sapmachine-28+3,344554012,True,sapmachine-jdk-28-ea.3_windows-x64_bin.zip,windows,x64,jdk,98
2026-09-08T00:24:05+00:00,sapmachine-28+3,344554012,True,sapmachine-jre-28-ea.3_windows-x64_bin.zip,windows,x64,jre,93
2026-09-08T00:24:05+00:00,sapmachine-28+3,344554012,True,sapmachine-jdk-28-ea.3_windows-x64_bin-symbols.tar.gz,windows,x64,jdk,1
2026-09-08T00:24:05+00:00,sapmachine-27+26,340482411,True,sapmachine-jdk-27-ea.26_aix-ppc64_bin.tar.gz,aix,ppc64,jdk,104
2026-09-08T00:24:05+00:00,sapmachine-27+26,340482411,True,sapmachine-jre-27-ea.26_aix-ppc64_bin.tar.gz,aix,ppc64,jre,104
2026-09-08T00:24:05+00:00,sapmachine-27+26,340482411,True,sapmachine-jdk-27-ea.26_aix-ppc64_bin-symbols.tar.gz,aix,ppc64,jdk,3
2026-09-08T00:24:05+00:00,sapmachine-27+26,340482411,True,sapmachine-jdk-27-ea.26_macos-aarch64_bin.tar.gz,macos,aarch64,jdk,111
2026-09-08T00:24:05+00:00,sapmachine-27+26,340482411,True,sapmachine-jre-27-ea.26_macos-aarch64_bin.tar.gz,macos,aarch64,jre,108
2026-09-08T00:24:05+00:00,sapmachine-27+26,340482411,True,sapmachine-jdk-27-ea.26_macos-aarch64_bin-symbols.tar.gz,macos,aarch64,jdk,3
2026-09-08T00:24:05+00:00,sapmachine-27+26,340482411,True,sapmachine-jdk-27-ea.26_macos-aarch64_bin.dmg,macos,aarch64,jdk,108
2026-09-08T00:24:05+00:00,sapmachine-27+26,340482411,True,sapmachine-jre-27-ea.26_macos-aarch64_bin.dmg,macos,aarch64,jre,105
2026-09-08T00:24:05+00:00,sapmachine-27+26,340482411,True,sapmachine-jdk-27-ea.26_linux-ppc64le_bin.tar.gz,linux,ppc64,jdk,107
2026-09-08T00:24:05+00:00,sapmachine-27+26,340482411,True,sapmachine-jre-27-ea.26_linux-ppc64le_bin.tar.gz,linux,ppc64,jre,107
2026-09-08T00:24:05+00:00,sapmachine-27+26,340482411,True,sapmachine-jdk-27-ea.26_linux-ppc64le_bin-symbols.tar.gz,linux,ppc64,jdk,1
2026-09-08T00:24:05+00:00,sapmachine-27+26,340482411,True,sapmachine-jdk-27-ea.26_linux-aarch64_bin.tar.gz,linux,aarch64,jdk,107
2026-09-08T00:24:05+00:00,sapmachine-27+26,340482411,True,sapmachine-jre-27-ea.26_linux-aarch64_bin.tar.gz,linux,aarch64,jre,107
2026-09-08T00:24:05+00:00,sapmachine-27+26,340482411,True,sapmachine-jdk-27-ea.26_linux-aarch64_bin-symbols.tar.gz,linux,aarch64,jdk,1
2026-09-08T00:24:05+00:00,sapmachine-27+26,340482411,True,sapmachine-jdk-27-ea.26_windows-x64_bin.zip,windows,x64,jdk,106
2026-09-08T00:24:05+00:00,sapmachine-27+26,340482411,True,sapmachine-jre-27-ea.26_windows-x64_bin.zip,windows,x64,jre,107
2026-09-08T00:24:05+00:00,sapmachine-27+26,340482411,True,sapmachine-jdk-27-ea.26_windows-x64_bin-symbols.tar.gz,windows,x64,jdk,1
2026-09-08T00:24:05+00:00,sapmachine-27+26,340482411,True,sapmachine-jdk-27-ea.26_linux-x64-musl_bin.tar.gz,alpine,x64,jdk,101
2026-09-08T00:24:05+00:00,sapmachine-27+26,340482411,True,sapmachine-jre-27-ea.26_linux-x64-musl_bin.tar.gz,alpine,x64,jre,101
2026-09-08T00:24:05+00:00,sapmachine-27+26,340482411,True,sapmachine-jdk-27-ea.26_linux-x64-musl_bin-symbols.tar.gz,alpine,x64,jdk,1
2026-09-08T00:24:05+00:00,sapmachine-27+26,340482411,True,sapmachine-jdk-27-ea.26_linux-x64_bin.tar.gz,linux,x64,jdk,107
2026-09-08T00:24:05+00:00,sapmachine-27+26,340482411,True,sapmachine-jre-27-ea.26_linux-x64_bin.tar.gz,linux,x64,jre,106
2026-09-08T00:24:05+00:00,sapmachine-27+26,340482411,True,sapmachine-jdk-27-ea.26_linux-x64_bin-symbols.tar.gz,linux,x64,jdk,1
2026-09-08T00:24:05+00:00,sapmachine-28+2,340481979,True,sapmachine-jdk-28-ea.2_macos-aarch64_bin.tar.gz,macos,aarch64,jdk,110
2026-09-08T00:24:05+00:00,sapmachine-28+2,340481979,True,sapmachine-jre-28-ea.2_macos-aarch64_bin.tar.gz,macos,aarch64,jre,108
2026-09-08T00:24:05+00:00,sapmachine-28+2,340481979,True,sapmachine-jdk-28-ea.2_macos-aarch64_bin-symbols.tar.gz,macos,aarch64,jdk,3
2026-09-08T00:24:05+00:00,sapmachine-28+2,340481979,True,sapmachine-jdk-28-ea.2_macos-aarch64_bin.dmg,macos,aarch64,jdk,111
2026-09-08T00:24:05+00:00,sapmachine-28+2,340481979,True,sapmachine-jre-28-ea.2_macos-aarch64_bin.dmg,macos,aarch64,jre,111
2026-09-08T00:24:05+00:00,sapmachine-28+2,340481979,True,sapmachine-jdk-28-ea.2_linux-aarch64_bin.tar.gz,linux,aarch64,jdk,105
2026-09-08T00:24:05+00:00,sapmachine-28+2,340481979,True,sapmachine-jre-28-ea.2_linux-aarch64_bin.tar.gz,linux,aarch64,jre,105
2026-09-08T00:24:05+00:00,sapmachine-28+2,340481979,True,sapmachine-jdk-28-ea.2_linux-aarch64_bin-symbols.tar.gz,linux,aarch64,jdk,1
2026-09-08T00:24:05+00:00,sapmachine-28+2,340481979,True,sapmachine-jdk-28-ea.2_aix-ppc64_bin.tar.gz,aix,ppc64,jdk,109
2026-09-08T00:24:05+00:00,sapmachine-28+2,340481979,True,sapmachine-jre-28-ea.2_aix-ppc64_bin.tar.gz,aix,ppc64,jre,107
2026-09-08T00:24:05+00:00,sapmachine-28+2,340481979,True,sapmachine-jdk-28-ea.2_aix-ppc64_bin-symbols.tar.gz,aix,ppc64,jdk,1
2026-09-08T00:24:05+00:00,sapmachine-28+2,340481979,True,sapmachine-jdk-28-ea.2_linux-ppc64le_bin.tar.gz,linux,ppc64,jdk,103
2026-09-08T00:24:05+00:00,sapmachine-28+2,340481979,True,sapmachine-jre-28-ea.2_linux-ppc64le_bin.tar.gz,linux,ppc64,jre,103
2026-09-08T00:24:05+00:00,sapmachine-28+2,340481979,True,sapmachine-jdk-28-ea.2_linux-ppc64le_bin-symbols.tar.gz,linux,ppc64,jdk,1
2026-09-08T00:24:05+00:00,sapmachine-28+2,340481979,True,sapmachine-jdk-28-ea.2_windows-x64_bin.zip,windows,x64,jdk,107
2026-09-08T00:24:05+00:00,sapmachine-28+2,340481979,True,sapmachine-jre-28-ea.2_windows-x64_bin.zip,windows,x64,jre,105
2026-09-08T00:24:05+00:00,sapmachine-28+2,340481979,True,sapmachine-jdk-28-ea.2_windows-x64_bin-symbols.tar.gz,windows,x64,jdk,1
2026-09-08T00:24:05+00:00,sapmachine-28+2,340481979,True,sapmachine-jdk-28-ea.2_linux-x64-musl_bin.tar.gz,alpine,x64,jdk,107
2026-09-08T00:24:05+00:00,sapmachine-28+2,340481979,True,sapmachine-jre-28-ea.2_linux-x64-musl_bin.tar.gz,alpine,x64,jre,107
2026-09-08T00:24:05+00:00,sapmachine-28+2,340481979,True,sapmachine-jdk-28-ea.2_linux-x64-musl_bin-symbols.tar.gz,alpine,x64,jdk,1
2026-09-08T00:24:05+00:00,sapmachine-28+2,340481979,True,sapmachine-jdk-28-ea.2_linux-x64_bin.tar.gz,linux,x64,jdk,102
2026-09-08T00:24:05+00:00,sapmachine-28+2,340481979,True,sapmachine-jre-28-ea.2_linux-x64_bin.tar.gz,linux,x64,jre,102
2026-09-08T00:24:05+00:00,sapmachine-28+2,340481979,True,sapmachine-jdk-28-ea.2_linux-x64_bin-symbols.tar.gz,linux,x64,jdk,1
2026-09-08T00:24:05+00:00,sapmachine-17.0.20+6,338866805,True,sapmachine-jdk-17.0.20-ea.6_linux-x64-musl_bin.tar.gz,alpine,x64,jdk,114
2026-09-08T00:24:05+00:00,sapmachine-17.0.20+6,338866805,True,sapmachine-jre-17.0.20-ea.6_linux-x64-musl_bin.tar.gz,alpine,x64,jre,113
2026-09-08T00:24:05+00:00,sapmachine-17.0.20+6,338866805,True,sapmachine-jdk-17.0.20-ea.6_linux-x64-musl_bin-symbols.tar.gz,alpine,x64,jdk,2
2026-09-08T00:24:05+00:00,sapmachine-17.0.20+6,338866805,True,sapmachine-jdk-17.0.20-ea.6_linux-x64_bin.tar.gz,linux,x64,jdk,720
2026-09-08T00:24:05+00:00,sapmachine-17.0.20+6,338866805,True,sapmachine-jre-17.0.20-ea.6_linux-x64_bin.tar.gz,linux,x64,jre,118
2026-09-08T00:24:05+00:00,sapmachine-17.0.20+6,338866805,True,sapmachine-jdk-17.0.20-ea.6_linux-x64_bin-symbols.tar.gz,linux,x64,jdk,2
2026-09-08T00:24:05+00:00,sapmachine-17.0.20+6,338866805,True,sapmachine-jdk-17.0.20-ea.6_linux-aarch64_bin.tar.gz,linux,aarch64,jdk,118
2026-09-08T00:24:05+00:00,sapmachine-17.0.20+6,338866805,True,sapmachine-jre-17.0.20-ea.6_linux-aarch64_bin.tar.gz,linux,aarch64,jre,117
2026-09-08T00:24:05+00:00,sapmachine-17.0.20+6,338866805,True,sapmachine-jdk-17.0.20-ea.6_linux-aarch64_bin-symbols.tar.gz,linux,aarch64,jdk,1
2026-09-08T00:24:05+00:00,sapmachine-17.0.20+6,338866805,True,sapmachine-jdk-17.0.20-ea.6_linux-ppc64le_bin.tar.gz,linux,ppc64,jdk,118
2026-09-08T00:24:05+00:00,sapmachine-17.0.20+6,338866805,True,sapmachine-jre-17.0.20-ea.6_linux-ppc64le_bin.tar.gz,linux,ppc64,jre,117
2026-09-08T00:24:05+00:00,sapmachine-17.0.20+6,338866805,True,sapmachine-jdk-17.0.20-ea.6_linux-ppc64le_bin-symbols.tar.gz,linux,ppc64,jdk,1
2026-09-08T00:24:05+00:00,sapmachine-17.0.20+6,338866805,True,sapmachine-jdk-17.0.20-ea.6_macos-x64_bin.tar.gz,macos,x64,jdk,113
2026-09-08T00:24:05+00:00,sapmachine-17.0.20+6,338866805,True,sapmachine-jre-17.0.20-ea.6_macos-x64_bin.tar.gz,macos,x64,jre,112
2026-09-08T00:24:05+00:00,sapmachine-17.0.20+6,338866805,True,sapmachine-jdk-17.0.20-ea.6_macos-x64_bin-symbols.tar.gz,macos,x64,jdk,1
2026-09-08T00:24:05+00:00,sapmachine-17.0.20+6,338866805,True,sapmachine-jdk-17.0.20-ea.6_macos-x64_bin.dmg,macos,x64,jdk,114
2026-09-08T00:24:05+00:00,sapmachine-17.0.20+6,338866805,True,sapmachine-jre-17.0.20-ea.6_macos-x64_bin.dmg,macos,x64,jre,111
2026-09-08T00:24:05+00:00,sapmachine-17.0.20+6,338866805,True,sapmachine-jdk-17.0.20-ea.6_windows-x64_bin.zip,windows,x64,jdk,705
2026-09-08T00:24:05+00:00,sapmachine-17.0.20+6,338866805,True,sapmachine-jre-17.0.20-ea.6_windows-x64_bin.zip,windows,x64,jre,117
2026-09-08T00:24:05+00:00,sapmachine-17.0.20+6,338866805,True,sapmachine-jdk-17.0.20-ea.6_windows-x64_bin-symbols.tar.gz,windows,x64,jdk,1
2026-09-08T00:24:05+00:00,sapmachine-17.0.20+6,338866805,True,sapmachine-jdk-17.0.20-ea.6_macos-aarch64_bin.tar.gz,macos,aarch64,jdk,1055
2026-09-08T00:24:05+00:00,sapmachine-17.0.20+6,338866805,True,sapmachine-jre-17.0.20-ea.6_macos-aarch64_bin.tar.gz,macos,aarch64,jre,115
2026-09-08T00:24:05+00:00,sapmachine-17.0.20+6,338866805,True,sapmachine-jdk-17.0.20-ea.6_macos-aarch64_bin-symbols.tar.gz,macos,aarch64,jdk,1
2026-09-08T00:24:05+00:00,sapmachine-17.0.20+6,338866805,True,sapmachine-jdk-17.0.20-ea.6_macos-aarch64_bin.dmg,macos,aarch64,jdk,123
2026-09-08T00:24:05+00:00,sapmachine-17.0.20+6,338866805,True,sapmachine-jre-17.0.20-ea.6_macos-aarch64_bin.dmg,macos,aarch64,jre,111
2026-09-08T00:24:05+00:00,sapmachine-21.0.12+6,338333512,True,sapmachine-jdk-21.0.12-ea.6_linux-x64-musl_bin.tar.gz,alpine,x64,jdk,122
2026-09-08T00:24:05+00:00,sapmachine-21.0.12+6,338333512,True,sapmachine-jre-21.0.12-ea.6_linux-x64-musl_bin.tar.gz,alpine,x64,jre,122
2026-09-08T00:24:05+00:00,sapmachine-21.0.12+6,338333512,True,sapmachine-jdk-21.0.12-ea.6_linux-x64-musl_bin-symbols.tar.gz,alpine,x64,jdk,2
2026-09-08T00:24:05+00:00,sapmachine-21.0.12+6,338333512,True,sapmachine-jdk-21.0.12-ea.6_linux-x64_bin.tar.gz,linux,x64,jdk,853
2026-09-08T00:24:05+00:00,sapmachine-21.0.12+6,338333512,True,sapmachine-jre-21.0.12-ea.6_linux-x64_bin.tar.gz,linux,x64,jre,127
2026-09-08T00:24:05+00:00,sapmachine-21.0.12+6,338333512,True,sapmachine-jdk-21.0.12-ea.6_linux-x64_bin-symbols.tar.gz,linux,x64,jdk,2
2026-09-08T00:24:05+00:00,sapmachine-21.0.12+6,338333512,True,sapmachine-jdk-21.0.12-ea.6_macos-aarch64_bin.tar.gz,macos,aarch64,jdk,953
2026-09-08T00:24:05+00:00,sapmachine-21.0.12+6,338333512,True,sapmachine-jre-21.0.12-ea.6_macos-aarch64_bin.tar.gz,macos,aarch64,jre,130
2026-09-08T00:24:05+00:00,sapmachine-21.0.12+6,338333512,True,sapmachine-jdk-21.0.12-ea.6_macos-aarch64_bin-symbols.tar.gz,macos,aarch64,jdk,2
2026-09-08T00:24:05+00:00,sapmachine-21.0.12+6,338333512,True,sapmachine-jdk-21.0.12-ea.6_macos-aarch64_bin.dmg,macos,aarch64,jdk,123
2026-09-08T00:24:05+00:00,sapmachine-21.0.12+6,338333512,True,sapmachine-jre-21.0.12-ea.6_macos-aarch64_bin.dmg,macos,aarch64,jre,121
2026-09-08T00:24:05+00:00,sapmachine-21.0.12+6,338333512,True,sapmachine-jdk-21.0.12-ea.6_macos-x64_bin.tar.gz,macos,x64,jdk,122
2026-09-08T00:24:05+00:00,sapmachine-21.0.12+6,338333512,True,sapmachine-jre-21.0.12-ea.6_macos-x64_bin.tar.gz,macos,x64,jre,121
2026-09-08T00:24:05+00:00,sapmachine-21.0.12+6,338333512,True,sapmachine-jdk-21.0.12-ea.6_macos-x64_bin-symbols.tar.gz,macos,x64,jdk,1
2026-09-08T00:24:05+00:00,sapmachine-21.0.12+6,338333512,True,sapmachine-jdk-21.0.12-ea.6_macos-x64_bin.dmg,macos,x64,jdk,119
2026-09-08T00:24:05+00:00,sapmachine-21.0.12+6,338333512,True,sapmachine-jre-21.0.12-ea.6_macos-x64_bin.dmg,macos,x64,jre,119
2026-09-08T00:24:05+00:00,sapmachine-21.0.12+6,338333512,True,sapmachine-jdk-21.0.12-ea.6_aix-ppc64_bin.tar.gz,aix,ppc64,jdk,120
2026-09-08T00:24:05+00:00,sapmachine-21.0.12+6,338333512,True,sapmachine-jre-21.0.12-ea.6_aix-ppc64_bin.tar.gz,aix,ppc64,jre,120
2026-09-08T00:24:05+00:00,sapmachine-21.0.12+6,338333512,True,sapmachine-jdk-21.0.12-ea.6_aix-ppc64_bin-symbols.tar.gz,aix,ppc64,jdk,1
2026-09-08T00:24:05+00:00,sapmachine-21.0.12+6,338333512,True,sapmachine-jdk-21.0.12-ea.6_linux-ppc64le_bin.tar.gz,linux,ppc64,jdk,124
2026-09-08T00:24:05+00:00,sapmachine-21.0.12+6,338333512,True,sapmachine-jre-21.0.12-ea.6_linux-ppc64le_bin.tar.gz,linux,ppc64,jre,124
2026-09-08T00:24:05+00:00,sapmachine-21.0.12+6,338333512,True,sapmachine-jdk-21.0.12-ea.6_linux-ppc64le_bin-symbols.tar.gz,linux,ppc64,jdk,1
2026-09-08T00:24:05+00:00,sapmachine-21.0.12+6,338333512,True,sapmachine-jdk-21.0.12-ea.6_linux-aarch64_bin.tar.gz,linux,aarch64,jdk,125
2026-09-08T00:24:05+00:00,sapmachine-21.0.12+6,338333512,True,sapmachine-jre-21.0.12-ea.6_linux-aarch64_bin.tar.gz,linux,aarch64,jre,124
2026-09-08T00:24:05+00:00,sapmachine-21.0.12+6,338333512,True,sapmachine-jdk-21.0.12-ea.6_linux-aarch64_bin-symbols.tar.gz,linux,aarch64,jdk,1
2026-09-08T00:24:05+00:00,sapmachine-21.0.12+6,338333512,True,sapmachine-jdk-21.0.12-ea.6_windows-x64_bin.zip,windows,x64,jdk,828
2026-09-08T00:24:05+00:00,sapmachine-21.0.12+6,338333512,True,sapmachine-jre-21.0.12-ea.6_windows-x64_bin.zip,windows,x64,jre,125
2026-09-08T00:24:05+00:00,sapmachine-21.0.12+6,338333512,True,sapmachine-jdk-21.0.12-ea.6_windows-x64_bin-symbols.tar.gz,windows,x64,jdk,1
2026-09-08T00:24:05+00:00,sapmachine-25.0.4+5,338326997,True,sapmachine-jdk-25.0.4-ea.5_aix-ppc64_bin.tar.gz,aix,ppc64,jdk,121
2026-09-08T00:24:05+00:00,sapmachine-25.0.4+5,338326997,True,sapmachine-jre-25.0.4-ea.5_aix-ppc64_bin.tar.gz,aix,ppc64,jre,120
2026-09-08T00:24:05+00:00,sapmachine-25.0.4+5,338326997,True,sapmachine-jdk-25.0.4-ea.5_aix-ppc64_bin-symbols.tar.gz,aix,ppc64,jdk,1
2026-09-08T00:24:05+00:00,sapmachine-25.0.4+5,338326997,True,sapmachine-jdk-25.0.4-ea.5_linux-x64-musl_bin.tar.gz,alpine,x64,jdk,121
2026-09-08T00:24:05+00:00,sapmachine-25.0.4+5,338326997,True,sapmachine-jre-25.0.4-ea.5_linux-x64-musl_bin.tar.gz,alpine,x64,jre,121
2026-09-08T00:24:05+00:00,sapmachine-25.0.4+5,338326997,True,sapmachine-jdk-25.0.4-ea.5_linux-x64-musl_bin-symbols.tar.gz,alpine,x64,jdk,1
2026-09-08T00:24:05+00:00,sapmachine-25.0.4+5,338326997,True,sapmachine-jdk-25.0.4-ea.5_linux-x64_bin.tar.gz,linux,x64,jdk,145
2026-09-08T00:24:05+00:00,sapmachine-25.0.4+5,338326997,True,sapmachine-jre-25.0.4-ea.5_linux-x64_bin.tar.gz,linux,x64,jre,127
2026-09-08T00:24:05+00:00,sapmachine-25.0.4+5,338326997,True,sapmachine-jdk-25.0.4-ea.5_linux-x64_bin-symbols.tar.gz,linux,x64,jdk,1
2026-09-08T00:24:05+00:00,sapmachine-25.0.4+5,338326997,True,sapmachine-jdk-25.0.4-ea.5_linux-ppc64le_bin.tar.gz,linux,ppc64,jdk,126
2026-09-08T00:24:05+00:00,sapmachine-25.0.4+5,338326997,True,sapmachine-jre-25.0.4-ea.5_linux-ppc64le_bin.tar.gz,linux,ppc64,jre,126
2026-09-08T00:24:05+00:00,sapmachine-25.0.4+5,338326997,True,sapmachine-jdk-25.0.4-ea.5_linux-ppc64le_bin-symbols.tar.gz,linux,ppc64,jdk,1
2026-09-08T00:24:05+00:00,sapmachine-25.0.4+5,338326997,True,sapmachine-jdk-25.0.4-ea.5_linux-aarch64_bin.tar.gz,linux,aarch64,jdk,124
2026-09-08T00:24:05+00:00,sapmachine-25.0.4+5,338326997,True,sapmachine-jre-25.0.4-ea.5_linux-aarch64_bin.tar.gz,linux,aarch64,jre,124
2026-09-08T00:24:05+00:00,sapmachine-25.0.4+5,338326997,True,sapmachine-jdk-25.0.4-ea.5_linux-aarch64_bin-symbols.tar.gz,linux,aarch64,jdk,1
2026-09-08T00:24:05+00:00,sapmachine-25.0.4+5,338326997,True,sapmachine-jdk-25.0.4-ea.5_windows-x64_bin.zip,windows,x64,jdk,130
2026-09-08T00:24:05+00:00,sapmachine-25.0.4+5,338326997,True,sapmachine-jre-25.0.4-ea.5_windows-x64_bin.zip,windows,x64,jre,125
2026-09-08T00:24:05+00:00,sapmachine-25.0.4+5,338326997,True,sapmachine-jdk-25.0.4-ea.5_windows-x64_bin-symbols.tar.gz,windows,x64,jdk,1
2026-09-08T00:24:05+00:00,sapmachine-25.0.4+5,338326997,True,sapmachine-jdk-25.0.4-ea.5_macos-aarch64_bin.tar.gz,macos,aarch64,jdk,129
2026-09-08T00:24:05+00:00,sapmachine-25.0.4+5,338326997,True,sapmachine-jre-25.0.4-ea.5_macos-aarch64_bin.tar.gz,macos,aarch64,jre,120
2026-09-08T00:24:05+00:00,sapmachine-25.0.4+5,338326997,True,sapmachine-jdk-25.0.4-ea.5_macos-aarch64_bin-symbols.tar.gz,macos,aarch64,jdk,1
2026-09-08T00:24:05+00:00,sapmachine-25.0.4+5,338326997,True,sapmachine-jdk-25.0.4-ea.5_macos-aarch64_bin.dmg,macos,aarch64,jdk,121
2026-09-08T00:24:05+00:00,sapmachine-25.0.4+5,338326997,True,sapmachine-jre-25.0.4-ea.5_macos-aarch64_bin.dmg,macos,aarch64,jre,119
2026-09-08T00:24:05+00:00,sapmachine-28+1,338325526,True,sapmachine-jdk-28-ea.1_macos-aarch64_bin.tar.gz,macos,aarch64,jdk,116
2026-09-08T00:24:05+00:00,sapmachine-28+1,338325526,True,sapmachine-jre-28-ea.1_macos-aarch64_bin.tar.gz,macos,aarch64,jre,117
2026-09-08T00:24:05+00:00,sapmachine-28+1,338325526,True,sapmachine-jdk-28-ea.1_macos-aarch64_bin-symbols.tar.gz,macos,aarch64,jdk,2
2026-09-08T00:24:05+00:00,sapmachine-28+1,338325526,True,sapmachine-jdk-28-ea.1_macos-aarch64_bin.dmg,macos,aarch64,jdk,115
2026-09-08T00:24:05+00:00,sapmachine-28+1,338325526,True,sapmachine-jre-28-ea.1_macos-aarch64_bin.dmg,macos,aarch64,jre,116
2026-09-08T00:24:05+00:00,sapmachine-28+1,338325526,True,sapmachine-jdk-28-ea.1_linux-x64-musl_bin.tar.gz,alpine,x64,jdk,116
2026-09-08T00:24:05+00:00,sapmachine-28+1,338325526,True,sapmachine-jre-28-ea.1_linux-x64-musl_bin.tar.gz,alpine,x64,jre,117
2026-09-08T00:24:05+00:00,sapmachine-28+1,338325526,True,sapmachine-jdk-28-ea.1_linux-x64-musl_bin-symbols.tar.gz,alpine,x64,jdk,2
2026-09-08T00:24:05+00:00,sapmachine-28+1,338325526,True,sapmachine-jdk-28-ea.1_linux-x64_bin.tar.gz,linux,x64,jdk,119
2026-09-08T00:24:05+00:00,sapmachine-28+1,338325526,True,sapmachine-jre-28-ea.1_linux-x64_bin.tar.gz,linux,x64,jre,119
2026-09-08T00:24:05+00:00,sapmachine-28+1,338325526,True,sapmachine-jdk-28-ea.1_linux-x64_bin-symbols.tar.gz,linux,x64,jdk,1
2026-09-08T00:24:05+00:00,sapmachine-28+1,338325526,True,sapmachine-jdk-28-ea.1_linux-aarch64_bin.tar.gz,linux,aarch64,jdk,119
2026-09-08T00:24:05+00:00,sapmachine-28+1,338325526,True,sapmachine-jre-28-ea.1_linux-aarch64_bin.tar.gz,linux,aarch64,jre,119
2026-09-08T00:24:05+00:00,sapmachine-28+1,338325526,True,sapmachine-jdk-28-ea.1_linux-aarch64_bin-symbols.tar.gz,linux,aarch64,jdk,1
2026-09-08T00:24:05+00:00,sapmachine-28+1,338325526,True,sapmachine-jdk-28-ea.1_linux-ppc64le_bin.tar.gz,linux,ppc64,jdk,120
2026-09-08T00:24:05+00:00,sapmachine-28+1,338325526,True,sapmachine-jre-28-ea.1_linux-ppc64le_bin.tar.gz,linux,ppc64,jre,119
2026-09-08T00:24:05+00:00,sapmachine-28+1,338325526,True,sapmachine-jdk-28-ea.1_linux-ppc64le_bin-symbols.tar.gz,linux,ppc64,jdk,1
2026-09-08T00:24:05+00:00,sapmachine-28+1,338325526,True,sapmachine-jdk-28-ea.1_aix-ppc64_bin.tar.gz,aix,ppc64,jdk,115
2026-09-08T00:24:05+00:00,sapmachine-28+1,338325526,True,sapmachine-jre-28-ea.1_aix-ppc64_bin.tar.gz,aix,ppc64,jre,114
2026-09-08T00:24:05+00:00,sapmachine-28+1,338325526,True,sapmachine-jdk-28-ea.1_aix-ppc64_bin-symbols.tar.gz,aix,ppc64,jdk,1
2026-09-08T00:24:05+00:00,sapmachine-28+1,338325526,True,sapmachine-jdk-28-ea.1_windows-x64_bin.zip,windows,x64,jdk,118
2026-09-08T00:24:05+00:00,sapmachine-28+1,338325526,True,sapmachine-jre-28-ea.1_windows-x64_bin.zip,windows,x64,jre,119
2026-09-08T00:24:05+00:00,sapmachine-28+1,338325526,True,sapmachine-jdk-28-ea.1_windows-x64_bin-symbols.tar.gz,windows,x64,jdk,1
2026-09-08T00:24:05+00:00,sapmachine-17.0.20+5,336315864,True,sapmachine-jdk-17.0.20-ea.5_linux-x64_bin.tar.gz,linux,x64,jdk,257
2026-09-08T00:24:05+00:00,sapmachine-17.0.20+5,336315864,True,sapmachine-jre-17.0.20-ea.5_linux-x64_bin.tar.gz,linux,x64,jre,121
2026-09-08T00:24:05+00:00,sapmachine-17.0.20+5,336315864,True,sapmachine-jdk-17.0.20-ea.5_linux-x64_bin-symbols.tar.gz,linux,x64,jdk,2
2026-09-08T00:24:05+00:00,sapmachine-17.0.20+5,336315864,True,sapmachine-jdk-17.0.20-ea.5_linux-x64-musl_bin.tar.gz,alpine,x64,jdk,117
2026-09-08T00:24:05+00:00,sapmachine-17.0.20+5,336315864,True,sapmachine-jre-17.0.20-ea.5_linux-x64-musl_bin.tar.gz,alpine,x64,jre,115
2026-09-08T00:24:05+00:00,sapmachine-17.0.20+5,336315864,True,sapmachine-jdk-17.0.20-ea.5_linux-x64-musl_bin-symbols.tar.gz,alpine,x64,jdk,2
2026-09-08T00:24:05+00:00,sapmachine-17.0.20+5,336315864,True,sapmachine-jdk-17.0.20-ea.5_linux-ppc64le_bin.tar.gz,linux,ppc64,jdk,120
2026-09-08T00:24:05+00:00,sapmachine-17.0.20+5,336315864,True,sapmachine-jre-17.0.20-ea.5_linux-ppc64le_bin.tar.gz,linux,ppc64,jre,120
2026-09-08T00:24:05+00:00,sapmachine-17.0.20+5,336315864,True,sapmachine-jdk-17.0.20-ea.5_linux-ppc64le_bin-symbols.tar.gz,linux,ppc64,jdk,1
2026-09-08T00:24:05+00:00,sapmachine-17.0.20+5,336315864,True,sapmachine-jdk-17.0.20-ea.5_macos-aarch64_bin.tar.gz,macos,aarch64,jdk,448
2026-09-08T00:24:05+00:00,sapmachine-17.0.20+5,336315864,True,sapmachine-jre-17.0.20-ea.5_macos-aarch64_bin.tar.gz,macos,aarch64,jre,117
2026-09-08T00:24:05+00:00,sapmachine-17.0.20+5,336315864,True,sapmachine-jdk-17.0.20-ea.5_macos-aarch64_bin-symbols.tar.gz,macos,aarch64,jdk,1
2026-09-08T00:24:05+00:00,sapmachine-17.0.20+5,336315864,True,sapmachine-jdk-17.0.20-ea.5_macos-aarch64_bin.dmg,macos,aarch64,jdk,115
2026-09-08T00:24:05+00:00,sapmachine-17.0.20+5,336315864,True,sapmachine-jre-17.0.20-ea.5_macos-aarch64_bin.dmg,macos,aarch64,jre,115
2026-09-08T00:24:05+00:00,sapmachine-17.0.20+5,336315864,True,sapmachine-jdk-17.0.20-ea.5_linux-aarch64_bin.tar.gz,linux,aarch64,jdk,119
2026-09-08T00:24:05+00:00,sapmachine-17.0.20+5,336315864,True,sapmachine-jre-17.0.20-ea.5_linux-aarch64_bin.tar.gz,linux,aarch64,jre,118
2026-09-08T00:24:05+00:00,sapmachine-17.0.20+5,336315864,True,sapmachine-jdk-17.0.20-ea.5_linux-aarch64_bin-symbols.tar.gz,linux,aarch64,jdk,1
2026-09-08T00:24:05+00:00,sapmachine-17.0.20+5,336315864,True,sapmachine-jdk-17.0.20-ea.5_windows-x64_bin.zip,windows,x64,jdk,245
2026-09-08T00:24:05+00:00,sapmachine-17.0.20+5,336315864,True,sapmachine-jre-17.0.20-ea.5_windows-x64_bin.zip,windows,x64,jre,120
2026-09-08T00:24:05+00:00,sapmachine-17.0.20+5,336315864,True,sapmachine-jdk-17.0.20-ea.5_windows-x64_bin-symbols.tar.gz,windows,x64,jdk,2
2026-09-08T00:24:05+00:00,sapmachine-17.0.20+5,336315864,True,sapmachine-jdk-17.0.20-ea.5_macos-x64_bin.tar.gz,macos,x64,jdk,114
2026-09-08T00:24:05+00:00,sapmachine-17.0.20+5,336315864,True,sapmachine-jre-17.0.20-ea.5_macos-x64_bin.tar.gz,macos,x64,jre,113
2026-09-08T00:24:05+00:00,sapmachine-17.0.20+5,336315864,True,sapmachine-jdk-17.0.20-ea.5_macos-x64_bin-symbols.tar.gz,macos,x64,jdk,1
2026-09-08T00:24:05+00:00,sapmachine-17.0.20+5,336315864,True,sapmachine-jdk-17.0.20-ea.5_macos-x64_bin.dmg,macos,x64,jdk,114
2026-09-08T00:24:05+00:00,sapmachine-17.0.20+5,336315864,True,sapmachine-jre-17.0.20-ea.5_macos-x64_bin.dmg,macos,x64,jre,112
2026-09-08T00:24:05+00:00,sapmachine-21.0.12+5,336313636,True,sapmachine-jdk-21.0.12-ea.5_aix-ppc64_bin.tar.gz,aix,ppc64,jdk,117
2026-09-08T00:24:05+00:00,sapmachine-21.0.12+5,336313636,True,sapmachine-jre-21.0.12-ea.5_aix-ppc64_bin.tar.gz,aix,ppc64,jre,116
2026-09-08T00:24:05+00:00,sapmachine-21.0.12+5,336313636,True,sapmachine-jdk-21.0.12-ea.5_aix-ppc64_bin-symbols.tar.gz,aix,ppc64,jdk,2
2026-09-08T00:24:05+00:00,sapmachine-21.0.12+5,336313636,True,sapmachine-jdk-21.0.12-ea.5_linux-x64-musl_bin.tar.gz,alpine,x64,jdk,116
2026-09-08T00:24:05+00:00,sapmachine-21.0.12+5,336313636,True,sapmachine-jre-21.0.12-ea.5_linux-x64-musl_bin.tar.gz,alpine,x64,jre,115
2026-09-08T00:24:05+00:00,sapmachine-21.0.12+5,336313636,True,sapmachine-jdk-21.0.12-ea.5_linux-x64-musl_bin-symbols.tar.gz,alpine,x64,jdk,2
2026-09-08T00:24:05+00:00,sapmachine-21.0.12+5,336313636,True,sapmachine-jdk-21.0.12-ea.5_linux-x64_bin.tar.gz,linux,x64,jdk,192
2026-09-08T00:24:05+00:00,sapmachine-21.0.12+5,336313636,True,sapmachine-jre-21.0.12-ea.5_linux-x64_bin.tar.gz,linux,x64,jre,120
2026-09-08T00:24:05+00:00,sapmachine-21.0.12+5,336313636,True,sapmachine-jdk-21.0.12-ea.5_linux-x64_bin-symbols.tar.gz,linux,x64,jdk,1
2026-09-08T00:24:05+00:00,sapmachine-21.0.12+5,336313636,True,sapmachine-jdk-21.0.12-ea.5_macos-aarch64_bin.tar.gz,macos,aarch64,jdk,235
2026-09-08T00:24:05+00:00,sapmachine-21.0.12+5,336313636,True,sapmachine-jre-21.0.12-ea.5_macos-aarch64_bin.tar.gz,macos,aarch64,jre,122
2026-09-08T00:24:05+00:00,sapmachine-21.0.12+5,336313636,True,sapmachine-jdk-21.0.12-ea.5_macos-aarch64_bin-symbols.tar.gz,macos,aarch64,jdk,1
2026-09-08T00:24:05+00:00,sapmachine-21.0.12+5,336313636,True,sapmachine-jdk-21.0.12-ea.5_macos-aarch64_bin.dmg,macos,aarch64,jdk,115
2026-09-08T00:24:05+00:00,sapmachine-21.0.12+5,336313636,True,sapmachine-jre-21.0.12-ea.5_macos-aarch64_bin.dmg,macos,aarch64,jre,115
2026-09-08T00:24:05+00:00,sapmachine-21.0.12+5,336313636,True,sapmachine-jdk-21.0.12-ea.5_linux-ppc64le_bin.tar.gz,linux,ppc64,jdk,118
2026-09-08T00:24:05+00:00,sapmachine-21.0.12+5,336313636,True,sapmachine-jre-21.0.12-ea.5_linux-ppc64le_bin.tar.gz,linux,ppc64,jre,119
2026-09-08T00:24:05+00:00,sapmachine-21.0.12+5,336313636,True,sapmachine-jdk-21.0.12-ea.5_linux-ppc64le_bin-symbols.tar.gz,linux,ppc64,jdk,1
2026-09-08T00:24:05+00:00,sapmachine-21.0.12+5,336313636,True,sapmachine-jdk-21.0.12-ea.5_linux-aarch64_bin.tar.gz,linux,aarch64,jdk,119
2026-09-08T00:24:05+00:00,sapmachine-21.0.12+5,336313636,True,sapmachine-jre-21.0.12-ea.5_linux-aarch64_bin.tar.gz,linux,aarch64,jre,118
2026-09-08T00:24:05+00:00,sapmachine-21.0.12+5,336313636,True,sapmachine-jdk-21.0.12-ea.5_linux-aarch64_bin-symbols.tar.gz,linux,aarch64,jdk,1
2026-09-08T00:24:05+00:00,sapmachine-21.0.12+5,336313636,True,sapmachine-jdk-21.0.12-ea.5_windows-x64_bin.zip,windows,x64,jdk,191
2026-09-08T00:24:05+00:00,sapmachine-21.0.12+5,336313636,True,sapmachine-jre-21.0.12-ea.5_windows-x64_bin.zip,windows,x64,jre,118
2026-09-08T00:24:05+00:00,sapmachine-21.0.12+5,336313636,True,sapmachine-jdk-21.0.12-ea.5_windows-x64_bin-symbols.tar.gz,windows,x64,jdk,1
2026-09-08T00:24:05+00:00,sapmachine-21.0.12+5,336313636,True,sapmachine-jdk-21.0.12-ea.5_macos-x64_bin.tar.gz,macos,x64,jdk,116
2026-09-08T00:24:05+00:00,sapmachine-21.0.12+5,336313636,True,sapmachine-jre-21.0.12-ea.5_macos-x64_bin.tar.gz,macos,x64,jre,115
2026-09-08T00:24:05+00:00,sapmachine-21.0.12+5,336313636,True,sapmachine-jdk-21.0.12-ea.5_macos-x64_bin-symbols.tar.gz,macos,x64,jdk,1
2026-09-08T00:24:05+00:00,sapmachine-21.0.12+5,336313636,True,sapmachine-jdk-21.0.12-ea.5_macos-x64_bin.dmg,macos,x64,jdk,113
2026-09-08T00:24:05+00:00,sapmachine-21.0.12+5,336313636,True,sapmachine-jre-21.0.12-ea.5_macos-x64_bin.dmg,macos,x64,jre,112
2026-09-08T00:24:05+00:00,sapmachine-25.0.4+4,336311152,True,sapmachine-jdk-25.0.4-ea.4_linux-x64_bin.tar.gz,linux,x64,jdk,124
2026-09-08T00:24:05+00:00,sapmachine-25.0.4+4,336311152,True,sapmachine-jre-25.0.4-ea.4_linux-x64_bin.tar.gz,linux,x64,jre,121
2026-09-08T00:24:05+00:00,sapmachine-25.0.4+4,336311152,True,sapmachine-jdk-25.0.4-ea.4_linux-x64_bin-symbols.tar.gz,linux,x64,jdk,2
2026-09-08T00:24:05+00:00,sapmachine-25.0.4+4,336311152,True,sapmachine-jdk-25.0.4-ea.4_macos-aarch64_bin.tar.gz,macos,aarch64,jdk,123
2026-09-08T00:24:05+00:00,sapmachine-25.0.4+4,336311152,True,sapmachine-jre-25.0.4-ea.4_macos-aarch64_bin.tar.gz,macos,aarch64,jre,117
2026-09-08T00:24:05+00:00,sapmachine-25.0.4+4,336311152,True,sapmachine-jdk-25.0.4-ea.4_macos-aarch64_bin-symbols.tar.gz,macos,aarch64,jdk,2
2026-09-08T00:24:05+00:00,sapmachine-25.0.4+4,336311152,True,sapmachine-jdk-25.0.4-ea.4_macos-aarch64_bin.dmg,macos,aarch64,jdk,115
2026-09-08T00:24:05+00:00,sapmachine-25.0.4+4,336311152,True,sapmachine-jre-25.0.4-ea.4_macos-aarch64_bin.dmg,macos,aarch64,jre,116
2026-09-08T00:24:05+00:00,sapmachine-25.0.4+4,336311152,True,sapmachine-jdk-25.0.4-ea.4_aix-ppc64_bin.tar.gz,aix,ppc64,jdk,115
2026-09-08T00:24:05+00:00,sapmachine-25.0.4+4,336311152,True,sapmachine-jre-25.0.4-ea.4_aix-ppc64_bin.tar.gz,aix,ppc64,jre,115
2026-09-08T00:24:05+00:00,sapmachine-25.0.4+4,336311152,True,sapmachine-jdk-25.0.4-ea.4_aix-ppc64_bin-symbols.tar.gz,aix,ppc64,jdk,2
2026-09-08T00:24:05+00:00,sapmachine-25.0.4+4,336311152,True,sapmachine-jdk-25.0.4-ea.4_linux-x64-musl_bin.tar.gz,alpine,x64,jdk,116
2026-09-08T00:24:05+00:00,sapmachine-25.0.4+4,336311152,True,sapmachine-jre-25.0.4-ea.4_linux-x64-musl_bin.tar.gz,alpine,x64,jre,115
2026-09-08T00:24:05+00:00,sapmachine-25.0.4+4,336311152,True,sapmachine-jdk-25.0.4-ea.4_linux-x64-musl_bin-symbols.tar.gz,alpine,x64,jdk,1
2026-09-08T00:24:05+00:00,sapmachine-25.0.4+4,336311152,True,sapmachine-jdk-25.0.4-ea.4_linux-ppc64le_bin.tar.gz,linux,ppc64,jdk,119
2026-09-08T00:24:05+00:00,sapmachine-25.0.4+4,336311152,True,sapmachine-jre-25.0.4-ea.4_linux-ppc64le_bin.tar.gz,linux,ppc64,jre,120
2026-09-08T00:24:05+00:00,sapmachine-25.0.4+4,336311152,True,sapmachine-jdk-25.0.4-ea.4_linux-ppc64le_bin-symbols.tar.gz,linux,ppc64,jdk,1
2026-09-08T00:24:05+00:00,sapmachine-25.0.4+4,336311152,True,sapmachine-jdk-25.0.4-ea.4_linux-aarch64_bin.tar.gz,linux,aarch64,jdk,118
2026-09-08T00:24:05+00:00,sapmachine-25.0.4+4,336311152,True,sapmachine-jre-25.0.4-ea.4_linux-aarch64_bin.tar.gz,linux,aarch64,jre,118
2026-09-08T00:24:05+00:00,sapmachine-25.0.4+4,336311152,True,sapmachine-jdk-25.0.4-ea.4_linux-aarch64_bin-symbols.tar.gz,linux,aarch64,jdk,1
2026-09-08T00:24:05+00:00,sapmachine-25.0.4+4,336311152,True,sapmachine-jdk-25.0.4-ea.4_windows-x64_bin.zip,windows,x64,jdk,120
2026-09-08T00:24:05+00:00,sapmachine-25.0.4+4,336311152,True,sapmachine-jre-25.0.4-ea.4_windows-x64_bin.zip,windows,x64,jre,118
2026-09-08T00:24:05+00:00,sapmachine-25.0.4+4,336311152,True,sapmachine-jdk-25.0.4-ea.4_windows-x64_bin-symbols.tar.gz,windows,x64,jdk,1
2026-09-08T00:24:05+00:00,sapmachine-27+25,336310460,True,sapmachine-jdk-27-ea.25_linux-x64-musl_bin.tar.gz,alpine,x64,jdk,115
2026-09-08T00:24:05+00:00,sapmachine-27+25,336310460,True,sapmachine-jre-27-ea.25_linux-x64-musl_bin.tar.gz,alpine,x64,jre,116
2026-09-08T00:24:05+00:00,sapmachine-27+25,336310460,True,sapmachine-jdk-27-ea.25_linux-x64-musl_bin-symbols.tar.gz,alpine,x64,jdk,2
2026-09-08T00:24:05+00:00,sapmachine-27+25,336310460,True,sapmachine-jdk-27-ea.25_linux-x64_bin.tar.gz,linux,x64,jdk,120
2026-09-08T00:24:05+00:00,sapmachine-27+25,336310460,True,sapmachine-jre-27-ea.25_linux-x64_bin.tar.gz,linux,x64,jre,120
2026-09-08T00:24:05+00:00,sapmachine-27+25,336310460,True,sapmachine-jdk-27-ea.25_linux-x64_bin-symbols.tar.gz,linux,x64,jdk,1
2026-09-08T00:24:05+00:00,sapmachine-27+25,336310460,True,sapmachine-jdk-27-ea.25_linux-ppc64le_bin.tar.gz,linux,ppc64,jdk,119
2026-09-08T00:24:05+00:00,sapmachine-27+25,336310460,True,sapmachine-jre-27-ea.25_linux-ppc64le_bin.tar.gz,linux,ppc64,jre,119
2026-09-08T00:24:05+00:00,sapmachine-27+25,336310460,True,sapmachine-jdk-27-ea.25_linux-ppc64le_bin-symbols.tar.gz,linux,ppc64,jdk,1
2026-09-08T00:24:05+00:00,sapmachine-27+25,336310460,True,sapmachine-jdk-27-ea.25_linux-aarch64_bin.tar.gz,linux,aarch64,jdk,120
2026-09-08T00:24:05+00:00,sapmachine-27+25,336310460,True,sapmachine-jre-27-ea.25_linux-aarch64_bin.tar.gz,linux,aarch64,jre,119
2026-09-08T00:24:05+00:00,sapmachine-27+25,336310460,True,sapmachine-jdk-27-ea.25_linux-aarch64_bin-symbols.tar.gz,linux,aarch64,jdk,1
2026-09-08T00:24:05+00:00,sapmachine-27+25,336310460,True,sapmachine-jdk-27-ea.25_macos-aarch64_bin.tar.gz,macos,aarch64,jdk,125
2026-09-08T00:24:05+00:00,sapmachine-27+25,336310460,True,sapmachine-jre-27-ea.25_macos-aarch64_bin.tar.gz,macos,aarch64,jre,118
2026-09-08T00:24:05+00:00,sapmachine-27+25,336310460,True,sapmachine-jdk-27-ea.25_macos-aarch64_bin-symbols.tar.gz,macos,aarch64,jdk,1
2026-09-08T00:24:05+00:00,sapmachine-27+25,336310460,True,sapmachine-jdk-27-ea.25_macos-aarch64_bin.dmg,macos,aarch64,jdk,120
2026-09-08T00:24:05+00:00,sapmachine-27+25,336310460,True,sapmachine-jre-27-ea.25_macos-aarch64_bin.dmg,macos,aarch64,jre,116
2026-09-08T00:24:05+00:00,sapmachine-27+25,336310460,True,sapmachine-jdk-27-ea.25_windows-x64_bin.zip,windows,x64,jdk,119
2026-09-08T00:24:05+00:00,sapmachine-27+25,336310460,True,sapmachine-jre-27-ea.25_windows-x64_bin.zip,windows,x64,jre,122
2026-09-08T00:24:05+00:00,sapmachine-27+25,336310460,True,sapmachine-jdk-27-ea.25_windows-x64_bin-symbols.tar.gz,windows,x64,jdk,2
2026-09-08T00:24:05+00:00,sapmachine-27+25,336310460,True,sapmachine-jdk-27-ea.25_aix-ppc64_bin.tar.gz,aix,ppc64,jdk,114
2026-09-08T00:24:05+00:00,sapmachine-27+25,336310460,True,sapmachine-jre-27-ea.25_aix-ppc64_bin.tar.gz,aix,ppc64,jre,114
2026-09-08T00:24:05+00:00,sapmachine-27+25,336310460,True,sapmachine-jdk-27-ea.25_aix-ppc64_bin-symbols.tar.gz,aix,ppc64,jdk,1
2026-09-08T00:24:05+00:00,sapmachine-27+24,334077931,True,sapmachine-jdk-27-ea.24_linux-x64-musl_bin.tar.gz,alpine,x64,jdk,120
2026-09-08T00:24:05+00:00,sapmachine-27+24,334077931,True,sapmachine-jre-27-ea.24_linux-x64-musl_bin.tar.gz,alpine,x64,jre,119
2026-09-08T00:24:05+00:00,sapmachine-27+24,334077931,True,sapmachine-jdk-27-ea.24_linux-x64-musl_bin-symbols.tar.gz,alpine,x64,jdk,1
2026-09-08T00:24:05+00:00,sapmachine-27+24,334077931,True,sapmachine-jdk-27-ea.24_macos-aarch64_bin.tar.gz,macos,aarch64,jdk,128
2026-09-08T00:24:05+00:00,sapmachine-27+24,334077931,True,sapmachine-jre-27-ea.24_macos-aarch64_bin.tar.gz,macos,aarch64,jre,124
2026-09-08T00:24:05+00:00,sapmachine-27+24,334077931,True,sapmachine-jdk-27-ea.24_macos-aarch64_bin-symbols.tar.gz,macos,aarch64,jdk,1
2026-09-08T00:24:05+00:00,sapmachine-27+24,334077931,True,sapmachine-jdk-27-ea.24_macos-aarch64_bin.dmg,macos,aarch64,jdk,127
2026-09-08T00:24:05+00:00,sapmachine-27+24,334077931,True,sapmachine-jre-27-ea.24_macos-aarch64_bin.dmg,macos,aarch64,jre,120
2026-09-08T00:24:05+00:00,sapmachine-27+24,334077931,True,sapmachine-jdk-27-ea.24_linux-x64_bin.tar.gz,linux,x64,jdk,122
2026-09-08T00:24:05+00:00,sapmachine-27+24,334077931,True,sapmachine-jre-27-ea.24_linux-x64_bin.tar.gz,linux,x64,jre,122
2026-09-08T00:24:05+00:00,sapmachine-27+24,334077931,True,sapmachine-jdk-27-ea.24_linux-x64_bin-symbols.tar.gz,linux,x64,jdk,1
2026-09-08T00:24:05+00:00,sapmachine-27+24,334077931,True,sapmachine-jdk-27-ea.24_aix-ppc64_bin.tar.gz,aix,ppc64,jdk,119
2026-09-08T00:24:05+00:00,sapmachine-27+24,334077931,True,sapmachine-jre-27-ea.24_aix-ppc64_bin.tar.gz,aix,ppc64,jre,120
2026-09-08T00:24:05+00:00,sapmachine-27+24,334077931,True,sapmachine-jdk-27-ea.24_aix-ppc64_bin-symbols.tar.gz,aix,ppc64,jdk,1
2026-09-08T00:24:05+00:00,sapmachine-27+24,334077931,True,sapmachine-jdk-27-ea.24_linux-aarch64_bin.tar.gz,linux,aarch64,jdk,122
2026-09-08T00:24:05+00:00,sapmachine-27+24,334077931,True,sapmachine-jre-27-ea.24_linux-aarch64_bin.tar.gz,linux,aarch64,jre,123
2026-09-08T00:24:05+00:00,sapmachine-27+24,334077931,True,sapmachine-jdk-27-ea.24_linux-aarch64_bin-symbols.tar.gz,linux,aarch64,jdk,1
2026-09-08T00:24:05+00:00,sapmachine-27+24,334077931,True,sapmachine-jdk-27-ea.24_linux-ppc64le_bin.tar.gz,linux,ppc64,jdk,121
2026-09-08T00:24:05+00:00,sapmachine-27+24,334077931,True,sapmachine-jre-27-ea.24_linux-ppc64le_bin.tar.gz,linux,ppc64,jre,122
2026-09-08T00:24:05+00:00,sapmachine-27+24,334077931,True,sapmachine-jdk-27-ea.24_linux-ppc64le_bin-symbols.tar.gz,linux,ppc64,jdk,1
2026-09-08T00:24:05+00:00,sapmachine-27+24,334077931,True,sapmachine-jdk-27-ea.24_windows-x64_bin.zip,windows,x64,jdk,122
2026-09-08T00:24:05+00:00,sapmachine-27+24,334077931,True,sapmachine-jre-27-ea.24_windows-x64_bin.zip,windows,x64,jre,122
2026-09-08T00:24:05+00:00,sapmachine-27+24,334077931,True,sapmachine-jdk-27-ea.24_windows-x64_bin-symbols.tar.gz,windows,x64,jdk,1
2026-09-08T00:24:05+00:00,sapmachine-17.0.20+4,332851414,True,sapmachine-jdk-17.0.20-ea.4_linux-x64-musl_bin.tar.gz,alpine,x64,jdk,120
2026-09-08T00:24:05+00:00,sapmachine-17.0.20+4,332851414,True,sapmachine-jre-17.0.20-ea.4_linux-x64-musl_bin.tar.gz,alpine,x64,jre,119
2026-09-08T00:24:05+00:00,sapmachine-17.0.20+4,332851414,True,sapmachine-jdk-17.0.20-ea.4_linux-x64-musl_bin-symbols.tar.gz,alpine,x64,jdk,2
2026-09-08T00:24:05+00:00,sapmachine-17.0.20+4,332851414,True,sapmachine-jdk-17.0.20-ea.4_linux-x64_bin.tar.gz,linux,x64,jdk,303
2026-09-08T00:24:05+00:00,sapmachine-17.0.20+4,332851414,True,sapmachine-jre-17.0.20-ea.4_linux-x64_bin.tar.gz,linux,x64,jre,124
2026-09-08T00:24:05+00:00,sapmachine-17.0.20+4,332851414,True,sapmachine-jdk-17.0.20-ea.4_linux-x64_bin-symbols.tar.gz,linux,x64,jdk,2
2026-09-08T00:24:05+00:00,sapmachine-17.0.20+4,332851414,True,sapmachine-jdk-17.0.20-ea.4_macos-aarch64_bin.tar.gz,macos,aarch64,jdk,493
2026-09-08T00:24:05+00:00,sapmachine-17.0.20+4,332851414,True,sapmachine-jre-17.0.20-ea.4_macos-aarch64_bin.tar.gz,macos,aarch64,jre,123
2026-09-08T00:24:05+00:00,sapmachine-17.0.20+4,332851414,True,sapmachine-jdk-17.0.20-ea.4_macos-aarch64_bin-symbols.tar.gz,macos,aarch64,jdk,1
2026-09-08T00:24:05+00:00,sapmachine-17.0.20+4,332851414,True,sapmachine-jdk-17.0.20-ea.4_macos-aarch64_bin.dmg,macos,aarch64,jdk,124
2026-09-08T00:24:05+00:00,sapmachine-17.0.20+4,332851414,True,sapmachine-jre-17.0.20-ea.4_macos-aarch64_bin.dmg,macos,aarch64,jre,120
2026-09-08T00:24:05+00:00,sapmachine-17.0.20+4,332851414,True,sapmachine-jdk-17.0.20-ea.4_linux-ppc64le_bin.tar.gz,linux,ppc64,jdk,121
2026-09-08T00:24:05+00:00,sapmachine-17.0.20+4,332851414,True,sapmachine-jre-17.0.20-ea.4_linux-ppc64le_bin.tar.gz,linux,ppc64,jre,121
2026-09-08T00:24:05+00:00,sapmachine-17.0.20+4,332851414,True,sapmachine-jdk-17.0.20-ea.4_linux-ppc64le_bin-symbols.tar.gz,linux,ppc64,jdk,1
2026-09-08T00:24:05+00:00,sapmachine-17.0.20+4,332851414,True,sapmachine-jdk-17.0.20-ea.4_linux-aarch64_bin.tar.gz,linux,aarch64,jdk,122
2026-09-08T00:24:05+00:00,sapmachine-17.0.20+4,332851414,True,sapmachine-jre-17.0.20-ea.4_linux-aarch64_bin.tar.gz,linux,aarch64,jre,120
2026-09-08T00:24:05+00:00,sapmachine-17.0.20+4,332851414,True,sapmachine-jdk-17.0.20-ea.4_linux-aarch64_bin-symbols.tar.gz,linux,aarch64,jdk,1
2026-09-08T00:24:05+00:00,sapmachine-17.0.20+4,332851414,True,sapmachine-jdk-17.0.20-ea.4_macos-x64_bin.tar.gz,macos,x64,jdk,119
2026-09-08T00:24:05+00:00,sapmachine-17.0.20+4,332851414,True,sapmachine-jre-17.0.20-ea.4_macos-x64_bin.tar.gz,macos,x64,jre,118
2026-09-08T00:24:05+00:00,sapmachine-17.0.20+4,332851414,True,sapmachine-jdk-17.0.20-ea.4_macos-x64_bin-symbols.tar.gz,macos,x64,jdk,1
2026-09-08T00:24:05+00:00,sapmachine-17.0.20+4,332851414,True,sapmachine-jdk-17.0.20-ea.4_macos-x64_bin.dmg,macos,x64,jdk,118
2026-09-08T00:24:05+00:00,sapmachine-17.0.20+4,332851414,True,sapmachine-jre-17.0.20-ea.4_macos-x64_bin.dmg,macos,x64,jre,117
2026-09-08T00:24:05+00:00,sapmachine-17.0.20+4,332851414,True,sapmachine-jdk-17.0.20-ea.4_windows-x64_bin.zip,windows,x64,jdk,299
2026-09-08T00:24:05+00:00,sapmachine-17.0.20+4,332851414,True,sapmachine-jre-17.0.20-ea.4_windows-x64_bin.zip,windows,x64,jre,121
2026-09-08T00:24:05+00:00,sapmachine-17.0.20+4,332851414,True,sapmachine-jdk-17.0.20-ea.4_windows-x64_bin-symbols.tar.gz,windows,x64,jdk,1
2026-09-08T00:24:05+00:00,sapmachine-21.0.12+4,332848230,True,sapmachine-jdk-21.0.12-ea.4_linux-x64_bin.tar.gz,linux,x64,jdk,300
2026-09-08T00:24:05+00:00,sapmachine-21.0.12+4,332848230,True,sapmachine-jre-21.0.12-ea.4_linux-x64_bin.tar.gz,linux,x64,jre,122
2026-09-08T00:24:05+00:00,sapmachine-21.0.12+4,332848230,True,sapmachine-jdk-21.0.12-ea.4_linux-x64_bin-symbols.tar.gz,linux,x64,jdk,1
2026-09-08T00:24:05+00:00,sapmachine-21.0.12+4,332848230,True,sapmachine-jdk-21.0.12-ea.4_aix-ppc64_bin.tar.gz,aix,ppc64,jdk,119
2026-09-08T00:24:05+00:00,sapmachine-21.0.12+4,332848230,True,sapmachine-jre-21.0.12-ea.4_aix-ppc64_bin.tar.gz,aix,ppc64,jre,120
2026-09-08T00:24:05+00:00,sapmachine-21.0.12+4,332848230,True,sapmachine-jdk-21.0.12-ea.4_aix-ppc64_bin-symbols.tar.gz,aix,ppc64,jdk,2
2026-09-08T00:24:05+00:00,sapmachine-21.0.12+4,332848230,True,sapmachine-jdk-21.0.12-ea.4_macos-aarch64_bin.tar.gz,macos,aarch64,jdk,383
2026-09-08T00:24:05+00:00,sapmachine-21.0.12+4,332848230,True,sapmachine-jre-21.0.12-ea.4_macos-aarch64_bin.tar.gz,macos,aarch64,jre,128
2026-09-08T00:24:05+00:00,sapmachine-21.0.12+4,332848230,True,sapmachine-jdk-21.0.12-ea.4_macos-aarch64_bin-symbols.tar.gz,macos,aarch64,jdk,1
2026-09-08T00:24:05+00:00,sapmachine-21.0.12+4,332848230,True,sapmachine-jdk-21.0.12-ea.4_macos-aarch64_bin.dmg,macos,aarch64,jdk,125
2026-09-08T00:24:05+00:00,sapmachine-21.0.12+4,332848230,True,sapmachine-jre-21.0.12-ea.4_macos-aarch64_bin.dmg,macos,aarch64,jre,120
2026-09-08T00:24:05+00:00,sapmachine-21.0.12+4,332848230,True,sapmachine-jdk-21.0.12-ea.4_linux-x64-musl_bin.tar.gz,alpine,x64,jdk,120
2026-09-08T00:24:05+00:00,sapmachine-21.0.12+4,332848230,True,sapmachine-jre-21.0.12-ea.4_linux-x64-musl_bin.tar.gz,alpine,x64,jre,119
2026-09-08T00:24:05+00:00,sapmachine-21.0.12+4,332848230,True,sapmachine-jdk-21.0.12-ea.4_linux-x64-musl_bin-symbols.tar.gz,alpine,x64,jdk,1
2026-09-08T00:24:05+00:00,sapmachine-21.0.12+4,332848230,True,sapmachine-jdk-21.0.12-ea.4_linux-ppc64le_bin.tar.gz,linux,ppc64,jdk,123
2026-09-08T00:24:05+00:00,sapmachine-21.0.12+4,332848230,True,sapmachine-jre-21.0.12-ea.4_linux-ppc64le_bin.tar.gz,linux,ppc64,jre,122
2026-09-08T00:24:05+00:00,sapmachine-21.0.12+4,332848230,True,sapmachine-jdk-21.0.12-ea.4_linux-ppc64le_bin-symbols.tar.gz,linux,ppc64,jdk,1
2026-09-08T00:24:05+00:00,sapmachine-21.0.12+4,332848230,True,sapmachine-jdk-21.0.12-ea.4_macos-x64_bin.tar.gz,macos,x64,jdk,121
2026-09-08T00:24:05+00:00,sapmachine-21.0.12+4,332848230,True,sapmachine-jre-21.0.12-ea.4_macos-x64_bin.tar.gz,macos,x64,jre,120
2026-09-08T00:24:05+00:00,sapmachine-21.0.12+4,332848230,True,sapmachine-jdk-21.0.12-ea.4_macos-x64_bin-symbols.tar.gz,macos,x64,jdk,1
2026-09-08T00:24:05+00:00,sapmachine-21.0.12+4,332848230,True,sapmachine-jdk-21.0.12-ea.4_macos-x64_bin.dmg,macos,x64,jdk,119
2026-09-08T00:24:05+00:00,sapmachine-21.0.12+4,332848230,True,sapmachine-jre-21.0.12-ea.4_macos-x64_bin.dmg,macos,x64,jre,118
2026-09-08T00:24:05+00:00,sapmachine-21.0.12+4,332848230,True,sapmachine-jdk-21.0.12-ea.4_linux-aarch64_bin.tar.gz,linux,aarch64,jdk,122
2026-09-08T00:24:05+00:00,sapmachine-21.0.12+4,332848230,True,sapmachine-jre-21.0.12-ea.4_linux-aarch64_bin.tar.gz,linux,aarch64,jre,121
2026-09-08T00:24:05+00:00,sapmachine-21.0.12+4,332848230,True,sapmachine-jdk-21.0.12-ea.4_linux-aarch64_bin-symbols.tar.gz,linux,aarch64,jdk,1
2026-09-08T00:24:05+00:00,sapmachine-21.0.12+4,332848230,True,sapmachine-jdk-21.0.12-ea.4_windows-x64_bin.zip,windows,x64,jdk,292
2026-09-08T00:24:05+00:00,sapmachine-21.0.12+4,332848230,True,sapmachine-jre-21.0.12-ea.4_windows-x64_bin.zip,windows,x64,jre,122
2026-09-08T00:24:05+00:00,sapmachine-21.0.12+4,332848230,True,sapmachine-jdk-21.0.12-ea.4_windows-x64_bin-symbols.tar.gz,windows,x64,jdk,1
2026-09-08T00:24:05+00:00,sapmachine-25.0.4+3,332847674,True,sapmachine-jdk-25.0.4-ea.3_linux-x64-musl_bin.tar.gz,alpine,x64,jdk,120
2026-09-08T00:24:05+00:00,sapmachine-25.0.4+3,332847674,True,sapmachine-jre-25.0.4-ea.3_linux-x64-musl_bin.tar.gz,alpine,x64,jre,120
2026-09-08T00:24:05+00:00,sapmachine-25.0.4+3,332847674,True,sapmachine-jdk-25.0.4-ea.3_linux-x64-musl_bin-symbols.tar.gz,alpine,x64,jdk,2
2026-09-08T00:24:05+00:00,sapmachine-25.0.4+3,332847674,True,sapmachine-jdk-25.0.4-ea.3_linux-x64_bin.tar.gz,linux,x64,jdk,135
2026-09-08T00:24:05+00:00,sapmachine-25.0.4+3,332847674,True,sapmachine-jre-25.0.4-ea.3_linux-x64_bin.tar.gz,linux,x64,jre,122
2026-09-08T00:24:05+00:00,sapmachine-25.0.4+3,332847674,True,sapmachine-jdk-25.0.4-ea.3_linux-x64_bin-symbols.tar.gz,linux,x64,jdk,1
2026-09-08T00:24:05+00:00,sapmachine-25.0.4+3,332847674,True,sapmachine-jdk-25.0.4-ea.3_linux-aarch64_bin.tar.gz,linux,aarch64,jdk,121
2026-09-08T00:24:05+00:00,sapmachine-25.0.4+3,332847674,True,sapmachine-jre-25.0.4-ea.3_linux-aarch64_bin.tar.gz,linux,aarch64,jre,120
2026-09-08T00:24:05+00:00,sapmachine-25.0.4+3,332847674,True,sapmachine-jdk-25.0.4-ea.3_linux-aarch64_bin-symbols.tar.gz,linux,aarch64,jdk,1
2026-09-08T00:24:05+00:00,sapmachine-25.0.4+3,332847674,True,sapmachine-jdk-25.0.4-ea.3_linux-ppc64le_bin.tar.gz,linux,ppc64,jdk,122
2026-09-08T00:24:05+00:00,sapmachine-25.0.4+3,332847674,True,sapmachine-jre-25.0.4-ea.3_linux-ppc64le_bin.tar.gz,linux,ppc64,jre,121
2026-09-08T00:24:05+00:00,sapmachine-25.0.4+3,332847674,True,sapmachine-jdk-25.0.4-ea.3_linux-ppc64le_bin-symbols.tar.gz,linux,ppc64,jdk,1
2026-09-08T00:24:05+00:00,sapmachine-25.0.4+3,332847674,True,sapmachine-jdk-25.0.4-ea.3_aix-ppc64_bin.tar.gz,aix,ppc64,jdk,119
2026-09-08T00:24:05+00:00,sapmachine-25.0.4+3,332847674,True,sapmachine-jre-25.0.4-ea.3_aix-ppc64_bin.tar.gz,aix,ppc64,jre,119
2026-09-08T00:24:05+00:00,sapmachine-25.0.4+3,332847674,True,sapmachine-jdk-25.0.4-ea.3_aix-ppc64_bin-symbols.tar.gz,aix,ppc64,jdk,2
2026-09-08T00:24:05+00:00,sapmachine-25.0.4+3,332847674,True,sapmachine-jdk-25.0.4-ea.3_macos-aarch64_bin.tar.gz,macos,aarch64,jdk,129
2026-09-08T00:24:05+00:00,sapmachine-25.0.4+3,332847674,True,sapmachine-jre-25.0.4-ea.3_macos-aarch64_bin.tar.gz,macos,aarch64,jre,122
2026-09-08T00:24:05+00:00,sapmachine-25.0.4+3,332847674,True,sapmachine-jdk-25.0.4-ea.3_macos-aarch64_bin-symbols.tar.gz,macos,aarch64,jdk,1
2026-09-08T00:24:05+00:00,sapmachine-25.0.4+3,332847674,True,sapmachine-jdk-25.0.4-ea.3_macos-aarch64_bin.dmg,macos,aarch64,jdk,119
2026-09-08T00:24:05+00:00,sapmachine-25.0.4+3,332847674,True,sapmachine-jre-25.0.4-ea.3_macos-aarch64_bin.dmg,macos,aarch64,jre,118
2026-09-08T00:24:05+00:00,sapmachine-25.0.4+3,332847674,True,sapmachine-jdk-25.0.4-ea.3_windows-x64_bin.zip,windows,x64,jdk,122
2026-09-08T00:24:05+00:00,sapmachine-25.0.4+3,332847674,True,sapmachine-jre-25.0.4-ea.3_windows-x64_bin.zip,windows,x64,jre,121
2026-09-08T00:24:05+00:00,sapmachine-25.0.4+3,332847674,True,sapmachine-jdk-25.0.4-ea.3_windows-x64_bin-symbols.tar.gz,windows,x64,jdk,1
2026-09-08T00:24:05+00:00,sapmachine-17.0.20+3,328421215,True,sapmachine-jdk-17.0.20-ea.3_linux-x64_bin.tar.gz,linux,x64,jdk,270
2026-09-08T00:24:05+00:00,sapmachine-17.0.20+3,328421215,True,sapmachine-jre-17.0.20-ea.3_linux-x64_bin.tar.gz,linux,x64,jre,140
2026-09-08T00:24:05+00:00,sapmachine-17.0.20+3,328421215,True,sapmachine-jdk-17.0.20-ea.3_linux-x64_bin-symbols.tar.gz,linux,x64,jdk,6
2026-09-08T00:24:05+00:00,sapmachine-17.0.20+3,328421215,True,sapmachine-jdk-17.0.20-ea.3_linux-x64-musl_bin.tar.gz,alpine,x64,jdk,138
2026-09-08T00:24:05+00:00,sapmachine-17.0.20+3,328421215,True,sapmachine-jre-17.0.20-ea.3_linux-x64-musl_bin.tar.gz,alpine,x64,jre,135
2026-09-08T00:24:05+00:00,sapmachine-17.0.20+3,328421215,True,sapmachine-jdk-17.0.20-ea.3_linux-x64-musl_bin-symbols.tar.gz,alpine,x64,jdk,5
2026-09-08T00:24:05+00:00,sapmachine-17.0.20+3,328421215,True,sapmachine-jdk-17.0.20-ea.3_macos-aarch64_bin.tar.gz,macos,aarch64,jdk,567
2026-09-08T00:24:05+00:00,sapmachine-17.0.20+3,328421215,True,sapmachine-jre-17.0.20-ea.3_macos-aarch64_bin.tar.gz,macos,aarch64,jre,139
2026-09-08T00:24:05+00:00,sapmachine-17.0.20+3,328421215,True,sapmachine-jdk-17.0.20-ea.3_macos-aarch64_bin-symbols.tar.gz,macos,aarch64,jdk,3
2026-09-08T00:24:05+00:00,sapmachine-17.0.20+3,328421215,True,sapmachine-jdk-17.0.20-ea.3_macos-aarch64_bin.dmg,macos,aarch64,jdk,151
2026-09-08T00:24:05+00:00,sapmachine-17.0.20+3,328421215,True,sapmachine-jre-17.0.20-ea.3_macos-aarch64_bin.dmg,macos,aarch64,jre,134
2026-09-08T00:24:05+00:00,sapmachine-17.0.20+3,328421215,True,sapmachine-jdk-17.0.20-ea.3_linux-ppc64le_bin.tar.gz,linux,ppc64,jdk,144
2026-09-08T00:24:05+00:00,sapmachine-17.0.20+3,328421215,True,sapmachine-jre-17.0.20-ea.3_linux-ppc64le_bin.tar.gz,linux,ppc64,jre,141
2026-09-08T00:24:05+00:00,sapmachine-17.0.20+3,328421215,True,sapmachine-jdk-17.0.20-ea.3_linux-ppc64le_bin-symbols.tar.gz,linux,ppc64,jdk,3
2026-09-08T00:24:05+00:00,sapmachine-17.0.20+3,328421215,True,sapmachine-jdk-17.0.20-ea.3_windows-x64_bin.zip,windows,x64,jdk,257
2026-09-08T00:24:05+00:00,sapmachine-17.0.20+3,328421215,True,sapmachine-jre-17.0.20-ea.3_windows-x64_bin.zip,windows,x64,jre,147
2026-09-08T00:24:05+00:00,sapmachine-17.0.20+3,328421215,True,sapmachine-jdk-17.0.20-ea.3_windows-x64_bin-symbols.tar.gz,windows,x64,jdk,3
2026-09-08T00:24:05+00:00,sapmachine-17.0.20+3,328421215,True,sapmachine-jdk-17.0.20-ea.3_macos-x64_bin.tar.gz,macos,x64,jdk,134
2026-09-08T00:24:05+00:00,sapmachine-17.0.20+3,328421215,True,sapmachine-jre-17.0.20-ea.3_macos-x64_bin.tar.gz,macos,x64,jre,134
2026-09-08T00:24:05+00:00,sapmachine-17.0.20+3,328421215,True,sapmachine-jdk-17.0.20-ea.3_macos-x64_bin-symbols.tar.gz,macos,x64,jdk,3
2026-09-08T00:24:05+00:00,sapmachine-17.0.20+3,328421215,True,sapmachine-jdk-17.0.20-ea.3_macos-x64_bin.dmg,macos,x64,jdk,144
2026-09-08T00:24:05+00:00,sapmachine-17.0.20+3,328421215,True,sapmachine-jre-17.0.20-ea.3_macos-x64_bin.dmg,macos,x64,jre,131
2026-09-08T00:24:05+00:00,sapmachine-17.0.20+3,328421215,True,sapmachine-jdk-17.0.20-ea.3_linux-aarch64_bin.tar.gz,linux,aarch64,jdk,138
2026-09-08T00:24:05+00:00,sapmachine-17.0.20+3,328421215,True,sapmachine-jre-17.0.20-ea.3_linux-aarch64_bin.tar.gz,linux,aarch64,jre,137
2026-09-08T00:24:05+00:00,sapmachine-17.0.20+3,328421215,True,sapmachine-jdk-17.0.20-ea.3_linux-aarch64_bin-symbols.tar.gz,linux,aarch64,jdk,3
2026-09-08T00:24:05+00:00,sapmachine-21.0.12+3,328419676,True,sapmachine-jdk-21.0.12-ea.3_linux-x64-musl_bin.tar.gz,alpine,x64,jdk,135
2026-09-08T00:24:05+00:00,sapmachine-21.0.12+3,328419676,True,sapmachine-jre-21.0.12-ea.3_linux-x64-musl_bin.tar.gz,alpine,x64,jre,134
2026-09-08T00:24:05+00:00,sapmachine-21.0.12+3,328419676,True,sapmachine-jdk-21.0.12-ea.3_linux-x64-musl_bin-symbols.tar.gz,alpine,x64,jdk,3
2026-09-08T00:24:05+00:00,sapmachine-21.0.12+3,328419676,True,sapmachine-jdk-21.0.12-ea.3_macos-aarch64_bin.tar.gz,macos,aarch64,jdk,358
2026-09-08T00:24:05+00:00,sapmachine-21.0.12+3,328419676,True,sapmachine-jre-21.0.12-ea.3_macos-aarch64_bin.tar.gz,macos,aarch64,jre,142
2026-09-08T00:24:05+00:00,sapmachine-21.0.12+3,328419676,True,sapmachine-jdk-21.0.12-ea.3_macos-aarch64_bin-symbols.tar.gz,macos,aarch64,jdk,2
2026-09-08T00:24:05+00:00,sapmachine-21.0.12+3,328419676,True,sapmachine-jdk-21.0.12-ea.3_macos-aarch64_bin.dmg,macos,aarch64,jdk,142
2026-09-08T00:24:05+00:00,sapmachine-21.0.12+3,328419676,True,sapmachine-jre-21.0.12-ea.3_macos-aarch64_bin.dmg,macos,aarch64,jre,146
2026-09-08T00:24:05+00:00,sapmachine-21.0.12+3,328419676,True,sapmachine-jdk-21.0.12-ea.3_aix-ppc64_bin.tar.gz,aix,ppc64,jdk,137
2026-09-08T00:24:05+00:00,sapmachine-21.0.12+3,328419676,True,sapmachine-jre-21.0.12-ea.3_aix-ppc64_bin.tar.gz,aix,ppc64,jre,134
2026-09-08T00:24:05+00:00,sapmachine-21.0.12+3,328419676,True,sapmachine-jdk-21.0.12-ea.3_aix-ppc64_bin-symbols.tar.gz,aix,ppc64,jdk,2
2026-09-08T00:24:05+00:00,sapmachine-21.0.12+3,328419676,True,sapmachine-jdk-21.0.12-ea.3_linux-ppc64le_bin.tar.gz,linux,ppc64,jdk,137
2026-09-08T00:24:05+00:00,sapmachine-21.0.12+3,328419676,True,sapmachine-jre-21.0.12-ea.3_linux-ppc64le_bin.tar.gz,linux,ppc64,jre,136
2026-09-08T00:24:05+00:00,sapmachine-21.0.12+3,328419676,True,sapmachine-jdk-21.0.12-ea.3_linux-ppc64le_bin-symbols.tar.gz,linux,ppc64,jdk,2
2026-09-08T00:24:05+00:00,sapmachine-21.0.12+3,328419676,True,sapmachine-jdk-21.0.12-ea.3_macos-x64_bin.tar.gz,macos,x64,jdk,137
2026-09-08T00:24:05+00:00,sapmachine-21.0.12+3,328419676,True,sapmachine-jre-21.0.12-ea.3_macos-x64_bin.tar.gz,macos,x64,jre,134
2026-09-08T00:24:05+00:00,sapmachine-21.0.12+3,328419676,True,sapmachine-jdk-21.0.12-ea.3_macos-x64_bin-symbols.tar.gz,macos,x64,jdk,2
2026-09-08T00:24:05+00:00,sapmachine-21.0.12+3,328419676,True,sapmachine-jdk-21.0.12-ea.3_macos-x64_bin.dmg,macos,x64,jdk,136
2026-09-08T00:24:05+00:00,sapmachine-21.0.12+3,328419676,True,sapmachine-jre-21.0.12-ea.3_macos-x64_bin.dmg,macos,x64,jre,137
2026-09-08T00:24:05+00:00,sapmachine-21.0.12+3,328419676,True,sapmachine-jdk-21.0.12-ea.3_linux-aarch64_bin.tar.gz,linux,aarch64,jdk,138
2026-09-08T00:24:05+00:00,sapmachine-21.0.12+3,328419676,True,sapmachine-jre-21.0.12-ea.3_linux-aarch64_bin.tar.gz,linux,aarch64,jre,136
2026-09-08T00:24:05+00:00,sapmachine-21.0.12+3,328419676,True,sapmachine-jdk-21.0.12-ea.3_linux-aarch64_bin-symbols.tar.gz,linux,aarch64,jdk,2
2026-09-08T00:24:05+00:00,sapmachine-21.0.12+3,328419676,True,sapmachine-jdk-21.0.12-ea.3_linux-x64_bin.tar.gz,linux,x64,jdk,266
2026-09-08T00:24:05+00:00,sapmachine-21.0.12+3,328419676,True,sapmachine-jre-21.0.12-ea.3_linux-x64_bin.tar.gz,linux,x64,jre,135
2026-09-08T00:24:05+00:00,sapmachine-21.0.12+3,328419676,True,sapmachine-jdk-21.0.12-ea.3_linux-x64_bin-symbols.tar.gz,linux,x64,jdk,2
2026-09-08T00:24:05+00:00,sapmachine-21.0.12+3,328419676,True,sapmachine-jdk-21.0.12-ea.3_windows-x64_bin.zip,windows,x64,jdk,253
2026-09-08T00:24:05+00:00,sapmachine-21.0.12+3,328419676,True,sapmachine-jre-21.0.12-ea.3_windows-x64_bin.zip,windows,x64,jre,140
2026-09-08T00:24:05+00:00,sapmachine-21.0.12+3,328419676,True,sapmachine-jdk-21.0.12-ea.3_windows-x64_bin-symbols.tar.gz,windows,x64,jdk,2
2026-09-08T00:24:05+00:00,sapmachine-27+23,328419594,True,sapmachine-jdk-27-ea.23_linux-x64-musl_bin.tar.gz,alpine,x64,jdk,136
2026-09-08T00:24:05+00:00,sapmachine-27+23,328419594,True,sapmachine-jre-27-ea.23_linux-x64-musl_bin.tar.gz,alpine,x64,jre,139
2026-09-08T00:24:05+00:00,sapmachine-27+23,328419594,True,sapmachine-jdk-27-ea.23_linux-x64-musl_bin-symbols.tar.gz,alpine,x64,jdk,5
2026-09-08T00:24:05+00:00,sapmachine-27+23,328419594,True,sapmachine-jdk-27-ea.23_linux-x64_bin.tar.gz,linux,x64,jdk,139
2026-09-08T00:24:05+00:00,sapmachine-27+23,328419594,True,sapmachine-jre-27-ea.23_linux-x64_bin.tar.gz,linux,x64,jre,137
2026-09-08T00:24:05+00:00,sapmachine-27+23,328419594,True,sapmachine-jdk-27-ea.23_linux-x64_bin-symbols.tar.gz,linux,x64,jdk,3
2026-09-08T00:24:05+00:00,sapmachine-27+23,328419594,True,sapmachine-jdk-27-ea.23_linux-ppc64le_bin.tar.gz,linux,ppc64,jdk,138
2026-09-08T00:24:05+00:00,sapmachine-27+23,328419594,True,sapmachine-jre-27-ea.23_linux-ppc64le_bin.tar.gz,linux,ppc64,jre,138
2026-09-08T00:24:05+00:00,sapmachine-27+23,328419594,True,sapmachine-jdk-27-ea.23_linux-ppc64le_bin-symbols.tar.gz,linux,ppc64,jdk,3
2026-09-08T00:24:05+00:00,sapmachine-27+23,328419594,True,sapmachine-jdk-27-ea.23_linux-aarch64_bin.tar.gz,linux,aarch64,jdk,142
2026-09-08T00:24:05+00:00,sapmachine-27+23,328419594,True,sapmachine-jre-27-ea.23_linux-aarch64_bin.tar.gz,linux,aarch64,jre,137
2026-09-08T00:24:05+00:00,sapmachine-27+23,328419594,True,sapmachine-jdk-27-ea.23_linux-aarch64_bin-symbols.tar.gz,linux,aarch64,jdk,3
2026-09-08T00:24:05+00:00,sapmachine-27+23,328419594,True,sapmachine-jdk-27-ea.23_aix-ppc64_bin.tar.gz,aix,ppc64,jdk,134
2026-09-08T00:24:05+00:00,sapmachine-27+23,328419594,True,sapmachine-jre-27-ea.23_aix-ppc64_bin.tar.gz,aix,ppc64,jre,142
2026-09-08T00:24:05+00:00,sapmachine-27+23,328419594,True,sapmachine-jdk-27-ea.23_aix-ppc64_bin-symbols.tar.gz,aix,ppc64,jdk,3
2026-09-08T00:24:05+00:00,sapmachine-27+23,328419594,True,sapmachine-jdk-27-ea.23_macos-aarch64_bin.tar.gz,macos,aarch64,jdk,141
2026-09-08T00:24:05+00:00,sapmachine-27+23,328419594,True,sapmachine-jre-27-ea.23_macos-aarch64_bin.tar.gz,macos,aarch64,jre,143
2026-09-08T00:24:05+00:00,sapmachine-27+23,328419594,True,sapmachine-jdk-27-ea.23_macos-aarch64_bin-symbols.tar.gz,macos,aarch64,jdk,3
2026-09-08T00:24:05+00:00,sapmachine-27+23,328419594,True,sapmachine-jdk-27-ea.23_macos-aarch64_bin.dmg,macos,aarch64,jdk,139
2026-09-08T00:24:05+00:00,sapmachine-27+23,328419594,True,sapmachine-jre-27-ea.23_macos-aarch64_bin.dmg,macos,aarch64,jre,133
2026-09-08T00:24:05+00:00,sapmachine-27+23,328419594,True,sapmachine-jdk-27-ea.23_windows-x64_bin.zip,windows,x64,jdk,138
2026-09-08T00:24:05+00:00,sapmachine-27+23,328419594,True,sapmachine-jre-27-ea.23_windows-x64_bin.zip,windows,x64,jre,148
2026-09-08T00:24:05+00:00,sapmachine-27+23,328419594,True,sapmachine-jdk-27-ea.23_windows-x64_bin-symbols.tar.gz,windows,x64,jdk,3
2026-09-08T00:24:05+00:00,sapmachine-25.0.4+2,327490497,True,sapmachine-jdk-25.0.4-ea.2_linux-x64-musl_bin.tar.gz,alpine,x64,jdk,138
2026-09-08T00:24:05+00:00,sapmachine-25.0.4+2,327490497,True,sapmachine-jre-25.0.4-ea.2_linux-x64-musl_bin.tar.gz,alpine,x64,jre,136
2026-09-08T00:24:05+00:00,sapmachine-25.0.4+2,327490497,True,sapmachine-jdk-25.0.4-ea.2_linux-x64-musl_bin-symbols.tar.gz,alpine,x64,jdk,3
2026-09-08T00:24:05+00:00,sapmachine-25.0.4+2,327490497,True,sapmachine-jdk-25.0.4-ea.2_linux-x64_bin.tar.gz,linux,x64,jdk,156
2026-09-08T00:24:05+00:00,sapmachine-25.0.4+2,327490497,True,sapmachine-jre-25.0.4-ea.2_linux-x64_bin.tar.gz,linux,x64,jre,139
2026-09-08T00:24:05+00:00,sapmachine-25.0.4+2,327490497,True,sapmachine-jdk-25.0.4-ea.2_linux-x64_bin-symbols.tar.gz,linux,x64,jdk,2
2026-09-08T00:24:05+00:00,sapmachine-25.0.4+2,327490497,True,sapmachine-jdk-25.0.4-ea.2_macos-aarch64_bin.tar.gz,macos,aarch64,jdk,150
2026-09-08T00:24:05+00:00,sapmachine-25.0.4+2,327490497,True,sapmachine-jre-25.0.4-ea.2_macos-aarch64_bin.tar.gz,macos,aarch64,jre,138
2026-09-08T00:24:05+00:00,sapmachine-25.0.4+2,327490497,True,sapmachine-jdk-25.0.4-ea.2_macos-aarch64_bin-symbols.tar.gz,macos,aarch64,jdk,2
2026-09-08T00:24:05+00:00,sapmachine-25.0.4+2,327490497,True,sapmachine-jdk-25.0.4-ea.2_macos-aarch64_bin.dmg,macos,aarch64,jdk,138
2026-09-08T00:24:05+00:00,sapmachine-25.0.4+2,327490497,True,sapmachine-jre-25.0.4-ea.2_macos-aarch64_bin.dmg,macos,aarch64,jre,138
2026-09-08T00:24:05+00:00,sapmachine-25.0.4+2,327490497,True,sapmachine-jdk-25.0.4-ea.2_linux-ppc64le_bin.tar.gz,linux,ppc64,jdk,141
2026-09-08T00:24:05+00:00,sapmachine-25.0.4+2,327490497,True,sapmachine-jre-25.0.4-ea.2_linux-ppc64le_bin.tar.gz,linux,ppc64,jre,145
2026-09-08T00:24:05+00:00,sapmachine-25.0.4+2,327490497,True,sapmachine-jdk-25.0.4-ea.2_linux-ppc64le_bin-symbols.tar.gz,linux,ppc64,jdk,2
2026-09-08T00:24:05+00:00,sapmachine-25.0.4+2,327490497,True,sapmachine-jdk-25.0.4-ea.2_linux-aarch64_bin.tar.gz,linux,aarch64,jdk,146
2026-09-08T00:24:05+00:00,sapmachine-25.0.4+2,327490497,True,sapmachine-jre-25.0.4-ea.2_linux-aarch64_bin.tar.gz,linux,aarch64,jre,143
2026-09-08T00:24:05+00:00,sapmachine-25.0.4+2,327490497,True,sapmachine-jdk-25.0.4-ea.2_linux-aarch64_bin-symbols.tar.gz,linux,aarch64,jdk,2
2026-09-08T00:24:05+00:00,sapmachine-25.0.4+2,327490497,True,sapmachine-jdk-25.0.4-ea.2_windows-x64_bin.zip,windows,x64,jdk,142
2026-09-08T00:24:05+00:00,sapmachine-25.0.4+2,327490497,True,sapmachine-jre-25.0.4-ea.2_windows-x64_bin.zip,windows,x64,jre,138
2026-09-08T00:24:05+00:00,sapmachine-25.0.4+2,327490497,True,sapmachine-jdk-25.0.4-ea.2_windows-x64_bin-symbols.tar.gz,windows,x64,jdk,2
2026-09-08T00:24:05+00:00,sapmachine-25.0.4+2,327490497,True,sapmachine-jdk-25.0.4-ea.2_aix-ppc64_bin.tar.gz,aix,ppc64,jdk,139
2026-09-08T00:24:05+00:00,sapmachine-25.0.4+2,327490497,True,sapmachine-jre-25.0.4-ea.2_aix-ppc64_bin.tar.gz,aix,ppc64,jre,144
2026-09-08T00:24:05+00:00,sapmachine-25.0.4+2,327490497,True,sapmachine-jdk-25.0.4-ea.2_aix-ppc64_bin-symbols.tar.gz,aix,ppc64,jdk,2
2026-09-08T00:24:05+00:00,sapmachine-17.0.20+2,326368701,True,sapmachine-jdk-17.0.20-ea.2_linux-x64-musl_bin.tar.gz,alpine,x64,jdk,152
2026-09-08T00:24:05+00:00,sapmachine-17.0.20+2,326368701,True,sapmachine-jre-17.0.20-ea.2_linux-x64-musl_bin.tar.gz,alpine,x64,jre,151
2026-09-08T00:24:05+00:00,sapmachine-17.0.20+2,326368701,True,sapmachine-jdk-17.0.20-ea.2_linux-x64-musl_bin-symbols.tar.gz,alpine,x64,jdk,4
2026-09-08T00:24:05+00:00,sapmachine-17.0.20+2,326368701,True,sapmachine-jdk-17.0.20-ea.2_macos-aarch64_bin.tar.gz,macos,aarch64,jdk,362
2026-09-08T00:24:05+00:00,sapmachine-17.0.20+2,326368701,True,sapmachine-jre-17.0.20-ea.2_macos-aarch64_bin.tar.gz,macos,aarch64,jre,156
2026-09-08T00:24:05+00:00,sapmachine-17.0.20+2,326368701,True,sapmachine-jdk-17.0.20-ea.2_macos-aarch64_bin-symbols.tar.gz,macos,aarch64,jdk,4
2026-09-08T00:24:05+00:00,sapmachine-17.0.20+2,326368701,True,sapmachine-jdk-17.0.20-ea.2_macos-aarch64_bin.dmg,macos,aarch64,jdk,158
2026-09-08T00:24:05+00:00,sapmachine-17.0.20+2,326368701,True,sapmachine-jre-17.0.20-ea.2_macos-aarch64_bin.dmg,macos,aarch64,jre,162
2026-09-08T00:24:05+00:00,sapmachine-17.0.20+2,326368701,True,sapmachine-jdk-17.0.20-ea.2_linux-x64_bin.tar.gz,linux,x64,jdk,169
2026-09-08T00:24:05+00:00,sapmachine-17.0.20+2,326368701,True,sapmachine-jre-17.0.20-ea.2_linux-x64_bin.tar.gz,linux,x64,jre,153
2026-09-08T00:24:05+00:00,sapmachine-17.0.20+2,326368701,True,sapmachine-jdk-17.0.20-ea.2_linux-x64_bin-symbols.tar.gz,linux,x64,jdk,2
2026-09-08T00:24:05+00:00,sapmachine-17.0.20+2,326368701,True,sapmachine-jdk-17.0.20-ea.2_linux-ppc64le_bin.tar.gz,linux,ppc64,jdk,153
2026-09-08T00:24:05+00:00,sapmachine-17.0.20+2,326368701,True,sapmachine-jre-17.0.20-ea.2_linux-ppc64le_bin.tar.gz,linux,ppc64,jre,152
2026-09-08T00:24:05+00:00,sapmachine-17.0.20+2,326368701,True,sapmachine-jdk-17.0.20-ea.2_linux-ppc64le_bin-symbols.tar.gz,linux,ppc64,jdk,2
2026-09-08T00:24:05+00:00,sapmachine-17.0.20+2,326368701,True,sapmachine-jdk-17.0.20-ea.2_macos-x64_bin.tar.gz,macos,x64,jdk,165
2026-09-08T00:24:05+00:00,sapmachine-17.0.20+2,326368701,True,sapmachine-jre-17.0.20-ea.2_macos-x64_bin.tar.gz,macos,x64,jre,154
2026-09-08T00:24:05+00:00,sapmachine-17.0.20+2,326368701,True,sapmachine-jdk-17.0.20-ea.2_macos-x64_bin-symbols.tar.gz,macos,x64,jdk,4
2026-09-08T00:24:05+00:00,sapmachine-17.0.20+2,326368701,True,sapmachine-jdk-17.0.20-ea.2_macos-x64_bin.dmg,macos,x64,jdk,154
2026-09-08T00:24:05+00:00,sapmachine-17.0.20+2,326368701,True,sapmachine-jre-17.0.20-ea.2_macos-x64_bin.dmg,macos,x64,jre,167
2026-09-08T00:24:05+00:00,sapmachine-17.0.20+2,326368701,True,sapmachine-jdk-17.0.20-ea.2_linux-aarch64_bin.tar.gz,linux,aarch64,jdk,154
2026-09-08T00:24:05+00:00,sapmachine-17.0.20+2,326368701,True,sapmachine-jre-17.0.20-ea.2_linux-aarch64_bin.tar.gz,linux,aarch64,jre,152
2026-09-08T00:24:05+00:00,sapmachine-17.0.20+2,326368701,True,sapmachine-jdk-17.0.20-ea.2_linux-aarch64_bin-symbols.tar.gz,linux,aarch64,jdk,2
2026-09-08T00:24:05+00:00,sapmachine-17.0.20+2,326368701,True,sapmachine-jdk-17.0.20-ea.2_windows-x64_bin.zip,windows,x64,jdk,154
2026-09-08T00:24:05+00:00,sapmachine-17.0.20+2,326368701,True,sapmachine-jre-17.0.20-ea.2_windows-x64_bin.zip,windows,x64,jre,151
2026-09-08T00:24:05+00:00,sapmachine-17.0.20+2,326368701,True,sapmachine-jdk-17.0.20-ea.2_windows-x64_bin-symbols.tar.gz,windows,x64,jdk,3
2026-09-08T00:24:05+00:00,sapmachine-27+22,326368129,True,sapmachine-jdk-27-ea.22_linux-x64-musl_bin.tar.gz,alpine,x64,jdk,151
2026-09-08T00:24:05+00:00,sapmachine-27+22,326368129,True,sapmachine-jre-27-ea.22_linux-x64-musl_bin.tar.gz,alpine,x64,jre,151
2026-09-08T00:24:05+00:00,sapmachine-27+22,326368129,True,sapmachine-jdk-27-ea.22_linux-x64-musl_bin-symbols.tar.gz,alpine,x64,jdk,4
2026-09-08T00:24:05+00:00,sapmachine-27+22,326368129,True,sapmachine-jdk-27-ea.22_linux-x64_bin.tar.gz,linux,x64,jdk,154
2026-09-08T00:24:05+00:00,sapmachine-27+22,326368129,True,sapmachine-jre-27-ea.22_linux-x64_bin.tar.gz,linux,x64,jre,153
2026-09-08T00:24:05+00:00,sapmachine-27+22,326368129,True,sapmachine-jdk-27-ea.22_linux-x64_bin-symbols.tar.gz,linux,x64,jdk,3
2026-09-08T00:24:05+00:00,sapmachine-27+22,326368129,True,sapmachine-jdk-27-ea.22_macos-aarch64_bin.tar.gz,macos,aarch64,jdk,159
2026-09-08T00:24:05+00:00,sapmachine-27+22,326368129,True,sapmachine-jre-27-ea.22_macos-aarch64_bin.tar.gz,macos,aarch64,jre,156
2026-09-08T00:24:05+00:00,sapmachine-27+22,326368129,True,sapmachine-jdk-27-ea.22_macos-aarch64_bin-symbols.tar.gz,macos,aarch64,jdk,5
2026-09-08T00:24:05+00:00,sapmachine-27+22,326368129,True,sapmachine-jdk-27-ea.22_macos-aarch64_bin.dmg,macos,aarch64,jdk,161
2026-09-08T00:24:05+00:00,sapmachine-27+22,326368129,True,sapmachine-jre-27-ea.22_macos-aarch64_bin.dmg,macos,aarch64,jre,156
2026-09-08T00:24:05+00:00,sapmachine-27+22,326368129,True,sapmachine-jdk-27-ea.22_linux-aarch64_bin.tar.gz,linux,aarch64,jdk,153
2026-09-08T00:24:05+00:00,sapmachine-27+22,326368129,True,sapmachine-jre-27-ea.22_linux-aarch64_bin.tar.gz,linux,aarch64,jre,153
2026-09-08T00:24:05+00:00,sapmachine-27+22,326368129,True,sapmachine-jdk-27-ea.22_linux-aarch64_bin-symbols.tar.gz,linux,aarch64,jdk,3
2026-09-08T00:24:05+00:00,sapmachine-27+22,326368129,True,sapmachine-jdk-27-ea.22_linux-ppc64le_bin.tar.gz,linux,ppc64,jdk,153
2026-09-08T00:24:05+00:00,sapmachine-27+22,326368129,True,sapmachine-jre-27-ea.22_linux-ppc64le_bin.tar.gz,linux,ppc64,jre,153
2026-09-08T00:24:05+00:00,sapmachine-27+22,326368129,True,sapmachine-jdk-27-ea.22_linux-ppc64le_bin-symbols.tar.gz,linux,ppc64,jdk,3
2026-09-08T00:24:05+00:00,sapmachine-27+22,326368129,True,sapmachine-jdk-27-ea.22_aix-ppc64_bin.tar.gz,aix,ppc64,jdk,154
2026-09-08T00:24:05+00:00,sapmachine-27+22,326368129,True,sapmachine-jre-27-ea.22_aix-ppc64_bin.tar.gz,aix,ppc64,jre,151
2026-09-08T00:24:05+00:00,sapmachine-27+22,326368129,True,sapmachine-jdk-27-ea.22_aix-ppc64_bin-symbols.tar.gz,aix,ppc64,jdk,5
2026-09-08T00:24:05+00:00,sapmachine-27+22,326368129,True,sapmachine-jdk-27-ea.22_windows-x64_bin.zip,windows,x64,jdk,141
2026-09-08T00:24:05+00:00,sapmachine-27+22,326368129,True,sapmachine-jre-27-ea.22_windows-x64_bin.zip,windows,x64,jre,142
2026-09-08T00:24:05+00:00,sapmachine-27+22,326368129,True,sapmachine-jdk-27-ea.22_windows-x64_bin-symbols.tar.gz,windows,x64,jdk,3
2026-09-08T00:24:05+00:00,sapmachine-21.0.12+2,325722095,True,sapmachine-jdk-21.0.12-ea.2_linux-x64-musl_bin.tar.gz,alpine,x64,jdk,154
2026-09-08T00:24:05+00:00,sapmachine-21.0.12+2,325722095,True,sapmachine-jre-21.0.12-ea.2_linux-x64-musl_bin.tar.gz,alpine,x64,jre,154
2026-09-08T00:24:05+00:00,sapmachine-21.0.12+2,325722095,True,sapmachine-jdk-21.0.12-ea.2_linux-x64-musl_bin-symbols.tar.gz,alpine,x64,jdk,3
2026-09-08T00:24:05+00:00,sapmachine-21.0.12+2,325722095,True,sapmachine-jdk-21.0.12-ea.2_linux-x64_bin.tar.gz,linux,x64,jdk,176
2026-09-08T00:24:05+00:00,sapmachine-21.0.12+2,325722095,True,sapmachine-jre-21.0.12-ea.2_linux-x64_bin.tar.gz,linux,x64,jre,156
2026-09-08T00:24:05+00:00,sapmachine-21.0.12+2,325722095,True,sapmachine-jdk-21.0.12-ea.2_linux-x64_bin-symbols.tar.gz,linux,x64,jdk,2
2026-09-08T00:24:05+00:00,sapmachine-21.0.12+2,325722095,True,sapmachine-jdk-21.0.12-ea.2_aix-ppc64_bin.tar.gz,aix,ppc64,jdk,154
2026-09-08T00:24:05+00:00,sapmachine-21.0.12+2,325722095,True,sapmachine-jre-21.0.12-ea.2_aix-ppc64_bin.tar.gz,aix,ppc64,jre,153
2026-09-08T00:24:05+00:00,sapmachine-21.0.12+2,325722095,True,sapmachine-jdk-21.0.12-ea.2_aix-ppc64_bin-symbols.tar.gz,aix,ppc64,jdk,2
2026-09-08T00:24:05+00:00,sapmachine-21.0.12+2,325722095,True,sapmachine-jdk-21.0.12-ea.2_macos-aarch64_bin.tar.gz,macos,aarch64,jdk,238
2026-09-08T00:24:05+00:00,sapmachine-21.0.12+2,325722095,True,sapmachine-jre-21.0.12-ea.2_macos-aarch64_bin.tar.gz,macos,aarch64,jre,161
2026-09-08T00:24:05+00:00,sapmachine-21.0.12+2,325722095,True,sapmachine-jdk-21.0.12-ea.2_macos-aarch64_bin-symbols.tar.gz,macos,aarch64,jdk,3
2026-09-08T00:24:05+00:00,sapmachine-21.0.12+2,325722095,True,sapmachine-jdk-21.0.12-ea.2_macos-aarch64_bin.dmg,macos,aarch64,jdk,154
2026-09-08T00:24:05+00:00,sapmachine-21.0.12+2,325722095,True,sapmachine-jre-21.0.12-ea.2_macos-aarch64_bin.dmg,macos,aarch64,jre,156
2026-09-08T00:24:05+00:00,sapmachine-21.0.12+2,325722095,True,sapmachine-jdk-21.0.12-ea.2_linux-ppc64le_bin.tar.gz,linux,ppc64,jdk,156
2026-09-08T00:24:05+00:00,sapmachine-21.0.12+2,325722095,True,sapmachine-jre-21.0.12-ea.2_linux-ppc64le_bin.tar.gz,linux,ppc64,jre,156
2026-09-08T00:24:05+00:00,sapmachine-21.0.12+2,325722095,True,sapmachine-jdk-21.0.12-ea.2_linux-ppc64le_bin-symbols.tar.gz,linux,ppc64,jdk,2
2026-09-08T00:24:05+00:00,sapmachine-21.0.12+2,325722095,True,sapmachine-jdk-21.0.12-ea.2_linux-aarch64_bin.tar.gz,linux,aarch64,jdk,156
2026-09-08T00:24:05+00:00,sapmachine-21.0.12+2,325722095,True,sapmachine-jre-21.0.12-ea.2_linux-aarch64_bin.tar.gz,linux,aarch64,jre,156
2026-09-08T00:24:05+00:00,sapmachine-21.0.12+2,325722095,True,sapmachine-jdk-21.0.12-ea.2_linux-aarch64_bin-symbols.tar.gz,linux,aarch64,jdk,2
2026-09-08T00:24:05+00:00,sapmachine-21.0.12+2,325722095,True,sapmachine-jdk-21.0.12-ea.2_windows-x64_bin.zip,windows,x64,jdk,157
2026-09-08T00:24:05+00:00,sapmachine-21.0.12+2,325722095,True,sapmachine-jre-21.0.12-ea.2_windows-x64_bin.zip,windows,x64,jre,157
2026-09-08T00:24:05+00:00,sapmachine-21.0.12+2,325722095,True,sapmachine-jdk-21.0.12-ea.2_windows-x64_bin-symbols.tar.gz,windows,x64,jdk,2
2026-09-08T00:24:05+00:00,sapmachine-21.0.12+2,325722095,True,sapmachine-jdk-21.0.12-ea.2_macos-x64_bin.tar.gz,macos,x64,jdk,155
2026-09-08T00:24:05+00:00,sapmachine-21.0.12+2,325722095,True,sapmachine-jre-21.0.12-ea.2_macos-x64_bin.tar.gz,macos,x64,jre,154
2026-09-08T00:24:05+00:00,sapmachine-21.0.12+2,325722095,True,sapmachine-jdk-21.0.12-ea.2_macos-x64_bin-symbols.tar.gz,macos,x64,jdk,3
2026-09-08T00:24:05+00:00,sapmachine-21.0.12+2,325722095,True,sapmachine-jdk-21.0.12-ea.2_macos-x64_bin.dmg,macos,x64,jdk,153
2026-09-08T00:24:05+00:00,sapmachine-21.0.12+2,325722095,True,sapmachine-jre-21.0.12-ea.2_macos-x64_bin.dmg,macos,x64,jre,155
2026-09-08T00:24:05+00:00,sapmachine-17.0.20+1,322274859,True,sapmachine-jdk-17.0.20-ea.1_linux-x64-musl_bin.tar.gz,alpine,x64,jdk,156
2026-09-08T00:24:05+00:00,sapmachine-17.0.20+1,322274859,True,sapmachine-jre-17.0.20-ea.1_linux-x64-musl_bin.tar.gz,alpine,x64,jre,154
2026-09-08T00:24:05+00:00,sapmachine-17.0.20+1,322274859,True,sapmachine-jdk-17.0.20-ea.1_linux-x64-musl_bin-symbols.tar.gz,alpine,x64,jdk,3
2026-09-08T00:24:05+00:00,sapmachine-17.0.20+1,322274859,True,sapmachine-jdk-17.0.20-ea.1_linux-x64_bin.tar.gz,linux,x64,jdk,276
2026-09-08T00:24:05+00:00,sapmachine-17.0.20+1,322274859,True,sapmachine-jre-17.0.20-ea.1_linux-x64_bin.tar.gz,linux,x64,jre,157
2026-09-08T00:24:05+00:00,sapmachine-17.0.20+1,322274859,True,sapmachine-jdk-17.0.20-ea.1_linux-x64_bin-symbols.tar.gz,linux,x64,jdk,3
2026-09-08T00:24:05+00:00,sapmachine-17.0.20+1,322274859,True,sapmachine-jdk-17.0.20-ea.1_linux-ppc64le_bin.tar.gz,linux,ppc64,jdk,156
2026-09-08T00:24:05+00:00,sapmachine-17.0.20+1,322274859,True,sapmachine-jre-17.0.20-ea.1_linux-ppc64le_bin.tar.gz,linux,ppc64,jre,155
2026-09-08T00:24:05+00:00,sapmachine-17.0.20+1,322274859,True,sapmachine-jdk-17.0.20-ea.1_linux-ppc64le_bin-symbols.tar.gz,linux,ppc64,jdk,2
2026-09-08T00:24:05+00:00,sapmachine-17.0.20+1,322274859,True,sapmachine-jdk-17.0.20-ea.1_macos-x64_bin.tar.gz,macos,x64,jdk,156
2026-09-08T00:24:05+00:00,sapmachine-17.0.20+1,322274859,True,sapmachine-jre-17.0.20-ea.1_macos-x64_bin.tar.gz,macos,x64,jre,154
2026-09-08T00:24:05+00:00,sapmachine-17.0.20+1,322274859,True,sapmachine-jdk-17.0.20-ea.1_macos-x64_bin-symbols.tar.gz,macos,x64,jdk,3
2026-09-08T00:24:05+00:00,sapmachine-17.0.20+1,322274859,True,sapmachine-jdk-17.0.20-ea.1_macos-x64_bin.dmg,macos,x64,jdk,158
2026-09-08T00:24:05+00:00,sapmachine-17.0.20+1,322274859,True,sapmachine-jre-17.0.20-ea.1_macos-x64_bin.dmg,macos,x64,jre,153
2026-09-08T00:24:05+00:00,sapmachine-17.0.20+1,322274859,True,sapmachine-jdk-17.0.20-ea.1_windows-x64_bin.zip,windows,x64,jdk,264
2026-09-08T00:24:05+00:00,sapmachine-17.0.20+1,322274859,True,sapmachine-jre-17.0.20-ea.1_windows-x64_bin.zip,windows,x64,jre,157
2026-09-08T00:24:05+00:00,sapmachine-17.0.20+1,322274859,True,sapmachine-jdk-17.0.20-ea.1_windows-x64_bin-symbols.tar.gz,windows,x64,jdk,2
2026-09-08T00:24:05+00:00,sapmachine-17.0.20+1,322274859,True,sapmachine-jdk-17.0.20-ea.1_linux-aarch64_bin.tar.gz,linux,aarch64,jdk,157
2026-09-08T00:24:05+00:00,sapmachine-17.0.20+1,322274859,True,sapmachine-jre-17.0.20-ea.1_linux-aarch64_bin.tar.gz,linux,aarch64,jre,155
2026-09-08T00:24:05+00:00,sapmachine-17.0.20+1,322274859,True,sapmachine-jdk-17.0.20-ea.1_linux-aarch64_bin-symbols.tar.gz,linux,aarch64,jdk,3
2026-09-08T00:24:05+00:00,sapmachine-17.0.20+1,322274859,True,sapmachine-jdk-17.0.20-ea.1_macos-aarch64_bin.tar.gz,macos,aarch64,jdk,472
2026-09-08T00:24:05+00:00,sapmachine-17.0.20+1,322274859,True,sapmachine-jre-17.0.20-ea.1_macos-aarch64_bin.tar.gz,macos,aarch64,jre,149
2026-09-08T00:24:05+00:00,sapmachine-17.0.20+1,322274859,True,sapmachine-jdk-17.0.20-ea.1_macos-aarch64_bin-symbols.tar.gz,macos,aarch64,jdk,4
2026-09-08T00:24:05+00:00,sapmachine-17.0.20+1,322274859,True,sapmachine-jdk-17.0.20-ea.1_macos-aarch64_bin.dmg,macos,aarch64,jdk,150
2026-09-08T00:24:05+00:00,sapmachine-17.0.20+1,322274859,True,sapmachine-jre-17.0.20-ea.1_macos-aarch64_bin.dmg,macos,aarch64,jre,146
2026-09-08T00:24:05+00:00,sapmachine-21.0.12+1,322269115,True,sapmachine-jdk-21.0.12-ea.1_linux-x64-musl_bin.tar.gz,alpine,x64,jdk,155
2026-09-08T00:24:05+00:00,sapmachine-21.0.12+1,322269115,True,sapmachine-jre-21.0.12-ea.1_linux-x64-musl_bin.tar.gz,alpine,x64,jre,155
2026-09-08T00:24:05+00:00,sapmachine-21.0.12+1,322269115,True,sapmachine-jdk-21.0.12-ea.1_linux-x64-musl_bin-symbols.tar.gz,alpine,x64,jdk,3
2026-09-08T00:24:05+00:00,sapmachine-21.0.12+1,322269115,True,sapmachine-jdk-21.0.12-ea.1_linux-x64_bin.tar.gz,linux,x64,jdk,1050
2026-09-08T00:24:05+00:00,sapmachine-21.0.12+1,322269115,True,sapmachine-jre-21.0.12-ea.1_linux-x64_bin.tar.gz,linux,x64,jre,157
2026-09-08T00:24:05+00:00,sapmachine-21.0.12+1,322269115,True,sapmachine-jdk-21.0.12-ea.1_linux-x64_bin-symbols.tar.gz,linux,x64,jdk,2
2026-09-08T00:24:05+00:00,sapmachine-21.0.12+1,322269115,True,sapmachine-jdk-21.0.12-ea.1_aix-ppc64_bin.tar.gz,aix,ppc64,jdk,154
2026-09-08T00:24:05+00:00,sapmachine-21.0.12+1,322269115,True,sapmachine-jre-21.0.12-ea.1_aix-ppc64_bin.tar.gz,aix,ppc64,jre,154
2026-09-08T00:24:05+00:00,sapmachine-21.0.12+1,322269115,True,sapmachine-jdk-21.0.12-ea.1_aix-ppc64_bin-symbols.tar.gz,aix,ppc64,jdk,2
2026-09-08T00:24:05+00:00,sapmachine-21.0.12+1,322269115,True,sapmachine-jdk-21.0.12-ea.1_macos-x64_bin.tar.gz,macos,x64,jdk,156
2026-09-08T00:24:05+00:00,sapmachine-21.0.12+1,322269115,True,sapmachine-jre-21.0.12-ea.1_macos-x64_bin.tar.gz,macos,x64,jre,154
2026-09-08T00:24:05+00:00,sapmachine-21.0.12+1,322269115,True,sapmachine-jdk-21.0.12-ea.1_macos-x64_bin-symbols.tar.gz,macos,x64,jdk,3
2026-09-08T00:24:05+00:00,sapmachine-21.0.12+1,322269115,True,sapmachine-jdk-21.0.12-ea.1_macos-x64_bin.dmg,macos,x64,jdk,153
2026-09-08T00:24:05+00:00,sapmachine-21.0.12+1,322269115,True,sapmachine-jre-21.0.12-ea.1_macos-x64_bin.dmg,macos,x64,jre,154
2026-09-08T00:24:05+00:00,sapmachine-21.0.12+1,322269115,True,sapmachine-jdk-21.0.12-ea.1_linux-ppc64le_bin.tar.gz,linux,ppc64,jdk,155
2026-09-08T00:24:05+00:00,sapmachine-21.0.12+1,322269115,True,sapmachine-jre-21.0.12-ea.1_linux-ppc64le_bin.tar.gz,linux,ppc64,jre,155
2026-09-08T00:24:05+00:00,sapmachine-21.0.12+1,322269115,True,sapmachine-jdk-21.0.12-ea.1_linux-ppc64le_bin-symbols.tar.gz,linux,ppc64,jdk,2
2026-09-08T00:24:05+00:00,sapmachine-21.0.12+1,322269115,True,sapmachine-jdk-21.0.12-ea.1_windows-x64_bin.zip,windows,x64,jdk,268
2026-09-08T00:24:05+00:00,sapmachine-21.0.12+1,322269115,True,sapmachine-jre-21.0.12-ea.1_windows-x64_bin.zip,windows,x64,jre,155
2026-09-08T00:24:05+00:00,sapmachine-21.0.12+1,322269115,True,sapmachine-jdk-21.0.12-ea.1_windows-x64_bin-symbols.tar.gz,windows,x64,jdk,2
2026-09-08T00:24:05+00:00,sapmachine-21.0.12+1,322269115,True,sapmachine-jdk-21.0.12-ea.1_linux-aarch64_bin.tar.gz,linux,aarch64,jdk,156
2026-09-08T00:24:05+00:00,sapmachine-21.0.12+1,322269115,True,sapmachine-jre-21.0.12-ea.1_linux-aarch64_bin.tar.gz,linux,aarch64,jre,155
2026-09-08T00:24:05+00:00,sapmachine-21.0.12+1,322269115,True,sapmachine-jdk-21.0.12-ea.1_linux-aarch64_bin-symbols.tar.gz,linux,aarch64,jdk,2
2026-09-08T00:24:05+00:00,sapmachine-21.0.12+1,322269115,True,sapmachine-jdk-21.0.12-ea.1_macos-aarch64_bin.tar.gz,macos,aarch64,jdk,287
2026-09-08T00:24:05+00:00,sapmachine-21.0.12+1,322269115,True,sapmachine-jre-21.0.12-ea.1_macos-aarch64_bin.tar.gz,macos,aarch64,jre,156
2026-09-08T00:24:05+00:00,sapmachine-21.0.12+1,322269115,True,sapmachine-jdk-21.0.12-ea.1_macos-aarch64_bin-symbols.tar.gz,macos,aarch64,jdk,3
2026-09-08T00:24:05+00:00,sapmachine-21.0.12+1,322269115,True,sapmachine-jdk-21.0.12-ea.1_macos-aarch64_bin.dmg,macos,aarch64,jdk,146
2026-09-08T00:24:05+00:00,sapmachine-21.0.12+1,322269115,True,sapmachine-jre-21.0.12-ea.1_macos-aarch64_bin.dmg,macos,aarch64,jre,148
2026-09-08T00:24:05+00:00,sapmachine-25.0.4+1,322265012,True,sapmachine-jdk-25.0.4-ea.1_linux-x64-musl_bin.tar.gz,alpine,x64,jdk,156
2026-09-08T00:24:05+00:00,sapmachine-25.0.4+1,322265012,True,sapmachine-jre-25.0.4-ea.1_linux-x64-musl_bin.tar.gz,alpine,x64,jre,155
2026-09-08T00:24:05+00:00,sapmachine-25.0.4+1,322265012,True,sapmachine-jdk-25.0.4-ea.1_linux-x64-musl_bin-symbols.tar.gz,alpine,x64,jdk,3
2026-09-08T00:24:05+00:00,sapmachine-25.0.4+1,322265012,True,sapmachine-jdk-25.0.4-ea.1_aix-ppc64_bin.tar.gz,aix,ppc64,jdk,156
2026-09-08T00:24:05+00:00,sapmachine-25.0.4+1,322265012,True,sapmachine-jre-25.0.4-ea.1_aix-ppc64_bin.tar.gz,aix,ppc64,jre,155
2026-09-08T00:24:05+00:00,sapmachine-25.0.4+1,322265012,True,sapmachine-jdk-25.0.4-ea.1_aix-ppc64_bin-symbols.tar.gz,aix,ppc64,jdk,3
2026-09-08T00:24:05+00:00,sapmachine-25.0.4+1,322265012,True,sapmachine-jdk-25.0.4-ea.1_linux-x64_bin.tar.gz,linux,x64,jdk,167
2026-09-08T00:24:05+00:00,sapmachine-25.0.4+1,322265012,True,sapmachine-jre-25.0.4-ea.1_linux-x64_bin.tar.gz,linux,x64,jre,158
2026-09-08T00:24:05+00:00,sapmachine-25.0.4+1,322265012,True,sapmachine-jdk-25.0.4-ea.1_linux-x64_bin-symbols.tar.gz,linux,x64,jdk,2
2026-09-08T00:24:05+00:00,sapmachine-25.0.4+1,322265012,True,sapmachine-jdk-25.0.4-ea.1_linux-ppc64le_bin.tar.gz,linux,ppc64,jdk,157
2026-09-08T00:24:05+00:00,sapmachine-25.0.4+1,322265012,True,sapmachine-jre-25.0.4-ea.1_linux-ppc64le_bin.tar.gz,linux,ppc64,jre,156
2026-09-08T00:24:05+00:00,sapmachine-25.0.4+1,322265012,True,sapmachine-jdk-25.0.4-ea.1_linux-ppc64le_bin-symbols.tar.gz,linux,ppc64,jdk,2
2026-09-08T00:24:05+00:00,sapmachine-25.0.4+1,322265012,True,sapmachine-jdk-25.0.4-ea.1_linux-aarch64_bin.tar.gz,linux,aarch64,jdk,155
2026-09-08T00:24:05+00:00,sapmachine-25.0.4+1,322265012,True,sapmachine-jre-25.0.4-ea.1_linux-aarch64_bin.tar.gz,linux,aarch64,jre,155
2026-09-08T00:24:05+00:00,sapmachine-25.0.4+1,322265012,True,sapmachine-jdk-25.0.4-ea.1_linux-aarch64_bin-symbols.tar.gz,linux,aarch64,jdk,2
2026-09-08T00:24:05+00:00,sapmachine-25.0.4+1,322265012,True,sapmachine-jdk-25.0.4-ea.1_windows-x64_bin.zip,windows,x64,jdk,159
2026-09-08T00:24:05+00:00,sapmachine-25.0.4+1,322265012,True,sapmachine-jre-25.0.4-ea.1_windows-x64_bin.zip,windows,x64,jre,158
2026-09-08T00:24:05+00:00,sapmachine-25.0.4+1,322265012,True,sapmachine-jdk-25.0.4-ea.1_windows-x64_bin-symbols.tar.gz,windows,x64,jdk,3
2026-09-08T00:24:05+00:00,sapmachine-25.0.4+1,322265012,True,sapmachine-jdk-25.0.4-ea.1_macos-aarch64_bin.tar.gz,macos,aarch64,jdk,152
2026-09-08T00:24:05+00:00,sapmachine-25.0.4+1,322265012,True,sapmachine-jre-25.0.4-ea.1_macos-aarch64_bin.tar.gz,macos,aarch64,jre,147
2026-09-08T00:24:05+00:00,sapmachine-25.0.4+1,322265012,True,sapmachine-jdk-25.0.4-ea.1_macos-aarch64_bin-symbols.tar.gz,macos,aarch64,jdk,3
2026-09-08T00:24:05+00:00,sapmachine-25.0.4+1,322265012,True,sapmachine-jdk-25.0.4-ea.1_macos-aarch64_bin.dmg,macos,aarch64,jdk,147
2026-09-08T00:24:05+00:00,sapmachine-25.0.4+1,322265012,True,sapmachine-jre-25.0.4-ea.1_macos-aarch64_bin.dmg,macos,aarch64,jre,147
2026-09-08T00:24:05+00:00,sapmachine-27+21,322262634,True,sapmachine-jdk-27-ea.21_linux-x64-musl_bin.tar.gz,alpine,x64,jdk,155
2026-09-08T00:24:05+00:00,sapmachine-27+21,322262634,True,sapmachine-jre-27-ea.21_linux-x64-musl_bin.tar.gz,alpine,x64,jre,157
2026-09-08T00:24:05+00:00,sapmachine-27+21,322262634,True,sapmachine-jdk-27-ea.21_linux-x64-musl_bin-symbols.tar.gz,alpine,x64,jdk,3
2026-09-08T00:24:05+00:00,sapmachine-27+21,322262634,True,sapmachine-jdk-27-ea.21_linux-x64_bin.tar.gz,linux,x64,jdk,157
2026-09-08T00:24:05+00:00,sapmachine-27+21,322262634,True,sapmachine-jre-27-ea.21_linux-x64_bin.tar.gz,linux,x64,jre,156
2026-09-08T00:24:05+00:00,sapmachine-27+21,322262634,True,sapmachine-jdk-27-ea.21_linux-x64_bin-symbols.tar.gz,linux,x64,jdk,2
2026-09-08T00:24:05+00:00,sapmachine-27+21,322262634,True,sapmachine-jdk-27-ea.21_aix-ppc64_bin.tar.gz,aix,ppc64,jdk,154
2026-09-08T00:24:05+00:00,sapmachine-27+21,322262634,True,sapmachine-jre-27-ea.21_aix-ppc64_bin.tar.gz,aix,ppc64,jre,154
2026-09-08T00:24:05+00:00,sapmachine-27+21,322262634,True,sapmachine-jdk-27-ea.21_aix-ppc64_bin-symbols.tar.gz,aix,ppc64,jdk,2
2026-09-08T00:24:05+00:00,sapmachine-27+21,322262634,True,sapmachine-jdk-27-ea.21_linux-aarch64_bin.tar.gz,linux,aarch64,jdk,156
2026-09-08T00:24:05+00:00,sapmachine-27+21,322262634,True,sapmachine-jre-27-ea.21_linux-aarch64_bin.tar.gz,linux,aarch64,jre,156
2026-09-08T00:24:05+00:00,sapmachine-27+21,322262634,True,sapmachine-jdk-27-ea.21_linux-aarch64_bin-symbols.tar.gz,linux,aarch64,jdk,4
2026-09-08T00:24:05+00:00,sapmachine-27+21,322262634,True,sapmachine-jdk-27-ea.21_linux-ppc64le_bin.tar.gz,linux,ppc64,jdk,156
2026-09-08T00:24:05+00:00,sapmachine-27+21,322262634,True,sapmachine-jre-27-ea.21_linux-ppc64le_bin.tar.gz,linux,ppc64,jre,156
2026-09-08T00:24:05+00:00,sapmachine-27+21,322262634,True,sapmachine-jdk-27-ea.21_linux-ppc64le_bin-symbols.tar.gz,linux,ppc64,jdk,2
2026-09-08T00:24:05+00:00,sapmachine-27+21,322262634,True,sapmachine-jdk-27-ea.21_windows-x64_bin.zip,windows,x64,jdk,155
2026-09-08T00:24:05+00:00,sapmachine-27+21,322262634,True,sapmachine-jre-27-ea.21_windows-x64_bin.zip,windows,x64,jre,155
2026-09-08T00:24:05+00:00,sapmachine-27+21,322262634,True,sapmachine-jdk-27-ea.21_windows-x64_bin-symbols.tar.gz,windows,x64,jdk,2
2026-09-08T00:24:05+00:00,sapmachine-27+21,322262634,True,sapmachine-jdk-27-ea.21_macos-aarch64_bin.tar.gz,macos,aarch64,jdk,152
2026-09-08T00:24:05+00:00,sapmachine-27+21,322262634,True,sapmachine-jre-27-ea.21_macos-aarch64_bin.tar.gz,macos,aarch64,jre,150
2026-09-08T00:24:05+00:00,sapmachine-27+21,322262634,True,sapmachine-jdk-27-ea.21_macos-aarch64_bin-symbols.tar.gz,macos,aarch64,jdk,3
2026-09-08T00:24:05+00:00,sapmachine-27+21,322262634,True,sapmachine-jdk-27-ea.21_macos-aarch64_bin.dmg,macos,aarch64,jdk,153
2026-09-08T00:24:05+00:00,sapmachine-27+21,322262634,True,sapmachine-jre-27-ea.21_macos-aarch64_bin.dmg,macos,aarch64,jre,147
2026-09-08T00:24:05+00:00,sapmachine-17.0.19,311937447,False,sapmachine-jdk-17.0.19_linux-aarch64_bin-symbols.tar.gz,linux,aarch64,jdk,6
2026-09-08T00:24:05+00:00,sapmachine-17.0.19,311937447,False,sapmachine-jdk-17.0.19_linux-aarch64_bin.tar.gz,linux,aarch64,jdk,1558
2026-09-08T00:24:05+00:00,sapmachine-17.0.19,311937447,False,sapmachine-jdk-17.0.19_linux-ppc64le_bin-symbols.tar.gz,linux,ppc64,jdk,3
2026-09-08T00:24:05+00:00,sapmachine-17.0.19,311937447,False,sapmachine-jdk-17.0.19_linux-ppc64le_bin.tar.gz,linux,ppc64,jdk,289
2026-09-08T00:24:05+00:00,sapmachine-17.0.19,311937447,False,sapmachine-jdk-17.0.19_linux-x64-musl_bin-symbols.tar.gz,alpine,x64,jdk,3
2026-09-08T00:24:05+00:00,sapmachine-17.0.19,311937447,False,sapmachine-jdk-17.0.19_linux-x64-musl_bin.tar.gz,alpine,x64,jdk,3049
2026-09-08T00:24:05+00:00,sapmachine-17.0.19,311937447,False,sapmachine-jdk-17.0.19_linux-x64_bin-symbols.tar.gz,linux,x64,jdk,22
2026-09-08T00:24:05+00:00,sapmachine-17.0.19,311937447,False,sapmachine-jdk-17.0.19_linux-x64_bin.tar.gz,linux,x64,jdk,117535
2026-09-08T00:24:05+00:00,sapmachine-17.0.19,311937447,False,sapmachine-jdk-17.0.19_macos-aarch64_bin-symbols.tar.gz,macos,aarch64,jdk,4
2026-09-08T00:24:05+00:00,sapmachine-17.0.19,311937447,False,sapmachine-jdk-17.0.19_macos-aarch64_bin.dmg,macos,aarch64,jdk,2549
2026-09-08T00:24:05+00:00,sapmachine-17.0.19,311937447,False,sapmachine-jdk-17.0.19_macos-aarch64_bin.tar.gz,macos,aarch64,jdk,27703
2026-09-08T00:24:05+00:00,sapmachine-17.0.19,311937447,False,sapmachine-jdk-17.0.19_macos-x64_bin-symbols.tar.gz,macos,x64,jdk,4
2026-09-08T00:24:05+00:00,sapmachine-17.0.19,311937447,False,sapmachine-jdk-17.0.19_macos-x64_bin.dmg,macos,x64,jdk,1056
2026-09-08T00:24:05+00:00,sapmachine-17.0.19,311937447,False,sapmachine-jdk-17.0.19_macos-x64_bin.tar.gz,macos,x64,jdk,5876
2026-09-08T00:24:05+00:00,sapmachine-17.0.19,311937447,False,sapmachine-jdk-17.0.19_windows-x64_bin-symbols.tar.gz,windows,x64,jdk,3
2026-09-08T00:24:05+00:00,sapmachine-17.0.19,311937447,False,sapmachine-jdk-17.0.19_windows-x64_bin.msi,windows,x64,jdk,1871
2026-09-08T00:24:05+00:00,sapmachine-17.0.19,311937447,False,sapmachine-jdk-17.0.19_windows-x64_bin.zip,windows,x64,jdk,10215
2026-09-08T00:24:05+00:00,sapmachine-17.0.19,311937447,False,sapmachine-jre-17.0.19_linux-aarch64_bin.tar.gz,linux,aarch64,jre,534
2026-09-08T00:24:05+00:00,sapmachine-17.0.19,311937447,False,sapmachine-jre-17.0.19_linux-ppc64le_bin.tar.gz,linux,ppc64,jre,207
2026-09-08T00:24:05+00:00,sapmachine-17.0.19,311937447,False,sapmachine-jre-17.0.19_linux-x64-musl_bin.tar.gz,alpine,x64,jre,228
2026-09-08T00:24:05+00:00,sapmachine-17.0.19,311937447,False,sapmachine-jre-17.0.19_linux-x64_bin.tar.gz,linux,x64,jre,77808
2026-09-08T00:24:05+00:00,sapmachine-17.0.19,311937447,False,sapmachine-jre-17.0.19_macos-aarch64_bin.dmg,macos,aarch64,jre,245
2026-09-08T00:24:05+00:00,sapmachine-17.0.19,311937447,False,sapmachine-jre-17.0.19_macos-aarch64_bin.tar.gz,macos,aarch64,jre,1378
2026-09-08T00:24:05+00:00,sapmachine-17.0.19,311937447,False,sapmachine-jre-17.0.19_macos-x64_bin.dmg,macos,x64,jre,218
2026-09-08T00:24:05+00:00,sapmachine-17.0.19,311937447,False,sapmachine-jre-17.0.19_macos-x64_bin.tar.gz,macos,x64,jre,3403
2026-09-08T00:24:05+00:00,sapmachine-17.0.19,311937447,False,sapmachine-jre-17.0.19_windows-x64_bin.msi,windows,x64,jre,2175
2026-09-08T00:24:05+00:00,sapmachine-17.0.19,311937447,False,sapmachine-jre-17.0.19_windows-x64_bin.zip,windows,x64,jre,3613
2026-09-08T00:24:05+00:00,sapmachine-21.0.11,311934519,False,sapmachine-jdk-21.0.11_aix-ppc64_bin-symbols.tar.gz,aix,ppc64,jdk,4
2026-09-08T00:24:05+00:00,sapmachine-21.0.11,311934519,False,sapmachine-jdk-21.0.11_aix-ppc64_bin.tar.gz,aix,ppc64,jdk,287
2026-09-08T00:24:05+00:00,sapmachine-21.0.11,311934519,False,sapmachine-jdk-21.0.11_linux-aarch64_bin-symbols.tar.gz,linux,aarch64,jdk,4
2026-09-08T00:24:05+00:00,sapmachine-21.0.11,311934519,False,sapmachine-jdk-21.0.11_linux-aarch64_bin.tar.gz,linux,aarch64,jdk,3375
2026-09-08T00:24:05+00:00,sapmachine-21.0.11,311934519,False,sapmachine-jdk-21.0.11_linux-ppc64le_bin-symbols.tar.gz,linux,ppc64,jdk,4
2026-09-08T00:24:05+00:00,sapmachine-21.0.11,311934519,False,sapmachine-jdk-21.0.11_linux-ppc64le_bin.tar.gz,linux,ppc64,jdk,282
2026-09-08T00:24:05+00:00,sapmachine-21.0.11,311934519,False,sapmachine-jdk-21.0.11_linux-x64-musl_bin-symbols.tar.gz,alpine,x64,jdk,4
2026-09-08T00:24:05+00:00,sapmachine-21.0.11,311934519,False,sapmachine-jdk-21.0.11_linux-x64-musl_bin.tar.gz,alpine,x64,jdk,2741
2026-09-08T00:24:05+00:00,sapmachine-21.0.11,311934519,False,sapmachine-jdk-21.0.11_linux-x64_bin-symbols.tar.gz,linux,x64,jdk,6
2026-09-08T00:24:05+00:00,sapmachine-21.0.11,311934519,False,sapmachine-jdk-21.0.11_linux-x64_bin.tar.gz,linux,x64,jdk,210915
2026-09-08T00:24:05+00:00,sapmachine-21.0.11,311934519,False,sapmachine-jdk-21.0.11_macos-aarch64_bin-symbols.tar.gz,macos,aarch64,jdk,6
2026-09-08T00:24:05+00:00,sapmachine-21.0.11,311934519,False,sapmachine-jdk-21.0.11_macos-aarch64_bin.dmg,macos,aarch64,jdk,3305
2026-09-08T00:24:05+00:00,sapmachine-21.0.11,311934519,False,sapmachine-jdk-21.0.11_macos-aarch64_bin.tar.gz,macos,aarch64,jdk,38672
2026-09-08T00:24:05+00:00,sapmachine-21.0.11,311934519,False,sapmachine-jdk-21.0.11_macos-x64_bin-symbols.tar.gz,macos,x64,jdk,6
2026-09-08T00:24:05+00:00,sapmachine-21.0.11,311934519,False,sapmachine-jdk-21.0.11_macos-x64_bin.dmg,macos,x64,jdk,1484
2026-09-08T00:24:05+00:00,sapmachine-21.0.11,311934519,False,sapmachine-jdk-21.0.11_macos-x64_bin.tar.gz,macos,x64,jdk,5180
2026-09-08T00:24:05+00:00,sapmachine-21.0.11,311934519,False,sapmachine-jdk-21.0.11_windows-x64_bin-symbols.tar.gz,windows,x64,jdk,4
2026-09-08T00:24:05+00:00,sapmachine-21.0.11,311934519,False,sapmachine-jdk-21.0.11_windows-x64_bin.msi,windows,x64,jdk,2457
2026-09-08T00:24:05+00:00,sapmachine-21.0.11,311934519,False,sapmachine-jdk-21.0.11_windows-x64_bin.zip,windows,x64,jdk,6693
2026-09-08T00:24:05+00:00,sapmachine-21.0.11,311934519,False,sapmachine-jre-21.0.11_aix-ppc64_bin.tar.gz,aix,ppc64,jre,214
2026-09-08T00:24:05+00:00,sapmachine-21.0.11,311934519,False,sapmachine-jre-21.0.11_linux-aarch64_bin.tar.gz,linux,aarch64,jre,779
2026-09-08T00:24:05+00:00,sapmachine-21.0.11,311934519,False,sapmachine-jre-21.0.11_linux-ppc64le_bin.tar.gz,linux,ppc64,jre,208
2026-09-08T00:24:05+00:00,sapmachine-21.0.11,311934519,False,sapmachine-jre-21.0.11_linux-x64-musl_bin.tar.gz,alpine,x64,jre,213
2026-09-08T00:24:05+00:00,sapmachine-21.0.11,311934519,False,sapmachine-jre-21.0.11_linux-x64_bin.tar.gz,linux,x64,jre,118144
2026-09-08T00:24:05+00:00,sapmachine-21.0.11,311934519,False,sapmachine-jre-21.0.11_macos-aarch64_bin.dmg,macos,aarch64,jre,291
2026-09-08T00:24:05+00:00,sapmachine-21.0.11,311934519,False,sapmachine-jre-21.0.11_macos-aarch64_bin.tar.gz,macos,aarch64,jre,977
2026-09-08T00:24:05+00:00,sapmachine-21.0.11,311934519,False,sapmachine-jre-21.0.11_macos-x64_bin.dmg,macos,x64,jre,213
2026-09-08T00:24:05+00:00,sapmachine-21.0.11,311934519,False,sapmachine-jre-21.0.11_macos-x64_bin.tar.gz,macos,x64,jre,612
2026-09-08T00:24:05+00:00,sapmachine-21.0.11,311934519,False,sapmachine-jre-21.0.11_windows-x64_bin.msi,windows,x64,jre,803
2026-09-08T00:24:05+00:00,sapmachine-21.0.11,311934519,False,sapmachine-jre-21.0.11_windows-x64_bin.zip,windows,x64,jre,729
2026-09-08T00:24:05+00:00,sapmachine-25.0.3,311931116,False,sapmachine-jdk-25.0.3_aix-ppc64_bin-symbols.tar.gz,aix,ppc64,jdk,5
2026-09-08T00:24:05+00:00,sapmachine-25.0.3,311931116,False,sapmachine-jdk-25.0.3_aix-ppc64_bin.tar.gz,aix,ppc64,jdk,270
2026-09-08T00:24:05+00:00,sapmachine-25.0.3,311931116,False,sapmachine-jdk-25.0.3_linux-aarch64_bin-symbols.tar.gz,linux,aarch64,jdk,4
2026-09-08T00:24:05+00:00,sapmachine-25.0.3,311931116,False,sapmachine-jdk-25.0.3_linux-aarch64_bin.tar.gz,linux,aarch64,jdk,673
2026-09-08T00:24:05+00:00,sapmachine-25.0.3,311931116,False,sapmachine-jdk-25.0.3_linux-ppc64le_bin-symbols.tar.gz,linux,ppc64,jdk,4
2026-09-08T00:24:05+00:00,sapmachine-25.0.3,311931116,False,sapmachine-jdk-25.0.3_linux-ppc64le_bin.tar.gz,linux,ppc64,jdk,261
2026-09-08T00:24:05+00:00,sapmachine-25.0.3,311931116,False,sapmachine-jdk-25.0.3_linux-x64-musl_bin-symbols.tar.gz,alpine,x64,jdk,4
2026-09-08T00:24:05+00:00,sapmachine-25.0.3,311931116,False,sapmachine-jdk-25.0.3_linux-x64-musl_bin.tar.gz,alpine,x64,jdk,351
2026-09-08T00:24:05+00:00,sapmachine-25.0.3,311931116,False,sapmachine-jdk-25.0.3_linux-x64_bin-symbols.tar.gz,linux,x64,jdk,4
2026-09-08T00:24:05+00:00,sapmachine-25.0.3,311931116,False,sapmachine-jdk-25.0.3_linux-x64_bin.tar.gz,linux,x64,jdk,105087
2026-09-08T00:24:05+00:00,sapmachine-25.0.3,311931116,False,sapmachine-jdk-25.0.3_macos-aarch64_bin-symbols.tar.gz,macos,aarch64,jdk,5
2026-09-08T00:24:05+00:00,sapmachine-25.0.3,311931116,False,sapmachine-jdk-25.0.3_macos-aarch64_bin.dmg,macos,aarch64,jdk,1356
2026-09-08T00:24:05+00:00,sapmachine-25.0.3,311931116,False,sapmachine-jdk-25.0.3_macos-aarch64_bin.tar.gz,macos,aarch64,jdk,18908
2026-09-08T00:24:05+00:00,sapmachine-25.0.3,311931116,False,sapmachine-jdk-25.0.3_windows-x64_bin-symbols.tar.gz,windows,x64,jdk,4
2026-09-08T00:24:05+00:00,sapmachine-25.0.3,311931116,False,sapmachine-jdk-25.0.3_windows-x64_bin.msi,windows,x64,jdk,1515
2026-09-08T00:24:05+00:00,sapmachine-25.0.3,311931116,False,sapmachine-jdk-25.0.3_windows-x64_bin.zip,windows,x64,jdk,2193
2026-09-08T00:24:05+00:00,sapmachine-25.0.3,311931116,False,sapmachine-jre-25.0.3_aix-ppc64_bin.tar.gz,aix,ppc64,jre,205
2026-09-08T00:24:05+00:00,sapmachine-25.0.3,311931116,False,sapmachine-jre-25.0.3_linux-aarch64_bin.tar.gz,linux,aarch64,jre,463
2026-09-08T00:24:05+00:00,sapmachine-25.0.3,311931116,False,sapmachine-jre-25.0.3_linux-ppc64le_bin.tar.gz,linux,ppc64,jre,223
2026-09-08T00:24:05+00:00,sapmachine-25.0.3,311931116,False,sapmachine-jre-25.0.3_linux-x64-musl_bin.tar.gz,alpine,x64,jre,212
2026-09-08T00:24:05+00:00,sapmachine-25.0.3,311931116,False,sapmachine-jre-25.0.3_linux-x64_bin.tar.gz,linux,x64,jre,17359
2026-09-08T00:24:05+00:00,sapmachine-25.0.3,311931116,False,sapmachine-jre-25.0.3_macos-aarch64_bin.dmg,macos,aarch64,jre,234
2026-09-08T00:24:05+00:00,sapmachine-25.0.3,311931116,False,sapmachine-jre-25.0.3_macos-aarch64_bin.tar.gz,macos,aarch64,jre,301
2026-09-08T00:24:05+00:00,sapmachine-25.0.3,311931116,False,sapmachine-jre-25.0.3_windows-x64_bin.msi,windows,x64,jre,679
2026-09-08T00:24:05+00:00,sapmachine-25.0.3,311931116,False,sapmachine-jre-25.0.3_windows-x64_bin.zip,windows,x64,jre,375
2026-09-08T00:24:05+00:00,sapmachine-26.0.1,311925109,False,sapmachine-jdk-26.0.1_aix-ppc64_bin-symbols.tar.gz,aix,ppc64,jdk,5
2026-09-08T00:24:05+00:00,sapmachine-26.0.1,311925109,False,sapmachine-jdk-26.0.1_aix-ppc64_bin.tar.gz,aix,ppc64,jdk,368
2026-09-08T00:24:05+00:00,sapmachine-26.0.1,311925109,False,sapmachine-jdk-26.0.1_linux-aarch64_bin-symbols.tar.gz,linux,aarch64,jdk,5
2026-09-08T00:24:05+00:00,sapmachine-26.0.1,311925109,False,sapmachine-jdk-26.0.1_linux-aarch64_bin.tar.gz,linux,aarch64,jdk,514
2026-09-08T00:24:05+00:00,sapmachine-26.0.1,311925109,False,sapmachine-jdk-26.0.1_linux-ppc64le_bin-symbols.tar.gz,linux,ppc64,jdk,4
2026-09-08T00:24:05+00:00,sapmachine-26.0.1,311925109,False,sapmachine-jdk-26.0.1_linux-ppc64le_bin.tar.gz,linux,ppc64,jdk,368
2026-09-08T00:24:05+00:00,sapmachine-26.0.1,311925109,False,sapmachine-jdk-26.0.1_linux-x64-musl_bin-symbols.tar.gz,alpine,x64,jdk,3
2026-09-08T00:24:05+00:00,sapmachine-26.0.1,311925109,False,sapmachine-jdk-26.0.1_linux-x64-musl_bin.tar.gz,alpine,x64,jdk,384
2026-09-08T00:24:05+00:00,sapmachine-26.0.1,311925109,False,sapmachine-jdk-26.0.1_linux-x64_bin-symbols.tar.gz,linux,x64,jdk,3
2026-09-08T00:24:05+00:00,sapmachine-26.0.1,311925109,False,sapmachine-jdk-26.0.1_linux-x64_bin.tar.gz,linux,x64,jdk,3278
2026-09-08T00:24:05+00:00,sapmachine-26.0.1,311925109,False,sapmachine-jdk-26.0.1_macos-aarch64_bin-symbols.tar.gz,macos,aarch64,jdk,5
2026-09-08T00:24:05+00:00,sapmachine-26.0.1,311925109,False,sapmachine-jdk-26.0.1_macos-aarch64_bin.dmg,macos,aarch64,jdk,4044
2026-09-08T00:24:05+00:00,sapmachine-26.0.1,311925109,False,sapmachine-jdk-26.0.1_macos-aarch64_bin.tar.gz,macos,aarch64,jdk,1180
2026-09-08T00:24:05+00:00,sapmachine-26.0.1,311925109,False,sapmachine-jdk-26.0.1_windows-x64_bin-symbols.tar.gz,windows,x64,jdk,3
2026-09-08T00:24:05+00:00,sapmachine-26.0.1,311925109,False,sapmachine-jdk-26.0.1_windows-x64_bin.msi,windows,x64,jdk,4602
2026-09-08T00:24:05+00:00,sapmachine-26.0.1,311925109,False,sapmachine-jdk-26.0.1_windows-x64_bin.zip,windows,x64,jdk,1214
2026-09-08T00:24:05+00:00,sapmachine-26.0.1,311925109,False,sapmachine-jre-26.0.1_aix-ppc64_bin.tar.gz,aix,ppc64,jre,203
2026-09-08T00:24:05+00:00,sapmachine-26.0.1,311925109,False,sapmachine-jre-26.0.1_linux-aarch64_bin.tar.gz,linux,aarch64,jre,324
2026-09-08T00:24:05+00:00,sapmachine-26.0.1,311925109,False,sapmachine-jre-26.0.1_linux-ppc64le_bin.tar.gz,linux,ppc64,jre,209
2026-09-08T00:24:05+00:00,sapmachine-26.0.1,311925109,False,sapmachine-jre-26.0.1_linux-x64-musl_bin.tar.gz,alpine,x64,jre,203
2026-09-08T00:24:05+00:00,sapmachine-26.0.1,311925109,False,sapmachine-jre-26.0.1_linux-x64_bin.tar.gz,linux,x64,jre,558
2026-09-08T00:24:05+00:00,sapmachine-26.0.1,311925109,False,sapmachine-jre-26.0.1_macos-aarch64_bin.dmg,macos,aarch64,jre,235
2026-09-08T00:24:05+00:00,sapmachine-26.0.1,311925109,False,sapmachine-jre-26.0.1_macos-aarch64_bin.tar.gz,macos,aarch64,jre,248
2026-09-08T00:24:05+00:00,sapmachine-26.0.1,311925109,False,sapmachine-jre-26.0.1_windows-x64_bin.msi,windows,x64,jre,938
2026-09-08T00:24:05+00:00,sapmachine-26.0.1,311925109,False,sapmachine-jre-26.0.1_windows-x64_bin.zip,windows,x64,jre,327
2026-09-08T00:24:05+00:00,sapmachine-26,298302490,False,sapmachine-jdk-26_aix-ppc64_bin-symbols.tar.gz,aix,ppc64,jdk,3
2026-09-08T00:24:05+00:00,sapmachine-26,298302490,False,sapmachine-jdk-26_aix-ppc64_bin.tar.gz,aix,ppc64,jdk,295
2026-09-08T00:24:05+00:00,sapmachine-26,298302490,False,sapmachine-jdk-26_linux-aarch64_bin-symbols.tar.gz,linux,aarch64,jdk,3
2026-09-08T00:24:05+00:00,sapmachine-26,298302490,False,sapmachine-jdk-26_linux-aarch64_bin.tar.gz,linux,aarch64,jdk,304
2026-09-08T00:24:05+00:00,sapmachine-26,298302490,False,sapmachine-jdk-26_linux-ppc64le_bin-symbols.tar.gz,linux,ppc64,jdk,3
2026-09-08T00:24:05+00:00,sapmachine-26,298302490,False,sapmachine-jdk-26_linux-ppc64le_bin.tar.gz,linux,ppc64,jdk,291
2026-09-08T00:24:05+00:00,sapmachine-26,298302490,False,sapmachine-jdk-26_linux-x64-musl_bin-symbols.tar.gz,alpine,x64,jdk,2
2026-09-08T00:24:05+00:00,sapmachine-26,298302490,False,sapmachine-jdk-26_linux-x64-musl_bin.tar.gz,alpine,x64,jdk,300
2026-09-08T00:24:05+00:00,sapmachine-26,298302490,False,sapmachine-jdk-26_linux-x64_bin-symbols.tar.gz,linux,x64,jdk,2
2026-09-08T00:24:05+00:00,sapmachine-26,298302490,False,sapmachine-jdk-26_linux-x64_bin.tar.gz,linux,x64,jdk,778
2026-09-08T00:24:05+00:00,sapmachine-26,298302490,False,sapmachine-jdk-26_macos-aarch64_bin-symbols.tar.gz,macos,aarch64,jdk,4
2026-09-08T00:24:05+00:00,sapmachine-26,298302490,False,sapmachine-jdk-26_macos-aarch64_bin.dmg,macos,aarch64,jdk,1340
2026-09-08T00:24:05+00:00,sapmachine-26,298302490,False,sapmachine-jdk-26_macos-aarch64_bin.tar.gz,macos,aarch64,jdk,541
2026-09-08T00:24:05+00:00,sapmachine-26,298302490,False,sapmachine-jdk-26_windows-x64_bin-symbols.tar.gz,windows,x64,jdk,3
2026-09-08T00:24:05+00:00,sapmachine-26,298302490,False,sapmachine-jdk-26_windows-x64_bin.msi,windows,x64,jdk,1865
2026-09-08T00:24:05+00:00,sapmachine-26,298302490,False,sapmachine-jdk-26_windows-x64_bin.zip,windows,x64,jdk,642
2026-09-08T00:24:05+00:00,sapmachine-26,298302490,False,sapmachine-jre-26_aix-ppc64_bin.tar.gz,aix,ppc64,jre,268
2026-09-08T00:24:05+00:00,sapmachine-26,298302490,False,sapmachine-jre-26_linux-aarch64_bin.tar.gz,linux,aarch64,jre,269
2026-09-08T00:24:05+00:00,sapmachine-26,298302490,False,sapmachine-jre-26_linux-ppc64le_bin.tar.gz,linux,ppc64,jre,263
2026-09-08T00:24:05+00:00,sapmachine-26,298302490,False,sapmachine-jre-26_linux-x64-musl_bin.tar.gz,alpine,x64,jre,265
2026-09-08T00:24:05+00:00,sapmachine-26,298302490,False,sapmachine-jre-26_linux-x64_bin.tar.gz,linux,x64,jre,444
2026-09-08T00:24:05+00:00,sapmachine-26,298302490,False,sapmachine-jre-26_macos-aarch64_bin.dmg,macos,aarch64,jre,277
2026-09-08T00:24:05+00:00,sapmachine-26,298302490,False,sapmachine-jre-26_macos-aarch64_bin.tar.gz,macos,aarch64,jre,273
2026-09-08T00:24:05+00:00,sapmachine-26,298302490,False,sapmachine-jre-26_windows-x64_bin.msi,windows,x64,jre,616
2026-09-08T00:24:05+00:00,sapmachine-26,298302490,False,sapmachine-jre-26_windows-x64_bin.zip,windows,x64,jre,301
2026-09-08T00:24:05+00:00,sapmachine-10,295853378,False,sapmachine-jdk-10.46_linux-x64_bin.tar.gz,linux,x64,jdk,253
2026-09-08T00:24:05+00:00,sapmachine-10,295853378,False,sapmachine-jre-10.46_linux-x64_bin.tar.gz,linux,x64,jre,429
2026-09-08T00:24:05+00:00,sapmachine-10.0.1,295851219,False,sapmachine-jdk-10.0.1.10_linux-x64_bin.tar.gz,linux,x64,jdk,254
2026-09-08T00:24:05+00:00,sapmachine-10.0.1,295851219,False,sapmachine-jre-10.0.1.10_linux-x64_bin.tar.gz,linux,x64,jre,430
2026-09-08T00:24:05+00:00,sapmachine-10.0.2,295845093,False,sapmachine-jdk-10.0.2.13_linux-x64_bin.tar.gz,linux,x64,jdk,257
2026-09-08T00:24:05+00:00,sapmachine-10.0.2,295845093,False,sapmachine-jre-10.0.2.13_linux-x64_bin.tar.gz,linux,x64,jre,424
2026-09-08T00:24:05+00:00,sapmachine-11,295842408,False,sapmachine-jdk-11.28_linux-x64_bin.tar.gz,linux,x64,jdk,982
2026-09-08T00:24:05+00:00,sapmachine-11,295842408,False,sapmachine-jre-11.28_linux-x64_bin.tar.gz,linux,x64,jre,1135
2026-09-08T00:24:05+00:00,sapmachine-11.0.1,295753174,False,sapmachine-jdk-11.0.1.13_linux-x64_bin.tar.gz,linux,x64,jdk,720
2026-09-08T00:24:05+00:00,sapmachine-11.0.1,295753174,False,sapmachine-jre-11.0.1.13_linux-x64_bin.tar.gz,linux,x64,jre,886
2026-09-08T00:24:05+00:00,sapmachine-21.0.10.0.1,287396686,False,sapmachine-jdk-21.0.10.0.1_aix-ppc64_bin-symbols.tar.gz,aix,ppc64,jdk,2
2026-09-08T00:24:05+00:00,sapmachine-21.0.10.0.1,287396686,False,sapmachine-jdk-21.0.10.0.1_aix-ppc64_bin.tar.gz,aix,ppc64,jdk,351
2026-09-08T00:24:05+00:00,sapmachine-21.0.10.0.1,287396686,False,sapmachine-jdk-21.0.10.0.1_linux-aarch64_bin-symbols.tar.gz,linux,aarch64,jdk,3
2026-09-08T00:24:05+00:00,sapmachine-21.0.10.0.1,287396686,False,sapmachine-jdk-21.0.10.0.1_linux-aarch64_bin.tar.gz,linux,aarch64,jdk,1828
2026-09-08T00:24:05+00:00,sapmachine-21.0.10.0.1,287396686,False,sapmachine-jdk-21.0.10.0.1_linux-ppc64le_bin-symbols.tar.gz,linux,ppc64,jdk,2
2026-09-08T00:24:05+00:00,sapmachine-21.0.10.0.1,287396686,False,sapmachine-jdk-21.0.10.0.1_linux-ppc64le_bin.tar.gz,linux,ppc64,jdk,330
2026-09-08T00:24:05+00:00,sapmachine-21.0.10.0.1,287396686,False,sapmachine-jdk-21.0.10.0.1_linux-x64-musl_bin-symbols.tar.gz,alpine,x64,jdk,2
2026-09-08T00:24:05+00:00,sapmachine-21.0.10.0.1,287396686,False,sapmachine-jdk-21.0.10.0.1_linux-x64-musl_bin.tar.gz,alpine,x64,jdk,344
2026-09-08T00:24:05+00:00,sapmachine-21.0.10.0.1,287396686,False,sapmachine-jdk-21.0.10.0.1_linux-x64_bin-symbols.tar.gz,linux,x64,jdk,1
2026-09-08T00:24:05+00:00,sapmachine-21.0.10.0.1,287396686,False,sapmachine-jdk-21.0.10.0.1_linux-x64_bin.tar.gz,linux,x64,jdk,106206
2026-09-08T00:24:05+00:00,sapmachine-21.0.10.0.1,287396686,False,sapmachine-jdk-21.0.10.0.1_macos-aarch64_bin-symbols.tar.gz,macos,aarch64,jdk,2
2026-09-08T00:24:05+00:00,sapmachine-21.0.10.0.1,287396686,False,sapmachine-jdk-21.0.10.0.1_macos-aarch64_bin.dmg,macos,aarch64,jdk,1774
2026-09-08T00:24:05+00:00,sapmachine-21.0.10.0.1,287396686,False,sapmachine-jdk-21.0.10.0.1_macos-aarch64_bin.tar.gz,macos,aarch64,jdk,27204
2026-09-08T00:24:05+00:00,sapmachine-21.0.10.0.1,287396686,False,sapmachine-jdk-21.0.10.0.1_macos-x64_bin-symbols.tar.gz,macos,x64,jdk,2
2026-09-08T00:24:05+00:00,sapmachine-21.0.10.0.1,287396686,False,sapmachine-jdk-21.0.10.0.1_macos-x64_bin.dmg,macos,x64,jdk,909
2026-09-08T00:24:05+00:00,sapmachine-21.0.10.0.1,287396686,False,sapmachine-jdk-21.0.10.0.1_macos-x64_bin.tar.gz,macos,x64,jdk,2162
2026-09-08T00:24:05+00:00,sapmachine-21.0.10.0.1,287396686,False,sapmachine-jdk-21.0.10.0.1_windows-x64_bin-symbols.tar.gz,windows,x64,jdk,2
2026-09-08T00:24:05+00:00,sapmachine-21.0.10.0.1,287396686,False,sapmachine-jdk-21.0.10.0.1_windows-x64_bin.zip,windows,x64,jdk,3170
2026-09-08T00:24:05+00:00,sapmachine-21.0.10.0.1,287396686,False,sapmachine-jre-21.0.10.0.1_aix-ppc64_bin.tar.gz,aix,ppc64,jre,316
2026-09-08T00:24:05+00:00,sapmachine-21.0.10.0.1,287396686,False,sapmachine-jre-21.0.10.0.1_linux-aarch64_bin.tar.gz,linux,aarch64,jre,414
2026-09-08T00:24:05+00:00,sapmachine-21.0.10.0.1,287396686,False,sapmachine-jre-21.0.10.0.1_linux-ppc64le_bin.tar.gz,linux,ppc64,jre,309
2026-09-08T00:24:05+00:00,sapmachine-21.0.10.0.1,287396686,False,sapmachine-jre-21.0.10.0.1_linux-x64-musl_bin.tar.gz,alpine,x64,jre,305
2026-09-08T00:24:05+00:00,sapmachine-21.0.10.0.1,287396686,False,sapmachine-jre-21.0.10.0.1_linux-x64_bin.tar.gz,linux,x64,jre,61484
2026-09-08T00:24:05+00:00,sapmachine-21.0.10.0.1,287396686,False,sapmachine-jre-21.0.10.0.1_macos-aarch64_bin.dmg,macos,aarch64,jre,338
2026-09-08T00:24:05+00:00,sapmachine-21.0.10.0.1,287396686,False,sapmachine-jre-21.0.10.0.1_macos-aarch64_bin.tar.gz,macos,aarch64,jre,946
2026-09-08T00:24:05+00:00,sapmachine-21.0.10.0.1,287396686,False,sapmachine-jre-21.0.10.0.1_macos-x64_bin.dmg,macos,x64,jre,309
2026-09-08T00:24:05+00:00,sapmachine-21.0.10.0.1,287396686,False,sapmachine-jre-21.0.10.0.1_macos-x64_bin.tar.gz,macos,x64,jre,668
2026-09-08T00:24:05+00:00,sapmachine-21.0.10.0.1,287396686,False,sapmachine-jre-21.0.10.0.1_windows-x64_bin.zip,windows,x64,jre,698
2026-09-08T00:24:05+00:00,sapmachine-21.0.10.0.1,287396686,False,sapmachine-jdk-21.0.10.0.1_windows-x64_bin.msi,windows,x64,jdk,1596
2026-09-08T00:24:05+00:00,sapmachine-21.0.10.0.1,287396686,False,sapmachine-jre-21.0.10.0.1_windows-x64_bin.msi,windows,x64,jre,831
2026-09-08T00:24:05+00:00,sapmachine-11.0.30,278427032,False,sapmachine-jdk-11.0.30_linux-x64_bin-symbols.tar.gz,linux,x64,jdk,6
2026-09-08T00:24:05+00:00,sapmachine-11.0.30,278427032,False,sapmachine-jdk-11.0.30_linux-x64_bin.tar.gz,linux,x64,jdk,30743
2026-09-08T00:24:05+00:00,sapmachine-11.0.30,278427032,False,sapmachine-jre-11.0.30_linux-x64_bin.tar.gz,linux,x64,jre,8894
2026-09-08T00:24:05+00:00,sapmachine-17.0.18,278430768,False,sapmachine-jdk-17.0.18_linux-aarch64_bin-symbols.tar.gz,linux,aarch64,jdk,3
2026-09-08T00:24:05+00:00,sapmachine-17.0.18,278430768,False,sapmachine-jdk-17.0.18_linux-aarch64_bin.tar.gz,linux,aarch64,jdk,649
2026-09-08T00:24:05+00:00,sapmachine-17.0.18,278430768,False,sapmachine-jdk-17.0.18_linux-ppc64le_bin-symbols.tar.gz,linux,ppc64,jdk,2
2026-09-08T00:24:05+00:00,sapmachine-17.0.18,278430768,False,sapmachine-jdk-17.0.18_linux-ppc64le_bin.tar.gz,linux,ppc64,jdk,383
2026-09-08T00:24:05+00:00,sapmachine-17.0.18,278430768,False,sapmachine-jdk-17.0.18_linux-x64-musl_bin-symbols.tar.gz,alpine,x64,jdk,2
2026-09-08T00:24:05+00:00,sapmachine-17.0.18,278430768,False,sapmachine-jdk-17.0.18_linux-x64-musl_bin.tar.gz,alpine,x64,jdk,374
2026-09-08T00:24:05+00:00,sapmachine-17.0.18,278430768,False,sapmachine-jdk-17.0.18_linux-x64_bin-symbols.tar.gz,linux,x64,jdk,20
2026-09-08T00:24:05+00:00,sapmachine-17.0.18,278430768,False,sapmachine-jdk-17.0.18_linux-x64_bin.tar.gz,linux,x64,jdk,115299
2026-09-08T00:24:05+00:00,sapmachine-17.0.18,278430768,False,sapmachine-jdk-17.0.18_macos-aarch64_bin-symbols.tar.gz,macos,aarch64,jdk,3
2026-09-08T00:24:05+00:00,sapmachine-17.0.18,278430768,False,sapmachine-jdk-17.0.18_macos-aarch64_bin.dmg,macos,aarch64,jdk,2051
2026-09-08T00:24:05+00:00,sapmachine-17.0.18,278430768,False,sapmachine-jdk-17.0.18_macos-aarch64_bin.tar.gz,macos,aarch64,jdk,23103
2026-09-08T00:24:05+00:00,sapmachine-17.0.18,278430768,False,sapmachine-jdk-17.0.18_macos-x64_bin-symbols.tar.gz,macos,x64,jdk,3
2026-09-08T00:24:05+00:00,sapmachine-17.0.18,278430768,False,sapmachine-jdk-17.0.18_macos-x64_bin.dmg,macos,x64,jdk,983
2026-09-08T00:24:05+00:00,sapmachine-17.0.18,278430768,False,sapmachine-jdk-17.0.18_macos-x64_bin.tar.gz,macos,x64,jdk,3754
2026-09-08T00:24:05+00:00,sapmachine-17.0.18,278430768,False,sapmachine-jdk-17.0.18_windows-x64_bin-symbols.tar.gz,windows,x64,jdk,2
2026-09-08T00:24:05+00:00,sapmachine-17.0.18,278430768,False,sapmachine-jdk-17.0.18_windows-x64_bin.zip,windows,x64,jdk,6934
2026-09-08T00:24:05+00:00,sapmachine-17.0.18,278430768,False,sapmachine-jre-17.0.18_linux-aarch64_bin.tar.gz,linux,aarch64,jre,806
2026-09-08T00:24:05+00:00,sapmachine-17.0.18,278430768,False,sapmachine-jre-17.0.18_linux-ppc64le_bin.tar.gz,linux,ppc64,jre,344
2026-09-08T00:24:05+00:00,sapmachine-17.0.18,278430768,False,sapmachine-jre-17.0.18_linux-x64-musl_bin.tar.gz,alpine,x64,jre,340
2026-09-08T00:24:05+00:00,sapmachine-17.0.18,278430768,False,sapmachine-jre-17.0.18_linux-x64_bin.tar.gz,linux,x64,jre,87087
2026-09-08T00:24:05+00:00,sapmachine-17.0.18,278430768,False,sapmachine-jre-17.0.18_macos-aarch64_bin.dmg,macos,aarch64,jre,378
2026-09-08T00:24:05+00:00,sapmachine-17.0.18,278430768,False,sapmachine-jre-17.0.18_macos-aarch64_bin.tar.gz,macos,aarch64,jre,708
2026-09-08T00:24:05+00:00,sapmachine-17.0.18,278430768,False,sapmachine-jre-17.0.18_macos-x64_bin.dmg,macos,x64,jre,348
2026-09-08T00:24:05+00:00,sapmachine-17.0.18,278430768,False,sapmachine-jre-17.0.18_macos-x64_bin.tar.gz,macos,x64,jre,2267
2026-09-08T00:24:05+00:00,sapmachine-17.0.18,278430768,False,sapmachine-jre-17.0.18_windows-x64_bin.zip,windows,x64,jre,2668
2026-09-08T00:24:05+00:00,sapmachine-17.0.18,278430768,False,sapmachine-jdk-17.0.18_windows-x64_bin.msi,windows,x64,jdk,2046
2026-09-08T00:24:05+00:00,sapmachine-17.0.18,278430768,False,sapmachine-jre-17.0.18_windows-x64_bin.msi,windows,x64,jre,2591
2026-09-08T00:24:05+00:00,sapmachine-21.0.10,278411440,False,sapmachine-jdk-21.0.10_aix-ppc64_bin-symbols.tar.gz,aix,ppc64,jdk,2
2026-09-08T00:24:05+00:00,sapmachine-21.0.10,278411440,False,sapmachine-jdk-21.0.10_aix-ppc64_bin.tar.gz,aix,ppc64,jdk,378
2026-09-08T00:24:05+00:00,sapmachine-21.0.10,278411440,False,sapmachine-jdk-21.0.10_linux-aarch64_bin-symbols.tar.gz,linux,aarch64,jdk,1
2026-09-08T00:24:05+00:00,sapmachine-21.0.10,278411440,False,sapmachine-jdk-21.0.10_linux-aarch64_bin.tar.gz,linux,aarch64,jdk,527
2026-09-08T00:24:05+00:00,sapmachine-21.0.10,278411440,False,sapmachine-jdk-21.0.10_linux-ppc64le_bin-symbols.tar.gz,linux,ppc64,jdk,1
2026-09-08T00:24:05+00:00,sapmachine-21.0.10,278411440,False,sapmachine-jdk-21.0.10_linux-ppc64le_bin.tar.gz,linux,ppc64,jdk,365
2026-09-08T00:24:05+00:00,sapmachine-21.0.10,278411440,False,sapmachine-jdk-21.0.10_linux-x64-musl_bin-symbols.tar.gz,alpine,x64,jdk,1
2026-09-08T00:24:05+00:00,sapmachine-21.0.10,278411440,False,sapmachine-jdk-21.0.10_linux-x64-musl_bin.tar.gz,alpine,x64,jdk,830
2026-09-08T00:24:05+00:00,sapmachine-21.0.10,278411440,False,sapmachine-jdk-21.0.10_linux-x64_bin-symbols.tar.gz,linux,x64,jdk,11
2026-09-08T00:24:05+00:00,sapmachine-21.0.10,278411440,False,sapmachine-jdk-21.0.10_linux-x64_bin.tar.gz,linux,x64,jdk,41244
2026-09-08T00:24:05+00:00,sapmachine-21.0.10,278411440,False,sapmachine-jdk-21.0.10_macos-aarch64_bin-symbols.tar.gz,macos,aarch64,jdk,3
2026-09-08T00:24:05+00:00,sapmachine-21.0.10,278411440,False,sapmachine-jdk-21.0.10_macos-aarch64_bin.dmg,macos,aarch64,jdk,1111
2026-09-08T00:24:05+00:00,sapmachine-21.0.10,278411440,False,sapmachine-jdk-21.0.10_macos-aarch64_bin.tar.gz,macos,aarch64,jdk,29707
2026-09-08T00:24:05+00:00,sapmachine-21.0.10,278411440,False,sapmachine-jdk-21.0.10_macos-x64_bin-symbols.tar.gz,macos,x64,jdk,3
2026-09-08T00:24:05+00:00,sapmachine-21.0.10,278411440,False,sapmachine-jdk-21.0.10_macos-x64_bin.dmg,macos,x64,jdk,629
2026-09-08T00:24:05+00:00,sapmachine-21.0.10,278411440,False,sapmachine-jdk-21.0.10_macos-x64_bin.tar.gz,macos,x64,jdk,1924
2026-09-08T00:24:05+00:00,sapmachine-21.0.10,278411440,False,sapmachine-jdk-21.0.10_windows-x64_bin-symbols.tar.gz,windows,x64,jdk,2
2026-09-08T00:24:05+00:00,sapmachine-21.0.10,278411440,False,sapmachine-jdk-21.0.10_windows-x64_bin.zip,windows,x64,jdk,2121
2026-09-08T00:24:05+00:00,sapmachine-21.0.10,278411440,False,sapmachine-jre-21.0.10_aix-ppc64_bin.tar.gz,aix,ppc64,jre,335
2026-09-08T00:24:05+00:00,sapmachine-21.0.10,278411440,False,sapmachine-jre-21.0.10_linux-aarch64_bin.tar.gz,linux,aarch64,jre,559
2026-09-08T00:24:05+00:00,sapmachine-21.0.10,278411440,False,sapmachine-jre-21.0.10_linux-ppc64le_bin.tar.gz,linux,ppc64,jre,341
2026-09-08T00:24:05+00:00,sapmachine-21.0.10,278411440,False,sapmachine-jre-21.0.10_linux-x64-musl_bin.tar.gz,alpine,x64,jre,332
2026-09-08T00:24:05+00:00,sapmachine-21.0.10,278411440,False,sapmachine-jre-21.0.10_linux-x64_bin.tar.gz,linux,x64,jre,31318
2026-09-08T00:24:05+00:00,sapmachine-21.0.10,278411440,False,sapmachine-jre-21.0.10_macos-aarch64_bin.dmg,macos,aarch64,jre,354
2026-09-08T00:24:05+00:00,sapmachine-21.0.10,278411440,False,sapmachine-jre-21.0.10_macos-aarch64_bin.tar.gz,macos,aarch64,jre,679
2026-09-08T00:24:05+00:00,sapmachine-21.0.10,278411440,False,sapmachine-jre-21.0.10_macos-x64_bin.dmg,macos,x64,jre,336
2026-09-08T00:24:05+00:00,sapmachine-21.0.10,278411440,False,sapmachine-jre-21.0.10_macos-x64_bin.tar.gz,macos,x64,jre,440
2026-09-08T00:24:05+00:00,sapmachine-21.0.10,278411440,False,sapmachine-jre-21.0.10_windows-x64_bin.zip,windows,x64,jre,507
2026-09-08T00:24:05+00:00,sapmachine-21.0.10,278411440,False,sapmachine-jdk-21.0.10_windows-x64_bin.msi,windows,x64,jdk,1476
2026-09-08T00:24:05+00:00,sapmachine-21.0.10,278411440,False,sapmachine-jre-21.0.10_windows-x64_bin.msi,windows,x64,jre,794
2026-09-08T00:24:05+00:00,sapmachine-25.0.2,278403095,False,sapmachine-jdk-25.0.2_aix-ppc64_bin-symbols.tar.gz,aix,ppc64,jdk,8
2026-09-08T00:24:05+00:00,sapmachine-25.0.2,278403095,False,sapmachine-jdk-25.0.2_aix-ppc64_bin.tar.gz,aix,ppc64,jdk,473
2026-09-08T00:24:05+00:00,sapmachine-25.0.2,278403095,False,sapmachine-jdk-25.0.2_linux-aarch64_bin-symbols.tar.gz,linux,aarch64,jdk,8
2026-09-08T00:24:05+00:00,sapmachine-25.0.2,278403095,False,sapmachine-jdk-25.0.2_linux-aarch64_bin.tar.gz,linux,aarch64,jdk,811
2026-09-08T00:24:05+00:00,sapmachine-25.0.2,278403095,False,sapmachine-jdk-25.0.2_linux-ppc64le_bin-symbols.tar.gz,linux,ppc64,jdk,7
2026-09-08T00:24:05+00:00,sapmachine-25.0.2,278403095,False,sapmachine-jdk-25.0.2_linux-ppc64le_bin.tar.gz,linux,ppc64,jdk,440
2026-09-08T00:24:05+00:00,sapmachine-25.0.2,278403095,False,sapmachine-jdk-25.0.2_linux-x64-musl_bin-symbols.tar.gz,alpine,x64,jdk,2
2026-09-08T00:24:05+00:00,sapmachine-25.0.2,278403095,False,sapmachine-jdk-25.0.2_linux-x64-musl_bin.tar.gz,alpine,x64,jdk,440
2026-09-08T00:24:05+00:00,sapmachine-25.0.2,278403095,False,sapmachine-jdk-25.0.2_linux-x64_bin-symbols.tar.gz,linux,x64,jdk,1
2026-09-08T00:24:05+00:00,sapmachine-25.0.2,278403095,False,sapmachine-jdk-25.0.2_linux-x64_bin.tar.gz,linux,x64,jdk,351318
2026-09-08T00:24:05+00:00,sapmachine-25.0.2,278403095,False,sapmachine-jdk-25.0.2_macos-aarch64_bin-symbols.tar.gz,macos,aarch64,jdk,3
2026-09-08T00:24:05+00:00,sapmachine-25.0.2,278403095,False,sapmachine-jdk-25.0.2_macos-aarch64_bin.dmg,macos,aarch64,jdk,2764
2026-09-08T00:24:05+00:00,sapmachine-25.0.2,278403095,False,sapmachine-jdk-25.0.2_macos-aarch64_bin.tar.gz,macos,aarch64,jdk,11644
2026-09-08T00:24:05+00:00,sapmachine-25.0.2,278403095,False,sapmachine-jdk-25.0.2_windows-x64_bin-symbols.tar.gz,windows,x64,jdk,2
2026-09-08T00:24:05+00:00,sapmachine-25.0.2,278403095,False,sapmachine-jdk-25.0.2_windows-x64_bin.zip,windows,x64,jdk,20040
2026-09-08T00:24:05+00:00,sapmachine-25.0.2,278403095,False,sapmachine-jre-25.0.2_aix-ppc64_bin.tar.gz,aix,ppc64,jre,341
2026-09-08T00:24:05+00:00,sapmachine-25.0.2,278403095,False,sapmachine-jre-25.0.2_linux-aarch64_bin.tar.gz,linux,aarch64,jre,516
2026-09-08T00:24:05+00:00,sapmachine-25.0.2,278403095,False,sapmachine-jre-25.0.2_linux-ppc64le_bin.tar.gz,linux,ppc64,jre,346
2026-09-08T00:24:05+00:00,sapmachine-25.0.2,278403095,False,sapmachine-jre-25.0.2_linux-x64-musl_bin.tar.gz,alpine,x64,jre,346
2026-09-08T00:24:05+00:00,sapmachine-25.0.2,278403095,False,sapmachine-jre-25.0.2_linux-x64_bin.tar.gz,linux,x64,jre,7873
2026-09-08T00:24:05+00:00,sapmachine-25.0.2,278403095,False,sapmachine-jre-25.0.2_macos-aarch64_bin.dmg,macos,aarch64,jre,374
2026-09-08T00:24:05+00:00,sapmachine-25.0.2,278403095,False,sapmachine-jre-25.0.2_macos-aarch64_bin.tar.gz,macos,aarch64,jre,638
2026-09-08T00:24:05+00:00,sapmachine-25.0.2,278403095,False,sapmachine-jre-25.0.2_windows-x64_bin.zip,windows,x64,jre,490
2026-09-08T00:24:05+00:00,sapmachine-25.0.2,278403095,False,sapmachine-jdk-25.0.2_windows-x64_bin.msi,windows,x64,jdk,3850
2026-09-08T00:24:05+00:00,sapmachine-25.0.2,278403095,False,sapmachine-jre-25.0.2_windows-x64_bin.msi,windows,x64,jre,1046
2026-09-08T00:24:05+00:00,sapmachine-11.0.29,256138881,False,sapmachine-jdk-11.0.29_linux-x64_bin-symbols.tar.gz,linux,x64,jdk,1
2026-09-08T00:24:05+00:00,sapmachine-11.0.29,256138881,False,sapmachine-jdk-11.0.29_linux-x64_bin.tar.gz,linux,x64,jdk,13742
2026-09-08T00:24:05+00:00,sapmachine-11.0.29,256138881,False,sapmachine-jre-11.0.29_linux-x64_bin.tar.gz,linux,x64,jre,6274
2026-09-08T00:24:05+00:00,sapmachine-17.0.17,256136879,False,sapmachine-jdk-17.0.17_linux-aarch64_bin-symbols.tar.gz,linux,aarch64,jdk,3
2026-09-08T00:24:05+00:00,sapmachine-17.0.17,256136879,False,sapmachine-jdk-17.0.17_linux-aarch64_bin.tar.gz,linux,aarch64,jdk,898
2026-09-08T00:24:05+00:00,sapmachine-17.0.17,256136879,False,sapmachine-jdk-17.0.17_linux-ppc64le_bin-symbols.tar.gz,linux,ppc64,jdk,3
2026-09-08T00:24:05+00:00,sapmachine-17.0.17,256136879,False,sapmachine-jdk-17.0.17_linux-ppc64le_bin.tar.gz,linux,ppc64,jdk,697
2026-09-08T00:24:05+00:00,sapmachine-17.0.17,256136879,False,sapmachine-jdk-17.0.17_linux-x64-musl_bin-symbols.tar.gz,alpine,x64,jdk,3
2026-09-08T00:24:05+00:00,sapmachine-17.0.17,256136879,False,sapmachine-jdk-17.0.17_linux-x64-musl_bin.tar.gz,alpine,x64,jdk,707
2026-09-08T00:24:05+00:00,sapmachine-17.0.17,256136879,False,sapmachine-jdk-17.0.17_linux-x64_bin-symbols.tar.gz,linux,x64,jdk,22
2026-09-08T00:24:05+00:00,sapmachine-17.0.17,256136879,False,sapmachine-jdk-17.0.17_linux-x64_bin.tar.gz,linux,x64,jdk,119023
2026-09-08T00:24:05+00:00,sapmachine-17.0.17,256136879,False,sapmachine-jdk-17.0.17_macos-aarch64_bin-symbols.tar.gz,macos,aarch64,jdk,4
2026-09-08T00:24:05+00:00,sapmachine-17.0.17,256136879,False,sapmachine-jdk-17.0.17_macos-aarch64_bin.dmg,macos,aarch64,jdk,2328
2026-09-08T00:24:05+00:00,sapmachine-17.0.17,256136879,False,sapmachine-jdk-17.0.17_macos-aarch64_bin.tar.gz,macos,aarch64,jdk,24195
2026-09-08T00:24:05+00:00,sapmachine-17.0.17,256136879,False,sapmachine-jdk-17.0.17_macos-x64_bin-symbols.tar.gz,macos,x64,jdk,4
2026-09-08T00:24:05+00:00,sapmachine-17.0.17,256136879,False,sapmachine-jdk-17.0.17_macos-x64_bin.dmg,macos,x64,jdk,1364
2026-09-08T00:24:05+00:00,sapmachine-17.0.17,256136879,False,sapmachine-jdk-17.0.17_macos-x64_bin.tar.gz,macos,x64,jdk,5804
2026-09-08T00:24:05+00:00,sapmachine-17.0.17,256136879,False,sapmachine-jdk-17.0.17_windows-x64_bin-symbols.tar.gz,windows,x64,jdk,3
2026-09-08T00:24:05+00:00,sapmachine-17.0.17,256136879,False,sapmachine-jdk-17.0.17_windows-x64_bin.zip,windows,x64,jdk,9370
2026-09-08T00:24:05+00:00,sapmachine-17.0.17,256136879,False,sapmachine-jre-17.0.17_linux-aarch64_bin.tar.gz,linux,aarch64,jre,1065
2026-09-08T00:24:05+00:00,sapmachine-17.0.17,256136879,False,sapmachine-jre-17.0.17_linux-ppc64le_bin.tar.gz,linux,ppc64,jre,668
2026-09-08T00:24:05+00:00,sapmachine-17.0.17,256136879,False,sapmachine-jre-17.0.17_linux-x64-musl_bin.tar.gz,alpine,x64,jre,664
2026-09-08T00:24:05+00:00,sapmachine-17.0.17,256136879,False,sapmachine-jre-17.0.17_linux-x64_bin.tar.gz,linux,x64,jre,104466
2026-09-08T00:24:05+00:00,sapmachine-17.0.17,256136879,False,sapmachine-jre-17.0.17_macos-aarch64_bin.dmg,macos,aarch64,jre,725
2026-09-08T00:24:05+00:00,sapmachine-17.0.17,256136879,False,sapmachine-jre-17.0.17_macos-aarch64_bin.tar.gz,macos,aarch64,jre,1061
2026-09-08T00:24:05+00:00,sapmachine-17.0.17,256136879,False,sapmachine-jre-17.0.17_macos-x64_bin.dmg,macos,x64,jre,664
2026-09-08T00:24:05+00:00,sapmachine-17.0.17,256136879,False,sapmachine-jre-17.0.17_macos-x64_bin.tar.gz,macos,x64,jre,3886
2026-09-08T00:24:05+00:00,sapmachine-17.0.17,256136879,False,sapmachine-jre-17.0.17_windows-x64_bin.zip,windows,x64,jre,4091
2026-09-08T00:24:05+00:00,sapmachine-17.0.17,256136879,False,sapmachine-jdk-17.0.17_windows-x64_bin.msi,windows,x64,jdk,2824
2026-09-08T00:24:05+00:00,sapmachine-17.0.17,256136879,False,sapmachine-jre-17.0.17_windows-x64_bin.msi,windows,x64,jre,2621
2026-09-08T00:24:05+00:00,sapmachine-25.0.1,256126506,False,sapmachine-jdk-25.0.1_aix-ppc64_bin-symbols.tar.gz,aix,ppc64,jdk,3
2026-09-08T00:24:05+00:00,sapmachine-25.0.1,256126506,False,sapmachine-jdk-25.0.1_aix-ppc64_bin.tar.gz,aix,ppc64,jdk,824
2026-09-08T00:24:05+00:00,sapmachine-25.0.1,256126506,False,sapmachine-jdk-25.0.1_linux-aarch64_bin-symbols.tar.gz,linux,aarch64,jdk,3
2026-09-08T00:24:05+00:00,sapmachine-25.0.1,256126506,False,sapmachine-jdk-25.0.1_linux-aarch64_bin.tar.gz,linux,aarch64,jdk,982
2026-09-08T00:24:05+00:00,sapmachine-25.0.1,256126506,False,sapmachine-jdk-25.0.1_linux-ppc64le_bin-symbols.tar.gz,linux,ppc64,jdk,1
2026-09-08T00:24:05+00:00,sapmachine-25.0.1,256126506,False,sapmachine-jdk-25.0.1_linux-ppc64le_bin.tar.gz,linux,ppc64,jdk,817
2026-09-08T00:24:05+00:00,sapmachine-25.0.1,256126506,False,sapmachine-jdk-25.0.1_linux-x64-musl_bin-symbols.tar.gz,alpine,x64,jdk,1
2026-09-08T00:24:05+00:00,sapmachine-25.0.1,256126506,False,sapmachine-jdk-25.0.1_linux-x64-musl_bin.tar.gz,alpine,x64,jdk,818
2026-09-08T00:24:05+00:00,sapmachine-25.0.1,256126506,False,sapmachine-jdk-25.0.1_linux-x64_bin-symbols.tar.gz,linux,x64,jdk,1
2026-09-08T00:24:05+00:00,sapmachine-25.0.1,256126506,False,sapmachine-jdk-25.0.1_linux-x64_bin.tar.gz,linux,x64,jdk,26200
2026-09-08T00:24:05+00:00,sapmachine-25.0.1,256126506,False,sapmachine-jdk-25.0.1_macos-aarch64_bin-symbols.tar.gz,macos,aarch64,jdk,3
2026-09-08T00:24:05+00:00,sapmachine-25.0.1,256126506,False,sapmachine-jdk-25.0.1_macos-aarch64_bin.dmg,macos,aarch64,jdk,3484
2026-09-08T00:24:05+00:00,sapmachine-25.0.1,256126506,False,sapmachine-jdk-25.0.1_macos-aarch64_bin.tar.gz,macos,aarch64,jdk,6776
2026-09-08T00:24:05+00:00,sapmachine-25.0.1,256126506,False,sapmachine-jdk-25.0.1_windows-x64_bin-symbols.tar.gz,windows,x64,jdk,4
2026-09-08T00:24:05+00:00,sapmachine-25.0.1,256126506,False,sapmachine-jdk-25.0.1_windows-x64_bin.zip,windows,x64,jdk,2236
2026-09-08T00:24:05+00:00,sapmachine-25.0.1,256126506,False,sapmachine-jre-25.0.1_aix-ppc64_bin.tar.gz,aix,ppc64,jre,670
2026-09-08T00:24:05+00:00,sapmachine-25.0.1,256126506,False,sapmachine-jre-25.0.1_linux-aarch64_bin.tar.gz,linux,aarch64,jre,786
2026-09-08T00:24:05+00:00,sapmachine-25.0.1,256126506,False,sapmachine-jre-25.0.1_linux-ppc64le_bin.tar.gz,linux,ppc64,jre,659
2026-09-08T00:24:05+00:00,sapmachine-25.0.1,256126506,False,sapmachine-jre-25.0.1_linux-x64-musl_bin.tar.gz,alpine,x64,jre,669
2026-09-08T00:24:05+00:00,sapmachine-25.0.1,256126506,False,sapmachine-jre-25.0.1_linux-x64_bin.tar.gz,linux,x64,jre,6252
2026-09-08T00:24:05+00:00,sapmachine-25.0.1,256126506,False,sapmachine-jre-25.0.1_macos-aarch64_bin.dmg,macos,aarch64,jre,690
2026-09-08T00:24:05+00:00,sapmachine-25.0.1,256126506,False,sapmachine-jre-25.0.1_macos-aarch64_bin.tar.gz,macos,aarch64,jre,796
2026-09-08T00:24:05+00:00,sapmachine-25.0.1,256126506,False,sapmachine-jre-25.0.1_windows-x64_bin.zip,windows,x64,jre,910
2026-09-08T00:24:05+00:00,sapmachine-25.0.1,256126506,False,sapmachine-jdk-25.0.1_windows-x64_bin.msi,windows,x64,jdk,5398
2026-09-08T00:24:05+00:00,sapmachine-25.0.1,256126506,False,sapmachine-jre-25.0.1_windows-x64_bin.msi,windows,x64,jre,1582
2026-09-08T00:24:05+00:00,sapmachine-21.0.9,256135083,False,sapmachine-jdk-21.0.9_aix-ppc64_bin-symbols.tar.gz,aix,ppc64,jdk,7
2026-09-08T00:24:05+00:00,sapmachine-21.0.9,256135083,False,sapmachine-jdk-21.0.9_aix-ppc64_bin.tar.gz,aix,ppc64,jdk,721
2026-09-08T00:24:05+00:00,sapmachine-21.0.9,256135083,False,sapmachine-jdk-21.0.9_linux-aarch64_bin-symbols.tar.gz,linux,aarch64,jdk,6
2026-09-08T00:24:05+00:00,sapmachine-21.0.9,256135083,False,sapmachine-jdk-21.0.9_linux-aarch64_bin.tar.gz,linux,aarch64,jdk,958
2026-09-08T00:24:05+00:00,sapmachine-21.0.9,256135083,False,sapmachine-jdk-21.0.9_linux-ppc64le_bin-symbols.tar.gz,linux,ppc64,jdk,6
2026-09-08T00:24:05+00:00,sapmachine-21.0.9,256135083,False,sapmachine-jdk-21.0.9_linux-ppc64le_bin.tar.gz,linux,ppc64,jdk,714
2026-09-08T00:24:05+00:00,sapmachine-21.0.9,256135083,False,sapmachine-jdk-21.0.9_linux-x64-musl_bin-symbols.tar.gz,alpine,x64,jdk,5
2026-09-08T00:24:05+00:00,sapmachine-21.0.9,256135083,False,sapmachine-jdk-21.0.9_linux-x64-musl_bin.tar.gz,alpine,x64,jdk,889
2026-09-08T00:24:05+00:00,sapmachine-21.0.9,256135083,False,sapmachine-jdk-21.0.9_linux-x64_bin-symbols.tar.gz,linux,x64,jdk,8
2026-09-08T00:24:05+00:00,sapmachine-21.0.9,256135083,False,sapmachine-jdk-21.0.9_linux-x64_bin.tar.gz,linux,x64,jdk,99311
2026-09-08T00:24:05+00:00,sapmachine-21.0.9,256135083,False,sapmachine-jdk-21.0.9_macos-aarch64_bin-symbols.tar.gz,macos,aarch64,jdk,6
2026-09-08T00:24:05+00:00,sapmachine-21.0.9,256135083,False,sapmachine-jdk-21.0.9_macos-aarch64_bin.dmg,macos,aarch64,jdk,2474
2026-09-08T00:24:05+00:00,sapmachine-21.0.9,256135083,False,sapmachine-jdk-21.0.9_macos-aarch64_bin.tar.gz,macos,aarch64,jdk,35402
2026-09-08T00:24:05+00:00,sapmachine-21.0.9,256135083,False,sapmachine-jdk-21.0.9_macos-x64_bin-symbols.tar.gz,macos,x64,jdk,6
2026-09-08T00:24:05+00:00,sapmachine-21.0.9,256135083,False,sapmachine-jdk-21.0.9_macos-x64_bin.dmg,macos,x64,jdk,1118
2026-09-08T00:24:05+00:00,sapmachine-21.0.9,256135083,False,sapmachine-jdk-21.0.9_macos-x64_bin.tar.gz,macos,x64,jdk,5217
2026-09-08T00:24:05+00:00,sapmachine-21.0.9,256135083,False,sapmachine-jdk-21.0.9_windows-x64_bin-symbols.tar.gz,windows,x64,jdk,5
2026-09-08T00:24:05+00:00,sapmachine-21.0.9,256135083,False,sapmachine-jdk-21.0.9_windows-x64_bin.zip,windows,x64,jdk,6731
2026-09-08T00:24:05+00:00,sapmachine-21.0.9,256135083,False,sapmachine-jre-21.0.9_aix-ppc64_bin.tar.gz,aix,ppc64,jre,686
2026-09-08T00:24:05+00:00,sapmachine-21.0.9,256135083,False,sapmachine-jre-21.0.9_linux-aarch64_bin.tar.gz,linux,aarch64,jre,888
2026-09-08T00:24:05+00:00,sapmachine-21.0.9,256135083,False,sapmachine-jre-21.0.9_linux-ppc64le_bin.tar.gz,linux,ppc64,jre,669
2026-09-08T00:24:05+00:00,sapmachine-21.0.9,256135083,False,sapmachine-jre-21.0.9_linux-x64-musl_bin.tar.gz,alpine,x64,jre,666
2026-09-08T00:24:05+00:00,sapmachine-21.0.9,256135083,False,sapmachine-jre-21.0.9_linux-x64_bin.tar.gz,linux,x64,jre,92891
2026-09-08T00:24:05+00:00,sapmachine-21.0.9,256135083,False,sapmachine-jre-21.0.9_macos-aarch64_bin.dmg,macos,aarch64,jre,727
2026-09-08T00:24:05+00:00,sapmachine-21.0.9,256135083,False,sapmachine-jre-21.0.9_macos-aarch64_bin.tar.gz,macos,aarch64,jre,1206
2026-09-08T00:24:05+00:00,sapmachine-21.0.9,256135083,False,sapmachine-jre-21.0.9_macos-x64_bin.dmg,macos,x64,jre,678
2026-09-08T00:24:05+00:00,sapmachine-21.0.9,256135083,False,sapmachine-jre-21.0.9_macos-x64_bin.tar.gz,macos,x64,jre,1013
2026-09-08T00:24:05+00:00,sapmachine-21.0.9,256135083,False,sapmachine-jre-21.0.9_windows-x64_bin.zip,windows,x64,jre,1061
2026-09-08T00:24:05+00:00,sapmachine-21.0.9,256135083,False,sapmachine-jdk-21.0.9_windows-x64_bin.msi,windows,x64,jdk,2504
2026-09-08T00:24:05+00:00,sapmachine-21.0.9,256135083,False,sapmachine-jre-21.0.9_windows-x64_bin.msi,windows,x64,jre,1391
2026-09-08T00:24:05+00:00,sapmachine-25,247745290,False,sapmachine-jdk-25_aix-ppc64_bin-symbols.tar.gz,aix,ppc64,jdk,1
2026-09-08T00:24:05+00:00,sapmachine-25,247745290,False,sapmachine-jdk-25_aix-ppc64_bin.tar.gz,aix,ppc64,jdk,906
2026-09-08T00:24:05+00:00,sapmachine-25,247745290,False,sapmachine-jdk-25_linux-aarch64_bin-symbols.tar.gz,linux,aarch64,jdk,3
2026-09-08T00:24:05+00:00,sapmachine-25,247745290,False,sapmachine-jdk-25_linux-aarch64_bin.tar.gz,linux,aarch64,jdk,1074
2026-09-08T00:24:05+00:00,sapmachine-25,247745290,False,sapmachine-jdk-25_linux-ppc64le_bin-symbols.tar.gz,linux,ppc64,jdk,0
2026-09-08T00:24:05+00:00,sapmachine-25,247745290,False,sapmachine-jdk-25_linux-ppc64le_bin.tar.gz,linux,ppc64,jdk,871
2026-09-08T00:24:05+00:00,sapmachine-25,247745290,False,sapmachine-jdk-25_linux-x64-musl_bin-symbols.tar.gz,alpine,x64,jdk,0
2026-09-08T00:24:05+00:00,sapmachine-25,247745290,False,sapmachine-jdk-25_linux-x64-musl_bin.tar.gz,alpine,x64,jdk,875
2026-09-08T00:24:05+00:00,sapmachine-25,247745290,False,sapmachine-jdk-25_linux-x64_bin-symbols.tar.gz,linux,x64,jdk,1
2026-09-08T00:24:05+00:00,sapmachine-25,247745290,False,sapmachine-jdk-25_linux-x64_bin.tar.gz,linux,x64,jdk,17251
2026-09-08T00:24:05+00:00,sapmachine-25,247745290,False,sapmachine-jdk-25_macos-aarch64_bin-symbols.tar.gz,macos,aarch64,jdk,1
2026-09-08T00:24:05+00:00,sapmachine-25,247745290,False,sapmachine-jdk-25_macos-aarch64_bin.dmg,macos,aarch64,jdk,2372
2026-09-08T00:24:05+00:00,sapmachine-25,247745290,False,sapmachine-jdk-25_macos-aarch64_bin.tar.gz,macos,aarch64,jdk,2553
2026-09-08T00:24:05+00:00,sapmachine-25,247745290,False,sapmachine-jdk-25_windows-x64_bin-symbols.tar.gz,windows,x64,jdk,0
2026-09-08T00:24:05+00:00,sapmachine-25,247745290,False,sapmachine-jdk-25_windows-x64_bin.zip,windows,x64,jdk,1869
2026-09-08T00:24:05+00:00,sapmachine-25,247745290,False,sapmachine-jre-25_aix-ppc64_bin.tar.gz,aix,ppc64,jre,788
2026-09-08T00:24:05+00:00,sapmachine-25,247745290,False,sapmachine-jre-25_linux-aarch64_bin.tar.gz,linux,aarch64,jre,859
2026-09-08T00:24:05+00:00,sapmachine-25,247745290,False,sapmachine-jre-25_linux-ppc64le_bin.tar.gz,linux,ppc64,jre,781
2026-09-08T00:24:05+00:00,sapmachine-25,247745290,False,sapmachine-jre-25_linux-x64-musl_bin.tar.gz,alpine,x64,jre,782
2026-09-08T00:24:05+00:00,sapmachine-25,247745290,False,sapmachine-jre-25_linux-x64_bin.tar.gz,linux,x64,jre,1642
2026-09-08T00:24:05+00:00,sapmachine-25,247745290,False,sapmachine-jre-25_macos-aarch64_bin.dmg,macos,aarch64,jre,816
2026-09-08T00:24:05+00:00,sapmachine-25,247745290,False,sapmachine-jre-25_macos-aarch64_bin.tar.gz,macos,aarch64,jre,1012
2026-09-08T00:24:05+00:00,sapmachine-25,247745290,False,sapmachine-jre-25_windows-x64_bin.zip,windows,x64,jre,998
2026-09-08T00:24:05+00:00,sapmachine-25,247745290,False,sapmachine-jdk-25_windows-x64_bin.msi,windows,x64,jdk,3718
2026-09-08T00:24:05+00:00,sapmachine-25,247745290,False,sapmachine-jre-25_windows-x64_bin.msi,windows,x64,jre,1450
2026-09-08T00:24:05+00:00,sapmachine-11.0.28,232649124,False,sapmachine-jdk-11.0.28_linux-x64_bin-symbols.tar.gz,linux,x64,jdk,0
2026-09-08T00:24:05+00:00,sapmachine-11.0.28,232649124,False,sapmachine-jdk-11.0.28_linux-x64_bin.tar.gz,linux,x64,jdk,13744
2026-09-08T00:24:05+00:00,sapmachine-11.0.28,232649124,False,sapmachine-jre-11.0.28_linux-x64_bin.tar.gz,linux,x64,jre,8280
2026-09-08T00:24:05+00:00,sapmachine-17.0.16,232645750,False,sapmachine-jdk-17.0.16_linux-aarch64_bin-symbols.tar.gz,linux,aarch64,jdk,4
2026-09-08T00:24:05+00:00,sapmachine-17.0.16,232645750,False,sapmachine-jdk-17.0.16_linux-aarch64_bin.tar.gz,linux,aarch64,jdk,1636
2026-09-08T00:24:05+00:00,sapmachine-17.0.16,232645750,False,sapmachine-jdk-17.0.16_linux-ppc64le_bin-symbols.tar.gz,linux,ppc64,jdk,0
2026-09-08T00:24:05+00:00,sapmachine-17.0.16,232645750,False,sapmachine-jdk-17.0.16_linux-ppc64le_bin.tar.gz,linux,ppc64,jdk,1102
2026-09-08T00:24:05+00:00,sapmachine-17.0.16,232645750,False,sapmachine-jdk-17.0.16_linux-x64-musl_bin-symbols.tar.gz,alpine,x64,jdk,0
2026-09-08T00:24:05+00:00,sapmachine-17.0.16,232645750,False,sapmachine-jdk-17.0.16_linux-x64-musl_bin.tar.gz,alpine,x64,jdk,1171
2026-09-08T00:24:05+00:00,sapmachine-17.0.16,232645750,False,sapmachine-jdk-17.0.16_linux-x64_bin-symbols.tar.gz,linux,x64,jdk,18
2026-09-08T00:24:05+00:00,sapmachine-17.0.16,232645750,False,sapmachine-jdk-17.0.16_linux-x64_bin.tar.gz,linux,x64,jdk,136981
2026-09-08T00:24:05+00:00,sapmachine-17.0.16,232645750,False,sapmachine-jdk-17.0.16_macos-aarch64_bin-symbols.tar.gz,macos,aarch64,jdk,7
2026-09-08T00:24:05+00:00,sapmachine-17.0.16,232645750,False,sapmachine-jdk-17.0.16_macos-aarch64_bin.dmg,macos,aarch64,jdk,3349
2026-09-08T00:24:05+00:00,sapmachine-17.0.16,232645750,False,sapmachine-jdk-17.0.16_macos-aarch64_bin.tar.gz,macos,aarch64,jdk,28198
2026-09-08T00:24:05+00:00,sapmachine-17.0.16,232645750,False,sapmachine-jdk-17.0.16_macos-x64_bin-symbols.tar.gz,macos,x64,jdk,2
2026-09-08T00:24:05+00:00,sapmachine-17.0.16,232645750,False,sapmachine-jdk-17.0.16_macos-x64_bin.dmg,macos,x64,jdk,1529
2026-09-08T00:24:05+00:00,sapmachine-17.0.16,232645750,False,sapmachine-jdk-17.0.16_macos-x64_bin.tar.gz,macos,x64,jdk,7080
2026-09-08T00:24:05+00:00,sapmachine-17.0.16,232645750,False,sapmachine-jdk-17.0.16_windows-x64_bin-symbols.tar.gz,windows,x64,jdk,0
2026-09-08T00:24:05+00:00,sapmachine-17.0.16,232645750,False,sapmachine-jdk-17.0.16_windows-x64_bin.zip,windows,x64,jdk,9766
2026-09-08T00:24:05+00:00,sapmachine-17.0.16,232645750,False,sapmachine-jre-17.0.16_linux-aarch64_bin.tar.gz,linux,aarch64,jre,1420
2026-09-08T00:24:05+00:00,sapmachine-17.0.16,232645750,False,sapmachine-jre-17.0.16_linux-ppc64le_bin.tar.gz,linux,ppc64,jre,1005
2026-09-08T00:24:05+00:00,sapmachine-17.0.16,232645750,False,sapmachine-jre-17.0.16_linux-x64-musl_bin.tar.gz,alpine,x64,jre,1048
2026-09-08T00:24:05+00:00,sapmachine-17.0.16,232645750,False,sapmachine-jre-17.0.16_linux-x64_bin.tar.gz,linux,x64,jre,130467
2026-09-08T00:24:05+00:00,sapmachine-17.0.16,232645750,False,sapmachine-jre-17.0.16_macos-aarch64_bin.dmg,macos,aarch64,jre,1118
2026-09-08T00:24:05+00:00,sapmachine-17.0.16,232645750,False,sapmachine-jre-17.0.16_macos-aarch64_bin.tar.gz,macos,aarch64,jre,1447
2026-09-08T00:24:05+00:00,sapmachine-17.0.16,232645750,False,sapmachine-jre-17.0.16_macos-x64_bin.dmg,macos,x64,jre,1025
2026-09-08T00:24:05+00:00,sapmachine-17.0.16,232645750,False,sapmachine-jre-17.0.16_macos-x64_bin.tar.gz,macos,x64,jre,4112
2026-09-08T00:24:05+00:00,sapmachine-17.0.16,232645750,False,sapmachine-jre-17.0.16_windows-x64_bin.zip,windows,x64,jre,4331
2026-09-08T00:24:05+00:00,sapmachine-17.0.16,232645750,False,sapmachine-jdk-17.0.16_windows-x64_bin.msi,windows,x64,jdk,3795
2026-09-08T00:24:05+00:00,sapmachine-17.0.16,232645750,False,sapmachine-jre-17.0.16_windows-x64_bin.msi,windows,x64,jre,3046
2026-09-08T00:24:05+00:00,sapmachine-21.0.8,232641954,False,sapmachine-jdk-21.0.8_aix-ppc64_bin-symbols.tar.gz,aix,ppc64,jdk,8
2026-09-08T00:24:05+00:00,sapmachine-21.0.8,232641954,False,sapmachine-jdk-21.0.8_aix-ppc64_bin.tar.gz,aix,ppc64,jdk,1083
2026-09-08T00:24:05+00:00,sapmachine-21.0.8,232641954,False,sapmachine-jdk-21.0.8_linux-aarch64_bin-symbols.tar.gz,linux,aarch64,jdk,1
2026-09-08T00:24:05+00:00,sapmachine-21.0.8,232641954,False,sapmachine-jdk-21.0.8_linux-aarch64_bin.tar.gz,linux,aarch64,jdk,1355
2026-09-08T00:24:05+00:00,sapmachine-21.0.8,232641954,False,sapmachine-jdk-21.0.8_linux-ppc64le_bin-symbols.tar.gz,linux,ppc64,jdk,2
2026-09-08T00:24:05+00:00,sapmachine-21.0.8,232641954,False,sapmachine-jdk-21.0.8_linux-ppc64le_bin.tar.gz,linux,ppc64,jdk,1086
2026-09-08T00:24:05+00:00,sapmachine-21.0.8,232641954,False,sapmachine-jdk-21.0.8_linux-x64-musl_bin-symbols.tar.gz,alpine,x64,jdk,1
2026-09-08T00:24:05+00:00,sapmachine-21.0.8,232641954,False,sapmachine-jdk-21.0.8_linux-x64-musl_bin.tar.gz,alpine,x64,jdk,1395
2026-09-08T00:24:05+00:00,sapmachine-21.0.8,232641954,False,sapmachine-jdk-21.0.8_linux-x64_bin-symbols.tar.gz,linux,x64,jdk,1
2026-09-08T00:24:05+00:00,sapmachine-21.0.8,232641954,False,sapmachine-jdk-21.0.8_linux-x64_bin.tar.gz,linux,x64,jdk,115396
2026-09-08T00:24:05+00:00,sapmachine-21.0.8,232641954,False,sapmachine-jdk-21.0.8_macos-aarch64_bin-symbols.tar.gz,macos,aarch64,jdk,10
2026-09-08T00:24:05+00:00,sapmachine-21.0.8,232641954,False,sapmachine-jdk-21.0.8_macos-aarch64_bin.dmg,macos,aarch64,jdk,2860
2026-09-08T00:24:05+00:00,sapmachine-21.0.8,232641954,False,sapmachine-jdk-21.0.8_macos-aarch64_bin.tar.gz,macos,aarch64,jdk,38172
2026-09-08T00:24:05+00:00,sapmachine-21.0.8,232641954,False,sapmachine-jdk-21.0.8_macos-x64_bin-symbols.tar.gz,macos,x64,jdk,2
2026-09-08T00:24:05+00:00,sapmachine-21.0.8,232641954,False,sapmachine-jdk-21.0.8_macos-x64_bin.dmg,macos,x64,jdk,1385
2026-09-08T00:24:05+00:00,sapmachine-21.0.8,232641954,False,sapmachine-jdk-21.0.8_macos-x64_bin.tar.gz,macos,x64,jdk,6427
2026-09-08T00:24:05+00:00,sapmachine-21.0.8,232641954,False,sapmachine-jdk-21.0.8_windows-x64_bin-symbols.tar.gz,windows,x64,jdk,2
2026-09-08T00:24:05+00:00,sapmachine-21.0.8,232641954,False,sapmachine-jdk-21.0.8_windows-x64_bin.zip,windows,x64,jdk,6571
2026-09-08T00:24:05+00:00,sapmachine-21.0.8,232641954,False,sapmachine-jre-21.0.8_aix-ppc64_bin.tar.gz,aix,ppc64,jre,1009
2026-09-08T00:24:05+00:00,sapmachine-21.0.8,232641954,False,sapmachine-jre-21.0.8_linux-aarch64_bin.tar.gz,linux,aarch64,jre,1283
2026-09-08T00:24:05+00:00,sapmachine-21.0.8,232641954,False,sapmachine-jre-21.0.8_linux-ppc64le_bin.tar.gz,linux,ppc64,jre,1004
2026-09-08T00:24:05+00:00,sapmachine-21.0.8,232641954,False,sapmachine-jre-21.0.8_linux-x64-musl_bin.tar.gz,alpine,x64,jre,1035
2026-09-08T00:24:05+00:00,sapmachine-21.0.8,232641954,False,sapmachine-jre-21.0.8_linux-x64_bin.tar.gz,linux,x64,jre,87256
2026-09-08T00:24:05+00:00,sapmachine-21.0.8,232641954,False,sapmachine-jre-21.0.8_macos-aarch64_bin.dmg,macos,aarch64,jre,1075
2026-09-08T00:24:05+00:00,sapmachine-21.0.8,232641954,False,sapmachine-jre-21.0.8_macos-aarch64_bin.tar.gz,macos,aarch64,jre,1625
2026-09-08T00:24:05+00:00,sapmachine-21.0.8,232641954,False,sapmachine-jre-21.0.8_macos-x64_bin.dmg,macos,x64,jre,1042
2026-09-08T00:24:05+00:00,sapmachine-21.0.8,232641954,False,sapmachine-jre-21.0.8_macos-x64_bin.tar.gz,macos,x64,jre,1290
2026-09-08T00:24:05+00:00,sapmachine-21.0.8,232641954,False,sapmachine-jre-21.0.8_windows-x64_bin.zip,windows,x64,jre,1442
2026-09-08T00:24:05+00:00,sapmachine-21.0.8,232641954,False,sapmachine-jdk-21.0.8_windows-x64_bin.msi,windows,x64,jdk,3178
2026-09-08T00:24:05+00:00,sapmachine-21.0.8,232641954,False,sapmachine-jre-21.0.8_windows-x64_bin.msi,windows,x64,jre,1904
2026-09-08T00:24:05+00:00,sapmachine-24.0.2,232633082,False,sapmachine-jdk-24.0.2_aix-ppc64_bin-symbols.tar.gz,aix,ppc64,jdk,0
2026-09-08T00:24:05+00:00,sapmachine-24.0.2,232633082,False,sapmachine-jdk-24.0.2_aix-ppc64_bin.tar.gz,aix,ppc64,jdk,1108
2026-09-08T00:24:05+00:00,sapmachine-24.0.2,232633082,False,sapmachine-jdk-24.0.2_linux-aarch64_bin-symbols.tar.gz,linux,aarch64,jdk,0
2026-09-08T00:24:05+00:00,sapmachine-24.0.2,232633082,False,sapmachine-jdk-24.0.2_linux-aarch64_bin.tar.gz,linux,aarch64,jdk,1270
2026-09-08T00:24:05+00:00,sapmachine-24.0.2,232633082,False,sapmachine-jdk-24.0.2_linux-ppc64le_bin-symbols.tar.gz,linux,ppc64,jdk,0
2026-09-08T00:24:05+00:00,sapmachine-24.0.2,232633082,False,sapmachine-jdk-24.0.2_linux-ppc64le_bin.tar.gz,linux,ppc64,jdk,1110
2026-09-08T00:24:05+00:00,sapmachine-24.0.2,232633082,False,sapmachine-jdk-24.0.2_linux-x64-musl_bin-symbols.tar.gz,alpine,x64,jdk,0
2026-09-08T00:24:05+00:00,sapmachine-24.0.2,232633082,False,sapmachine-jdk-24.0.2_linux-x64-musl_bin.tar.gz,alpine,x64,jdk,1424
2026-09-08T00:24:05+00:00,sapmachine-24.0.2,232633082,False,sapmachine-jdk-24.0.2_linux-x64_bin-symbols.tar.gz,linux,x64,jdk,0
2026-09-08T00:24:05+00:00,sapmachine-24.0.2,232633082,False,sapmachine-jdk-24.0.2_linux-x64_bin.tar.gz,linux,x64,jdk,122860
2026-09-08T00:24:05+00:00,sapmachine-24.0.2,232633082,False,sapmachine-jdk-24.0.2_macos-aarch64_bin-symbols.tar.gz,macos,aarch64,jdk,3
2026-09-08T00:24:05+00:00,sapmachine-24.0.2,232633082,False,sapmachine-jdk-24.0.2_macos-aarch64_bin.dmg,macos,aarch64,jdk,2869
2026-09-08T00:24:05+00:00,sapmachine-24.0.2,232633082,False,sapmachine-jdk-24.0.2_macos-aarch64_bin.tar.gz,macos,aarch64,jdk,2777
2026-09-08T00:24:05+00:00,sapmachine-24.0.2,232633082,False,sapmachine-jdk-24.0.2_macos-x64_bin-symbols.tar.gz,macos,x64,jdk,3
2026-09-08T00:24:05+00:00,sapmachine-24.0.2,232633082,False,sapmachine-jdk-24.0.2_macos-x64_bin.dmg,macos,x64,jdk,1878
2026-09-08T00:24:05+00:00,sapmachine-24.0.2,232633082,False,sapmachine-jdk-24.0.2_macos-x64_bin.tar.gz,macos,x64,jdk,1888
2026-09-08T00:24:05+00:00,sapmachine-24.0.2,232633082,False,sapmachine-jdk-24.0.2_windows-x64_bin-symbols.tar.gz,windows,x64,jdk,1
2026-09-08T00:24:05+00:00,sapmachine-24.0.2,232633082,False,sapmachine-jdk-24.0.2_windows-x64_bin.zip,windows,x64,jdk,25709
2026-09-08T00:24:05+00:00,sapmachine-24.0.2,232633082,False,sapmachine-jre-24.0.2_aix-ppc64_bin.tar.gz,aix,ppc64,jre,1043
2026-09-08T00:24:05+00:00,sapmachine-24.0.2,232633082,False,sapmachine-jre-24.0.2_linux-aarch64_bin.tar.gz,linux,aarch64,jre,1073
2026-09-08T00:24:05+00:00,sapmachine-24.0.2,232633082,False,sapmachine-jre-24.0.2_linux-ppc64le_bin.tar.gz,linux,ppc64,jre,997
2026-09-08T00:24:05+00:00,sapmachine-24.0.2,232633082,False,sapmachine-jre-24.0.2_linux-x64-musl_bin.tar.gz,alpine,x64,jre,999
2026-09-08T00:24:05+00:00,sapmachine-24.0.2,232633082,False,sapmachine-jre-24.0.2_linux-x64_bin.tar.gz,linux,x64,jre,2011
2026-09-08T00:24:05+00:00,sapmachine-24.0.2,232633082,False,sapmachine-jre-24.0.2_macos-aarch64_bin.dmg,macos,aarch64,jre,1023
2026-09-08T00:24:05+00:00,sapmachine-24.0.2,232633082,False,sapmachine-jre-24.0.2_macos-aarch64_bin.tar.gz,macos,aarch64,jre,1121
2026-09-08T00:24:05+00:00,sapmachine-24.0.2,232633082,False,sapmachine-jre-24.0.2_macos-x64_bin.dmg,macos,x64,jre,1017
2026-09-08T00:24:05+00:00,sapmachine-24.0.2,232633082,False,sapmachine-jre-24.0.2_macos-x64_bin.tar.gz,macos,x64,jre,1088
2026-09-08T00:24:05+00:00,sapmachine-24.0.2,232633082,False,sapmachine-jre-24.0.2_windows-x64_bin.zip,windows,x64,jre,1166
2026-09-08T00:24:05+00:00,sapmachine-24.0.2,232633082,False,sapmachine-jdk-24.0.2_windows-x64_bin.msi,windows,x64,jdk,4858
2026-09-08T00:24:05+00:00,sapmachine-24.0.2,232633082,False,sapmachine-jre-24.0.2_windows-x64_bin.msi,windows,x64,jre,2218
2026-09-08T00:24:05+00:00,sapmachine-11.0.27,212625229,False,sapmachine-jdk-11.0.27-1.x86_64.rpm,linux,x64,jdk,1350
2026-09-08T00:24:05+00:00,sapmachine-11.0.27,212625229,False,sapmachine-jdk-11.0.27_linux-x64_bin-symbols.tar.gz,linux,x64,jdk,0
2026-09-08T00:24:05+00:00,sapmachine-11.0.27,212625229,False,sapmachine-jdk-11.0.27_linux-x64_bin.tar.gz,linux,x64,jdk,36934
2026-09-08T00:24:05+00:00,sapmachine-11.0.27,212625229,False,sapmachine-jre-11.0.27_linux-x64_bin.tar.gz,linux,x64,jre,2817
2026-09-08T00:24:05+00:00,sapmachine-17.0.15,212623278,False,sapmachine-jdk-17.0.15-1.aarch64.rpm,linux,aarch64,jdk,1318
2026-09-08T00:24:05+00:00,sapmachine-17.0.15,212623278,False,sapmachine-jdk-17.0.15-1.ppc64le.rpm,linux,ppc64,jdk,1302
2026-09-08T00:24:05+00:00,sapmachine-17.0.15,212623278,False,sapmachine-jdk-17.0.15-1.x86_64.rpm,linux,x64,jdk,2860
2026-09-08T00:24:05+00:00,sapmachine-17.0.15,212623278,False,sapmachine-jdk-17.0.15_linux-aarch64_bin-symbols.tar.gz,linux,aarch64,jdk,1
2026-09-08T00:24:05+00:00,sapmachine-17.0.15,212623278,False,sapmachine-jdk-17.0.15_linux-aarch64_bin.tar.gz,linux,aarch64,jdk,1629
2026-09-08T00:24:05+00:00,sapmachine-17.0.15,212623278,False,sapmachine-jdk-17.0.15_linux-ppc64le_bin-symbols.tar.gz,linux,ppc64,jdk,0
2026-09-08T00:24:05+00:00,sapmachine-17.0.15,212623278,False,sapmachine-jdk-17.0.15_linux-ppc64le_bin.tar.gz,linux,ppc64,jdk,1395
2026-09-08T00:24:05+00:00,sapmachine-17.0.15,212623278,False,sapmachine-jdk-17.0.15_linux-x64-musl_bin-symbols.tar.gz,alpine,x64,jdk,0
2026-09-08T00:24:05+00:00,sapmachine-17.0.15,212623278,False,sapmachine-jdk-17.0.15_linux-x64-musl_bin.tar.gz,alpine,x64,jdk,1471
2026-09-08T00:24:05+00:00,sapmachine-17.0.15,212623278,False,sapmachine-jdk-17.0.15_linux-x64_bin-symbols.tar.gz,linux,x64,jdk,18
2026-09-08T00:24:05+00:00,sapmachine-17.0.15,212623278,False,sapmachine-jdk-17.0.15_linux-x64_bin.tar.gz,linux,x64,jdk,341949
2026-09-08T00:24:05+00:00,sapmachine-17.0.15,212623278,False,sapmachine-jdk-17.0.15_macos-aarch64_bin-symbols.tar.gz,macos,aarch64,jdk,7
2026-09-08T00:24:05+00:00,sapmachine-17.0.15,212623278,False,sapmachine-jdk-17.0.15_macos-aarch64_bin.dmg,macos,aarch64,jdk,2683
2026-09-08T00:24:05+00:00,sapmachine-17.0.15,212623278,False,sapmachine-jdk-17.0.15_macos-aarch64_bin.tar.gz,macos,aarch64,jdk,19229
2026-09-08T00:24:05+00:00,sapmachine-17.0.15,212623278,False,sapmachine-jdk-17.0.15_macos-x64_bin-symbols.tar.gz,macos,x64,jdk,1
2026-09-08T00:24:05+00:00,sapmachine-17.0.15,212623278,False,sapmachine-jdk-17.0.15_macos-x64_bin.dmg,macos,x64,jdk,2694
2026-09-08T00:24:05+00:00,sapmachine-17.0.15,212623278,False,sapmachine-jdk-17.0.15_macos-x64_bin.tar.gz,macos,x64,jdk,5177
2026-09-08T00:24:05+00:00,sapmachine-17.0.15,212623278,False,sapmachine-jdk-17.0.15_windows-x64_bin-symbols.tar.gz,windows,x64,jdk,0
2026-09-08T00:24:05+00:00,sapmachine-17.0.15,212623278,False,sapmachine-jdk-17.0.15_windows-x64_bin.zip,windows,x64,jdk,6865
2026-09-08T00:24:05+00:00,sapmachine-17.0.15,212623278,False,sapmachine-jre-17.0.15_linux-aarch64_bin.tar.gz,linux,aarch64,jre,1663
2026-09-08T00:24:05+00:00,sapmachine-17.0.15,212623278,False,sapmachine-jre-17.0.15_linux-ppc64le_bin.tar.gz,linux,ppc64,jre,1325
2026-09-08T00:24:05+00:00,sapmachine-17.0.15,212623278,False,sapmachine-jre-17.0.15_linux-x64-musl_bin.tar.gz,alpine,x64,jre,1326
2026-09-08T00:24:05+00:00,sapmachine-17.0.15,212623278,False,sapmachine-jre-17.0.15_linux-x64_bin.tar.gz,linux,x64,jre,126951
2026-09-08T00:24:05+00:00,sapmachine-17.0.15,212623278,False,sapmachine-jre-17.0.15_macos-aarch64_bin.dmg,macos,aarch64,jre,1443
2026-09-08T00:24:05+00:00,sapmachine-17.0.15,212623278,False,sapmachine-jre-17.0.15_macos-aarch64_bin.tar.gz,macos,aarch64,jre,1622
2026-09-08T00:24:05+00:00,sapmachine-17.0.15,212623278,False,sapmachine-jre-17.0.15_macos-x64_bin.dmg,macos,x64,jre,1334
2026-09-08T00:24:05+00:00,sapmachine-17.0.15,212623278,False,sapmachine-jre-17.0.15_macos-x64_bin.tar.gz,macos,x64,jre,3194
2026-09-08T00:24:05+00:00,sapmachine-17.0.15,212623278,False,sapmachine-jre-17.0.15_windows-x64_bin.zip,windows,x64,jre,3330
2026-09-08T00:24:05+00:00,sapmachine-17.0.15,212623278,False,sapmachine-jdk-17.0.15_windows-x64_bin.msi,windows,x64,jdk,3903
2026-09-08T00:24:05+00:00,sapmachine-17.0.15,212623278,False,sapmachine-jre-17.0.15_windows-x64_bin.msi,windows,x64,jre,3289
2026-09-08T00:24:05+00:00,sapmachine-21.0.7,212619435,False,sapmachine-jdk-21.0.7-1.aarch64.rpm,linux,aarch64,jdk,1411
2026-09-08T00:24:05+00:00,sapmachine-21.0.7,212619435,False,sapmachine-jdk-21.0.7-1.ppc64le.rpm,linux,ppc64,jdk,1308
2026-09-08T00:24:05+00:00,sapmachine-21.0.7,212619435,False,sapmachine-jdk-21.0.7-1.x86_64.rpm,linux,x64,jdk,1483
2026-09-08T00:24:05+00:00,sapmachine-21.0.7,212619435,False,sapmachine-jdk-21.0.7_aix-ppc64_bin-symbols.tar.gz,aix,ppc64,jdk,7
2026-09-08T00:24:05+00:00,sapmachine-21.0.7,212619435,False,sapmachine-jdk-21.0.7_aix-ppc64_bin.tar.gz,aix,ppc64,jdk,1361
2026-09-08T00:24:05+00:00,sapmachine-21.0.7,212619435,False,sapmachine-jdk-21.0.7_linux-aarch64_bin-symbols.tar.gz,linux,aarch64,jdk,7
2026-09-08T00:24:05+00:00,sapmachine-21.0.7,212619435,False,sapmachine-jdk-21.0.7_linux-aarch64_bin.tar.gz,linux,aarch64,jdk,1605
2026-09-08T00:24:05+00:00,sapmachine-21.0.7,212619435,False,sapmachine-jdk-21.0.7_linux-ppc64le_bin-symbols.tar.gz,linux,ppc64,jdk,6
2026-09-08T00:24:05+00:00,sapmachine-21.0.7,212619435,False,sapmachine-jdk-21.0.7_linux-ppc64le_bin.tar.gz,linux,ppc64,jdk,1390
2026-09-08T00:24:05+00:00,sapmachine-21.0.7,212619435,False,sapmachine-jdk-21.0.7_linux-x64-musl_bin-symbols.tar.gz,alpine,x64,jdk,6
2026-09-08T00:24:05+00:00,sapmachine-21.0.7,212619435,False,sapmachine-jdk-21.0.7_linux-x64-musl_bin.tar.gz,alpine,x64,jdk,1855
2026-09-08T00:24:05+00:00,sapmachine-21.0.7,212619435,False,sapmachine-jdk-21.0.7_linux-x64_bin-symbols.tar.gz,linux,x64,jdk,6
2026-09-08T00:24:05+00:00,sapmachine-21.0.7,212619435,False,sapmachine-jdk-21.0.7_linux-x64_bin.tar.gz,linux,x64,jdk,232977
2026-09-08T00:24:05+00:00,sapmachine-21.0.7,212619435,False,sapmachine-jdk-21.0.7_macos-aarch64_bin-symbols.tar.gz,macos,aarch64,jdk,9
2026-09-08T00:24:05+00:00,sapmachine-21.0.7,212619435,False,sapmachine-jdk-21.0.7_macos-aarch64_bin.dmg,macos,aarch64,jdk,2318
2026-09-08T00:24:05+00:00,sapmachine-21.0.7,212619435,False,sapmachine-jdk-21.0.7_macos-aarch64_bin.tar.gz,macos,aarch64,jdk,25880
2026-09-08T00:24:05+00:00,sapmachine-21.0.7,212619435,False,sapmachine-jdk-21.0.7_macos-x64_bin-symbols.tar.gz,macos,x64,jdk,8
2026-09-08T00:24:05+00:00,sapmachine-21.0.7,212619435,False,sapmachine-jdk-21.0.7_macos-x64_bin.dmg,macos,x64,jdk,2137
2026-09-08T00:24:05+00:00,sapmachine-21.0.7,212619435,False,sapmachine-jdk-21.0.7_macos-x64_bin.tar.gz,macos,x64,jdk,4640
2026-09-08T00:24:05+00:00,sapmachine-21.0.7,212619435,False,sapmachine-jdk-21.0.7_windows-x64_bin-symbols.tar.gz,windows,x64,jdk,6
2026-09-08T00:24:05+00:00,sapmachine-21.0.7,212619435,False,sapmachine-jdk-21.0.7_windows-x64_bin.zip,windows,x64,jdk,4831
2026-09-08T00:24:05+00:00,sapmachine-21.0.7,212619435,False,sapmachine-jre-21.0.7_aix-ppc64_bin.tar.gz,aix,ppc64,jre,1321
2026-09-08T00:24:05+00:00,sapmachine-21.0.7,212619435,False,sapmachine-jre-21.0.7_linux-aarch64_bin.tar.gz,linux,aarch64,jre,1498
2026-09-08T00:24:05+00:00,sapmachine-21.0.7,212619435,False,sapmachine-jre-21.0.7_linux-ppc64le_bin.tar.gz,linux,ppc64,jre,1340
2026-09-08T00:24:05+00:00,sapmachine-21.0.7,212619435,False,sapmachine-jre-21.0.7_linux-x64-musl_bin.tar.gz,alpine,x64,jre,1355
2026-09-08T00:24:05+00:00,sapmachine-21.0.7,212619435,False,sapmachine-jre-21.0.7_linux-x64_bin.tar.gz,linux,x64,jre,71381
2026-09-08T00:24:05+00:00,sapmachine-21.0.7,212619435,False,sapmachine-jre-21.0.7_macos-aarch64_bin.dmg,macos,aarch64,jre,1348
2026-09-08T00:24:05+00:00,sapmachine-21.0.7,212619435,False,sapmachine-jre-21.0.7_macos-aarch64_bin.tar.gz,macos,aarch64,jre,1884
2026-09-08T00:24:05+00:00,sapmachine-21.0.7,212619435,False,sapmachine-jre-21.0.7_macos-x64_bin.dmg,macos,x64,jre,1339
2026-09-08T00:24:05+00:00,sapmachine-21.0.7,212619435,False,sapmachine-jre-21.0.7_macos-x64_bin.tar.gz,macos,x64,jre,1645
2026-09-08T00:24:05+00:00,sapmachine-21.0.7,212619435,False,sapmachine-jre-21.0.7_windows-x64_bin.zip,windows,x64,jre,1760
2026-09-08T00:24:05+00:00,sapmachine-21.0.7,212619435,False,sapmachine-jdk-21.0.7_windows-x64_bin.msi,windows,x64,jdk,3293
2026-09-08T00:24:05+00:00,sapmachine-21.0.7,212619435,False,sapmachine-jre-21.0.7_windows-x64_bin.msi,windows,x64,jre,2331
2026-09-08T00:24:05+00:00,sapmachine-24.0.1,212611981,False,sapmachine-jdk-24.0.1-1.aarch64.rpm,linux,aarch64,jdk,1317
2026-09-08T00:24:05+00:00,sapmachine-24.0.1,212611981,False,sapmachine-jdk-24.0.1-1.ppc64le.rpm,linux,ppc64,jdk,1302
2026-09-08T00:24:05+00:00,sapmachine-24.0.1,212611981,False,sapmachine-jdk-24.0.1-1.x86_64.rpm,linux,x64,jdk,1312
2026-09-08T00:24:05+00:00,sapmachine-24.0.1,212611981,False,sapmachine-jdk-24.0.1_aix-ppc64_bin-symbols.tar.gz,aix,ppc64,jdk,0
2026-09-08T00:24:05+00:00,sapmachine-24.0.1,212611981,False,sapmachine-jdk-24.0.1_aix-ppc64_bin.tar.gz,aix,ppc64,jdk,1412
2026-09-08T00:24:05+00:00,sapmachine-24.0.1,212611981,False,sapmachine-jdk-24.0.1_linux-aarch64_bin-symbols.tar.gz,linux,aarch64,jdk,0
2026-09-08T00:24:05+00:00,sapmachine-24.0.1,212611981,False,sapmachine-jdk-24.0.1_linux-aarch64_bin.tar.gz,linux,aarch64,jdk,1573
2026-09-08T00:24:05+00:00,sapmachine-24.0.1,212611981,False,sapmachine-jdk-24.0.1_linux-ppc64le_bin-symbols.tar.gz,linux,ppc64,jdk,0
2026-09-08T00:24:05+00:00,sapmachine-24.0.1,212611981,False,sapmachine-jdk-24.0.1_linux-ppc64le_bin.tar.gz,linux,ppc64,jdk,1425
2026-09-08T00:24:05+00:00,sapmachine-24.0.1,212611981,False,sapmachine-jdk-24.0.1_linux-x64-musl_bin-symbols.tar.gz,alpine,x64,jdk,0
2026-09-08T00:24:05+00:00,sapmachine-24.0.1,212611981,False,sapmachine-jdk-24.0.1_linux-x64-musl_bin.tar.gz,alpine,x64,jdk,1750
2026-09-08T00:24:05+00:00,sapmachine-24.0.1,212611981,False,sapmachine-jdk-24.0.1_linux-x64_bin-symbols.tar.gz,linux,x64,jdk,0
2026-09-08T00:24:05+00:00,sapmachine-24.0.1,212611981,False,sapmachine-jdk-24.0.1_linux-x64_bin.tar.gz,linux,x64,jdk,7780
2026-09-08T00:24:05+00:00,sapmachine-24.0.1,212611981,False,sapmachine-jdk-24.0.1_macos-aarch64_bin-symbols.tar.gz,macos,aarch64,jdk,2
2026-09-08T00:24:05+00:00,sapmachine-24.0.1,212611981,False,sapmachine-jdk-24.0.1_macos-aarch64_bin.dmg,macos,aarch64,jdk,2802
2026-09-08T00:24:05+00:00,sapmachine-24.0.1,212611981,False,sapmachine-jdk-24.0.1_macos-aarch64_bin.tar.gz,macos,aarch64,jdk,2657
2026-09-08T00:24:05+00:00,sapmachine-24.0.1,212611981,False,sapmachine-jdk-24.0.1_macos-x64_bin-symbols.tar.gz,macos,x64,jdk,1
2026-09-08T00:24:05+00:00,sapmachine-24.0.1,212611981,False,sapmachine-jdk-24.0.1_macos-x64_bin.dmg,macos,x64,jdk,2540
2026-09-08T00:24:05+00:00,sapmachine-24.0.1,212611981,False,sapmachine-jdk-24.0.1_macos-x64_bin.tar.gz,macos,x64,jdk,2030
2026-09-08T00:24:05+00:00,sapmachine-24.0.1,212611981,False,sapmachine-jdk-24.0.1_windows-x64_bin-symbols.tar.gz,windows,x64,jdk,1
2026-09-08T00:24:05+00:00,sapmachine-24.0.1,212611981,False,sapmachine-jdk-24.0.1_windows-x64_bin.zip,windows,x64,jdk,2599
2026-09-08T00:24:05+00:00,sapmachine-24.0.1,212611981,False,sapmachine-jre-24.0.1_aix-ppc64_bin.tar.gz,aix,ppc64,jre,1309
2026-09-08T00:24:05+00:00,sapmachine-24.0.1,212611981,False,sapmachine-jre-24.0.1_linux-aarch64_bin.tar.gz,linux,aarch64,jre,1427
2026-09-08T00:24:05+00:00,sapmachine-24.0.1,212611981,False,sapmachine-jre-24.0.1_linux-ppc64le_bin.tar.gz,linux,ppc64,jre,1339
2026-09-08T00:24:05+00:00,sapmachine-24.0.1,212611981,False,sapmachine-jre-24.0.1_linux-x64-musl_bin.tar.gz,alpine,x64,jre,1316
2026-09-08T00:24:05+00:00,sapmachine-24.0.1,212611981,False,sapmachine-jre-24.0.1_linux-x64_bin.tar.gz,linux,x64,jre,2078
2026-09-08T00:24:05+00:00,sapmachine-24.0.1,212611981,False,sapmachine-jre-24.0.1_macos-aarch64_bin.dmg,macos,aarch64,jre,1323
2026-09-08T00:24:05+00:00,sapmachine-24.0.1,212611981,False,sapmachine-jre-24.0.1_macos-aarch64_bin.tar.gz,macos,aarch64,jre,1424
2026-09-08T00:24:05+00:00,sapmachine-24.0.1,212611981,False,sapmachine-jre-24.0.1_macos-x64_bin.dmg,macos,x64,jre,1321
2026-09-08T00:24:05+00:00,sapmachine-24.0.1,212611981,False,sapmachine-jre-24.0.1_macos-x64_bin.tar.gz,macos,x64,jre,1393
2026-09-08T00:24:05+00:00,sapmachine-24.0.1,212611981,False,sapmachine-jre-24.0.1_windows-x64_bin.zip,windows,x64,jre,1486
2026-09-08T00:24:05+00:00,sapmachine-24.0.1,212611981,False,sapmachine-jdk-24.0.1_windows-x64_bin.msi,windows,x64,jdk,6100
2026-09-08T00:24:05+00:00,sapmachine-24.0.1,212611981,False,sapmachine-jre-24.0.1_windows-x64_bin.msi,windows,x64,jre,2618
2026-09-08T00:24:05+00:00,sapmachine-24,206755339,False,sapmachine-jdk-24-1.aarch64.rpm,linux,aarch64,jdk,1398
2026-09-08T00:24:05+00:00,sapmachine-24,206755339,False,sapmachine-jdk-24-1.ppc64le.rpm,linux,ppc64,jdk,1490
2026-09-08T00:24:05+00:00,sapmachine-24,206755339,False,sapmachine-jdk-24-1.x86_64.rpm,linux,x64,jdk,1420
2026-09-08T00:24:05+00:00,sapmachine-24,206755339,False,sapmachine-jdk-24_aix-ppc64_bin-symbols.tar.gz,aix,ppc64,jdk,1
2026-09-08T00:24:05+00:00,sapmachine-24,206755339,False,sapmachine-jdk-24_aix-ppc64_bin.tar.gz,aix,ppc64,jdk,1426
2026-09-08T00:24:05+00:00,sapmachine-24,206755339,False,sapmachine-jdk-24_linux-aarch64_bin-symbols.tar.gz,linux,aarch64,jdk,1
2026-09-08T00:24:05+00:00,sapmachine-24,206755339,False,sapmachine-jdk-24_linux-aarch64_bin.tar.gz,linux,aarch64,jdk,1595
2026-09-08T00:24:05+00:00,sapmachine-24,206755339,False,sapmachine-jdk-24_linux-ppc64le_bin-symbols.tar.gz,linux,ppc64,jdk,1
2026-09-08T00:24:05+00:00,sapmachine-24,206755339,False,sapmachine-jdk-24_linux-ppc64le_bin.tar.gz,linux,ppc64,jdk,1459
2026-09-08T00:24:05+00:00,sapmachine-24,206755339,False,sapmachine-jdk-24_linux-x64-musl_bin-symbols.tar.gz,alpine,x64,jdk,1
2026-09-08T00:24:05+00:00,sapmachine-24,206755339,False,sapmachine-jdk-24_linux-x64-musl_bin.tar.gz,alpine,x64,jdk,1487
2026-09-08T00:24:05+00:00,sapmachine-24,206755339,False,sapmachine-jdk-24_linux-x64_bin-symbols.tar.gz,linux,x64,jdk,1
2026-09-08T00:24:05+00:00,sapmachine-24,206755339,False,sapmachine-jdk-24_linux-x64_bin.tar.gz,linux,x64,jdk,2712
2026-09-08T00:24:05+00:00,sapmachine-24,206755339,False,sapmachine-jdk-24_macos-aarch64_bin-symbols.tar.gz,macos,aarch64,jdk,1
2026-09-08T00:24:05+00:00,sapmachine-24,206755339,False,sapmachine-jdk-24_macos-aarch64_bin.dmg,macos,aarch64,jdk,2015
2026-09-08T00:24:05+00:00,sapmachine-24,206755339,False,sapmachine-jdk-24_macos-aarch64_bin.tar.gz,macos,aarch64,jdk,1796
2026-09-08T00:24:05+00:00,sapmachine-24,206755339,False,sapmachine-jdk-24_macos-x64_bin-symbols.tar.gz,macos,x64,jdk,2
2026-09-08T00:24:05+00:00,sapmachine-24,206755339,False,sapmachine-jdk-24_macos-x64_bin.dmg,macos,x64,jdk,1837
2026-09-08T00:24:05+00:00,sapmachine-24,206755339,False,sapmachine-jdk-24_macos-x64_bin.tar.gz,macos,x64,jdk,1662
2026-09-08T00:24:05+00:00,sapmachine-24,206755339,False,sapmachine-jdk-24_windows-x64_bin-symbols.tar.gz,windows,x64,jdk,3
2026-09-08T00:24:05+00:00,sapmachine-24,206755339,False,sapmachine-jdk-24_windows-x64_bin.zip,windows,x64,jdk,1933
2026-09-08T00:24:05+00:00,sapmachine-24,206755339,False,sapmachine-jre-24_aix-ppc64_bin.tar.gz,aix,ppc64,jre,1407
2026-09-08T00:24:05+00:00,sapmachine-24,206755339,False,sapmachine-jre-24_linux-aarch64_bin.tar.gz,linux,aarch64,jre,1460
2026-09-08T00:24:05+00:00,sapmachine-24,206755339,False,sapmachine-jre-24_linux-ppc64le_bin.tar.gz,linux,ppc64,jre,1401
2026-09-08T00:24:05+00:00,sapmachine-24,206755339,False,sapmachine-jre-24_linux-x64-musl_bin.tar.gz,alpine,x64,jre,1416
2026-09-08T00:24:05+00:00,sapmachine-24,206755339,False,sapmachine-jre-24_linux-x64_bin.tar.gz,linux,x64,jre,1983
2026-09-08T00:24:05+00:00,sapmachine-24,206755339,False,sapmachine-jre-24_macos-aarch64_bin.dmg,macos,aarch64,jre,1438
2026-09-08T00:24:05+00:00,sapmachine-24,206755339,False,sapmachine-jre-24_macos-aarch64_bin.tar.gz,macos,aarch64,jre,1498
2026-09-08T00:24:05+00:00,sapmachine-24,206755339,False,sapmachine-jre-24_macos-x64_bin.dmg,macos,x64,jre,1411
2026-09-08T00:24:05+00:00,sapmachine-24,206755339,False,sapmachine-jre-24_macos-x64_bin.tar.gz,macos,x64,jre,1506
2026-09-08T00:24:05+00:00,sapmachine-24,206755339,False,sapmachine-jre-24_windows-x64_bin.zip,windows,x64,jre,1522
2026-09-08T00:24:05+00:00,sapmachine-24,206755339,False,sapmachine-jdk-24_windows-x64_bin.msi,windows,x64,jdk,3541
2026-09-08T00:24:05+00:00,sapmachine-24,206755339,False,sapmachine-jre-24_windows-x64_bin.msi,windows,x64,jre,2337
2026-09-08T00:24:05+00:00,sapmachine-11.0.26,196049247,False,sapmachine-jdk-11.0.26-1.x86_64.rpm,linux,x64,jdk,1575
2026-09-08T00:24:05+00:00,sapmachine-11.0.26,196049247,False,sapmachine-jdk-11.0.26_linux-x64_bin-symbols.tar.gz,linux,x64,jdk,2
2026-09-08T00:24:05+00:00,sapmachine-11.0.26,196049247,False,sapmachine-jdk-11.0.26_linux-x64_bin.tar.gz,linux,x64,jdk,22174
2026-09-08T00:24:05+00:00,sapmachine-11.0.26,196049247,False,sapmachine-jre-11.0.26_linux-x64_bin.tar.gz,linux,x64,jre,3000
2026-09-08T00:24:05+00:00,sapmachine-17.0.14,196046864,False,sapmachine-jdk-17.0.14-1.aarch64.rpm,linux,aarch64,jdk,1574
2026-09-08T00:24:05+00:00,sapmachine-17.0.14,196046864,False,sapmachine-jdk-17.0.14-1.ppc64le.rpm,linux,ppc64,jdk,1558
2026-09-08T00:24:05+00:00,sapmachine-17.0.14,196046864,False,sapmachine-jdk-17.0.14-1.x86_64.rpm,linux,x64,jdk,2048
2026-09-08T00:24:05+00:00,sapmachine-17.0.14,196046864,False,sapmachine-jdk-17.0.14_linux-aarch64_bin-symbols.tar.gz,linux,aarch64,jdk,3
2026-09-08T00:24:05+00:00,sapmachine-17.0.14,196046864,False,sapmachine-jdk-17.0.14_linux-aarch64_bin.tar.gz,linux,aarch64,jdk,1935
2026-09-08T00:24:05+00:00,sapmachine-17.0.14,196046864,False,sapmachine-jdk-17.0.14_linux-ppc64le_bin-symbols.tar.gz,linux,ppc64,jdk,2
2026-09-08T00:24:05+00:00,sapmachine-17.0.14,196046864,False,sapmachine-jdk-17.0.14_linux-ppc64le_bin.tar.gz,linux,ppc64,jdk,1662
2026-09-08T00:24:05+00:00,sapmachine-17.0.14,196046864,False,sapmachine-jdk-17.0.14_linux-x64-musl_bin-symbols.tar.gz,alpine,x64,jdk,2
2026-09-08T00:24:05+00:00,sapmachine-17.0.14,196046864,False,sapmachine-jdk-17.0.14_linux-x64-musl_bin.tar.gz,alpine,x64,jdk,1710
2026-09-08T00:24:05+00:00,sapmachine-17.0.14,196046864,False,sapmachine-jdk-17.0.14_linux-x64_bin-symbols.tar.gz,linux,x64,jdk,2
2026-09-08T00:24:05+00:00,sapmachine-17.0.14,196046864,False,sapmachine-jdk-17.0.14_linux-x64_bin.tar.gz,linux,x64,jdk,127984
2026-09-08T00:24:05+00:00,sapmachine-17.0.14,196046864,False,sapmachine-jdk-17.0.14_macos-aarch64_bin-symbols.tar.gz,macos,aarch64,jdk,12
2026-09-08T00:24:05+00:00,sapmachine-17.0.14,196046864,False,sapmachine-jdk-17.0.14_macos-aarch64_bin.dmg,macos,aarch64,jdk,2599
2026-09-08T00:24:05+00:00,sapmachine-17.0.14,196046864,False,sapmachine-jdk-17.0.14_macos-aarch64_bin.tar.gz,macos,aarch64,jdk,17772
2026-09-08T00:24:05+00:00,sapmachine-17.0.14,196046864,False,sapmachine-jdk-17.0.14_macos-x64_bin-symbols.tar.gz,macos,x64,jdk,3
2026-09-08T00:24:05+00:00,sapmachine-17.0.14,196046864,False,sapmachine-jdk-17.0.14_macos-x64_bin.dmg,macos,x64,jdk,2897
2026-09-08T00:24:05+00:00,sapmachine-17.0.14,196046864,False,sapmachine-jdk-17.0.14_macos-x64_bin.tar.gz,macos,x64,jdk,5440
2026-09-08T00:24:05+00:00,sapmachine-17.0.14,196046864,False,sapmachine-jdk-17.0.14_windows-x64_bin-symbols.tar.gz,windows,x64,jdk,5
2026-09-08T00:24:05+00:00,sapmachine-17.0.14,196046864,False,sapmachine-jdk-17.0.14_windows-x64_bin.zip,windows,x64,jdk,26216
2026-09-08T00:24:05+00:00,sapmachine-17.0.14,196046864,False,sapmachine-jre-17.0.14_linux-aarch64_bin.tar.gz,linux,aarch64,jre,1897
2026-09-08T00:24:05+00:00,sapmachine-17.0.14,196046864,False,sapmachine-jre-17.0.14_linux-ppc64le_bin.tar.gz,linux,ppc64,jre,1575
2026-09-08T00:24:05+00:00,sapmachine-17.0.14,196046864,False,sapmachine-jre-17.0.14_linux-x64-musl_bin.tar.gz,alpine,x64,jre,1639
2026-09-08T00:24:05+00:00,sapmachine-17.0.14,196046864,False,sapmachine-jre-17.0.14_linux-x64_bin.tar.gz,linux,x64,jre,118763
2026-09-08T00:24:05+00:00,sapmachine-17.0.14,196046864,False,sapmachine-jre-17.0.14_macos-aarch64_bin.dmg,macos,aarch64,jre,1639
2026-09-08T00:24:05+00:00,sapmachine-17.0.14,196046864,False,sapmachine-jre-17.0.14_macos-aarch64_bin.tar.gz,macos,aarch64,jre,1859
2026-09-08T00:24:05+00:00,sapmachine-17.0.14,196046864,False,sapmachine-jre-17.0.14_macos-x64_bin.dmg,macos,x64,jre,1599
2026-09-08T00:24:05+00:00,sapmachine-17.0.14,196046864,False,sapmachine-jre-17.0.14_macos-x64_bin.tar.gz,macos,x64,jre,4060
2026-09-08T00:24:05+00:00,sapmachine-17.0.14,196046864,False,sapmachine-jre-17.0.14_windows-x64_bin.zip,windows,x64,jre,4287
2026-09-08T00:24:05+00:00,sapmachine-17.0.14,196046864,False,sapmachine-jdk-17.0.14_windows-x64_bin.msi,windows,x64,jdk,4303
2026-09-08T00:24:05+00:00,sapmachine-17.0.14,196046864,False,sapmachine-jre-17.0.14_windows-x64_bin.msi,windows,x64,jre,3529
2026-09-08T00:24:05+00:00,sapmachine-21.0.6,196029075,False,sapmachine-jdk-21.0.6-1.aarch64.rpm,linux,aarch64,jdk,1574
2026-09-08T00:24:05+00:00,sapmachine-21.0.6,196029075,False,sapmachine-jdk-21.0.6-1.ppc64le.rpm,linux,ppc64,jdk,1563
2026-09-08T00:24:05+00:00,sapmachine-21.0.6,196029075,False,sapmachine-jdk-21.0.6-1.x86_64.rpm,linux,x64,jdk,1638
2026-09-08T00:24:05+00:00,sapmachine-21.0.6,196029075,False,sapmachine-jdk-21.0.6_aix-ppc64_bin-symbols.tar.gz,aix,ppc64,jdk,4
2026-09-08T00:24:05+00:00,sapmachine-21.0.6,196029075,False,sapmachine-jdk-21.0.6_aix-ppc64_bin.tar.gz,aix,ppc64,jdk,1607
2026-09-08T00:24:05+00:00,sapmachine-21.0.6,196029075,False,sapmachine-jdk-21.0.6_linux-aarch64_bin-symbols.tar.gz,linux,aarch64,jdk,3
2026-09-08T00:24:05+00:00,sapmachine-21.0.6,196029075,False,sapmachine-jdk-21.0.6_linux-aarch64_bin.tar.gz,linux,aarch64,jdk,1768
2026-09-08T00:24:05+00:00,sapmachine-21.0.6,196029075,False,sapmachine-jdk-21.0.6_linux-ppc64le_bin-symbols.tar.gz,linux,ppc64,jdk,3
2026-09-08T00:24:05+00:00,sapmachine-21.0.6,196029075,False,sapmachine-jdk-21.0.6_linux-ppc64le_bin.tar.gz,linux,ppc64,jdk,1603
2026-09-08T00:24:05+00:00,sapmachine-21.0.6,196029075,False,sapmachine-jdk-21.0.6_linux-x64-musl_bin-symbols.tar.gz,alpine,x64,jdk,3
2026-09-08T00:24:05+00:00,sapmachine-21.0.6,196029075,False,sapmachine-jdk-21.0.6_linux-x64-musl_bin.tar.gz,alpine,x64,jdk,1819
2026-09-08T00:24:05+00:00,sapmachine-21.0.6,196029075,False,sapmachine-jdk-21.0.6_linux-x64_bin-symbols.tar.gz,linux,x64,jdk,6
2026-09-08T00:24:05+00:00,sapmachine-21.0.6,196029075,False,sapmachine-jdk-21.0.6_linux-x64_bin.tar.gz,linux,x64,jdk,57511
2026-09-08T00:24:05+00:00,sapmachine-21.0.6,196029075,False,sapmachine-jdk-21.0.6_macos-aarch64_bin-symbols.tar.gz,macos,aarch64,jdk,3
2026-09-08T00:24:05+00:00,sapmachine-21.0.6,196029075,False,sapmachine-jdk-21.0.6_macos-aarch64_bin.dmg,macos,aarch64,jdk,2028
2026-09-08T00:24:05+00:00,sapmachine-21.0.6,196029075,False,sapmachine-jdk-21.0.6_macos-aarch64_bin.tar.gz,macos,aarch64,jdk,23286
2026-09-08T00:24:05+00:00,sapmachine-21.0.6,196029075,False,sapmachine-jdk-21.0.6_macos-x64_bin-symbols.tar.gz,macos,x64,jdk,3
2026-09-08T00:24:05+00:00,sapmachine-21.0.6,196029075,False,sapmachine-jdk-21.0.6_macos-x64_bin.dmg,macos,x64,jdk,2089
2026-09-08T00:24:05+00:00,sapmachine-21.0.6,196029075,False,sapmachine-jdk-21.0.6_macos-x64_bin.tar.gz,macos,x64,jdk,6096
2026-09-08T00:24:05+00:00,sapmachine-21.0.6,196029075,False,sapmachine-jdk-21.0.6_windows-x64_bin-symbols.tar.gz,windows,x64,jdk,4
2026-09-08T00:24:05+00:00,sapmachine-21.0.6,196029075,False,sapmachine-jdk-21.0.6_windows-x64_bin.zip,windows,x64,jdk,5656
2026-09-08T00:24:05+00:00,sapmachine-21.0.6,196029075,False,sapmachine-jre-21.0.6_aix-ppc64_bin.tar.gz,aix,ppc64,jre,1614
2026-09-08T00:24:05+00:00,sapmachine-21.0.6,196029075,False,sapmachine-jre-21.0.6_linux-aarch64_bin.tar.gz,linux,aarch64,jre,1794
2026-09-08T00:24:05+00:00,sapmachine-21.0.6,196029075,False,sapmachine-jre-21.0.6_linux-ppc64le_bin.tar.gz,linux,ppc64,jre,1568
2026-09-08T00:24:05+00:00,sapmachine-21.0.6,196029075,False,sapmachine-jre-21.0.6_linux-x64-musl_bin.tar.gz,alpine,x64,jre,1636
2026-09-08T00:24:05+00:00,sapmachine-21.0.6,196029075,False,sapmachine-jre-21.0.6_linux-x64_bin.tar.gz,linux,x64,jre,60887
2026-09-08T00:24:05+00:00,sapmachine-21.0.6,196029075,False,sapmachine-jre-21.0.6_macos-aarch64_bin.dmg,macos,aarch64,jre,1610
2026-09-08T00:24:05+00:00,sapmachine-21.0.6,196029075,False,sapmachine-jre-21.0.6_macos-aarch64_bin.tar.gz,macos,aarch64,jre,1997
2026-09-08T00:24:05+00:00,sapmachine-21.0.6,196029075,False,sapmachine-jre-21.0.6_macos-x64_bin.dmg,macos,x64,jre,1584
2026-09-08T00:24:05+00:00,sapmachine-21.0.6,196029075,False,sapmachine-jre-21.0.6_macos-x64_bin.tar.gz,macos,x64,jre,1799
2026-09-08T00:24:05+00:00,sapmachine-21.0.6,196029075,False,sapmachine-jre-21.0.6_windows-x64_bin.zip,windows,x64,jre,1887
2026-09-08T00:24:05+00:00,sapmachine-21.0.6,196029075,False,sapmachine-jdk-21.0.6_windows-x64_bin.msi,windows,x64,jdk,3562
2026-09-08T00:24:05+00:00,sapmachine-21.0.6,196029075,False,sapmachine-jre-21.0.6_windows-x64_bin.msi,windows,x64,jre,2647
2026-09-08T00:24:05+00:00,sapmachine-23.0.2,196017845,False,sapmachine-jdk-23.0.2-1.aarch64.rpm,linux,aarch64,jdk,1581
2026-09-08T00:24:05+00:00,sapmachine-23.0.2,196017845,False,sapmachine-jdk-23.0.2-1.ppc64le.rpm,linux,ppc64,jdk,1629
2026-09-08T00:24:05+00:00,sapmachine-23.0.2,196017845,False,sapmachine-jdk-23.0.2-1.x86_64.rpm,linux,x64,jdk,1598
2026-09-08T00:24:05+00:00,sapmachine-23.0.2,196017845,False,sapmachine-jdk-23.0.2_aix-ppc64_bin-symbols.tar.gz,aix,ppc64,jdk,2
2026-09-08T00:24:05+00:00,sapmachine-23.0.2,196017845,False,sapmachine-jdk-23.0.2_aix-ppc64_bin.tar.gz,aix,ppc64,jdk,1629
2026-09-08T00:24:05+00:00,sapmachine-23.0.2,196017845,False,sapmachine-jdk-23.0.2_linux-aarch64_bin-symbols.tar.gz,linux,aarch64,jdk,2
2026-09-08T00:24:05+00:00,sapmachine-23.0.2,196017845,False,sapmachine-jdk-23.0.2_linux-aarch64_bin.tar.gz,linux,aarch64,jdk,1735
2026-09-08T00:24:05+00:00,sapmachine-23.0.2,196017845,False,sapmachine-jdk-23.0.2_linux-ppc64le_bin-symbols.tar.gz,linux,ppc64,jdk,2
2026-09-08T00:24:05+00:00,sapmachine-23.0.2,196017845,False,sapmachine-jdk-23.0.2_linux-ppc64le_bin.tar.gz,linux,ppc64,jdk,1627
2026-09-08T00:24:05+00:00,sapmachine-23.0.2,196017845,False,sapmachine-jdk-23.0.2_linux-x64-musl_bin-symbols.tar.gz,alpine,x64,jdk,2
2026-09-08T00:24:05+00:00,sapmachine-23.0.2,196017845,False,sapmachine-jdk-23.0.2_linux-x64-musl_bin.tar.gz,alpine,x64,jdk,1762
2026-09-08T00:24:05+00:00,sapmachine-23.0.2,196017845,False,sapmachine-jdk-23.0.2_linux-x64_bin-symbols.tar.gz,linux,x64,jdk,2
2026-09-08T00:24:05+00:00,sapmachine-23.0.2,196017845,False,sapmachine-jdk-23.0.2_linux-x64_bin.tar.gz,linux,x64,jdk,148640
2026-09-08T00:24:05+00:00,sapmachine-23.0.2,196017845,False,sapmachine-jdk-23.0.2_macos-aarch64_bin-symbols.tar.gz,macos,aarch64,jdk,3
2026-09-08T00:24:05+00:00,sapmachine-23.0.2,196017845,False,sapmachine-jdk-23.0.2_macos-aarch64_bin.dmg,macos,aarch64,jdk,2635
2026-09-08T00:24:05+00:00,sapmachine-23.0.2,196017845,False,sapmachine-jdk-23.0.2_macos-aarch64_bin.tar.gz,macos,aarch64,jdk,2917
2026-09-08T00:24:05+00:00,sapmachine-23.0.2,196017845,False,sapmachine-jdk-23.0.2_macos-x64_bin-symbols.tar.gz,macos,x64,jdk,2
2026-09-08T00:24:05+00:00,sapmachine-23.0.2,196017845,False,sapmachine-jdk-23.0.2_macos-x64_bin.dmg,macos,x64,jdk,2413
2026-09-08T00:24:05+00:00,sapmachine-23.0.2,196017845,False,sapmachine-jdk-23.0.2_macos-x64_bin.tar.gz,macos,x64,jdk,2035
2026-09-08T00:24:05+00:00,sapmachine-23.0.2,196017845,False,sapmachine-jdk-23.0.2_windows-x64_bin-symbols.tar.gz,windows,x64,jdk,5
2026-09-08T00:24:05+00:00,sapmachine-23.0.2,196017845,False,sapmachine-jdk-23.0.2_windows-x64_bin.zip,windows,x64,jdk,2494
2026-09-08T00:24:05+00:00,sapmachine-23.0.2,196017845,False,sapmachine-jre-23.0.2_aix-ppc64_bin.tar.gz,aix,ppc64,jre,1601
2026-09-08T00:24:05+00:00,sapmachine-23.0.2,196017845,False,sapmachine-jre-23.0.2_linux-aarch64_bin.tar.gz,linux,aarch64,jre,1649
2026-09-08T00:24:05+00:00,sapmachine-23.0.2,196017845,False,sapmachine-jre-23.0.2_linux-ppc64le_bin.tar.gz,linux,ppc64,jre,1566
2026-09-08T00:24:05+00:00,sapmachine-23.0.2,196017845,False,sapmachine-jre-23.0.2_linux-x64-musl_bin.tar.gz,alpine,x64,jre,1597
2026-09-08T00:24:05+00:00,sapmachine-23.0.2,196017845,False,sapmachine-jre-23.0.2_linux-x64_bin.tar.gz,linux,x64,jre,3867
2026-09-08T00:24:05+00:00,sapmachine-23.0.2,196017845,False,sapmachine-jre-23.0.2_macos-aarch64_bin.dmg,macos,aarch64,jre,1603
2026-09-08T00:24:05+00:00,sapmachine-23.0.2,196017845,False,sapmachine-jre-23.0.2_macos-aarch64_bin.tar.gz,macos,aarch64,jre,1709
2026-09-08T00:24:05+00:00,sapmachine-23.0.2,196017845,False,sapmachine-jre-23.0.2_macos-x64_bin.dmg,macos,x64,jre,1629
2026-09-08T00:24:05+00:00,sapmachine-23.0.2,196017845,False,sapmachine-jre-23.0.2_macos-x64_bin.tar.gz,macos,x64,jre,1662
2026-09-08T00:24:05+00:00,sapmachine-23.0.2,196017845,False,sapmachine-jre-23.0.2_windows-x64_bin.zip,windows,x64,jre,1740
2026-09-08T00:24:05+00:00,sapmachine-23.0.2,196017845,False,sapmachine-jdk-23.0.2_windows-x64_bin.msi,windows,x64,jdk,5298
2026-09-08T00:24:05+00:00,sapmachine-23.0.2,196017845,False,sapmachine-jre-23.0.2_windows-x64_bin.msi,windows,x64,jre,3066
2026-09-08T00:24:05+00:00,sapmachine-21.0.5,180069062,False,sapmachine-jdk-21.0.5-1.x86_64.rpm,linux,x64,jdk,1922
2026-09-08T00:24:05+00:00,sapmachine-21.0.5,180069062,False,sapmachine-jdk-21.0.5_aix-ppc64_bin-symbols.tar.gz,aix,ppc64,jdk,4
2026-09-08T00:24:05+00:00,sapmachine-21.0.5,180069062,False,sapmachine-jdk-21.0.5_aix-ppc64_bin.tar.gz,aix,ppc64,jdk,1935
2026-09-08T00:24:05+00:00,sapmachine-21.0.5,180069062,False,sapmachine-jdk-21.0.5_linux-aarch64_bin-symbols.tar.gz,linux,aarch64,jdk,5
2026-09-08T00:24:05+00:00,sapmachine-21.0.5,180069062,False,sapmachine-jdk-21.0.5_linux-aarch64_bin.tar.gz,linux,aarch64,jdk,2176
2026-09-08T00:24:05+00:00,sapmachine-21.0.5,180069062,False,sapmachine-jdk-21.0.5_linux-ppc64le_bin-symbols.tar.gz,linux,ppc64,jdk,4
2026-09-08T00:24:05+00:00,sapmachine-21.0.5,180069062,False,sapmachine-jdk-21.0.5_linux-ppc64le_bin.tar.gz,linux,ppc64,jdk,1910
2026-09-08T00:24:05+00:00,sapmachine-21.0.5,180069062,False,sapmachine-jdk-21.0.5_linux-x64-musl_bin-symbols.tar.gz,alpine,x64,jdk,4
2026-09-08T00:24:05+00:00,sapmachine-21.0.5,180069062,False,sapmachine-jdk-21.0.5_linux-x64-musl_bin.tar.gz,alpine,x64,jdk,1946
2026-09-08T00:24:05+00:00,sapmachine-21.0.5,180069062,False,sapmachine-jdk-21.0.5_linux-x64_bin-symbols.tar.gz,linux,x64,jdk,4
2026-09-08T00:24:05+00:00,sapmachine-21.0.5,180069062,False,sapmachine-jdk-21.0.5_linux-x64_bin.tar.gz,linux,x64,jdk,21989
2026-09-08T00:24:05+00:00,sapmachine-21.0.5,180069062,False,sapmachine-jdk-21.0.5_macos-aarch64_bin-symbols.tar.gz,macos,aarch64,jdk,5
2026-09-08T00:24:05+00:00,sapmachine-21.0.5,180069062,False,sapmachine-jdk-21.0.5_macos-aarch64_bin.dmg,macos,aarch64,jdk,2377
2026-09-08T00:24:05+00:00,sapmachine-21.0.5,180069062,False,sapmachine-jdk-21.0.5_macos-aarch64_bin.tar.gz,macos,aarch64,jdk,17922
2026-09-08T00:24:05+00:00,sapmachine-21.0.5,180069062,False,sapmachine-jdk-21.0.5_macos-x64_bin-symbols.tar.gz,macos,x64,jdk,5
2026-09-08T00:24:05+00:00,sapmachine-21.0.5,180069062,False,sapmachine-jdk-21.0.5_macos-x64_bin.dmg,macos,x64,jdk,2474
2026-09-08T00:24:05+00:00,sapmachine-21.0.5,180069062,False,sapmachine-jdk-21.0.5_macos-x64_bin.tar.gz,macos,x64,jdk,6365
2026-09-08T00:24:05+00:00,sapmachine-21.0.5,180069062,False,sapmachine-jdk-21.0.5_windows-x64_bin-symbols.tar.gz,windows,x64,jdk,5
2026-09-08T00:24:05+00:00,sapmachine-21.0.5,180069062,False,sapmachine-jdk-21.0.5_windows-x64_bin.zip,windows,x64,jdk,6604
2026-09-08T00:24:05+00:00,sapmachine-21.0.5,180069062,False,sapmachine-jre-21.0.5_aix-ppc64_bin.tar.gz,aix,ppc64,jre,1896
2026-09-08T00:24:05+00:00,sapmachine-21.0.5,180069062,False,sapmachine-jre-21.0.5_linux-aarch64_bin.tar.gz,linux,aarch64,jre,2201
2026-09-08T00:24:05+00:00,sapmachine-21.0.5,180069062,False,sapmachine-jre-21.0.5_linux-ppc64le_bin.tar.gz,linux,ppc64,jre,1920
2026-09-08T00:24:05+00:00,sapmachine-21.0.5,180069062,False,sapmachine-jre-21.0.5_linux-x64-musl_bin.tar.gz,alpine,x64,jre,1938
2026-09-08T00:24:05+00:00,sapmachine-21.0.5,180069062,False,sapmachine-jre-21.0.5_linux-x64_bin.tar.gz,linux,x64,jre,47326
2026-09-08T00:24:05+00:00,sapmachine-21.0.5,180069062,False,sapmachine-jre-21.0.5_macos-aarch64_bin.dmg,macos,aarch64,jre,1926
2026-09-08T00:24:05+00:00,sapmachine-21.0.5,180069062,False,sapmachine-jre-21.0.5_macos-aarch64_bin.tar.gz,macos,aarch64,jre,2036
2026-09-08T00:24:05+00:00,sapmachine-21.0.5,180069062,False,sapmachine-jre-21.0.5_macos-x64_bin.dmg,macos,x64,jre,1915
2026-09-08T00:24:05+00:00,sapmachine-21.0.5,180069062,False,sapmachine-jre-21.0.5_macos-x64_bin.tar.gz,macos,x64,jre,1984
2026-09-08T00:24:05+00:00,sapmachine-21.0.5,180069062,False,sapmachine-jre-21.0.5_windows-x64_bin.zip,windows,x64,jre,2085
2026-09-08T00:24:05+00:00,sapmachine-21.0.5,180069062,False,sapmachine-jdk-21.0.5_windows-x64_bin.msi,windows,x64,jdk,6675
2026-09-08T00:24:05+00:00,sapmachine-21.0.5,180069062,False,sapmachine-jre-21.0.5_windows-x64_bin.msi,windows,x64,jre,5238
2026-09-08T00:24:05+00:00,sapmachine-11.0.25,180067451,False,sapmachine-jdk-11.0.25-1.x86_64.rpm,linux,x64,jdk,2003
2026-09-08T00:24:05+00:00,sapmachine-11.0.25,180067451,False,sapmachine-jdk-11.0.25_linux-aarch64_bin-symbols.tar.gz,linux,aarch64,jdk,0
2026-09-08T00:24:05+00:00,sapmachine-11.0.25,180067451,False,sapmachine-jdk-11.0.25_linux-aarch64_bin.tar.gz,linux,aarch64,jdk,2042
2026-09-08T00:24:05+00:00,sapmachine-11.0.25,180067451,False,sapmachine-jdk-11.0.25_linux-ppc64le_bin-symbols.tar.gz,linux,ppc64,jdk,0
2026-09-08T00:24:05+00:00,sapmachine-11.0.25,180067451,False,sapmachine-jdk-11.0.25_linux-ppc64le_bin.tar.gz,linux,ppc64,jdk,1901
2026-09-08T00:24:05+00:00,sapmachine-11.0.25,180067451,False,sapmachine-jdk-11.0.25_linux-x64_bin-symbols.tar.gz,linux,x64,jdk,0
2026-09-08T00:24:05+00:00,sapmachine-11.0.25,180067451,False,sapmachine-jdk-11.0.25_linux-x64_bin.tar.gz,linux,x64,jdk,25616
2026-09-08T00:24:05+00:00,sapmachine-11.0.25,180067451,False,sapmachine-jdk-11.0.25_macos-aarch64_bin-symbols.tar.gz,macos,aarch64,jdk,2
2026-09-08T00:24:05+00:00,sapmachine-11.0.25,180067451,False,sapmachine-jdk-11.0.25_macos-aarch64_bin.dmg,macos,aarch64,jdk,2667
2026-09-08T00:24:05+00:00,sapmachine-11.0.25,180067451,False,sapmachine-jdk-11.0.25_macos-aarch64_bin.tar.gz,macos,aarch64,jdk,44706
2026-09-08T00:24:05+00:00,sapmachine-11.0.25,180067451,False,sapmachine-jdk-11.0.25_macos-x64_bin-symbols.tar.gz,macos,x64,jdk,2
2026-09-08T00:24:05+00:00,sapmachine-11.0.25,180067451,False,sapmachine-jdk-11.0.25_macos-x64_bin.dmg,macos,x64,jdk,2466
2026-09-08T00:24:05+00:00,sapmachine-11.0.25,180067451,False,sapmachine-jdk-11.0.25_macos-x64_bin.tar.gz,macos,x64,jdk,26751
2026-09-08T00:24:05+00:00,sapmachine-11.0.25,180067451,False,sapmachine-jdk-11.0.25_windows-x64_bin-symbols.tar.gz,windows,x64,jdk,0
2026-09-08T00:24:05+00:00,sapmachine-11.0.25,180067451,False,sapmachine-jdk-11.0.25_windows-x64_bin.zip,windows,x64,jdk,71736
2026-09-08T00:24:05+00:00,sapmachine-11.0.25,180067451,False,sapmachine-jre-11.0.25_linux-aarch64_bin.tar.gz,linux,aarch64,jre,2107
2026-09-08T00:24:05+00:00,sapmachine-11.0.25,180067451,False,sapmachine-jre-11.0.25_linux-ppc64le_bin.tar.gz,linux,ppc64,jre,1917
2026-09-08T00:24:05+00:00,sapmachine-11.0.25,180067451,False,sapmachine-jre-11.0.25_linux-x64_bin.tar.gz,linux,x64,jre,5163
2026-09-08T00:24:05+00:00,sapmachine-11.0.25,180067451,False,sapmachine-jre-11.0.25_macos-aarch64_bin.dmg,macos,aarch64,jre,1909
2026-09-08T00:24:05+00:00,sapmachine-11.0.25,180067451,False,sapmachine-jre-11.0.25_macos-aarch64_bin.tar.gz,macos,aarch64,jre,2397
2026-09-08T00:24:05+00:00,sapmachine-11.0.25,180067451,False,sapmachine-jre-11.0.25_macos-x64_bin.dmg,macos,x64,jre,1887
2026-09-08T00:24:05+00:00,sapmachine-11.0.25,180067451,False,sapmachine-jre-11.0.25_macos-x64_bin.tar.gz,macos,x64,jre,1976
2026-09-08T00:24:05+00:00,sapmachine-11.0.25,180067451,False,sapmachine-jre-11.0.25_windows-x64_bin.zip,windows,x64,jre,2125
2026-09-08T00:24:05+00:00,sapmachine-11.0.25,180067451,False,sapmachine-jdk-11.0.25_windows-x64_bin.msi,windows,x64,jdk,6793
2026-09-08T00:24:05+00:00,sapmachine-11.0.25,180067451,False,sapmachine-jre-11.0.25_windows-x64_bin.msi,windows,x64,jre,5079
2026-09-08T00:24:05+00:00,sapmachine-17.0.13,180068329,False,sapmachine-jdk-17.0.13-1.x86_64.rpm,linux,x64,jdk,2023
2026-09-08T00:24:05+00:00,sapmachine-17.0.13,180068329,False,sapmachine-jdk-17.0.13_linux-aarch64_bin-symbols.tar.gz,linux,aarch64,jdk,1
2026-09-08T00:24:05+00:00,sapmachine-17.0.13,180068329,False,sapmachine-jdk-17.0.13_linux-aarch64_bin.tar.gz,linux,aarch64,jdk,2240
2026-09-08T00:24:05+00:00,sapmachine-17.0.13,180068329,False,sapmachine-jdk-17.0.13_linux-ppc64le_bin-symbols.tar.gz,linux,ppc64,jdk,0
2026-09-08T00:24:05+00:00,sapmachine-17.0.13,180068329,False,sapmachine-jdk-17.0.13_linux-ppc64le_bin.tar.gz,linux,ppc64,jdk,2003
2026-09-08T00:24:05+00:00,sapmachine-17.0.13,180068329,False,sapmachine-jdk-17.0.13_linux-x64-musl_bin-symbols.tar.gz,alpine,x64,jdk,0
2026-09-08T00:24:05+00:00,sapmachine-17.0.13,180068329,False,sapmachine-jdk-17.0.13_linux-x64-musl_bin.tar.gz,alpine,x64,jdk,2125
2026-09-08T00:24:05+00:00,sapmachine-17.0.13,180068329,False,sapmachine-jdk-17.0.13_linux-x64_bin-symbols.tar.gz,linux,x64,jdk,16
2026-09-08T00:24:05+00:00,sapmachine-17.0.13,180068329,False,sapmachine-jdk-17.0.13_linux-x64_bin.tar.gz,linux,x64,jdk,99724
2026-09-08T00:24:05+00:00,sapmachine-17.0.13,180068329,False,sapmachine-jdk-17.0.13_macos-aarch64_bin-symbols.tar.gz,macos,aarch64,jdk,3
2026-09-08T00:24:05+00:00,sapmachine-17.0.13,180068329,False,sapmachine-jdk-17.0.13_macos-aarch64_bin.dmg,macos,aarch64,jdk,3093
2026-09-08T00:24:05+00:00,sapmachine-17.0.13,180068329,False,sapmachine-jdk-17.0.13_macos-aarch64_bin.tar.gz,macos,aarch64,jdk,16609
2026-09-08T00:24:05+00:00,sapmachine-17.0.13,180068329,False,sapmachine-jdk-17.0.13_macos-x64_bin-symbols.tar.gz,macos,x64,jdk,2
2026-09-08T00:24:05+00:00,sapmachine-17.0.13,180068329,False,sapmachine-jdk-17.0.13_macos-x64_bin.dmg,macos,x64,jdk,3645
2026-09-08T00:24:05+00:00,sapmachine-17.0.13,180068329,False,sapmachine-jdk-17.0.13_macos-x64_bin.tar.gz,macos,x64,jdk,6845
2026-09-08T00:24:05+00:00,sapmachine-17.0.13,180068329,False,sapmachine-jdk-17.0.13_windows-x64_bin-symbols.tar.gz,windows,x64,jdk,3
2026-09-08T00:24:05+00:00,sapmachine-17.0.13,180068329,False,sapmachine-jdk-17.0.13_windows-x64_bin.zip,windows,x64,jdk,9248
2026-09-08T00:24:05+00:00,sapmachine-17.0.13,180068329,False,sapmachine-jre-17.0.13_linux-aarch64_bin.tar.gz,linux,aarch64,jre,2480
2026-09-08T00:24:05+00:00,sapmachine-17.0.13,180068329,False,sapmachine-jre-17.0.13_linux-ppc64le_bin.tar.gz,linux,ppc64,jre,1874
2026-09-08T00:24:05+00:00,sapmachine-17.0.13,180068329,False,sapmachine-jre-17.0.13_linux-x64-musl_bin.tar.gz,alpine,x64,jre,1919
2026-09-08T00:24:05+00:00,sapmachine-17.0.13,180068329,False,sapmachine-jre-17.0.13_linux-x64_bin.tar.gz,linux,x64,jre,762655
2026-09-08T00:24:05+00:00,sapmachine-17.0.13,180068329,False,sapmachine-jre-17.0.13_macos-aarch64_bin.dmg,macos,aarch64,jre,1958
2026-09-08T00:24:05+00:00,sapmachine-17.0.13,180068329,False,sapmachine-jre-17.0.13_macos-aarch64_bin.tar.gz,macos,aarch64,jre,2115
2026-09-08T00:24:05+00:00,sapmachine-17.0.13,180068329,False,sapmachine-jre-17.0.13_macos-x64_bin.dmg,macos,x64,jre,1907
2026-09-08T00:24:05+00:00,sapmachine-17.0.13,180068329,False,sapmachine-jre-17.0.13_macos-x64_bin.tar.gz,macos,x64,jre,4263
2026-09-08T00:24:05+00:00,sapmachine-17.0.13,180068329,False,sapmachine-jre-17.0.13_windows-x64_bin.zip,windows,x64,jre,4457
2026-09-08T00:24:05+00:00,sapmachine-17.0.13,180068329,False,sapmachine-jdk-17.0.13_windows-x64_bin.msi,windows,x64,jdk,6774
2026-09-08T00:24:05+00:00,sapmachine-17.0.13,180068329,False,sapmachine-jre-17.0.13_windows-x64_bin.msi,windows,x64,jre,5082
2026-09-08T00:24:05+00:00,sapmachine-23.0.1,180070075,False,sapmachine-jdk-23.0.1-1.x86_64.rpm,linux,x64,jdk,1877
2026-09-08T00:24:05+00:00,sapmachine-23.0.1,180070075,False,sapmachine-jdk-23.0.1_aix-ppc64_bin-symbols.tar.gz,aix,ppc64,jdk,5
2026-09-08T00:24:05+00:00,sapmachine-23.0.1,180070075,False,sapmachine-jdk-23.0.1_aix-ppc64_bin.tar.gz,aix,ppc64,jdk,2008
2026-09-08T00:24:05+00:00,sapmachine-23.0.1,180070075,False,sapmachine-jdk-23.0.1_linux-aarch64_bin-symbols.tar.gz,linux,aarch64,jdk,0
2026-09-08T00:24:05+00:00,sapmachine-23.0.1,180070075,False,sapmachine-jdk-23.0.1_linux-aarch64_bin.tar.gz,linux,aarch64,jdk,2169
2026-09-08T00:24:05+00:00,sapmachine-23.0.1,180070075,False,sapmachine-jdk-23.0.1_linux-ppc64le_bin-symbols.tar.gz,linux,ppc64,jdk,0
2026-09-08T00:24:05+00:00,sapmachine-23.0.1,180070075,False,sapmachine-jdk-23.0.1_linux-ppc64le_bin.tar.gz,linux,ppc64,jdk,1961
2026-09-08T00:24:05+00:00,sapmachine-23.0.1,180070075,False,sapmachine-jdk-23.0.1_linux-x64-musl_bin-symbols.tar.gz,alpine,x64,jdk,0
2026-09-08T00:24:05+00:00,sapmachine-23.0.1,180070075,False,sapmachine-jdk-23.0.1_linux-x64-musl_bin.tar.gz,alpine,x64,jdk,2001
2026-09-08T00:24:05+00:00,sapmachine-23.0.1,180070075,False,sapmachine-jdk-23.0.1_linux-x64_bin-symbols.tar.gz,linux,x64,jdk,0
2026-09-08T00:24:05+00:00,sapmachine-23.0.1,180070075,False,sapmachine-jdk-23.0.1_linux-x64_bin.tar.gz,linux,x64,jdk,3291
2026-09-08T00:24:05+00:00,sapmachine-23.0.1,180070075,False,sapmachine-jdk-23.0.1_macos-aarch64_bin-symbols.tar.gz,macos,aarch64,jdk,2
2026-09-08T00:24:05+00:00,sapmachine-23.0.1,180070075,False,sapmachine-jdk-23.0.1_macos-aarch64_bin.dmg,macos,aarch64,jdk,3339
2026-09-08T00:24:05+00:00,sapmachine-23.0.1,180070075,False,sapmachine-jdk-23.0.1_macos-aarch64_bin.tar.gz,macos,aarch64,jdk,3127
2026-09-08T00:24:05+00:00,sapmachine-23.0.1,180070075,False,sapmachine-jdk-23.0.1_macos-x64_bin-symbols.tar.gz,macos,x64,jdk,1
2026-09-08T00:24:05+00:00,sapmachine-23.0.1,180070075,False,sapmachine-jdk-23.0.1_macos-x64_bin.dmg,macos,x64,jdk,3162
2026-09-08T00:24:05+00:00,sapmachine-23.0.1,180070075,False,sapmachine-jdk-23.0.1_macos-x64_bin.tar.gz,macos,x64,jdk,2438
2026-09-08T00:24:05+00:00,sapmachine-23.0.1,180070075,False,sapmachine-jdk-23.0.1_windows-x64_bin-symbols.tar.gz,windows,x64,jdk,1
2026-09-08T00:24:05+00:00,sapmachine-23.0.1,180070075,False,sapmachine-jdk-23.0.1_windows-x64_bin.zip,windows,x64,jdk,3295
2026-09-08T00:24:05+00:00,sapmachine-23.0.1,180070075,False,sapmachine-jre-23.0.1_aix-ppc64_bin.tar.gz,aix,ppc64,jre,1865
2026-09-08T00:24:05+00:00,sapmachine-23.0.1,180070075,False,sapmachine-jre-23.0.1_linux-aarch64_bin.tar.gz,linux,aarch64,jre,2035
2026-09-08T00:24:05+00:00,sapmachine-23.0.1,180070075,False,sapmachine-jre-23.0.1_linux-ppc64le_bin.tar.gz,linux,ppc64,jre,1878
2026-09-08T00:24:05+00:00,sapmachine-23.0.1,180070075,False,sapmachine-jre-23.0.1_linux-x64-musl_bin.tar.gz,alpine,x64,jre,1890
2026-09-08T00:24:05+00:00,sapmachine-23.0.1,180070075,False,sapmachine-jre-23.0.1_linux-x64_bin.tar.gz,linux,x64,jre,2778
2026-09-08T00:24:05+00:00,sapmachine-23.0.1,180070075,False,sapmachine-jre-23.0.1_macos-aarch64_bin.dmg,macos,aarch64,jre,1897
2026-09-08T00:24:05+00:00,sapmachine-23.0.1,180070075,False,sapmachine-jre-23.0.1_macos-aarch64_bin.tar.gz,macos,aarch64,jre,2002
2026-09-08T00:24:05+00:00,sapmachine-23.0.1,180070075,False,sapmachine-jre-23.0.1_macos-x64_bin.dmg,macos,x64,jre,1904
2026-09-08T00:24:05+00:00,sapmachine-23.0.1,180070075,False,sapmachine-jre-23.0.1_macos-x64_bin.tar.gz,macos,x64,jre,1971
2026-09-08T00:24:05+00:00,sapmachine-23.0.1,180070075,False,sapmachine-jre-23.0.1_windows-x64_bin.zip,windows,x64,jre,2058
2026-09-08T00:24:05+00:00,sapmachine-23.0.1,180070075,False,sapmachine-jdk-23.0.1_windows-x64_bin.msi,windows,x64,jdk,7705
2026-09-08T00:24:05+00:00,sapmachine-23.0.1,180070075,False,sapmachine-jre-23.0.1_windows-x64_bin.msi,windows,x64,jre,3545
2026-09-08T00:24:05+00:00,sapmachine-23,175599109,False,sapmachine-jdk-23-1.x86_64.rpm,linux,x64,jdk,1991
2026-09-08T00:24:05+00:00,sapmachine-23,175599109,False,sapmachine-jdk-23_aix-ppc64_bin-symbols.tar.gz,aix,ppc64,jdk,4
2026-09-08T00:24:05+00:00,sapmachine-23,175599109,False,sapmachine-jdk-23_aix-ppc64_bin.tar.gz,aix,ppc64,jdk,2028
2026-09-08T00:24:05+00:00,sapmachine-23,175599109,False,sapmachine-jdk-23_linux-aarch64_bin-symbols.tar.gz,linux,aarch64,jdk,2
2026-09-08T00:24:05+00:00,sapmachine-23,175599109,False,sapmachine-jdk-23_linux-aarch64_bin.tar.gz,linux,aarch64,jdk,2101
2026-09-08T00:24:05+00:00,sapmachine-23,175599109,False,sapmachine-jdk-23_linux-ppc64le_bin-symbols.tar.gz,linux,ppc64,jdk,2
2026-09-08T00:24:05+00:00,sapmachine-23,175599109,False,sapmachine-jdk-23_linux-ppc64le_bin.tar.gz,linux,ppc64,jdk,2029
2026-09-08T00:24:05+00:00,sapmachine-23,175599109,False,sapmachine-jdk-23_linux-x64-musl_bin-symbols.tar.gz,alpine,x64,jdk,2
2026-09-08T00:24:05+00:00,sapmachine-23,175599109,False,sapmachine-jdk-23_linux-x64-musl_bin.tar.gz,alpine,x64,jdk,2064
2026-09-08T00:24:05+00:00,sapmachine-23,175599109,False,sapmachine-jdk-23_linux-x64_bin-symbols.tar.gz,linux,x64,jdk,2
2026-09-08T00:24:05+00:00,sapmachine-23,175599109,False,sapmachine-jdk-23_linux-x64_bin.tar.gz,linux,x64,jdk,4361
2026-09-08T00:24:05+00:00,sapmachine-23,175599109,False,sapmachine-jdk-23_macos-aarch64_bin-symbols.tar.gz,macos,aarch64,jdk,5
2026-09-08T00:24:05+00:00,sapmachine-23,175599109,False,sapmachine-jdk-23_macos-aarch64_bin.dmg,macos,aarch64,jdk,2527
2026-09-08T00:24:05+00:00,sapmachine-23,175599109,False,sapmachine-jdk-23_macos-aarch64_bin.tar.gz,macos,aarch64,jdk,2460
2026-09-08T00:24:05+00:00,sapmachine-23,175599109,False,sapmachine-jdk-23_macos-x64_bin-symbols.tar.gz,macos,x64,jdk,3
2026-09-08T00:24:05+00:00,sapmachine-23,175599109,False,sapmachine-jdk-23_macos-x64_bin.dmg,macos,x64,jdk,2437
2026-09-08T00:24:05+00:00,sapmachine-23,175599109,False,sapmachine-jdk-23_macos-x64_bin.tar.gz,macos,x64,jdk,2279
2026-09-08T00:24:05+00:00,sapmachine-23,175599109,False,sapmachine-jdk-23_windows-x64_bin-symbols.tar.gz,windows,x64,jdk,2
2026-09-08T00:24:05+00:00,sapmachine-23,175599109,False,sapmachine-jdk-23_windows-x64_bin.zip,windows,x64,jdk,3667
2026-09-08T00:24:05+00:00,sapmachine-23,175599109,False,sapmachine-jre-23_aix-ppc64_bin.tar.gz,aix,ppc64,jre,1971
2026-09-08T00:24:05+00:00,sapmachine-23,175599109,False,sapmachine-jre-23_linux-aarch64_bin.tar.gz,linux,aarch64,jre,2031
2026-09-08T00:24:05+00:00,sapmachine-23,175599109,False,sapmachine-jre-23_linux-ppc64le_bin.tar.gz,linux,ppc64,jre,2068
2026-09-08T00:24:05+00:00,sapmachine-23,175599109,False,sapmachine-jre-23_linux-x64-musl_bin.tar.gz,alpine,x64,jre,1993
2026-09-08T00:24:05+00:00,sapmachine-23,175599109,False,sapmachine-jre-23_linux-x64_bin.tar.gz,linux,x64,jre,2790
2026-09-08T00:24:05+00:00,sapmachine-23,175599109,False,sapmachine-jre-23_macos-aarch64_bin.dmg,macos,aarch64,jre,1981
2026-09-08T00:24:05+00:00,sapmachine-23,175599109,False,sapmachine-jre-23_macos-aarch64_bin.tar.gz,macos,aarch64,jre,2088
2026-09-08T00:24:05+00:00,sapmachine-23,175599109,False,sapmachine-jre-23_macos-x64_bin.dmg,macos,x64,jre,1985
2026-09-08T00:24:05+00:00,sapmachine-23,175599109,False,sapmachine-jre-23_macos-x64_bin.tar.gz,macos,x64,jre,2074
2026-09-08T00:24:05+00:00,sapmachine-23,175599109,False,sapmachine-jre-23_windows-x64_bin.zip,windows,x64,jre,2315
2026-09-08T00:24:05+00:00,sapmachine-23,175599109,False,sapmachine-jre-23_windows-x64_bin.msi,windows,x64,jre,1964
2026-09-08T00:24:05+00:00,sapmachine-23,175599109,False,sapmachine-jdk-23_windows-x64_bin.msi,windows,x64,jdk,1982
2026-09-08T00:24:05+00:00,sapmachine-11.0.24,165799800,False,sapmachine-jdk-11.0.24_windows-x64_bin-symbols.tar.gz,windows,x64,jdk,1
2026-09-08T00:24:05+00:00,sapmachine-11.0.24,165799800,False,sapmachine-jdk-11.0.24_windows-x64_bin.zip,windows,x64,jdk,5002
2026-09-08T00:24:05+00:00,sapmachine-11.0.24,165799800,False,sapmachine-jre-11.0.24_windows-x64_bin.zip,windows,x64,jre,2453
2026-09-08T00:24:05+00:00,sapmachine-11.0.24,165799800,False,sapmachine-jdk-11.0.24-1.x86_64.rpm,linux,x64,jdk,2354
2026-09-08T00:24:05+00:00,sapmachine-11.0.24,165799800,False,sapmachine-jdk-11.0.24_linux-aarch64_bin-symbols.tar.gz,linux,aarch64,jdk,1
2026-09-08T00:24:05+00:00,sapmachine-11.0.24,165799800,False,sapmachine-jdk-11.0.24_linux-aarch64_bin.tar.gz,linux,aarch64,jdk,2465
2026-09-08T00:24:05+00:00,sapmachine-11.0.24,165799800,False,sapmachine-jdk-11.0.24_linux-ppc64le_bin-symbols.tar.gz,linux,ppc64,jdk,1
2026-09-08T00:24:05+00:00,sapmachine-11.0.24,165799800,False,sapmachine-jdk-11.0.24_linux-ppc64le_bin.tar.gz,linux,ppc64,jdk,2341
2026-09-08T00:24:05+00:00,sapmachine-11.0.24,165799800,False,sapmachine-jdk-11.0.24_linux-x64_bin-symbols.tar.gz,linux,x64,jdk,1
2026-09-08T00:24:05+00:00,sapmachine-11.0.24,165799800,False,sapmachine-jdk-11.0.24_linux-x64_bin.tar.gz,linux,x64,jdk,28321
2026-09-08T00:24:05+00:00,sapmachine-11.0.24,165799800,False,sapmachine-jdk-11.0.24_macos-x64_bin-symbols.tar.gz,macos,x64,jdk,2
2026-09-08T00:24:05+00:00,sapmachine-11.0.24,165799800,False,sapmachine-jdk-11.0.24_macos-x64_bin.dmg,macos,x64,jdk,2445
2026-09-08T00:24:05+00:00,sapmachine-11.0.24,165799800,False,sapmachine-jdk-11.0.24_macos-x64_bin.tar.gz,macos,x64,jdk,3574
2026-09-08T00:24:05+00:00,sapmachine-11.0.24,165799800,False,sapmachine-jre-11.0.24_linux-aarch64_bin.tar.gz,linux,aarch64,jre,2505
2026-09-08T00:24:05+00:00,sapmachine-11.0.24,165799800,False,sapmachine-jre-11.0.24_linux-ppc64le_bin.tar.gz,linux,ppc64,jre,2274
2026-09-08T00:24:05+00:00,sapmachine-11.0.24,165799800,False,sapmachine-jre-11.0.24_linux-x64_bin.tar.gz,linux,x64,jre,6753
2026-09-08T00:24:05+00:00,sapmachine-11.0.24,165799800,False,sapmachine-jre-11.0.24_macos-x64_bin.dmg,macos,x64,jre,2366
2026-09-08T00:24:05+00:00,sapmachine-11.0.24,165799800,False,sapmachine-jre-11.0.24_macos-x64_bin.tar.gz,macos,x64,jre,2351
2026-09-08T00:24:05+00:00,sapmachine-11.0.24,165799800,False,sapmachine-jre-11.0.24_macos-aarch64_bin.dmg,macos,aarch64,jre,2331
2026-09-08T00:24:05+00:00,sapmachine-11.0.24,165799800,False,sapmachine-jre-11.0.24_macos-aarch64_bin.tar.gz,macos,aarch64,jre,2477
2026-09-08T00:24:05+00:00,sapmachine-11.0.24,165799800,False,sapmachine-jdk-11.0.24_macos-aarch64_bin-symbols.tar.gz,macos,aarch64,jdk,2
2026-09-08T00:24:05+00:00,sapmachine-11.0.24,165799800,False,sapmachine-jdk-11.0.24_macos-aarch64_bin.dmg,macos,aarch64,jdk,2501
2026-09-08T00:24:05+00:00,sapmachine-11.0.24,165799800,False,sapmachine-jdk-11.0.24_macos-aarch64_bin.tar.gz,macos,aarch64,jdk,5447
2026-09-08T00:24:05+00:00,sapmachine-11.0.24,165799800,False,sapmachine-jdk-11.0.24_windows-x64_bin.msi,windows,x64,jdk,4005
2026-09-08T00:24:05+00:00,sapmachine-11.0.24,165799800,False,sapmachine-jre-11.0.24_windows-x64_bin.msi,windows,x64,jre,3748
2026-09-08T00:24:05+00:00,sapmachine-21.0.4,165793530,False,sapmachine-jdk-21.0.4_windows-x64_bin-symbols.tar.gz,windows,x64,jdk,2
2026-09-08T00:24:05+00:00,sapmachine-21.0.4,165793530,False,sapmachine-jdk-21.0.4_windows-x64_bin.zip,windows,x64,jdk,4452
2026-09-08T00:24:05+00:00,sapmachine-21.0.4,165793530,False,sapmachine-jre-21.0.4_windows-x64_bin.zip,windows,x64,jre,2502
2026-09-08T00:24:05+00:00,sapmachine-21.0.4,165793530,False,sapmachine-jdk-21.0.4-1.x86_64.rpm,linux,x64,jdk,2559
2026-09-08T00:24:05+00:00,sapmachine-21.0.4,165793530,False,sapmachine-jdk-21.0.4_aix-ppc64_bin-symbols.tar.gz,aix,ppc64,jdk,1
2026-09-08T00:24:05+00:00,sapmachine-21.0.4,165793530,False,sapmachine-jdk-21.0.4_aix-ppc64_bin.tar.gz,aix,ppc64,jdk,2323
2026-09-08T00:24:05+00:00,sapmachine-21.0.4,165793530,False,sapmachine-jdk-21.0.4_linux-aarch64_bin-symbols.tar.gz,linux,aarch64,jdk,1
2026-09-08T00:24:05+00:00,sapmachine-21.0.4,165793530,False,sapmachine-jdk-21.0.4_linux-aarch64_bin.tar.gz,linux,aarch64,jdk,2479
2026-09-08T00:24:05+00:00,sapmachine-21.0.4,165793530,False,sapmachine-jdk-21.0.4_linux-ppc64le_bin-symbols.tar.gz,linux,ppc64,jdk,1
2026-09-08T00:24:05+00:00,sapmachine-21.0.4,165793530,False,sapmachine-jdk-21.0.4_linux-ppc64le_bin.tar.gz,linux,ppc64,jdk,2300
2026-09-08T00:24:05+00:00,sapmachine-21.0.4,165793530,False,sapmachine-jdk-21.0.4_linux-x64-musl_bin-symbols.tar.gz,alpine,x64,jdk,1
2026-09-08T00:24:05+00:00,sapmachine-21.0.4,165793530,False,sapmachine-jdk-21.0.4_linux-x64-musl_bin.tar.gz,alpine,x64,jdk,2333
2026-09-08T00:24:05+00:00,sapmachine-21.0.4,165793530,False,sapmachine-jdk-21.0.4_linux-x64_bin-symbols.tar.gz,linux,x64,jdk,1
2026-09-08T00:24:05+00:00,sapmachine-21.0.4,165793530,False,sapmachine-jdk-21.0.4_linux-x64_bin.tar.gz,linux,x64,jdk,20409
2026-09-08T00:24:05+00:00,sapmachine-21.0.4,165793530,False,sapmachine-jdk-21.0.4_macos-aarch64_bin-symbols.tar.gz,macos,aarch64,jdk,2
2026-09-08T00:24:05+00:00,sapmachine-21.0.4,165793530,False,sapmachine-jdk-21.0.4_macos-aarch64_bin.dmg,macos,aarch64,jdk,2529
2026-09-08T00:24:05+00:00,sapmachine-21.0.4,165793530,False,sapmachine-jdk-21.0.4_macos-aarch64_bin.tar.gz,macos,aarch64,jdk,12805
2026-09-08T00:24:05+00:00,sapmachine-21.0.4,165793530,False,sapmachine-jdk-21.0.4_macos-x64_bin-symbols.tar.gz,macos,x64,jdk,2
2026-09-08T00:24:05+00:00,sapmachine-21.0.4,165793530,False,sapmachine-jdk-21.0.4_macos-x64_bin.dmg,macos,x64,jdk,2653
2026-09-08T00:24:05+00:00,sapmachine-21.0.4,165793530,False,sapmachine-jdk-21.0.4_macos-x64_bin.tar.gz,macos,x64,jdk,4976
2026-09-08T00:24:05+00:00,sapmachine-21.0.4,165793530,False,sapmachine-jre-21.0.4_aix-ppc64_bin.tar.gz,aix,ppc64,jre,2255
2026-09-08T00:24:05+00:00,sapmachine-21.0.4,165793530,False,sapmachine-jre-21.0.4_linux-aarch64_bin.tar.gz,linux,aarch64,jre,3277
2026-09-08T00:24:05+00:00,sapmachine-21.0.4,165793530,False,sapmachine-jre-21.0.4_linux-ppc64le_bin.tar.gz,linux,ppc64,jre,2309
2026-09-08T00:24:05+00:00,sapmachine-21.0.4,165793530,False,sapmachine-jre-21.0.4_linux-x64-musl_bin.tar.gz,alpine,x64,jre,2277
2026-09-08T00:24:05+00:00,sapmachine-21.0.4,165793530,False,sapmachine-jre-21.0.4_linux-x64_bin.tar.gz,linux,x64,jre,39203
2026-09-08T00:24:05+00:00,sapmachine-21.0.4,165793530,False,sapmachine-jre-21.0.4_macos-aarch64_bin.dmg,macos,aarch64,jre,2344
2026-09-08T00:24:05+00:00,sapmachine-21.0.4,165793530,False,sapmachine-jre-21.0.4_macos-aarch64_bin.tar.gz,macos,aarch64,jre,2518
2026-09-08T00:24:05+00:00,sapmachine-21.0.4,165793530,False,sapmachine-jre-21.0.4_macos-x64_bin.dmg,macos,x64,jre,2322
2026-09-08T00:24:05+00:00,sapmachine-21.0.4,165793530,False,sapmachine-jre-21.0.4_macos-x64_bin.tar.gz,macos,x64,jre,2387
2026-09-08T00:24:05+00:00,sapmachine-21.0.4,165793530,False,sapmachine-jdk-21.0.4_windows-x64_bin.msi,windows,x64,jdk,4554
2026-09-08T00:24:05+00:00,sapmachine-21.0.4,165793530,False,sapmachine-jre-21.0.4_windows-x64_bin.msi,windows,x64,jre,3813
2026-09-08T00:24:05+00:00,sapmachine-22.0.2,165779086,False,sapmachine-jdk-22.0.2_windows-x64_bin-symbols.tar.gz,windows,x64,jdk,3
2026-09-08T00:24:05+00:00,sapmachine-22.0.2,165779086,False,sapmachine-jdk-22.0.2_windows-x64_bin.zip,windows,x64,jdk,3498
2026-09-08T00:24:05+00:00,sapmachine-22.0.2,165779086,False,sapmachine-jre-22.0.2_windows-x64_bin.zip,windows,x64,jre,2457
2026-09-08T00:24:05+00:00,sapmachine-22.0.2,165779086,False,sapmachine-jdk-22.0.2-1.x86_64.rpm,linux,x64,jdk,2369
2026-09-08T00:24:05+00:00,sapmachine-22.0.2,165779086,False,sapmachine-jdk-22.0.2_aix-ppc64_bin-symbols.tar.gz,aix,ppc64,jdk,7
2026-09-08T00:24:05+00:00,sapmachine-22.0.2,165779086,False,sapmachine-jdk-22.0.2_aix-ppc64_bin.tar.gz,aix,ppc64,jdk,2316
2026-09-08T00:24:05+00:00,sapmachine-22.0.2,165779086,False,sapmachine-jdk-22.0.2_linux-aarch64_bin-symbols.tar.gz,linux,aarch64,jdk,10
2026-09-08T00:24:05+00:00,sapmachine-22.0.2,165779086,False,sapmachine-jdk-22.0.2_linux-aarch64_bin.tar.gz,linux,aarch64,jdk,2460
2026-09-08T00:24:05+00:00,sapmachine-22.0.2,165779086,False,sapmachine-jdk-22.0.2_linux-ppc64le_bin-symbols.tar.gz,linux,ppc64,jdk,5
2026-09-08T00:24:05+00:00,sapmachine-22.0.2,165779086,False,sapmachine-jdk-22.0.2_linux-ppc64le_bin.tar.gz,linux,ppc64,jdk,2323
2026-09-08T00:24:05+00:00,sapmachine-22.0.2,165779086,False,sapmachine-jdk-22.0.2_linux-x64-musl_bin-symbols.tar.gz,alpine,x64,jdk,6
2026-09-08T00:24:05+00:00,sapmachine-22.0.2,165779086,False,sapmachine-jdk-22.0.2_linux-x64-musl_bin.tar.gz,alpine,x64,jdk,3408
2026-09-08T00:24:05+00:00,sapmachine-22.0.2,165779086,False,sapmachine-jdk-22.0.2_linux-x64_bin-symbols.tar.gz,linux,x64,jdk,5
2026-09-08T00:24:05+00:00,sapmachine-22.0.2,165779086,False,sapmachine-jdk-22.0.2_linux-x64_bin.tar.gz,linux,x64,jdk,4136
2026-09-08T00:24:05+00:00,sapmachine-22.0.2,165779086,False,sapmachine-jdk-22.0.2_macos-aarch64_bin-symbols.tar.gz,macos,aarch64,jdk,7
2026-09-08T00:24:05+00:00,sapmachine-22.0.2,165779086,False,sapmachine-jdk-22.0.2_macos-aarch64_bin.dmg,macos,aarch64,jdk,3382
2026-09-08T00:24:05+00:00,sapmachine-22.0.2,165779086,False,sapmachine-jdk-22.0.2_macos-aarch64_bin.tar.gz,macos,aarch64,jdk,3845
2026-09-08T00:24:05+00:00,sapmachine-22.0.2,165779086,False,sapmachine-jdk-22.0.2_macos-x64_bin-symbols.tar.gz,macos,x64,jdk,4
2026-09-08T00:24:05+00:00,sapmachine-22.0.2,165779086,False,sapmachine-jdk-22.0.2_macos-x64_bin.dmg,macos,x64,jdk,3499
2026-09-08T00:24:05+00:00,sapmachine-22.0.2,165779086,False,sapmachine-jdk-22.0.2_macos-x64_bin.tar.gz,macos,x64,jdk,2904
2026-09-08T00:24:05+00:00,sapmachine-22.0.2,165779086,False,sapmachine-jre-22.0.2_aix-ppc64_bin.tar.gz,aix,ppc64,jre,2307
2026-09-08T00:24:05+00:00,sapmachine-22.0.2,165779086,False,sapmachine-jre-22.0.2_linux-aarch64_bin.tar.gz,linux,aarch64,jre,2374
2026-09-08T00:24:05+00:00,sapmachine-22.0.2,165779086,False,sapmachine-jre-22.0.2_linux-ppc64le_bin.tar.gz,linux,ppc64,jre,2266
2026-09-08T00:24:05+00:00,sapmachine-22.0.2,165779086,False,sapmachine-jre-22.0.2_linux-x64-musl_bin.tar.gz,alpine,x64,jre,2341
2026-09-08T00:24:05+00:00,sapmachine-22.0.2,165779086,False,sapmachine-jre-22.0.2_linux-x64_bin.tar.gz,linux,x64,jre,4185
2026-09-08T00:24:05+00:00,sapmachine-22.0.2,165779086,False,sapmachine-jre-22.0.2_macos-aarch64_bin.dmg,macos,aarch64,jre,2319
2026-09-08T00:24:05+00:00,sapmachine-22.0.2,165779086,False,sapmachine-jre-22.0.2_macos-aarch64_bin.tar.gz,macos,aarch64,jre,2444
2026-09-08T00:24:05+00:00,sapmachine-22.0.2,165779086,False,sapmachine-jre-22.0.2_macos-x64_bin.dmg,macos,x64,jre,2300
2026-09-08T00:24:05+00:00,sapmachine-22.0.2,165779086,False,sapmachine-jre-22.0.2_macos-x64_bin.tar.gz,macos,x64,jre,2378
2026-09-08T00:24:05+00:00,sapmachine-22.0.2,165779086,False,sapmachine-jdk-22.0.2_windows-x64_bin.msi,windows,x64,jdk,6298
2026-09-08T00:24:05+00:00,sapmachine-22.0.2,165779086,False,sapmachine-jre-22.0.2_windows-x64_bin.msi,windows,x64,jre,4309
2026-09-08T00:24:05+00:00,sapmachine-17.0.12,165795102,False,sapmachine-jdk-17.0.12_windows-x64_bin-symbols.tar.gz,windows,x64,jdk,1
2026-09-08T00:24:05+00:00,sapmachine-17.0.12,165795102,False,sapmachine-jdk-17.0.12_windows-x64_bin.zip,windows,x64,jdk,5467
2026-09-08T00:24:05+00:00,sapmachine-17.0.12,165795102,False,sapmachine-jre-17.0.12_windows-x64_bin.zip,windows,x64,jre,3110
2026-09-08T00:24:05+00:00,sapmachine-17.0.12,165795102,False,sapmachine-jdk-17.0.12-1.x86_64.rpm,linux,x64,jdk,2567
2026-09-08T00:24:05+00:00,sapmachine-17.0.12,165795102,False,sapmachine-jdk-17.0.12_linux-aarch64_bin-symbols.tar.gz,linux,aarch64,jdk,7
2026-09-08T00:24:05+00:00,sapmachine-17.0.12,165795102,False,sapmachine-jdk-17.0.12_linux-aarch64_bin.tar.gz,linux,aarch64,jdk,2825
2026-09-08T00:24:05+00:00,sapmachine-17.0.12,165795102,False,sapmachine-jdk-17.0.12_linux-ppc64le_bin-symbols.tar.gz,linux,ppc64,jdk,2
2026-09-08T00:24:05+00:00,sapmachine-17.0.12,165795102,False,sapmachine-jdk-17.0.12_linux-ppc64le_bin.tar.gz,linux,ppc64,jdk,2360
2026-09-08T00:24:05+00:00,sapmachine-17.0.12,165795102,False,sapmachine-jdk-17.0.12_linux-x64-musl_bin-symbols.tar.gz,alpine,x64,jdk,2
2026-09-08T00:24:05+00:00,sapmachine-17.0.12,165795102,False,sapmachine-jdk-17.0.12_linux-x64-musl_bin.tar.gz,alpine,x64,jdk,2599
2026-09-08T00:24:05+00:00,sapmachine-17.0.12,165795102,False,sapmachine-jdk-17.0.12_linux-x64_bin-symbols.tar.gz,linux,x64,jdk,19
2026-09-08T00:24:05+00:00,sapmachine-17.0.12,165795102,False,sapmachine-jdk-17.0.12_linux-x64_bin.tar.gz,linux,x64,jdk,98377
2026-09-08T00:24:05+00:00,sapmachine-17.0.12,165795102,False,sapmachine-jdk-17.0.12_macos-aarch64_bin-symbols.tar.gz,macos,aarch64,jdk,7
2026-09-08T00:24:05+00:00,sapmachine-17.0.12,165795102,False,sapmachine-jdk-17.0.12_macos-aarch64_bin.dmg,macos,aarch64,jdk,3355
2026-09-08T00:24:05+00:00,sapmachine-17.0.12,165795102,False,sapmachine-jdk-17.0.12_macos-aarch64_bin.tar.gz,macos,aarch64,jdk,11956
2026-09-08T00:24:05+00:00,sapmachine-17.0.12,165795102,False,sapmachine-jdk-17.0.12_macos-x64_bin-symbols.tar.gz,macos,x64,jdk,2
2026-09-08T00:24:05+00:00,sapmachine-17.0.12,165795102,False,sapmachine-jdk-17.0.12_macos-x64_bin.dmg,macos,x64,jdk,3695
2026-09-08T00:24:05+00:00,sapmachine-17.0.12,165795102,False,sapmachine-jdk-17.0.12_macos-x64_bin.tar.gz,macos,x64,jdk,4943
2026-09-08T00:24:05+00:00,sapmachine-17.0.12,165795102,False,sapmachine-jre-17.0.12_linux-aarch64_bin.tar.gz,linux,aarch64,jre,2521
2026-09-08T00:24:05+00:00,sapmachine-17.0.12,165795102,False,sapmachine-jre-17.0.12_linux-ppc64le_bin.tar.gz,linux,ppc64,jre,2262
2026-09-08T00:24:05+00:00,sapmachine-17.0.12,165795102,False,sapmachine-jre-17.0.12_linux-x64-musl_bin.tar.gz,alpine,x64,jre,2327
2026-09-08T00:24:05+00:00,sapmachine-17.0.12,165795102,False,sapmachine-jre-17.0.12_linux-x64_bin.tar.gz,linux,x64,jre,127367
2026-09-08T00:24:05+00:00,sapmachine-17.0.12,165795102,False,sapmachine-jre-17.0.12_macos-aarch64_bin.dmg,macos,aarch64,jre,2323
2026-09-08T00:24:05+00:00,sapmachine-17.0.12,165795102,False,sapmachine-jre-17.0.12_macos-aarch64_bin.tar.gz,macos,aarch64,jre,2580
2026-09-08T00:24:05+00:00,sapmachine-17.0.12,165795102,False,sapmachine-jre-17.0.12_macos-x64_bin.dmg,macos,x64,jre,2320
2026-09-08T00:24:05+00:00,sapmachine-17.0.12,165795102,False,sapmachine-jre-17.0.12_macos-x64_bin.tar.gz,macos,x64,jre,2935
2026-09-08T00:24:05+00:00,sapmachine-17.0.12,165795102,False,sapmachine-jdk-17.0.12_windows-x64_bin.msi,windows,x64,jdk,5184
2026-09-08T00:24:05+00:00,sapmachine-17.0.12,165795102,False,sapmachine-jre-17.0.12_windows-x64_bin.msi,windows,x64,jre,4635
2026-09-08T00:24:05+00:00,sapmachine-11.0.23,151390101,False,sapmachine-jdk-11.0.23_linux-aarch64_bin-symbols.tar.gz,linux,aarch64,jdk,1
2026-09-08T00:24:05+00:00,sapmachine-11.0.23,151390101,False,sapmachine-jdk-11.0.23_linux-aarch64_bin.tar.gz,linux,aarch64,jdk,4560
2026-09-08T00:24:05+00:00,sapmachine-11.0.23,151390101,False,sapmachine-jdk-11.0.23_linux-ppc64le_bin-symbols.tar.gz,linux,ppc64,jdk,1
2026-09-08T00:24:05+00:00,sapmachine-11.0.23,151390101,False,sapmachine-jdk-11.0.23_linux-ppc64le_bin.tar.gz,linux,ppc64,jdk,2596
2026-09-08T00:24:05+00:00,sapmachine-11.0.23,151390101,False,sapmachine-jdk-11.0.23_linux-x64_bin-symbols.tar.gz,linux,x64,jdk,1
2026-09-08T00:24:05+00:00,sapmachine-11.0.23,151390101,False,sapmachine-jdk-11.0.23_linux-x64_bin.tar.gz,linux,x64,jdk,28294
2026-09-08T00:24:05+00:00,sapmachine-11.0.23,151390101,False,sapmachine-jdk-11.0.23_macos-aarch64_bin-symbols.tar.gz,macos,aarch64,jdk,3
2026-09-08T00:24:05+00:00,sapmachine-11.0.23,151390101,False,sapmachine-jdk-11.0.23_macos-aarch64_bin.dmg,macos,aarch64,jdk,2922
2026-09-08T00:24:05+00:00,sapmachine-11.0.23,151390101,False,sapmachine-jdk-11.0.23_macos-aarch64_bin.tar.gz,macos,aarch64,jdk,4215
2026-09-08T00:24:05+00:00,sapmachine-11.0.23,151390101,False,sapmachine-jdk-11.0.23_macos-x64_bin-symbols.tar.gz,macos,x64,jdk,2
2026-09-08T00:24:05+00:00,sapmachine-11.0.23,151390101,False,sapmachine-jdk-11.0.23_macos-x64_bin.dmg,macos,x64,jdk,2803
2026-09-08T00:24:05+00:00,sapmachine-11.0.23,151390101,False,sapmachine-jdk-11.0.23_macos-x64_bin.tar.gz,macos,x64,jdk,3255
2026-09-08T00:24:05+00:00,sapmachine-11.0.23,151390101,False,sapmachine-jdk-11.0.23_windows-x64_bin-symbols.tar.gz,windows,x64,jdk,2
2026-09-08T00:24:05+00:00,sapmachine-11.0.23,151390101,False,sapmachine-jdk-11.0.23_windows-x64_bin.zip,windows,x64,jdk,4180
2026-09-08T00:24:05+00:00,sapmachine-11.0.23,151390101,False,sapmachine-jdk-11.0.23-1.x86_64.rpm,linux,x64,jdk,2848
2026-09-08T00:24:05+00:00,sapmachine-11.0.23,151390101,False,sapmachine-jre-11.0.23_linux-aarch64_bin.tar.gz,linux,aarch64,jre,2783
2026-09-08T00:24:05+00:00,sapmachine-11.0.23,151390101,False,sapmachine-jre-11.0.23_linux-ppc64le_bin.tar.gz,linux,ppc64,jre,2566
2026-09-08T00:24:05+00:00,sapmachine-11.0.23,151390101,False,sapmachine-jre-11.0.23_linux-x64_bin.tar.gz,linux,x64,jre,8308
2026-09-08T00:24:05+00:00,sapmachine-11.0.23,151390101,False,sapmachine-jre-11.0.23_macos-aarch64_bin.dmg,macos,aarch64,jre,2644
2026-09-08T00:24:05+00:00,sapmachine-11.0.23,151390101,False,sapmachine-jre-11.0.23_macos-aarch64_bin.tar.gz,macos,aarch64,jre,2679
2026-09-08T00:24:05+00:00,sapmachine-11.0.23,151390101,False,sapmachine-jre-11.0.23_macos-x64_bin.dmg,macos,x64,jre,2575
2026-09-08T00:24:05+00:00,sapmachine-11.0.23,151390101,False,sapmachine-jre-11.0.23_macos-x64_bin.tar.gz,macos,x64,jre,2695
2026-09-08T00:24:05+00:00,sapmachine-11.0.23,151390101,False,sapmachine-jre-11.0.23_windows-x64_bin.zip,windows,x64,jre,2750
2026-09-08T00:24:05+00:00,sapmachine-11.0.23,151390101,False,sapmachine-jdk-11.0.23_windows-x64_bin.msi,windows,x64,jdk,3927
2026-09-08T00:24:05+00:00,sapmachine-11.0.23,151390101,False,sapmachine-jre-11.0.23_windows-x64_bin.msi,windows,x64,jre,3659
2026-09-08T00:24:05+00:00,sapmachine-17.0.11,151389351,False,sapmachine-jdk-17.0.11_linux-aarch64_bin-symbols.tar.gz,linux,aarch64,jdk,2
2026-09-08T00:24:05+00:00,sapmachine-17.0.11,151389351,False,sapmachine-jdk-17.0.11_linux-aarch64_bin.tar.gz,linux,aarch64,jdk,3112
2026-09-08T00:24:05+00:00,sapmachine-17.0.11,151389351,False,sapmachine-jdk-17.0.11_linux-ppc64le_bin-symbols.tar.gz,linux,ppc64,jdk,1
2026-09-08T00:24:05+00:00,sapmachine-17.0.11,151389351,False,sapmachine-jdk-17.0.11_linux-ppc64le_bin.tar.gz,linux,ppc64,jdk,2658
2026-09-08T00:24:05+00:00,sapmachine-17.0.11,151389351,False,sapmachine-jdk-17.0.11_linux-x64_bin-symbols.tar.gz,linux,x64,jdk,18
2026-09-08T00:24:05+00:00,sapmachine-17.0.11,151389351,False,sapmachine-jdk-17.0.11_linux-x64_bin.tar.gz,linux,x64,jdk,311566
2026-09-08T00:24:05+00:00,sapmachine-17.0.11,151389351,False,sapmachine-jdk-17.0.11_linux-x64-musl_bin-symbols.tar.gz,alpine,x64,jdk,1
2026-09-08T00:24:05+00:00,sapmachine-17.0.11,151389351,False,sapmachine-jdk-17.0.11_linux-x64-musl_bin.tar.gz,alpine,x64,jdk,2740
2026-09-08T00:24:05+00:00,sapmachine-17.0.11,151389351,False,sapmachine-jdk-17.0.11_macos-aarch64_bin-symbols.tar.gz,macos,aarch64,jdk,4
2026-09-08T00:24:05+00:00,sapmachine-17.0.11,151389351,False,sapmachine-jdk-17.0.11_macos-aarch64_bin.dmg,macos,aarch64,jdk,3557
2026-09-08T00:24:05+00:00,sapmachine-17.0.11,151389351,False,sapmachine-jdk-17.0.11_macos-aarch64_bin.tar.gz,macos,aarch64,jdk,7082
2026-09-08T00:24:05+00:00,sapmachine-17.0.11,151389351,False,sapmachine-jdk-17.0.11_macos-x64_bin-symbols.tar.gz,macos,x64,jdk,4
2026-09-08T00:24:05+00:00,sapmachine-17.0.11,151389351,False,sapmachine-jdk-17.0.11_macos-x64_bin.dmg,macos,x64,jdk,4074
2026-09-08T00:24:05+00:00,sapmachine-17.0.11,151389351,False,sapmachine-jdk-17.0.11_macos-x64_bin.tar.gz,macos,x64,jdk,4542
2026-09-08T00:24:05+00:00,sapmachine-17.0.11,151389351,False,sapmachine-jdk-17.0.11_windows-x64_bin-symbols.tar.gz,windows,x64,jdk,6
2026-09-08T00:24:05+00:00,sapmachine-17.0.11,151389351,False,sapmachine-jdk-17.0.11_windows-x64_bin.zip,windows,x64,jdk,11657
2026-09-08T00:24:05+00:00,sapmachine-17.0.11,151389351,False,sapmachine-jdk-17.0.11-1.x86_64.rpm,linux,x64,jdk,2799
2026-09-08T00:24:05+00:00,sapmachine-17.0.11,151389351,False,sapmachine-jre-17.0.11_linux-aarch64_bin.tar.gz,linux,aarch64,jre,3253
2026-09-08T00:24:05+00:00,sapmachine-17.0.11,151389351,False,sapmachine-jre-17.0.11_linux-ppc64le_bin.tar.gz,linux,ppc64,jre,2650
2026-09-08T00:24:05+00:00,sapmachine-17.0.11,151389351,False,sapmachine-jre-17.0.11_linux-x64_bin.tar.gz,linux,x64,jre,166719
2026-09-08T00:24:05+00:00,sapmachine-17.0.11,151389351,False,sapmachine-jre-17.0.11_linux-x64-musl_bin.tar.gz,alpine,x64,jre,2611
2026-09-08T00:24:05+00:00,sapmachine-17.0.11,151389351,False,sapmachine-jre-17.0.11_macos-aarch64_bin.dmg,macos,aarch64,jre,2736
2026-09-08T00:24:05+00:00,sapmachine-17.0.11,151389351,False,sapmachine-jre-17.0.11_macos-aarch64_bin.tar.gz,macos,aarch64,jre,2711
2026-09-08T00:24:05+00:00,sapmachine-17.0.11,151389351,False,sapmachine-jre-17.0.11_macos-x64_bin.dmg,macos,x64,jre,2642
2026-09-08T00:24:05+00:00,sapmachine-17.0.11,151389351,False,sapmachine-jre-17.0.11_macos-x64_bin.tar.gz,macos,x64,jre,2706
2026-09-08T00:24:05+00:00,sapmachine-17.0.11,151389351,False,sapmachine-jre-17.0.11_windows-x64_bin.zip,windows,x64,jre,2836
2026-09-08T00:24:05+00:00,sapmachine-17.0.11,151389351,False,sapmachine-jdk-17.0.11_windows-x64_bin.msi,windows,x64,jdk,4797
2026-09-08T00:24:05+00:00,sapmachine-17.0.11,151389351,False,sapmachine-jre-17.0.11_windows-x64_bin.msi,windows,x64,jre,4354
2026-09-08T00:24:05+00:00,sapmachine-21.0.3,151390924,False,sapmachine-jdk-21.0.3_aix-ppc64_bin-symbols.tar.gz,aix,ppc64,jdk,2
2026-09-08T00:24:05+00:00,sapmachine-21.0.3,151390924,False,sapmachine-jdk-21.0.3_aix-ppc64_bin.tar.gz,aix,ppc64,jdk,2609
2026-09-08T00:24:05+00:00,sapmachine-21.0.3,151390924,False,sapmachine-jdk-21.0.3_linux-aarch64_bin-symbols.tar.gz,linux,aarch64,jdk,1
2026-09-08T00:24:05+00:00,sapmachine-21.0.3,151390924,False,sapmachine-jdk-21.0.3_linux-aarch64_bin.tar.gz,linux,aarch64,jdk,2833
2026-09-08T00:24:05+00:00,sapmachine-21.0.3,151390924,False,sapmachine-jdk-21.0.3_linux-ppc64le_bin-symbols.tar.gz,linux,ppc64,jdk,1
2026-09-08T00:24:05+00:00,sapmachine-21.0.3,151390924,False,sapmachine-jdk-21.0.3_linux-ppc64le_bin.tar.gz,linux,ppc64,jdk,2624
2026-09-08T00:24:05+00:00,sapmachine-21.0.3,151390924,False,sapmachine-jdk-21.0.3_linux-x64_bin-symbols.tar.gz,linux,x64,jdk,1
2026-09-08T00:24:05+00:00,sapmachine-21.0.3,151390924,False,sapmachine-jdk-21.0.3_linux-x64_bin.tar.gz,linux,x64,jdk,9982
2026-09-08T00:24:05+00:00,sapmachine-21.0.3,151390924,False,sapmachine-jdk-21.0.3_linux-x64-musl_bin-symbols.tar.gz,alpine,x64,jdk,1
2026-09-08T00:24:05+00:00,sapmachine-21.0.3,151390924,False,sapmachine-jdk-21.0.3_linux-x64-musl_bin.tar.gz,alpine,x64,jdk,3447
2026-09-08T00:24:05+00:00,sapmachine-21.0.3,151390924,False,sapmachine-jdk-21.0.3_macos-aarch64_bin-symbols.tar.gz,macos,aarch64,jdk,2
2026-09-08T00:24:05+00:00,sapmachine-21.0.3,151390924,False,sapmachine-jdk-21.0.3_macos-aarch64_bin.dmg,macos,aarch64,jdk,2769
2026-09-08T00:24:05+00:00,sapmachine-21.0.3,151390924,False,sapmachine-jdk-21.0.3_macos-aarch64_bin.tar.gz,macos,aarch64,jdk,6336
2026-09-08T00:24:05+00:00,sapmachine-21.0.3,151390924,False,sapmachine-jdk-21.0.3_macos-x64_bin-symbols.tar.gz,macos,x64,jdk,2
2026-09-08T00:24:05+00:00,sapmachine-21.0.3,151390924,False,sapmachine-jdk-21.0.3_macos-x64_bin.dmg,macos,x64,jdk,2907
2026-09-08T00:24:05+00:00,sapmachine-21.0.3,151390924,False,sapmachine-jdk-21.0.3_macos-x64_bin.tar.gz,macos,x64,jdk,3401
2026-09-08T00:24:05+00:00,sapmachine-21.0.3,151390924,False,sapmachine-jdk-21.0.3_windows-x64_bin-symbols.tar.gz,windows,x64,jdk,1
2026-09-08T00:24:05+00:00,sapmachine-21.0.3,151390924,False,sapmachine-jdk-21.0.3_windows-x64_bin.zip,windows,x64,jdk,4160
2026-09-08T00:24:05+00:00,sapmachine-21.0.3,151390924,False,sapmachine-jdk-21.0.3-1.x86_64.rpm,linux,x64,jdk,2728
2026-09-08T00:24:05+00:00,sapmachine-21.0.3,151390924,False,sapmachine-jre-21.0.3_aix-ppc64_bin.tar.gz,aix,ppc64,jre,2574
2026-09-08T00:24:05+00:00,sapmachine-21.0.3,151390924,False,sapmachine-jre-21.0.3_linux-aarch64_bin.tar.gz,linux,aarch64,jre,3808
2026-09-08T00:24:05+00:00,sapmachine-21.0.3,151390924,False,sapmachine-jre-21.0.3_linux-ppc64le_bin.tar.gz,linux,ppc64,jre,2594
2026-09-08T00:24:05+00:00,sapmachine-21.0.3,151390924,False,sapmachine-jre-21.0.3_linux-x64_bin.tar.gz,linux,x64,jre,25052
2026-09-08T00:24:05+00:00,sapmachine-21.0.3,151390924,False,sapmachine-jre-21.0.3_linux-x64-musl_bin.tar.gz,alpine,x64,jre,2647
2026-09-08T00:24:05+00:00,sapmachine-21.0.3,151390924,False,sapmachine-jre-21.0.3_macos-aarch64_bin.dmg,macos,aarch64,jre,2601
2026-09-08T00:24:05+00:00,sapmachine-21.0.3,151390924,False,sapmachine-jre-21.0.3_macos-aarch64_bin.tar.gz,macos,aarch64,jre,2684
2026-09-08T00:24:05+00:00,sapmachine-21.0.3,151390924,False,sapmachine-jre-21.0.3_macos-x64_bin.dmg,macos,x64,jre,2583
2026-09-08T00:24:05+00:00,sapmachine-21.0.3,151390924,False,sapmachine-jre-21.0.3_macos-x64_bin.tar.gz,macos,x64,jre,2709
2026-09-08T00:24:05+00:00,sapmachine-21.0.3,151390924,False,sapmachine-jre-21.0.3_windows-x64_bin.zip,windows,x64,jre,2787
2026-09-08T00:24:05+00:00,sapmachine-21.0.3,151390924,False,sapmachine-jdk-21.0.3_windows-x64_bin.msi,windows,x64,jdk,4255
2026-09-08T00:24:05+00:00,sapmachine-21.0.3,151390924,False,sapmachine-jre-21.0.3_windows-x64_bin.msi,windows,x64,jre,3773
2026-09-08T00:24:05+00:00,sapmachine-22.0.1,151389798,False,sapmachine-jdk-22.0.1_aix-ppc64_bin-symbols.tar.gz,aix,ppc64,jdk,10
2026-09-08T00:24:05+00:00,sapmachine-22.0.1,151389798,False,sapmachine-jdk-22.0.1_aix-ppc64_bin.tar.gz,aix,ppc64,jdk,2763
2026-09-08T00:24:05+00:00,sapmachine-22.0.1,151389798,False,sapmachine-jdk-22.0.1_linux-aarch64_bin-symbols.tar.gz,linux,aarch64,jdk,6
2026-09-08T00:24:05+00:00,sapmachine-22.0.1,151389798,False,sapmachine-jdk-22.0.1_linux-aarch64_bin.tar.gz,linux,aarch64,jdk,2887
2026-09-08T00:24:05+00:00,sapmachine-22.0.1,151389798,False,sapmachine-jdk-22.0.1_linux-ppc64le_bin-symbols.tar.gz,linux,ppc64,jdk,6
2026-09-08T00:24:05+00:00,sapmachine-22.0.1,151389798,False,sapmachine-jdk-22.0.1_linux-ppc64le_bin.tar.gz,linux,ppc64,jdk,2714
2026-09-08T00:24:05+00:00,sapmachine-22.0.1,151389798,False,sapmachine-jdk-22.0.1_linux-x64_bin-symbols.tar.gz,linux,x64,jdk,5
2026-09-08T00:24:05+00:00,sapmachine-22.0.1,151389798,False,sapmachine-jdk-22.0.1_linux-x64_bin.tar.gz,linux,x64,jdk,5150
2026-09-08T00:24:05+00:00,sapmachine-22.0.1,151389798,False,sapmachine-jdk-22.0.1_linux-x64-musl_bin-symbols.tar.gz,alpine,x64,jdk,5
2026-09-08T00:24:05+00:00,sapmachine-22.0.1,151389798,False,sapmachine-jdk-22.0.1_linux-x64-musl_bin.tar.gz,alpine,x64,jdk,2785
2026-09-08T00:24:05+00:00,sapmachine-22.0.1,151389798,False,sapmachine-jdk-22.0.1_macos-aarch64_bin-symbols.tar.gz,macos,aarch64,jdk,6
2026-09-08T00:24:05+00:00,sapmachine-22.0.1,151389798,False,sapmachine-jdk-22.0.1_macos-aarch64_bin.dmg,macos,aarch64,jdk,3776
2026-09-08T00:24:05+00:00,sapmachine-22.0.1,151389798,False,sapmachine-jdk-22.0.1_macos-aarch64_bin.tar.gz,macos,aarch64,jdk,3998
2026-09-08T00:24:05+00:00,sapmachine-22.0.1,151389798,False,sapmachine-jdk-22.0.1_macos-x64_bin-symbols.tar.gz,macos,x64,jdk,6
2026-09-08T00:24:05+00:00,sapmachine-22.0.1,151389798,False,sapmachine-jdk-22.0.1_macos-x64_bin.dmg,macos,x64,jdk,3882
2026-09-08T00:24:05+00:00,sapmachine-22.0.1,151389798,False,sapmachine-jdk-22.0.1_macos-x64_bin.tar.gz,macos,x64,jdk,3336
2026-09-08T00:24:05+00:00,sapmachine-22.0.1,151389798,False,sapmachine-jdk-22.0.1_windows-x64_bin-symbols.tar.gz,windows,x64,jdk,7
2026-09-08T00:24:05+00:00,sapmachine-22.0.1,151389798,False,sapmachine-jdk-22.0.1_windows-x64_bin.zip,windows,x64,jdk,4491
2026-09-08T00:24:05+00:00,sapmachine-22.0.1,151389798,False,sapmachine-jdk-22.0.1-1.x86_64.rpm,linux,x64,jdk,2700
2026-09-08T00:24:05+00:00,sapmachine-22.0.1,151389798,False,sapmachine-jre-22.0.1_aix-ppc64_bin.tar.gz,aix,ppc64,jre,2600
2026-09-08T00:24:05+00:00,sapmachine-22.0.1,151389798,False,sapmachine-jre-22.0.1_linux-aarch64_bin.tar.gz,linux,aarch64,jre,2703
2026-09-08T00:24:05+00:00,sapmachine-22.0.1,151389798,False,sapmachine-jre-22.0.1_linux-ppc64le_bin.tar.gz,linux,ppc64,jre,2597
2026-09-08T00:24:05+00:00,sapmachine-22.0.1,151389798,False,sapmachine-jre-22.0.1_linux-x64_bin.tar.gz,linux,x64,jre,5498
2026-09-08T00:24:05+00:00,sapmachine-22.0.1,151389798,False,sapmachine-jre-22.0.1_linux-x64-musl_bin.tar.gz,alpine,x64,jre,2593
2026-09-08T00:24:05+00:00,sapmachine-22.0.1,151389798,False,sapmachine-jre-22.0.1_macos-aarch64_bin.dmg,macos,aarch64,jre,2597
2026-09-08T00:24:05+00:00,sapmachine-22.0.1,151389798,False,sapmachine-jre-22.0.1_macos-aarch64_bin.tar.gz,macos,aarch64,jre,2704
2026-09-08T00:24:05+00:00,sapmachine-22.0.1,151389798,False,sapmachine-jre-22.0.1_macos-x64_bin.dmg,macos,x64,jre,2672
2026-09-08T00:24:05+00:00,sapmachine-22.0.1,151389798,False,sapmachine-jre-22.0.1_macos-x64_bin.tar.gz,macos,x64,jre,2702
2026-09-08T00:24:05+00:00,sapmachine-22.0.1,151389798,False,sapmachine-jre-22.0.1_windows-x64_bin.zip,windows,x64,jre,2749
2026-09-08T00:24:05+00:00,sapmachine-22.0.1,151389798,False,sapmachine-jdk-22.0.1_windows-x64_bin.msi,windows,x64,jdk,5488
2026-09-08T00:24:05+00:00,sapmachine-22.0.1,151389798,False,sapmachine-jre-22.0.1_windows-x64_bin.msi,windows,x64,jre,3786
2026-09-08T00:24:05+00:00,sapmachine-22,147026912,False,sapmachine-jdk-22_aix-ppc64_bin-symbols.tar.gz,aix,ppc64,jdk,11
2026-09-08T00:24:05+00:00,sapmachine-22,147026912,False,sapmachine-jdk-22_aix-ppc64_bin.tar.gz,aix,ppc64,jdk,2717
2026-09-08T00:24:05+00:00,sapmachine-22,147026912,False,sapmachine-jdk-22_linux-aarch64_bin-symbols.tar.gz,linux,aarch64,jdk,7
2026-09-08T00:24:05+00:00,sapmachine-22,147026912,False,sapmachine-jdk-22_linux-aarch64_bin.tar.gz,linux,aarch64,jdk,2763
2026-09-08T00:24:05+00:00,sapmachine-22,147026912,False,sapmachine-jdk-22_linux-ppc64le_bin-symbols.tar.gz,linux,ppc64,jdk,7
2026-09-08T00:24:05+00:00,sapmachine-22,147026912,False,sapmachine-jdk-22_linux-ppc64le_bin.tar.gz,linux,ppc64,jdk,2746
2026-09-08T00:24:05+00:00,sapmachine-22,147026912,False,sapmachine-jdk-22_linux-x64_bin-symbols.tar.gz,linux,x64,jdk,5
2026-09-08T00:24:05+00:00,sapmachine-22,147026912,False,sapmachine-jdk-22_linux-x64_bin.tar.gz,linux,x64,jdk,3244
2026-09-08T00:24:05+00:00,sapmachine-22,147026912,False,sapmachine-jdk-22_linux-x64-musl_bin-symbols.tar.gz,alpine,x64,jdk,7
2026-09-08T00:24:05+00:00,sapmachine-22,147026912,False,sapmachine-jdk-22_linux-x64-musl_bin.tar.gz,alpine,x64,jdk,2763
2026-09-08T00:24:05+00:00,sapmachine-22,147026912,False,sapmachine-jdk-22_macos-aarch64_bin-symbols.tar.gz,macos,aarch64,jdk,6
2026-09-08T00:24:05+00:00,sapmachine-22,147026912,False,sapmachine-jdk-22_macos-aarch64_bin.dmg,macos,aarch64,jdk,3125
2026-09-08T00:24:05+00:00,sapmachine-22,147026912,False,sapmachine-jdk-22_macos-aarch64_bin.tar.gz,macos,aarch64,jdk,3067
2026-09-08T00:24:05+00:00,sapmachine-22,147026912,False,sapmachine-jdk-22_macos-x64_bin-symbols.tar.gz,macos,x64,jdk,4
2026-09-08T00:24:05+00:00,sapmachine-22,147026912,False,sapmachine-jdk-22_macos-x64_bin.dmg,macos,x64,jdk,3108
2026-09-08T00:24:05+00:00,sapmachine-22,147026912,False,sapmachine-jdk-22_macos-x64_bin.tar.gz,macos,x64,jdk,2946
2026-09-08T00:24:05+00:00,sapmachine-22,147026912,False,sapmachine-jdk-22_windows-x64_bin-symbols.tar.gz,windows,x64,jdk,4
2026-09-08T00:24:05+00:00,sapmachine-22,147026912,False,sapmachine-jdk-22_windows-x64_bin.zip,windows,x64,jdk,3306
2026-09-08T00:24:05+00:00,sapmachine-22,147026912,False,sapmachine-jdk-22-1.x86_64.rpm,linux,x64,jdk,2900
2026-09-08T00:24:05+00:00,sapmachine-22,147026912,False,sapmachine-jre-22_aix-ppc64_bin.tar.gz,aix,ppc64,jre,2697
2026-09-08T00:24:05+00:00,sapmachine-22,147026912,False,sapmachine-jre-22_linux-aarch64_bin.tar.gz,linux,aarch64,jre,2720
2026-09-08T00:24:05+00:00,sapmachine-22,147026912,False,sapmachine-jre-22_linux-ppc64le_bin.tar.gz,linux,ppc64,jre,2687
2026-09-08T00:24:05+00:00,sapmachine-22,147026912,False,sapmachine-jre-22_linux-x64_bin.tar.gz,linux,x64,jre,3572
2026-09-08T00:24:05+00:00,sapmachine-22,147026912,False,sapmachine-jre-22_linux-x64-musl_bin.tar.gz,alpine,x64,jre,2697
2026-09-08T00:24:05+00:00,sapmachine-22,147026912,False,sapmachine-jre-22_macos-aarch64_bin.dmg,macos,aarch64,jre,2682
2026-09-08T00:24:05+00:00,sapmachine-22,147026912,False,sapmachine-jre-22_macos-aarch64_bin.tar.gz,macos,aarch64,jre,2806
2026-09-08T00:24:05+00:00,sapmachine-22,147026912,False,sapmachine-jre-22_macos-x64_bin.dmg,macos,x64,jre,2687
2026-09-08T00:24:05+00:00,sapmachine-22,147026912,False,sapmachine-jre-22_macos-x64_bin.tar.gz,macos,x64,jre,2784
2026-09-08T00:24:05+00:00,sapmachine-22,147026912,False,sapmachine-jre-22_windows-x64_bin.zip,windows,x64,jre,2843
2026-09-08T00:24:05+00:00,sapmachine-22,147026912,False,sapmachine-jdk-22_windows-x64_bin.msi,windows,x64,jdk,5239
2026-09-08T00:24:05+00:00,sapmachine-22,147026912,False,sapmachine-jre-22_windows-x64_bin.msi,windows,x64,jre,3089
2026-09-08T00:24:05+00:00,sapmachine-21.0.2,137297795,False,sapmachine-jdk-21.0.2_linux-x64-musl_bin.tar.gz,alpine,x64,jdk,3086
2026-09-08T00:24:05+00:00,sapmachine-21.0.2,137297795,False,sapmachine-jre-21.0.2_linux-x64-musl_bin.tar.gz,alpine,x64,jre,2966
2026-09-08T00:24:05+00:00,sapmachine-21.0.2,137297795,False,sapmachine-jdk-21.0.2_linux-x64-musl_bin-symbols.tar.gz,alpine,x64,jdk,7
2026-09-08T00:24:05+00:00,sapmachine-21.0.2,137297795,False,sapmachine-jdk-21.0.2_linux-aarch64_bin.tar.gz,linux,aarch64,jdk,3271
2026-09-08T00:24:05+00:00,sapmachine-21.0.2,137297795,False,sapmachine-jre-21.0.2_linux-aarch64_bin.tar.gz,linux,aarch64,jre,3212
2026-09-08T00:24:05+00:00,sapmachine-21.0.2,137297795,False,sapmachine-jdk-21.0.2_linux-aarch64_bin-symbols.tar.gz,linux,aarch64,jdk,7
2026-09-08T00:24:05+00:00,sapmachine-21.0.2,137297795,False,sapmachine-jdk-21.0.2_linux-x64_bin.tar.gz,linux,x64,jdk,13580
2026-09-08T00:24:05+00:00,sapmachine-21.0.2,137297795,False,sapmachine-jre-21.0.2_linux-x64_bin.tar.gz,linux,x64,jre,26171
2026-09-08T00:24:05+00:00,sapmachine-21.0.2,137297795,False,sapmachine-jdk-21.0.2_linux-x64_bin-symbols.tar.gz,linux,x64,jdk,5
2026-09-08T00:24:05+00:00,sapmachine-21.0.2,137297795,False,sapmachine-jdk-21.0.2-1.x86_64.rpm,linux,x64,jdk,3458
2026-09-08T00:24:05+00:00,sapmachine-21.0.2,137297795,False,sapmachine-jdk-21.0.2_aix-ppc64_bin.tar.gz,aix,ppc64,jdk,3099
2026-09-08T00:24:05+00:00,sapmachine-21.0.2,137297795,False,sapmachine-jre-21.0.2_aix-ppc64_bin.tar.gz,aix,ppc64,jre,2902
2026-09-08T00:24:05+00:00,sapmachine-21.0.2,137297795,False,sapmachine-jdk-21.0.2_aix-ppc64_bin-symbols.tar.gz,aix,ppc64,jdk,10
2026-09-08T00:24:05+00:00,sapmachine-21.0.2,137297795,False,sapmachine-jdk-21.0.2_windows-x64_bin.zip,windows,x64,jdk,4823
2026-09-08T00:24:05+00:00,sapmachine-21.0.2,137297795,False,sapmachine-jre-21.0.2_windows-x64_bin.zip,windows,x64,jre,3235
2026-09-08T00:24:05+00:00,sapmachine-21.0.2,137297795,False,sapmachine-jdk-21.0.2_windows-x64_bin-symbols.tar.gz,windows,x64,jdk,5
2026-09-08T00:24:05+00:00,sapmachine-21.0.2,137297795,False,sapmachine-jdk-21.0.2_linux-ppc64le_bin.tar.gz,linux,ppc64,jdk,3069
2026-09-08T00:24:05+00:00,sapmachine-21.0.2,137297795,False,sapmachine-jre-21.0.2_linux-ppc64le_bin.tar.gz,linux,ppc64,jre,2897
2026-09-08T00:24:05+00:00,sapmachine-21.0.2,137297795,False,sapmachine-jdk-21.0.2_linux-ppc64le_bin-symbols.tar.gz,linux,ppc64,jdk,5
2026-09-08T00:24:05+00:00,sapmachine-21.0.2,137297795,False,sapmachine-jdk-21.0.2_macos-aarch64_bin.tar.gz,macos,aarch64,jdk,4685
2026-09-08T00:24:05+00:00,sapmachine-21.0.2,137297795,False,sapmachine-jre-21.0.2_macos-aarch64_bin.tar.gz,macos,aarch64,jre,3031
2026-09-08T00:24:05+00:00,sapmachine-21.0.2,137297795,False,sapmachine-jdk-21.0.2_macos-aarch64_bin-symbols.tar.gz,macos,aarch64,jdk,4
2026-09-08T00:24:05+00:00,sapmachine-21.0.2,137297795,False,sapmachine-jdk-21.0.2_macos-aarch64_bin.dmg,macos,aarch64,jdk,5257
2026-09-08T00:24:05+00:00,sapmachine-21.0.2,137297795,False,sapmachine-jre-21.0.2_macos-aarch64_bin.dmg,macos,aarch64,jre,2945
2026-09-08T00:24:05+00:00,sapmachine-21.0.2,137297795,False,sapmachine-jdk-21.0.2_macos-x64_bin.tar.gz,macos,x64,jdk,3984
2026-09-08T00:24:05+00:00,sapmachine-21.0.2,137297795,False,sapmachine-jre-21.0.2_macos-x64_bin.tar.gz,macos,x64,jre,3046
2026-09-08T00:24:05+00:00,sapmachine-21.0.2,137297795,False,sapmachine-jdk-21.0.2_macos-x64_bin-symbols.tar.gz,macos,x64,jdk,4
2026-09-08T00:24:05+00:00,sapmachine-21.0.2,137297795,False,sapmachine-jdk-21.0.2_macos-x64_bin.dmg,macos,x64,jdk,5627
2026-09-08T00:24:05+00:00,sapmachine-21.0.2,137297795,False,sapmachine-jre-21.0.2_macos-x64_bin.dmg,macos,x64,jre,2949
2026-09-08T00:24:05+00:00,sapmachine-21.0.2,137297795,False,sapmachine-jdk-21.0.2_windows-x64_bin.msi,windows,x64,jdk,6434
2026-09-08T00:24:05+00:00,sapmachine-21.0.2,137297795,False,sapmachine-jre-21.0.2_windows-x64_bin.msi,windows,x64,jre,3783
2026-09-08T00:24:05+00:00,sapmachine-17.0.10,137297374,False,sapmachine-jdk-17.0.10_linux-x64-musl_bin.tar.gz,alpine,x64,jdk,16219
2026-09-08T00:24:05+00:00,sapmachine-17.0.10,137297374,False,sapmachine-jre-17.0.10_linux-x64-musl_bin.tar.gz,alpine,x64,jre,3086
2026-09-08T00:24:05+00:00,sapmachine-17.0.10,137297374,False,sapmachine-jdk-17.0.10_linux-x64-musl_bin-symbols.tar.gz,alpine,x64,jdk,3
2026-09-08T00:24:05+00:00,sapmachine-17.0.10,137297374,False,sapmachine-jdk-17.0.10_linux-x64_bin.tar.gz,linux,x64,jdk,1386135
2026-09-08T00:24:05+00:00,sapmachine-17.0.10,137297374,False,sapmachine-jre-17.0.10_linux-x64_bin.tar.gz,linux,x64,jre,196705
2026-09-08T00:24:05+00:00,sapmachine-17.0.10,137297374,False,sapmachine-jdk-17.0.10_linux-x64_bin-symbols.tar.gz,linux,x64,jdk,19
2026-09-08T00:24:05+00:00,sapmachine-17.0.10,137297374,False,sapmachine-jdk-17.0.10-1.x86_64.rpm,linux,x64,jdk,3237
2026-09-08T00:24:05+00:00,sapmachine-17.0.10,137297374,False,sapmachine-jdk-17.0.10_linux-aarch64_bin.tar.gz,linux,aarch64,jdk,3251
2026-09-08T00:24:05+00:00,sapmachine-17.0.10,137297374,False,sapmachine-jre-17.0.10_linux-aarch64_bin.tar.gz,linux,aarch64,jre,2953
2026-09-08T00:24:05+00:00,sapmachine-17.0.10,137297374,False,sapmachine-jdk-17.0.10_linux-aarch64_bin-symbols.tar.gz,linux,aarch64,jdk,2
2026-09-08T00:24:05+00:00,sapmachine-17.0.10,137297374,False,sapmachine-jdk-17.0.10_windows-x64_bin.zip,windows,x64,jdk,35873
2026-09-08T00:24:05+00:00,sapmachine-17.0.10,137297374,False,sapmachine-jre-17.0.10_windows-x64_bin.zip,windows,x64,jre,3277
2026-09-08T00:24:05+00:00,sapmachine-17.0.10,137297374,False,sapmachine-jdk-17.0.10_windows-x64_bin-symbols.tar.gz,windows,x64,jdk,3
2026-09-08T00:24:05+00:00,sapmachine-17.0.10,137297374,False,sapmachine-jdk-17.0.10_linux-ppc64le_bin.tar.gz,linux,ppc64,jdk,3051
2026-09-08T00:24:05+00:00,sapmachine-17.0.10,137297374,False,sapmachine-jre-17.0.10_linux-ppc64le_bin.tar.gz,linux,ppc64,jre,2951
2026-09-08T00:24:05+00:00,sapmachine-17.0.10,137297374,False,sapmachine-jdk-17.0.10_linux-ppc64le_bin-symbols.tar.gz,linux,ppc64,jdk,1
2026-09-08T00:24:05+00:00,sapmachine-17.0.10,137297374,False,sapmachine-jdk-17.0.10_macos-aarch64_bin.tar.gz,macos,aarch64,jdk,5693
2026-09-08T00:24:05+00:00,sapmachine-17.0.10,137297374,False,sapmachine-jre-17.0.10_macos-aarch64_bin.tar.gz,macos,aarch64,jre,3018
2026-09-08T00:24:05+00:00,sapmachine-17.0.10,137297374,False,sapmachine-jdk-17.0.10_macos-aarch64_bin-symbols.tar.gz,macos,aarch64,jdk,4
2026-09-08T00:24:05+00:00,sapmachine-17.0.10,137297374,False,sapmachine-jdk-17.0.10_macos-aarch64_bin.dmg,macos,aarch64,jdk,6170
2026-09-08T00:24:05+00:00,sapmachine-17.0.10,137297374,False,sapmachine-jre-17.0.10_macos-aarch64_bin.dmg,macos,aarch64,jre,2987
2026-09-08T00:24:05+00:00,sapmachine-17.0.10,137297374,False,sapmachine-jdk-17.0.10_macos-x64_bin.tar.gz,macos,x64,jdk,4541
2026-09-08T00:24:05+00:00,sapmachine-17.0.10,137297374,False,sapmachine-jre-17.0.10_macos-x64_bin.tar.gz,macos,x64,jre,3045
2026-09-08T00:24:05+00:00,sapmachine-17.0.10,137297374,False,sapmachine-jdk-17.0.10_macos-x64_bin-symbols.tar.gz,macos,x64,jdk,4
2026-09-08T00:24:05+00:00,sapmachine-17.0.10,137297374,False,sapmachine-jdk-17.0.10_macos-x64_bin.dmg,macos,x64,jdk,6436
2026-09-08T00:24:05+00:00,sapmachine-17.0.10,137297374,False,sapmachine-jre-17.0.10_macos-x64_bin.dmg,macos,x64,jre,3025
2026-09-08T00:24:05+00:00,sapmachine-17.0.10,137297374,False,sapmachine-jdk-17.0.10_windows-x64_bin.msi,windows,x64,jdk,6232
2026-09-08T00:24:05+00:00,sapmachine-17.0.10,137297374,False,sapmachine-jre-17.0.10_windows-x64_bin.msi,windows,x64,jre,3917
2026-09-08T00:24:05+00:00,sapmachine-11.0.22,137295842,False,sapmachine-jdk-11.0.22_linux-aarch64_bin.tar.gz,linux,aarch64,jdk,3038
2026-09-08T00:24:05+00:00,sapmachine-11.0.22,137295842,False,sapmachine-jre-11.0.22_linux-aarch64_bin.tar.gz,linux,aarch64,jre,2951
2026-09-08T00:24:05+00:00,sapmachine-11.0.22,137295842,False,sapmachine-jdk-11.0.22_linux-aarch64_bin-symbols.tar.gz,linux,aarch64,jdk,3
2026-09-08T00:24:05+00:00,sapmachine-11.0.22,137295842,False,sapmachine-jdk-11.0.22_linux-x64_bin.tar.gz,linux,x64,jdk,38061
2026-09-08T00:24:05+00:00,sapmachine-11.0.22,137295842,False,sapmachine-jre-11.0.22_linux-x64_bin.tar.gz,linux,x64,jre,8498
2026-09-08T00:24:05+00:00,sapmachine-11.0.22,137295842,False,sapmachine-jdk-11.0.22_linux-x64_bin-symbols.tar.gz,linux,x64,jdk,2
2026-09-08T00:24:05+00:00,sapmachine-11.0.22,137295842,False,sapmachine-jdk-11.0.22-1.x86_64.rpm,linux,x64,jdk,2943
2026-09-08T00:24:05+00:00,sapmachine-11.0.22,137295842,False,sapmachine-jdk-11.0.22_linux-ppc64le_bin.tar.gz,linux,ppc64,jdk,2915
2026-09-08T00:24:05+00:00,sapmachine-11.0.22,137295842,False,sapmachine-jre-11.0.22_linux-ppc64le_bin.tar.gz,linux,ppc64,jre,2882
2026-09-08T00:24:05+00:00,sapmachine-11.0.22,137295842,False,sapmachine-jdk-11.0.22_linux-ppc64le_bin-symbols.tar.gz,linux,ppc64,jdk,2
2026-09-08T00:24:05+00:00,sapmachine-11.0.22,137295842,False,sapmachine-jdk-11.0.22_windows-x64_bin.zip,windows,x64,jdk,4298
2026-09-08T00:24:05+00:00,sapmachine-11.0.22,137295842,False,sapmachine-jre-11.0.22_windows-x64_bin.zip,windows,x64,jre,3123
2026-09-08T00:24:05+00:00,sapmachine-11.0.22,137295842,False,sapmachine-jdk-11.0.22_windows-x64_bin-symbols.tar.gz,windows,x64,jdk,1
2026-09-08T00:24:05+00:00,sapmachine-11.0.22,137295842,False,sapmachine-jdk-11.0.22_macos-aarch64_bin.tar.gz,macos,aarch64,jdk,3987
2026-09-08T00:24:05+00:00,sapmachine-11.0.22,137295842,False,sapmachine-jre-11.0.22_macos-aarch64_bin.tar.gz,macos,aarch64,jre,3021
2026-09-08T00:24:05+00:00,sapmachine-11.0.22,137295842,False,sapmachine-jdk-11.0.22_macos-aarch64_bin-symbols.tar.gz,macos,aarch64,jdk,3
2026-09-08T00:24:05+00:00,sapmachine-11.0.22,137295842,False,sapmachine-jdk-11.0.22_macos-aarch64_bin.dmg,macos,aarch64,jdk,4545
2026-09-08T00:24:05+00:00,sapmachine-11.0.22,137295842,False,sapmachine-jre-11.0.22_macos-aarch64_bin.dmg,macos,aarch64,jre,2912
2026-09-08T00:24:05+00:00,sapmachine-11.0.22,137295842,False,sapmachine-jdk-11.0.22_macos-x64_bin.tar.gz,macos,x64,jdk,3728
2026-09-08T00:24:05+00:00,sapmachine-11.0.22,137295842,False,sapmachine-jre-11.0.22_macos-x64_bin.tar.gz,macos,x64,jre,3028
2026-09-08T00:24:05+00:00,sapmachine-11.0.22,137295842,False,sapmachine-jdk-11.0.22_macos-x64_bin-symbols.tar.gz,macos,x64,jdk,2
2026-09-08T00:24:05+00:00,sapmachine-11.0.22,137295842,False,sapmachine-jdk-11.0.22_macos-x64_bin.dmg,macos,x64,jdk,4667
2026-09-08T00:24:05+00:00,sapmachine-11.0.22,137295842,False,sapmachine-jre-11.0.22_macos-x64_bin.dmg,macos,x64,jre,2941
2026-09-08T00:24:05+00:00,sapmachine-11.0.22,137295842,False,sapmachine-jdk-11.0.22_windows-x64_bin.msi,windows,x64,jdk,4210
2026-09-08T00:24:05+00:00,sapmachine-11.0.22,137295842,False,sapmachine-jre-11.0.22_windows-x64_bin.msi,windows,x64,jre,3340
2026-09-08T00:24:05+00:00,sapmachine-11.0.21,125513226,False,sapmachine-jdk-11.0.21_linux-x64_bin.tar.gz,linux,x64,jdk,53472
2026-09-08T00:24:05+00:00,sapmachine-11.0.21,125513226,False,sapmachine-jre-11.0.21_linux-x64_bin.tar.gz,linux,x64,jre,9377
2026-09-08T00:24:05+00:00,sapmachine-11.0.21,125513226,False,sapmachine-jdk-11.0.21_linux-x64_bin-symbols.tar.gz,linux,x64,jdk,6
2026-09-08T00:24:05+00:00,sapmachine-11.0.21,125513226,False,sapmachine-jdk-11.0.21-1.x86_64.rpm,linux,x64,jdk,3702
2026-09-08T00:24:05+00:00,sapmachine-11.0.21,125513226,False,sapmachine-jdk-11.0.21_linux-aarch64_bin.tar.gz,linux,aarch64,jdk,3278
2026-09-08T00:24:05+00:00,sapmachine-11.0.21,125513226,False,sapmachine-jre-11.0.21_linux-aarch64_bin.tar.gz,linux,aarch64,jre,4286
2026-09-08T00:24:05+00:00,sapmachine-11.0.21,125513226,False,sapmachine-jdk-11.0.21_linux-aarch64_bin-symbols.tar.gz,linux,aarch64,jdk,5
2026-09-08T00:24:05+00:00,sapmachine-11.0.21,125513226,False,sapmachine-jdk-11.0.21_windows-x64_bin.zip,windows,x64,jdk,18140
2026-09-08T00:24:05+00:00,sapmachine-11.0.21,125513226,False,sapmachine-jre-11.0.21_windows-x64_bin.zip,windows,x64,jre,3423
2026-09-08T00:24:05+00:00,sapmachine-11.0.21,125513226,False,sapmachine-jdk-11.0.21_windows-x64_bin-symbols.tar.gz,windows,x64,jdk,5
2026-09-08T00:24:05+00:00,sapmachine-11.0.21,125513226,False,sapmachine-jdk-11.0.21_linux-ppc64le_bin.tar.gz,linux,ppc64,jdk,3301
2026-09-08T00:24:05+00:00,sapmachine-11.0.21,125513226,False,sapmachine-jre-11.0.21_linux-ppc64le_bin.tar.gz,linux,ppc64,jre,3180
2026-09-08T00:24:05+00:00,sapmachine-11.0.21,125513226,False,sapmachine-jdk-11.0.21_linux-ppc64le_bin-symbols.tar.gz,linux,ppc64,jdk,4
2026-09-08T00:24:05+00:00,sapmachine-11.0.21,125513226,False,sapmachine-jdk-11.0.21_windows-x64_bin.msi,windows,x64,jdk,4340
2026-09-08T00:24:05+00:00,sapmachine-11.0.21,125513226,False,sapmachine-jre-11.0.21_windows-x64_bin.msi,windows,x64,jre,3637
2026-09-08T00:24:05+00:00,sapmachine-11.0.21,125513226,False,sapmachine-jdk-11.0.21_macos-aarch64_bin.tar.gz,macos,aarch64,jdk,4088
2026-09-08T00:24:05+00:00,sapmachine-11.0.21,125513226,False,sapmachine-jdk-11.0.21_macos-aarch64_bin.dmg,macos,aarch64,jdk,5720
2026-09-08T00:24:05+00:00,sapmachine-11.0.21,125513226,False,sapmachine-jre-11.0.21_macos-aarch64_bin.tar.gz,macos,aarch64,jre,3255
2026-09-08T00:24:05+00:00,sapmachine-11.0.21,125513226,False,sapmachine-jre-11.0.21_macos-aarch64_bin.dmg,macos,aarch64,jre,3173
2026-09-08T00:24:05+00:00,sapmachine-11.0.21,125513226,False,sapmachine-jdk-11.0.21_macos-aarch64_bin-symbols.tar.gz,macos,aarch64,jdk,2
2026-09-08T00:24:05+00:00,sapmachine-11.0.21,125513226,False,sapmachine-jdk-11.0.21_macos-x64_bin.tar.gz,macos,x64,jdk,3900
2026-09-08T00:24:05+00:00,sapmachine-11.0.21,125513226,False,sapmachine-jdk-11.0.21_macos-x64_bin.dmg,macos,x64,jdk,5925
2026-09-08T00:24:05+00:00,sapmachine-11.0.21,125513226,False,sapmachine-jre-11.0.21_macos-x64_bin.tar.gz,macos,x64,jre,3293
2026-09-08T00:24:05+00:00,sapmachine-11.0.21,125513226,False,sapmachine-jre-11.0.21_macos-x64_bin.dmg,macos,x64,jre,3199
2026-09-08T00:24:05+00:00,sapmachine-11.0.21,125513226,False,sapmachine-jdk-11.0.21_macos-x64_bin-symbols.tar.gz,macos,x64,jdk,2
2026-09-08T00:24:05+00:00,sapmachine-17.0.9,125512392,False,sapmachine-jdk-17.0.9_linux-x64-musl_bin.tar.gz,alpine,x64,jdk,3553
2026-09-08T00:24:05+00:00,sapmachine-17.0.9,125512392,False,sapmachine-jre-17.0.9_linux-x64-musl_bin.tar.gz,alpine,x64,jre,3329
2026-09-08T00:24:05+00:00,sapmachine-17.0.9,125512392,False,sapmachine-jdk-17.0.9_linux-x64-musl_bin-symbols.tar.gz,alpine,x64,jdk,2
2026-09-08T00:24:05+00:00,sapmachine-17.0.9,125512392,False,sapmachine-jdk-17.0.9_linux-x64_bin.tar.gz,linux,x64,jdk,288785
2026-09-08T00:24:05+00:00,sapmachine-17.0.9,125512392,False,sapmachine-jre-17.0.9_linux-x64_bin.tar.gz,linux,x64,jre,133386
2026-09-08T00:24:05+00:00,sapmachine-17.0.9,125512392,False,sapmachine-jdk-17.0.9_linux-x64_bin-symbols.tar.gz,linux,x64,jdk,12
2026-09-08T00:24:05+00:00,sapmachine-17.0.9,125512392,False,sapmachine-jdk-17.0.9-1.x86_64.rpm,linux,x64,jdk,3406
2026-09-08T00:24:05+00:00,sapmachine-17.0.9,125512392,False,sapmachine-jdk-17.0.9_linux-aarch64_bin.tar.gz,linux,aarch64,jdk,3957
2026-09-08T00:24:05+00:00,sapmachine-17.0.9,125512392,False,sapmachine-jre-17.0.9_linux-aarch64_bin.tar.gz,linux,aarch64,jre,3331
2026-09-08T00:24:05+00:00,sapmachine-17.0.9,125512392,False,sapmachine-jdk-17.0.9_linux-aarch64_bin-symbols.tar.gz,linux,aarch64,jdk,2
2026-09-08T00:24:05+00:00,sapmachine-17.0.9,125512392,False,sapmachine-jdk-17.0.9_windows-x64_bin.zip,windows,x64,jdk,8220
2026-09-08T00:24:05+00:00,sapmachine-17.0.9,125512392,False,sapmachine-jre-17.0.9_windows-x64_bin.zip,windows,x64,jre,3490
2026-09-08T00:24:05+00:00,sapmachine-17.0.9,125512392,False,sapmachine-jdk-17.0.9_windows-x64_bin-symbols.tar.gz,windows,x64,jdk,3
2026-09-08T00:24:05+00:00,sapmachine-17.0.9,125512392,False,sapmachine-jdk-17.0.9_linux-ppc64le_bin.tar.gz,linux,ppc64,jdk,3373
2026-09-08T00:24:05+00:00,sapmachine-17.0.9,125512392,False,sapmachine-jre-17.0.9_linux-ppc64le_bin.tar.gz,linux,ppc64,jre,3214
2026-09-08T00:24:05+00:00,sapmachine-17.0.9,125512392,False,sapmachine-jdk-17.0.9_linux-ppc64le_bin-symbols.tar.gz,linux,ppc64,jdk,2
2026-09-08T00:24:05+00:00,sapmachine-17.0.9,125512392,False,sapmachine-jdk-17.0.9_windows-x64_bin.msi,windows,x64,jdk,5887
2026-09-08T00:24:05+00:00,sapmachine-17.0.9,125512392,False,sapmachine-jre-17.0.9_windows-x64_bin.msi,windows,x64,jre,4072
2026-09-08T00:24:05+00:00,sapmachine-17.0.9,125512392,False,sapmachine-jdk-17.0.9_macos-aarch64_bin.tar.gz,macos,aarch64,jdk,4881
2026-09-08T00:24:05+00:00,sapmachine-17.0.9,125512392,False,sapmachine-jdk-17.0.9_macos-aarch64_bin.dmg,macos,aarch64,jdk,6493
2026-09-08T00:24:05+00:00,sapmachine-17.0.9,125512392,False,sapmachine-jre-17.0.9_macos-aarch64_bin.tar.gz,macos,aarch64,jre,3320
2026-09-08T00:24:05+00:00,sapmachine-17.0.9,125512392,False,sapmachine-jre-17.0.9_macos-aarch64_bin.dmg,macos,aarch64,jre,3197
2026-09-08T00:24:05+00:00,sapmachine-17.0.9,125512392,False,sapmachine-jdk-17.0.9_macos-aarch64_bin-symbols.tar.gz,macos,aarch64,jdk,3
2026-09-08T00:24:05+00:00,sapmachine-17.0.9,125512392,False,sapmachine-jdk-17.0.9_macos-x64_bin.tar.gz,macos,x64,jdk,4309
2026-09-08T00:24:05+00:00,sapmachine-17.0.9,125512392,False,sapmachine-jdk-17.0.9_macos-x64_bin.dmg,macos,x64,jdk,7006
2026-09-08T00:24:05+00:00,sapmachine-17.0.9,125512392,False,sapmachine-jre-17.0.9_macos-x64_bin.tar.gz,macos,x64,jre,3278
2026-09-08T00:24:05+00:00,sapmachine-17.0.9,125512392,False,sapmachine-jre-17.0.9_macos-x64_bin.dmg,macos,x64,jre,3211
2026-09-08T00:24:05+00:00,sapmachine-17.0.9,125512392,False,sapmachine-jdk-17.0.9_macos-x64_bin-symbols.tar.gz,macos,x64,jdk,3
2026-09-08T00:24:05+00:00,sapmachine-21.0.1,125509596,False,sapmachine-jdk-21.0.1_linux-x64-musl_bin.tar.gz,alpine,x64,jdk,3403
2026-09-08T00:24:05+00:00,sapmachine-21.0.1,125509596,False,sapmachine-jre-21.0.1_linux-x64-musl_bin.tar.gz,alpine,x64,jre,3217
2026-09-08T00:24:05+00:00,sapmachine-21.0.1,125509596,False,sapmachine-jdk-21.0.1_linux-x64-musl_bin-symbols.tar.gz,alpine,x64,jdk,7
2026-09-08T00:24:05+00:00,sapmachine-21.0.1,125509596,False,sapmachine-jdk-21.0.1_linux-x64_bin.tar.gz,linux,x64,jdk,8248
2026-09-08T00:24:05+00:00,sapmachine-21.0.1,125509596,False,sapmachine-jre-21.0.1_linux-x64_bin.tar.gz,linux,x64,jre,8103
2026-09-08T00:24:05+00:00,sapmachine-21.0.1,125509596,False,sapmachine-jdk-21.0.1_linux-x64_bin-symbols.tar.gz,linux,x64,jdk,7
2026-09-08T00:24:05+00:00,sapmachine-21.0.1,125509596,False,sapmachine-jdk-21.0.1-1.x86_64.rpm,linux,x64,jdk,3282
2026-09-08T00:24:05+00:00,sapmachine-21.0.1,125509596,False,sapmachine-jdk-21.0.1_linux-aarch64_bin.tar.gz,linux,aarch64,jdk,3412
2026-09-08T00:24:05+00:00,sapmachine-21.0.1,125509596,False,sapmachine-jre-21.0.1_linux-aarch64_bin.tar.gz,linux,aarch64,jre,3986
2026-09-08T00:24:05+00:00,sapmachine-21.0.1,125509596,False,sapmachine-jdk-21.0.1_linux-aarch64_bin-symbols.tar.gz,linux,aarch64,jdk,8
2026-09-08T00:24:05+00:00,sapmachine-21.0.1,125509596,False,sapmachine-jdk-21.0.1-beta_aix-ppc64_bin.tar.gz,aix,ppc64,jdk,2949
2026-09-08T00:24:05+00:00,sapmachine-21.0.1,125509596,False,sapmachine-jre-21.0.1-beta_aix-ppc64_bin.tar.gz,aix,ppc64,jre,2911
2026-09-08T00:24:05+00:00,sapmachine-21.0.1,125509596,False,sapmachine-jdk-21.0.1-beta_aix-ppc64_bin-symbols.tar.gz,aix,ppc64,jdk,7
2026-09-08T00:24:05+00:00,sapmachine-21.0.1,125509596,False,sapmachine-jdk-21.0.1_windows-x64_bin.zip,windows,x64,jdk,6150
2026-09-08T00:24:05+00:00,sapmachine-21.0.1,125509596,False,sapmachine-jre-21.0.1_windows-x64_bin.zip,windows,x64,jre,3510
2026-09-08T00:24:05+00:00,sapmachine-21.0.1,125509596,False,sapmachine-jdk-21.0.1_windows-x64_bin-symbols.tar.gz,windows,x64,jdk,7
2026-09-08T00:24:05+00:00,sapmachine-21.0.1,125509596,False,sapmachine-jdk-21.0.1_linux-ppc64le_bin.tar.gz,linux,ppc64,jdk,3363
2026-09-08T00:24:05+00:00,sapmachine-21.0.1,125509596,False,sapmachine-jre-21.0.1_linux-ppc64le_bin.tar.gz,linux,ppc64,jre,3184
2026-09-08T00:24:05+00:00,sapmachine-21.0.1,125509596,False,sapmachine-jdk-21.0.1_linux-ppc64le_bin-symbols.tar.gz,linux,ppc64,jdk,6
2026-09-08T00:24:05+00:00,sapmachine-21.0.1,125509596,False,sapmachine-jdk-21.0.1_windows-x64_bin.msi,windows,x64,jdk,7760
2026-09-08T00:24:05+00:00,sapmachine-21.0.1,125509596,False,sapmachine-jre-21.0.1_windows-x64_bin.msi,windows,x64,jre,4239
2026-09-08T00:24:05+00:00,sapmachine-21.0.1,125509596,False,sapmachine-jdk-21.0.1_macos-aarch64_bin.tar.gz,macos,aarch64,jdk,4519
2026-09-08T00:24:05+00:00,sapmachine-21.0.1,125509596,False,sapmachine-jdk-21.0.1_macos-aarch64_bin.dmg,macos,aarch64,jdk,6814
2026-09-08T00:24:05+00:00,sapmachine-21.0.1,125509596,False,sapmachine-jre-21.0.1_macos-aarch64_bin.tar.gz,macos,aarch64,jre,3312
2026-09-08T00:24:05+00:00,sapmachine-21.0.1,125509596,False,sapmachine-jre-21.0.1_macos-aarch64_bin.dmg,macos,aarch64,jre,3208
2026-09-08T00:24:05+00:00,sapmachine-21.0.1,125509596,False,sapmachine-jdk-21.0.1_macos-aarch64_bin-symbols.tar.gz,macos,aarch64,jdk,6
2026-09-08T00:24:05+00:00,sapmachine-21.0.1,125509596,False,sapmachine-jdk-21.0.1_macos-x64_bin.tar.gz,macos,x64,jdk,4041
2026-09-08T00:24:05+00:00,sapmachine-21.0.1,125509596,False,sapmachine-jdk-21.0.1_macos-x64_bin.dmg,macos,x64,jdk,7411
2026-09-08T00:24:05+00:00,sapmachine-21.0.1,125509596,False,sapmachine-jre-21.0.1_macos-x64_bin.tar.gz,macos,x64,jre,3284
2026-09-08T00:24:05+00:00,sapmachine-21.0.1,125509596,False,sapmachine-jre-21.0.1_macos-x64_bin.dmg,macos,x64,jre,3288
2026-09-08T00:24:05+00:00,sapmachine-21.0.1,125509596,False,sapmachine-jdk-21.0.1_macos-x64_bin-symbols.tar.gz,macos,x64,jdk,5
2026-09-08T00:24:05+00:00,sapmachine-21,121589656,False,sapmachine-jdk-21_linux-x64-musl_bin.tar.gz,alpine,x64,jdk,3331
2026-09-08T00:24:05+00:00,sapmachine-21,121589656,False,sapmachine-jre-21_linux-x64-musl_bin.tar.gz,alpine,x64,jre,3285
2026-09-08T00:24:05+00:00,sapmachine-21,121589656,False,sapmachine-jdk-21_linux-x64-musl_bin-symbols.tar.gz,alpine,x64,jdk,10
2026-09-08T00:24:05+00:00,sapmachine-21,121589656,False,sapmachine-jdk-21_linux-x64_bin.tar.gz,linux,x64,jdk,4671
2026-09-08T00:24:05+00:00,sapmachine-21,121589656,False,sapmachine-jre-21_linux-x64_bin.tar.gz,linux,x64,jre,4532
2026-09-08T00:24:05+00:00,sapmachine-21,121589656,False,sapmachine-jdk-21_linux-x64_bin-symbols.tar.gz,linux,x64,jdk,9
2026-09-08T00:24:05+00:00,sapmachine-21,121589656,False,sapmachine-jdk-21-1.x86_64.rpm,linux,x64,jdk,3519
2026-09-08T00:24:05+00:00,sapmachine-21,121589656,False,sapmachine-jdk-21_linux-aarch64_bin.tar.gz,linux,aarch64,jdk,3437
2026-09-08T00:24:05+00:00,sapmachine-21,121589656,False,sapmachine-jre-21_linux-aarch64_bin.tar.gz,linux,aarch64,jre,3367
2026-09-08T00:24:05+00:00,sapmachine-21,121589656,False,sapmachine-jdk-21_linux-aarch64_bin-symbols.tar.gz,linux,aarch64,jdk,14
2026-09-08T00:24:05+00:00,sapmachine-21,121589656,False,sapmachine-jdk-21_windows-x64_bin.zip,windows,x64,jdk,5308
2026-09-08T00:24:05+00:00,sapmachine-21,121589656,False,sapmachine-jre-21_windows-x64_bin.zip,windows,x64,jre,3443
2026-09-08T00:24:05+00:00,sapmachine-21,121589656,False,sapmachine-jdk-21_windows-x64_bin-symbols.tar.gz,windows,x64,jdk,6
2026-09-08T00:24:05+00:00,sapmachine-21,121589656,False,sapmachine-jdk-21_linux-ppc64le_bin.tar.gz,linux,ppc64,jdk,3304
2026-09-08T00:24:05+00:00,sapmachine-21,121589656,False,sapmachine-jre-21_linux-ppc64le_bin.tar.gz,linux,ppc64,jre,3269
2026-09-08T00:24:05+00:00,sapmachine-21,121589656,False,sapmachine-jdk-21_linux-ppc64le_bin-symbols.tar.gz,linux,ppc64,jdk,9
2026-09-08T00:24:05+00:00,sapmachine-21,121589656,False,sapmachine-jdk-21_windows-x64_bin.msi,windows,x64,jdk,4894
2026-09-08T00:24:05+00:00,sapmachine-21,121589656,False,sapmachine-jre-21_windows-x64_bin.msi,windows,x64,jre,3611
2026-09-08T00:24:05+00:00,sapmachine-21,121589656,False,sapmachine-jdk-21_macos-aarch64_bin.tar.gz,macos,aarch64,jdk,3963
2026-09-08T00:24:05+00:00,sapmachine-21,121589656,False,sapmachine-jdk-21_macos-aarch64_bin.dmg,macos,aarch64,jdk,3789
2026-09-08T00:24:05+00:00,sapmachine-21,121589656,False,sapmachine-jdk-21_macos-x64_bin.tar.gz,macos,x64,jdk,3600
2026-09-08T00:24:05+00:00,sapmachine-21,121589656,False,sapmachine-jre-21_macos-aarch64_bin.tar.gz,macos,aarch64,jre,3369
2026-09-08T00:24:05+00:00,sapmachine-21,121589656,False,sapmachine-jre-21_macos-aarch64_bin.dmg,macos,aarch64,jre,3326
2026-09-08T00:24:05+00:00,sapmachine-21,121589656,False,sapmachine-jdk-21_macos-x64_bin.dmg,macos,x64,jdk,4039
2026-09-08T00:24:05+00:00,sapmachine-21,121589656,False,sapmachine-jdk-21_macos-aarch64_bin-symbols.tar.gz,macos,aarch64,jdk,5
2026-09-08T00:24:05+00:00,sapmachine-21,121589656,False,sapmachine-jre-21_macos-x64_bin.tar.gz,macos,x64,jre,3394
2026-09-08T00:24:05+00:00,sapmachine-21,121589656,False,sapmachine-jre-21_macos-x64_bin.dmg,macos,x64,jre,3262
2026-09-08T00:24:05+00:00,sapmachine-21,121589656,False,sapmachine-jdk-21_macos-x64_bin-symbols.tar.gz,macos,x64,jdk,2
2026-09-08T00:24:05+00:00,sapmachine-11.0.20.1,120580479,False,sapmachine-jdk-11.0.20.1_linux-x64_bin.tar.gz,linux,x64,jdk,19723
2026-09-08T00:24:05+00:00,sapmachine-11.0.20.1,120580479,False,sapmachine-jre-11.0.20.1_linux-x64_bin.tar.gz,linux,x64,jre,9667
2026-09-08T00:24:05+00:00,sapmachine-11.0.20.1,120580479,False,sapmachine-jdk-11.0.20.1_linux-x64_bin-symbols.tar.gz,linux,x64,jdk,3
2026-09-08T00:24:05+00:00,sapmachine-11.0.20.1,120580479,False,sapmachine-jdk-11.0.20.1-1.x86_64.rpm,linux,x64,jdk,3384
2026-09-08T00:24:05+00:00,sapmachine-11.0.20.1,120580479,False,sapmachine-jdk-11.0.20.1_linux-aarch64_bin.tar.gz,linux,aarch64,jdk,3359
2026-09-08T00:24:05+00:00,sapmachine-11.0.20.1,120580479,False,sapmachine-jre-11.0.20.1_linux-aarch64_bin.tar.gz,linux,aarch64,jre,3294
2026-09-08T00:24:05+00:00,sapmachine-11.0.20.1,120580479,False,sapmachine-jdk-11.0.20.1_linux-aarch64_bin-symbols.tar.gz,linux,aarch64,jdk,2
2026-09-08T00:24:05+00:00,sapmachine-11.0.20.1,120580479,False,sapmachine-jdk-11.0.20.1_linux-ppc64le_bin.tar.gz,linux,ppc64,jdk,3283
2026-09-08T00:24:05+00:00,sapmachine-11.0.20.1,120580479,False,sapmachine-jre-11.0.20.1_linux-ppc64le_bin.tar.gz,linux,ppc64,jre,3262
2026-09-08T00:24:05+00:00,sapmachine-11.0.20.1,120580479,False,sapmachine-jdk-11.0.20.1_linux-ppc64le_bin-symbols.tar.gz,linux,ppc64,jdk,2
2026-09-08T00:24:05+00:00,sapmachine-11.0.20.1,120580479,False,sapmachine-jdk-11.0.20.1_windows-x64_bin.zip,windows,x64,jdk,4089
2026-09-08T00:24:05+00:00,sapmachine-11.0.20.1,120580479,False,sapmachine-jre-11.0.20.1_windows-x64_bin.zip,windows,x64,jre,3544
2026-09-08T00:24:05+00:00,sapmachine-11.0.20.1,120580479,False,sapmachine-jdk-11.0.20.1_windows-x64_bin-symbols.tar.gz,windows,x64,jdk,3
2026-09-08T00:24:05+00:00,sapmachine-11.0.20.1,120580479,False,sapmachine-jdk-11.0.20.1_windows-x64_bin.msi,windows,x64,jdk,3694
2026-09-08T00:24:05+00:00,sapmachine-11.0.20.1,120580479,False,sapmachine-jre-11.0.20.1_windows-x64_bin.msi,windows,x64,jre,3403
2026-09-08T00:24:05+00:00,sapmachine-11.0.20.1,120580479,False,sapmachine-jdk-11.0.20.1_macos-x64_bin.tar.gz,macos,x64,jdk,3593
2026-09-08T00:24:05+00:00,sapmachine-11.0.20.1,120580479,False,sapmachine-jdk-11.0.20.1_macos-x64_bin.dmg,macos,x64,jdk,3639
2026-09-08T00:24:05+00:00,sapmachine-11.0.20.1,120580479,False,sapmachine-jre-11.0.20.1_macos-x64_bin.tar.gz,macos,x64,jre,3368
2026-09-08T00:24:05+00:00,sapmachine-11.0.20.1,120580479,False,sapmachine-jre-11.0.20.1_macos-x64_bin.dmg,macos,x64,jre,3304
2026-09-08T00:24:05+00:00,sapmachine-11.0.20.1,120580479,False,sapmachine-jdk-11.0.20.1_macos-x64_bin-symbols.tar.gz,macos,x64,jdk,2
2026-09-08T00:24:05+00:00,sapmachine-11.0.20.1,120580479,False,sapmachine-jdk-11.0.20.1_macos-aarch64_bin.tar.gz,macos,aarch64,jdk,3690
2026-09-08T00:24:05+00:00,sapmachine-11.0.20.1,120580479,False,sapmachine-jdk-11.0.20.1_macos-aarch64_bin.dmg,macos,aarch64,jdk,3492
2026-09-08T00:24:05+00:00,sapmachine-11.0.20.1,120580479,False,sapmachine-jre-11.0.20.1_macos-aarch64_bin.tar.gz,macos,aarch64,jre,3380
2026-09-08T00:24:05+00:00,sapmachine-11.0.20.1,120580479,False,sapmachine-jre-11.0.20.1_macos-aarch64_bin.dmg,macos,aarch64,jre,3307
2026-09-08T00:24:05+00:00,sapmachine-11.0.20.1,120580479,False,sapmachine-jdk-11.0.20.1_macos-aarch64_bin-symbols.tar.gz,macos,aarch64,jdk,2
2026-09-08T00:24:05+00:00,sapmachine-17.0.8.1,120346785,False,sapmachine-jdk-17.0.8.1_linux-x64-musl_bin.tar.gz,alpine,x64,jdk,3481
2026-09-08T00:24:05+00:00,sapmachine-17.0.8.1,120346785,False,sapmachine-jre-17.0.8.1_linux-x64-musl_bin.tar.gz,alpine,x64,jre,3290
2026-09-08T00:24:05+00:00,sapmachine-17.0.8.1,120346785,False,sapmachine-jdk-17.0.8.1_linux-x64-musl_bin-symbols.tar.gz,alpine,x64,jdk,2
2026-09-08T00:24:05+00:00,sapmachine-17.0.8.1,120346785,False,sapmachine-jdk-17.0.8.1_linux-x64_bin.tar.gz,linux,x64,jdk,321267
2026-09-08T00:24:05+00:00,sapmachine-17.0.8.1,120346785,False,sapmachine-jre-17.0.8.1_linux-x64_bin.tar.gz,linux,x64,jre,55237
2026-09-08T00:24:05+00:00,sapmachine-17.0.8.1,120346785,False,sapmachine-jdk-17.0.8.1_linux-x64_bin-symbols.tar.gz,linux,x64,jdk,6
2026-09-08T00:24:05+00:00,sapmachine-17.0.8.1,120346785,False,sapmachine-jdk-17.0.8.1-1.x86_64.rpm,linux,x64,jdk,3831
2026-09-08T00:24:05+00:00,sapmachine-17.0.8.1,120346785,False,sapmachine-jdk-17.0.8.1_linux-aarch64_bin.tar.gz,linux,aarch64,jdk,3658
2026-09-08T00:24:05+00:00,sapmachine-17.0.8.1,120346785,False,sapmachine-jre-17.0.8.1_linux-aarch64_bin.tar.gz,linux,aarch64,jre,3310
2026-09-08T00:24:05+00:00,sapmachine-17.0.8.1,120346785,False,sapmachine-jdk-17.0.8.1_linux-aarch64_bin-symbols.tar.gz,linux,aarch64,jdk,5
2026-09-08T00:24:05+00:00,sapmachine-17.0.8.1,120346785,False,sapmachine-jdk-17.0.8.1_windows-x64_bin.zip,windows,x64,jdk,4735
2026-09-08T00:24:05+00:00,sapmachine-17.0.8.1,120346785,False,sapmachine-jre-17.0.8.1_windows-x64_bin.zip,windows,x64,jre,3527
2026-09-08T00:24:05+00:00,sapmachine-17.0.8.1,120346785,False,sapmachine-jdk-17.0.8.1_windows-x64_bin-symbols.tar.gz,windows,x64,jdk,2
2026-09-08T00:24:05+00:00,sapmachine-17.0.8.1,120346785,False,sapmachine-jdk-17.0.8.1_linux-ppc64le_bin.tar.gz,linux,ppc64,jdk,3368
2026-09-08T00:24:05+00:00,sapmachine-17.0.8.1,120346785,False,sapmachine-jre-17.0.8.1_linux-ppc64le_bin.tar.gz,linux,ppc64,jre,3294
2026-09-08T00:24:05+00:00,sapmachine-17.0.8.1,120346785,False,sapmachine-jdk-17.0.8.1_linux-ppc64le_bin-symbols.tar.gz,linux,ppc64,jdk,2
2026-09-08T00:24:05+00:00,sapmachine-17.0.8.1,120346785,False,sapmachine-jdk-17.0.8.1_windows-x64_bin.msi,windows,x64,jdk,4337
2026-09-08T00:24:05+00:00,sapmachine-17.0.8.1,120346785,False,sapmachine-jre-17.0.8.1_windows-x64_bin.msi,windows,x64,jre,3502
2026-09-08T00:24:05+00:00,sapmachine-17.0.8.1,120346785,False,sapmachine-jdk-17.0.8.1_macos-aarch64_bin.tar.gz,macos,aarch64,jdk,3977
2026-09-08T00:24:05+00:00,sapmachine-17.0.8.1,120346785,False,sapmachine-jdk-17.0.8.1_macos-aarch64_bin.dmg,macos,aarch64,jdk,3915
2026-09-08T00:24:05+00:00,sapmachine-17.0.8.1,120346785,False,sapmachine-jre-17.0.8.1_macos-aarch64_bin.tar.gz,macos,aarch64,jre,3362
2026-09-08T00:24:05+00:00,sapmachine-17.0.8.1,120346785,False,sapmachine-jre-17.0.8.1_macos-aarch64_bin.dmg,macos,aarch64,jre,3313
2026-09-08T00:24:05+00:00,sapmachine-17.0.8.1,120346785,False,sapmachine-jdk-17.0.8.1_macos-aarch64_bin-symbols.tar.gz,macos,aarch64,jdk,2
2026-09-08T00:24:05+00:00,sapmachine-17.0.8.1,120346785,False,sapmachine-jdk-17.0.8.1_macos-x64_bin.tar.gz,macos,x64,jdk,3795
2026-09-08T00:24:05+00:00,sapmachine-17.0.8.1,120346785,False,sapmachine-jdk-17.0.8.1_macos-x64_bin.dmg,macos,x64,jdk,4060
2026-09-08T00:24:05+00:00,sapmachine-17.0.8.1,120346785,False,sapmachine-jre-17.0.8.1_macos-x64_bin.tar.gz,macos,x64,jre,3390
2026-09-08T00:24:05+00:00,sapmachine-17.0.8.1,120346785,False,sapmachine-jre-17.0.8.1_macos-x64_bin.dmg,macos,x64,jre,3368
2026-09-08T00:24:05+00:00,sapmachine-17.0.8.1,120346785,False,sapmachine-jdk-17.0.8.1_macos-x64_bin-symbols.tar.gz,macos,x64,jdk,2
2026-09-08T00:24:05+00:00,sapmachine-20.0.2,112729405,False,sapmachine-jdk-20.0.2_linux-x64-musl_bin.tar.gz,alpine,x64,jdk,3460
2026-09-08T00:24:05+00:00,sapmachine-20.0.2,112729405,False,sapmachine-jre-20.0.2_linux-x64-musl_bin.tar.gz,alpine,x64,jre,3461
2026-09-08T00:24:05+00:00,sapmachine-20.0.2,112729405,False,sapmachine-jdk-20.0.2_linux-x64-musl_bin-symbols.tar.gz,alpine,x64,jdk,10
2026-09-08T00:24:05+00:00,sapmachine-20.0.2,112729405,False,sapmachine-jdk-20.0.2_linux-x64_bin.tar.gz,linux,x64,jdk,5552
2026-09-08T00:24:05+00:00,sapmachine-20.0.2,112729405,False,sapmachine-jre-20.0.2_linux-x64_bin.tar.gz,linux,x64,jre,22090
2026-09-08T00:24:05+00:00,sapmachine-20.0.2,112729405,False,sapmachine-jdk-20.0.2_linux-x64_bin-symbols.tar.gz,linux,x64,jdk,11
2026-09-08T00:24:05+00:00,sapmachine-20.0.2,112729405,False,sapmachine-jdk-20.0.2-1.x86_64.rpm,linux,x64,jdk,3497
2026-09-08T00:24:05+00:00,sapmachine-20.0.2,112729405,False,sapmachine-jdk-20.0.2_linux-aarch64_bin.tar.gz,linux,aarch64,jdk,3605
2026-09-08T00:24:05+00:00,sapmachine-20.0.2,112729405,False,sapmachine-jre-20.0.2_linux-aarch64_bin.tar.gz,linux,aarch64,jre,4555
2026-09-08T00:24:05+00:00,sapmachine-20.0.2,112729405,False,sapmachine-jdk-20.0.2_linux-aarch64_bin-symbols.tar.gz,linux,aarch64,jdk,15
2026-09-08T00:24:05+00:00,sapmachine-20.0.2,112729405,False,sapmachine-jdk-20.0.2_windows-x64_bin.zip,windows,x64,jdk,4590
2026-09-08T00:24:05+00:00,sapmachine-20.0.2,112729405,False,sapmachine-jre-20.0.2_windows-x64_bin.zip,windows,x64,jre,5311
2026-09-08T00:24:05+00:00,sapmachine-20.0.2,112729405,False,sapmachine-jdk-20.0.2_windows-x64_bin-symbols.tar.gz,windows,x64,jdk,9
2026-09-08T00:24:05+00:00,sapmachine-20.0.2,112729405,False,sapmachine-jdk-20.0.2_linux-ppc64le_bin.tar.gz,linux,ppc64,jdk,3513
2026-09-08T00:24:05+00:00,sapmachine-20.0.2,112729405,False,sapmachine-jre-20.0.2_linux-ppc64le_bin.tar.gz,linux,ppc64,jre,3386
2026-09-08T00:24:05+00:00,sapmachine-20.0.2,112729405,False,sapmachine-jdk-20.0.2_linux-ppc64le_bin-symbols.tar.gz,linux,ppc64,jdk,10
2026-09-08T00:24:05+00:00,sapmachine-20.0.2,112729405,False,sapmachine-jdk-20.0.2_macos-aarch64_bin.tar.gz,macos,aarch64,jdk,4094
2026-09-08T00:24:05+00:00,sapmachine-20.0.2,112729405,False,sapmachine-jdk-20.0.2_macos-aarch64_bin.dmg,macos,aarch64,jdk,4103
2026-09-08T00:24:05+00:00,sapmachine-20.0.2,112729405,False,sapmachine-jre-20.0.2_macos-aarch64_bin.tar.gz,macos,aarch64,jre,3544
2026-09-08T00:24:05+00:00,sapmachine-20.0.2,112729405,False,sapmachine-jre-20.0.2_macos-aarch64_bin.dmg,macos,aarch64,jre,3373
2026-09-08T00:24:05+00:00,sapmachine-20.0.2,112729405,False,sapmachine-jdk-20.0.2_macos-aarch64_bin-symbols.tar.gz,macos,aarch64,jdk,7
2026-09-08T00:24:05+00:00,sapmachine-20.0.2,112729405,False,sapmachine-jdk-20.0.2_macos-x64_bin.tar.gz,macos,x64,jdk,3992
2026-09-08T00:24:05+00:00,sapmachine-20.0.2,112729405,False,sapmachine-jdk-20.0.2_macos-x64_bin.dmg,macos,x64,jdk,4643
2026-09-08T00:24:05+00:00,sapmachine-20.0.2,112729405,False,sapmachine-jre-20.0.2_macos-x64_bin.tar.gz,macos,x64,jre,3507
2026-09-08T00:24:05+00:00,sapmachine-20.0.2,112729405,False,sapmachine-jre-20.0.2_macos-x64_bin.dmg,macos,x64,jre,3429
2026-09-08T00:24:05+00:00,sapmachine-20.0.2,112729405,False,sapmachine-jdk-20.0.2_macos-x64_bin-symbols.tar.gz,macos,x64,jdk,7
2026-09-08T00:24:05+00:00,sapmachine-20.0.2,112729405,False,sapmachine-jdk-20.0.2_windows-x64_bin.msi,windows,x64,jdk,5824
2026-09-08T00:24:05+00:00,sapmachine-20.0.2,112729405,False,sapmachine-jre-20.0.2_windows-x64_bin.msi,windows,x64,jre,3873
2026-09-08T00:24:05+00:00,sapmachine-17.0.8,112724516,False,sapmachine-jdk-17.0.8_linux-x64-musl_bin.tar.gz,alpine,x64,jdk,3530
2026-09-08T00:24:05+00:00,sapmachine-17.0.8,112724516,False,sapmachine-jre-17.0.8_linux-x64-musl_bin.tar.gz,alpine,x64,jre,3492
2026-09-08T00:24:05+00:00,sapmachine-17.0.8,112724516,False,sapmachine-jdk-17.0.8_linux-x64-musl_bin-symbols.tar.gz,alpine,x64,jdk,2
2026-09-08T00:24:05+00:00,sapmachine-17.0.8,112724516,False,sapmachine-jdk-17.0.8_linux-x64_bin.tar.gz,linux,x64,jdk,56906
2026-09-08T00:24:05+00:00,sapmachine-17.0.8,112724516,False,sapmachine-jre-17.0.8_linux-x64_bin.tar.gz,linux,x64,jre,58715
2026-09-08T00:24:05+00:00,sapmachine-17.0.8,112724516,False,sapmachine-jdk-17.0.8_linux-x64_bin-symbols.tar.gz,linux,x64,jdk,9
2026-09-08T00:24:05+00:00,sapmachine-17.0.8,112724516,False,sapmachine-jdk-17.0.8-1.x86_64.rpm,linux,x64,jdk,3762
2026-09-08T00:24:05+00:00,sapmachine-17.0.8,112724516,False,sapmachine-jdk-17.0.8_linux-aarch64_bin.tar.gz,linux,aarch64,jdk,4929
2026-09-08T00:24:05+00:00,sapmachine-17.0.8,112724516,False,sapmachine-jre-17.0.8_linux-aarch64_bin.tar.gz,linux,aarch64,jre,3449
2026-09-08T00:24:05+00:00,sapmachine-17.0.8,112724516,False,sapmachine-jdk-17.0.8_linux-aarch64_bin-symbols.tar.gz,linux,aarch64,jdk,4
2026-09-08T00:24:05+00:00,sapmachine-17.0.8,112724516,False,sapmachine-jdk-17.0.8_windows-x64_bin.zip,windows,x64,jdk,5073
2026-09-08T00:24:05+00:00,sapmachine-17.0.8,112724516,False,sapmachine-jre-17.0.8_windows-x64_bin.zip,windows,x64,jre,3779
2026-09-08T00:24:05+00:00,sapmachine-17.0.8,112724516,False,sapmachine-jdk-17.0.8_windows-x64_bin-symbols.tar.gz,windows,x64,jdk,5
2026-09-08T00:24:05+00:00,sapmachine-17.0.8,112724516,False,sapmachine-jdk-17.0.8_linux-ppc64le_bin.tar.gz,linux,ppc64,jdk,3554
2026-09-08T00:24:05+00:00,sapmachine-17.0.8,112724516,False,sapmachine-jre-17.0.8_linux-ppc64le_bin.tar.gz,linux,ppc64,jre,3453
2026-09-08T00:24:05+00:00,sapmachine-17.0.8,112724516,False,sapmachine-jdk-17.0.8_linux-ppc64le_bin-symbols.tar.gz,linux,ppc64,jdk,2
2026-09-08T00:24:05+00:00,sapmachine-17.0.8,112724516,False,sapmachine-jdk-17.0.8_macos-x64_bin.tar.gz,macos,x64,jdk,4285
2026-09-08T00:24:05+00:00,sapmachine-17.0.8,112724516,False,sapmachine-jdk-17.0.8_macos-x64_bin.dmg,macos,x64,jdk,6278
2026-09-08T00:24:05+00:00,sapmachine-17.0.8,112724516,False,sapmachine-jre-17.0.8_macos-x64_bin.tar.gz,macos,x64,jre,3511
2026-09-08T00:24:05+00:00,sapmachine-17.0.8,112724516,False,sapmachine-jre-17.0.8_macos-x64_bin.dmg,macos,x64,jre,3440
2026-09-08T00:24:05+00:00,sapmachine-17.0.8,112724516,False,sapmachine-jdk-17.0.8_macos-x64_bin-symbols.tar.gz,macos,x64,jdk,2
2026-09-08T00:24:05+00:00,sapmachine-17.0.8,112724516,False,sapmachine-jdk-17.0.8_macos-aarch64_bin.tar.gz,macos,aarch64,jdk,4363
2026-09-08T00:24:05+00:00,sapmachine-17.0.8,112724516,False,sapmachine-jdk-17.0.8_macos-aarch64_bin.dmg,macos,aarch64,jdk,5814
2026-09-08T00:24:05+00:00,sapmachine-17.0.8,112724516,False,sapmachine-jre-17.0.8_macos-aarch64_bin.tar.gz,macos,aarch64,jre,3461
2026-09-08T00:24:05+00:00,sapmachine-17.0.8,112724516,False,sapmachine-jre-17.0.8_macos-aarch64_bin.dmg,macos,aarch64,jre,3386
2026-09-08T00:24:05+00:00,sapmachine-17.0.8,112724516,False,sapmachine-jdk-17.0.8_macos-aarch64_bin-symbols.tar.gz,macos,aarch64,jdk,7
2026-09-08T00:24:05+00:00,sapmachine-17.0.8,112724516,False,sapmachine-jdk-17.0.8_windows-x64_bin.msi,windows,x64,jdk,5785
2026-09-08T00:24:05+00:00,sapmachine-17.0.8,112724516,False,sapmachine-jre-17.0.8_windows-x64_bin.msi,windows,x64,jre,3742
2026-09-08T00:24:05+00:00,sapmachine-11.0.20,112728811,False,sapmachine-jdk-11.0.20_linux-x64_bin.tar.gz,linux,x64,jdk,47051
2026-09-08T00:24:05+00:00,sapmachine-11.0.20,112728811,False,sapmachine-jre-11.0.20_linux-x64_bin.tar.gz,linux,x64,jre,16377
2026-09-08T00:24:05+00:00,sapmachine-11.0.20,112728811,False,sapmachine-jdk-11.0.20_linux-x64_bin-symbols.tar.gz,linux,x64,jdk,17
2026-09-08T00:24:05+00:00,sapmachine-11.0.20,112728811,False,sapmachine-jdk-11.0.20-1.x86_64.rpm,linux,x64,jdk,3587
2026-09-08T00:24:05+00:00,sapmachine-11.0.20,112728811,False,sapmachine-jdk-11.0.20_linux-aarch64_bin.tar.gz,linux,aarch64,jdk,3488
2026-09-08T00:24:05+00:00,sapmachine-11.0.20,112728811,False,sapmachine-jre-11.0.20_linux-aarch64_bin.tar.gz,linux,aarch64,jre,3528
2026-09-08T00:24:05+00:00,sapmachine-11.0.20,112728811,False,sapmachine-jdk-11.0.20_linux-aarch64_bin-symbols.tar.gz,linux,aarch64,jdk,4
2026-09-08T00:24:05+00:00,sapmachine-11.0.20,112728811,False,sapmachine-jdk-11.0.20_windows-x64_bin.zip,windows,x64,jdk,4511
2026-09-08T00:24:05+00:00,sapmachine-11.0.20,112728811,False,sapmachine-jre-11.0.20_windows-x64_bin.zip,windows,x64,jre,3612
2026-09-08T00:24:05+00:00,sapmachine-11.0.20,112728811,False,sapmachine-jdk-11.0.20_windows-x64_bin-symbols.tar.gz,windows,x64,jdk,6
2026-09-08T00:24:05+00:00,sapmachine-11.0.20,112728811,False,sapmachine-jdk-11.0.20_linux-ppc64le_bin.tar.gz,linux,ppc64,jdk,3456
2026-09-08T00:24:05+00:00,sapmachine-11.0.20,112728811,False,sapmachine-jre-11.0.20_linux-ppc64le_bin.tar.gz,linux,ppc64,jre,3391
2026-09-08T00:24:05+00:00,sapmachine-11.0.20,112728811,False,sapmachine-jdk-11.0.20_linux-ppc64le_bin-symbols.tar.gz,linux,ppc64,jdk,3
2026-09-08T00:24:05+00:00,sapmachine-11.0.20,112728811,False,sapmachine-jdk-11.0.20_macos-aarch64_bin.tar.gz,macos,aarch64,jdk,4167
2026-09-08T00:24:05+00:00,sapmachine-11.0.20,112728811,False,sapmachine-jdk-11.0.20_macos-aarch64_bin.dmg,macos,aarch64,jdk,5246
2026-09-08T00:24:05+00:00,sapmachine-11.0.20,112728811,False,sapmachine-jre-11.0.20_macos-aarch64_bin.tar.gz,macos,aarch64,jre,3468
2026-09-08T00:24:05+00:00,sapmachine-11.0.20,112728811,False,sapmachine-jdk-11.0.20_macos-x64_bin.tar.gz,macos,x64,jdk,4126
2026-09-08T00:24:05+00:00,sapmachine-11.0.20,112728811,False,sapmachine-jre-11.0.20_macos-aarch64_bin.dmg,macos,aarch64,jre,3466
2026-09-08T00:24:05+00:00,sapmachine-11.0.20,112728811,False,sapmachine-jdk-11.0.20_macos-aarch64_bin-symbols.tar.gz,macos,aarch64,jdk,3
2026-09-08T00:24:05+00:00,sapmachine-11.0.20,112728811,False,sapmachine-jdk-11.0.20_macos-x64_bin.dmg,macos,x64,jdk,5475
2026-09-08T00:24:05+00:00,sapmachine-11.0.20,112728811,False,sapmachine-jre-11.0.20_macos-x64_bin.tar.gz,macos,x64,jre,3531
2026-09-08T00:24:05+00:00,sapmachine-11.0.20,112728811,False,sapmachine-jre-11.0.20_macos-x64_bin.dmg,macos,x64,jre,3436
2026-09-08T00:24:05+00:00,sapmachine-11.0.20,112728811,False,sapmachine-jdk-11.0.20_macos-x64_bin-symbols.tar.gz,macos,x64,jdk,3
2026-09-08T00:24:05+00:00,sapmachine-11.0.20,112728811,False,sapmachine-jdk-11.0.20_windows-x64_bin.msi,windows,x64,jdk,4333
2026-09-08T00:24:05+00:00,sapmachine-11.0.20,112728811,False,sapmachine-jre-11.0.20_windows-x64_bin.msi,windows,x64,jre,3658
2026-09-08T00:24:05+00:00,sapmachine-11.0.19,99977831,False,sapmachine-jdk-11.0.19_linux-x64_bin.tar.gz,linux,x64,jdk,75149
2026-09-08T00:24:05+00:00,sapmachine-11.0.19,99977831,False,sapmachine-jre-11.0.19_linux-x64_bin.tar.gz,linux,x64,jre,38439
2026-09-08T00:24:05+00:00,sapmachine-11.0.19,99977831,False,sapmachine-jdk-11.0.19_linux-x64_bin-symbols.tar.gz,linux,x64,jdk,30
2026-09-08T00:24:05+00:00,sapmachine-11.0.19,99977831,False,sapmachine-jdk-11.0.19_linux-aarch64_bin.tar.gz,linux,aarch64,jdk,3660
2026-09-08T00:24:05+00:00,sapmachine-11.0.19,99977831,False,sapmachine-jre-11.0.19_linux-aarch64_bin.tar.gz,linux,aarch64,jre,3614
2026-09-08T00:24:05+00:00,sapmachine-11.0.19,99977831,False,sapmachine-jdk-11.0.19_linux-aarch64_bin-symbols.tar.gz,linux,aarch64,jdk,4
2026-09-08T00:24:05+00:00,sapmachine-11.0.19,99977831,False,sapmachine-jdk-11.0.19-1.x86_64.rpm,linux,x64,jdk,3658
2026-09-08T00:24:05+00:00,sapmachine-11.0.19,99977831,False,sapmachine-jdk-11.0.19_linux-ppc64le_bin.tar.gz,linux,ppc64,jdk,3525
2026-09-08T00:24:05+00:00,sapmachine-11.0.19,99977831,False,sapmachine-jre-11.0.19_linux-ppc64le_bin.tar.gz,linux,ppc64,jre,3497
2026-09-08T00:24:05+00:00,sapmachine-11.0.19,99977831,False,sapmachine-jdk-11.0.19_linux-ppc64le_bin-symbols.tar.gz,linux,ppc64,jdk,3
2026-09-08T00:24:05+00:00,sapmachine-11.0.19,99977831,False,sapmachine-jdk-11.0.19_windows-x64_bin.zip,windows,x64,jdk,5194
2026-09-08T00:24:05+00:00,sapmachine-11.0.19,99977831,False,sapmachine-jre-11.0.19_windows-x64_bin.zip,windows,x64,jre,3769
2026-09-08T00:24:05+00:00,sapmachine-11.0.19,99977831,False,sapmachine-jdk-11.0.19_windows-x64_bin-symbols.tar.gz,windows,x64,jdk,4
2026-09-08T00:24:05+00:00,sapmachine-11.0.19,99977831,False,sapmachine-jdk-11.0.19_macos-aarch64_bin.tar.gz,macos,aarch64,jdk,4493
2026-09-08T00:24:05+00:00,sapmachine-11.0.19,99977831,False,sapmachine-jdk-11.0.19_macos-aarch64_bin.dmg,macos,aarch64,jdk,6135
2026-09-08T00:24:05+00:00,sapmachine-11.0.19,99977831,False,sapmachine-jre-11.0.19_macos-aarch64_bin.tar.gz,macos,aarch64,jre,3574
2026-09-08T00:24:05+00:00,sapmachine-11.0.19,99977831,False,sapmachine-jre-11.0.19_macos-aarch64_bin.dmg,macos,aarch64,jre,3574
2026-09-08T00:24:05+00:00,sapmachine-11.0.19,99977831,False,sapmachine-jdk-11.0.19_macos-aarch64_bin-symbols.tar.gz,macos,aarch64,jdk,2
2026-09-08T00:24:05+00:00,sapmachine-11.0.19,99977831,False,sapmachine-jdk-11.0.19_macos-x64_bin.tar.gz,macos,x64,jdk,4583
2026-09-08T00:24:05+00:00,sapmachine-11.0.19,99977831,False,sapmachine-jdk-11.0.19_macos-x64_bin.dmg,macos,x64,jdk,6312
2026-09-08T00:24:05+00:00,sapmachine-11.0.19,99977831,False,sapmachine-jre-11.0.19_macos-x64_bin.tar.gz,macos,x64,jre,3570
2026-09-08T00:24:05+00:00,sapmachine-11.0.19,99977831,False,sapmachine-jre-11.0.19_macos-x64_bin.dmg,macos,x64,jre,3553
2026-09-08T00:24:05+00:00,sapmachine-11.0.19,99977831,False,sapmachine-jdk-11.0.19_macos-x64_bin-symbols.tar.gz,macos,x64,jdk,3
2026-09-08T00:24:05+00:00,sapmachine-11.0.19,99977831,False,sapmachine-jdk-11.0.19_windows-x64_bin.msi,windows,x64,jdk,4686
2026-09-08T00:24:05+00:00,sapmachine-11.0.19,99977831,False,sapmachine-jre-11.0.19_windows-x64_bin.msi,windows,x64,jre,3905
2026-09-08T00:24:05+00:00,sapmachine-17.0.7,99977377,False,sapmachine-jdk-17.0.7_linux-x64-musl_bin.tar.gz,alpine,x64,jdk,4539
2026-09-08T00:24:05+00:00,sapmachine-17.0.7,99977377,False,sapmachine-jre-17.0.7_linux-x64-musl_bin.tar.gz,alpine,x64,jre,3570
2026-09-08T00:24:05+00:00,sapmachine-17.0.7,99977377,False,sapmachine-jdk-17.0.7_linux-x64-musl_bin-symbols.tar.gz,alpine,x64,jdk,3
2026-09-08T00:24:05+00:00,sapmachine-17.0.7,99977377,False,sapmachine-jdk-17.0.7_linux-x64_bin.tar.gz,linux,x64,jdk,229693
2026-09-08T00:24:05+00:00,sapmachine-17.0.7,99977377,False,sapmachine-jre-17.0.7_linux-x64_bin.tar.gz,linux,x64,jre,62685
2026-09-08T00:24:05+00:00,sapmachine-17.0.7,99977377,False,sapmachine-jdk-17.0.7_linux-x64_bin-symbols.tar.gz,linux,x64,jdk,13
2026-09-08T00:24:05+00:00,sapmachine-17.0.7,99977377,False,sapmachine-jdk-17.0.7_linux-aarch64_bin.tar.gz,linux,aarch64,jdk,4007
2026-09-08T00:24:05+00:00,sapmachine-17.0.7,99977377,False,sapmachine-jre-17.0.7_linux-aarch64_bin.tar.gz,linux,aarch64,jre,3576
2026-09-08T00:24:05+00:00,sapmachine-17.0.7,99977377,False,sapmachine-jdk-17.0.7-1.x86_64.rpm,linux,x64,jdk,3872
2026-09-08T00:24:05+00:00,sapmachine-17.0.7,99977377,False,sapmachine-jdk-17.0.7_linux-aarch64_bin-symbols.tar.gz,linux,aarch64,jdk,4
2026-09-08T00:24:05+00:00,sapmachine-17.0.7,99977377,False,sapmachine-jdk-17.0.7_linux-ppc64le_bin.tar.gz,linux,ppc64,jdk,3654
2026-09-08T00:24:05+00:00,sapmachine-17.0.7,99977377,False,sapmachine-jre-17.0.7_linux-ppc64le_bin.tar.gz,linux,ppc64,jre,3585
2026-09-08T00:24:05+00:00,sapmachine-17.0.7,99977377,False,sapmachine-jdk-17.0.7_linux-ppc64le_bin-symbols.tar.gz,linux,ppc64,jdk,3
2026-09-08T00:24:05+00:00,sapmachine-17.0.7,99977377,False,sapmachine-jdk-17.0.7_windows-x64_bin.zip,windows,x64,jdk,5512
2026-09-08T00:24:05+00:00,sapmachine-17.0.7,99977377,False,sapmachine-jre-17.0.7_windows-x64_bin.zip,windows,x64,jre,3893
2026-09-08T00:24:05+00:00,sapmachine-17.0.7,99977377,False,sapmachine-jdk-17.0.7_windows-x64_bin-symbols.tar.gz,windows,x64,jdk,2
2026-09-08T00:24:05+00:00,sapmachine-17.0.7,99977377,False,sapmachine-jdk-17.0.7_macos-aarch64_bin.tar.gz,macos,aarch64,jdk,5407
2026-09-08T00:24:05+00:00,sapmachine-17.0.7,99977377,False,sapmachine-jdk-17.0.7_macos-aarch64_bin.dmg,macos,aarch64,jdk,7025
2026-09-08T00:24:05+00:00,sapmachine-17.0.7,99977377,False,sapmachine-jre-17.0.7_macos-aarch64_bin.tar.gz,macos,aarch64,jre,3620
2026-09-08T00:24:05+00:00,sapmachine-17.0.7,99977377,False,sapmachine-jre-17.0.7_macos-aarch64_bin.dmg,macos,aarch64,jre,3547
2026-09-08T00:24:05+00:00,sapmachine-17.0.7,99977377,False,sapmachine-jdk-17.0.7_macos-aarch64_bin-symbols.tar.gz,macos,aarch64,jdk,4
2026-09-08T00:24:05+00:00,sapmachine-17.0.7,99977377,False,sapmachine-jdk-17.0.7_macos-x64_bin.tar.gz,macos,x64,jdk,5134
2026-09-08T00:24:05+00:00,sapmachine-17.0.7,99977377,False,sapmachine-jdk-17.0.7_macos-x64_bin.dmg,macos,x64,jdk,7770
2026-09-08T00:24:05+00:00,sapmachine-17.0.7,99977377,False,sapmachine-jre-17.0.7_macos-x64_bin.tar.gz,macos,x64,jre,3559
2026-09-08T00:24:05+00:00,sapmachine-17.0.7,99977377,False,sapmachine-jre-17.0.7_macos-x64_bin.dmg,macos,x64,jre,3618
2026-09-08T00:24:05+00:00,sapmachine-17.0.7,99977377,False,sapmachine-jdk-17.0.7_macos-x64_bin-symbols.tar.gz,macos,x64,jdk,2
2026-09-08T00:24:05+00:00,sapmachine-17.0.7,99977377,False,sapmachine-jdk-17.0.7_windows-x64_bin.msi,windows,x64,jdk,5979
2026-09-08T00:24:05+00:00,sapmachine-17.0.7,99977377,False,sapmachine-jre-17.0.7_windows-x64_bin.msi,windows,x64,jre,4103
2026-09-08T00:24:05+00:00,sapmachine-20.0.1,99976902,False,sapmachine-jdk-20.0.1_linux-x64-musl_bin.tar.gz,alpine,x64,jdk,3616
2026-09-08T00:24:05+00:00,sapmachine-20.0.1,99976902,False,sapmachine-jre-20.0.1_linux-x64-musl_bin.tar.gz,alpine,x64,jre,3523
2026-09-08T00:24:05+00:00,sapmachine-20.0.1,99976902,False,sapmachine-jdk-20.0.1_linux-x64-musl_bin-symbols.tar.gz,alpine,x64,jdk,7
2026-09-08T00:24:05+00:00,sapmachine-20.0.1,99976902,False,sapmachine-jdk-20.0.1_linux-x64_bin.tar.gz,linux,x64,jdk,5102
2026-09-08T00:24:05+00:00,sapmachine-20.0.1,99976902,False,sapmachine-jre-20.0.1_linux-x64_bin.tar.gz,linux,x64,jre,4999
2026-09-08T00:24:05+00:00,sapmachine-20.0.1,99976902,False,sapmachine-jdk-20.0.1_linux-x64_bin-symbols.tar.gz,linux,x64,jdk,7
2026-09-08T00:24:05+00:00,sapmachine-20.0.1,99976902,False,sapmachine-jdk-20.0.1_linux-aarch64_bin.tar.gz,linux,aarch64,jdk,3738
2026-09-08T00:24:05+00:00,sapmachine-20.0.1,99976902,False,sapmachine-jre-20.0.1_linux-aarch64_bin.tar.gz,linux,aarch64,jre,3521
2026-09-08T00:24:05+00:00,sapmachine-20.0.1,99976902,False,sapmachine-jdk-20.0.1_linux-aarch64_bin-symbols.tar.gz,linux,aarch64,jdk,10
2026-09-08T00:24:05+00:00,sapmachine-20.0.1,99976902,False,sapmachine-jdk-20.0.1-1.x86_64.rpm,linux,x64,jdk,3606
2026-09-08T00:24:05+00:00,sapmachine-20.0.1,99976902,False,sapmachine-jdk-20.0.1_macos-aarch64_bin.tar.gz,macos,aarch64,jdk,4482
2026-09-08T00:24:05+00:00,sapmachine-20.0.1,99976902,False,sapmachine-jdk-20.0.1_macos-aarch64_bin.dmg,macos,aarch64,jdk,4324
2026-09-08T00:24:05+00:00,sapmachine-20.0.1,99976902,False,sapmachine-jre-20.0.1_macos-aarch64_bin.tar.gz,macos,aarch64,jre,3588
2026-09-08T00:24:05+00:00,sapmachine-20.0.1,99976902,False,sapmachine-jre-20.0.1_macos-aarch64_bin.dmg,macos,aarch64,jre,3503
2026-09-08T00:24:05+00:00,sapmachine-20.0.1,99976902,False,sapmachine-jdk-20.0.1_macos-aarch64_bin-symbols.tar.gz,macos,aarch64,jdk,10
2026-09-08T00:24:05+00:00,sapmachine-20.0.1,99976902,False,sapmachine-jdk-20.0.1_macos-x64_bin.tar.gz,macos,x64,jdk,4637
2026-09-08T00:24:05+00:00,sapmachine-20.0.1,99976902,False,sapmachine-jdk-20.0.1_macos-x64_bin.dmg,macos,x64,jdk,5201
2026-09-08T00:24:05+00:00,sapmachine-20.0.1,99976902,False,sapmachine-jdk-20.0.1_linux-ppc64le_bin.tar.gz,linux,ppc64,jdk,3634
2026-09-08T00:24:05+00:00,sapmachine-20.0.1,99976902,False,sapmachine-jre-20.0.1_linux-ppc64le_bin.tar.gz,linux,ppc64,jre,3557
2026-09-08T00:24:05+00:00,sapmachine-20.0.1,99976902,False,sapmachine-jre-20.0.1_macos-x64_bin.tar.gz,macos,x64,jre,3641
2026-09-08T00:24:05+00:00,sapmachine-20.0.1,99976902,False,sapmachine-jdk-20.0.1_linux-ppc64le_bin-symbols.tar.gz,linux,ppc64,jdk,10
2026-09-08T00:24:05+00:00,sapmachine-20.0.1,99976902,False,sapmachine-jre-20.0.1_macos-x64_bin.dmg,macos,x64,jre,3619
2026-09-08T00:24:05+00:00,sapmachine-20.0.1,99976902,False,sapmachine-jdk-20.0.1_macos-x64_bin-symbols.tar.gz,macos,x64,jdk,8
2026-09-08T00:24:05+00:00,sapmachine-20.0.1,99976902,False,sapmachine-jdk-20.0.1_windows-x64_bin.zip,windows,x64,jdk,5397
2026-09-08T00:24:05+00:00,sapmachine-20.0.1,99976902,False,sapmachine-jre-20.0.1_windows-x64_bin.zip,windows,x64,jre,3807
2026-09-08T00:24:05+00:00,sapmachine-20.0.1,99976902,False,sapmachine-jdk-20.0.1_windows-x64_bin-symbols.tar.gz,windows,x64,jdk,6
2026-09-08T00:24:05+00:00,sapmachine-20.0.1,99976902,False,sapmachine-jdk-20.0.1_windows-x64_bin.msi,windows,x64,jdk,6684
2026-09-08T00:24:05+00:00,sapmachine-20.0.1,99976902,False,sapmachine-jre-20.0.1_windows-x64_bin.msi,windows,x64,jre,4271
2026-09-08T00:24:05+00:00,sapmachine-20,95999882,False,sapmachine-jdk-20_linux-x64-musl_bin.tar.gz,alpine,x64,jdk,3634
2026-09-08T00:24:05+00:00,sapmachine-20,95999882,False,sapmachine-jre-20_linux-x64-musl_bin.tar.gz,alpine,x64,jre,3581
2026-09-08T00:24:05+00:00,sapmachine-20,95999882,False,sapmachine-jdk-20_linux-x64-musl_bin-symbols.tar.gz,alpine,x64,jdk,7
2026-09-08T00:24:05+00:00,sapmachine-20,95999882,False,sapmachine-jdk-20_linux-x64_bin.tar.gz,linux,x64,jdk,4731
2026-09-08T00:24:05+00:00,sapmachine-20,95999882,False,sapmachine-jre-20_linux-x64_bin.tar.gz,linux,x64,jre,4896
2026-09-08T00:24:05+00:00,sapmachine-20,95999882,False,sapmachine-jdk-20_linux-x64_bin-symbols.tar.gz,linux,x64,jdk,7
2026-09-08T00:24:05+00:00,sapmachine-20,95999882,False,sapmachine-jdk-20-1.x86_64.rpm,linux,x64,jdk,3600
2026-09-08T00:24:05+00:00,sapmachine-20,95999882,False,sapmachine-jdk-20_linux-aarch64_bin.tar.gz,linux,aarch64,jdk,3708
2026-09-08T00:24:05+00:00,sapmachine-20,95999882,False,sapmachine-jre-20_linux-aarch64_bin.tar.gz,linux,aarch64,jre,3583
2026-09-08T00:24:05+00:00,sapmachine-20,95999882,False,sapmachine-jdk-20_linux-aarch64_bin-symbols.tar.gz,linux,aarch64,jdk,10
2026-09-08T00:24:05+00:00,sapmachine-20,95999882,False,sapmachine-jdk-20_linux-ppc64le_bin.tar.gz,linux,ppc64,jdk,3608
2026-09-08T00:24:05+00:00,sapmachine-20,95999882,False,sapmachine-jre-20_linux-ppc64le_bin.tar.gz,linux,ppc64,jre,3564
2026-09-08T00:24:05+00:00,sapmachine-20,95999882,False,sapmachine-jdk-20_linux-ppc64le_bin-symbols.tar.gz,linux,ppc64,jdk,8
2026-09-08T00:24:05+00:00,sapmachine-20,95999882,False,sapmachine-jdk-20_windows-x64_bin.zip,windows,x64,jdk,4713
2026-09-08T00:24:05+00:00,sapmachine-20,95999882,False,sapmachine-jre-20_windows-x64_bin.zip,windows,x64,jre,3684
2026-09-08T00:24:05+00:00,sapmachine-20,95999882,False,sapmachine-jdk-20_windows-x64_bin-symbols.tar.gz,windows,x64,jdk,5
2026-09-08T00:24:05+00:00,sapmachine-20,95999882,False,sapmachine-jdk-20_macos-x64_bin.tar.gz,macos,x64,jdk,3991
2026-09-08T00:24:05+00:00,sapmachine-20,95999882,False,sapmachine-jre-20_macos-x64_bin.tar.gz,macos,x64,jre,3649
2026-09-08T00:24:05+00:00,sapmachine-20,95999882,False,sapmachine-jdk-20_macos-x64_bin-symbols.tar.gz,macos,x64,jdk,30
2026-09-08T00:24:05+00:00,sapmachine-20,95999882,False,sapmachine-jdk-20_macos-x64_bin.dmg,macos,x64,jdk,4128
2026-09-08T00:24:05+00:00,sapmachine-20,95999882,False,sapmachine-jre-20_macos-x64_bin.dmg,macos,x64,jre,3517
2026-09-08T00:24:05+00:00,sapmachine-20,95999882,False,sapmachine-jdk-20_macos-aarch64_bin.tar.gz,macos,aarch64,jdk,4048
2026-09-08T00:24:05+00:00,sapmachine-20,95999882,False,sapmachine-jre-20_macos-aarch64_bin.tar.gz,macos,aarch64,jre,3603
2026-09-08T00:24:05+00:00,sapmachine-20,95999882,False,sapmachine-jdk-20_macos-aarch64_bin-symbols.tar.gz,macos,aarch64,jdk,29
2026-09-08T00:24:05+00:00,sapmachine-20,95999882,False,sapmachine-jdk-20_macos-aarch64_bin.dmg,macos,aarch64,jdk,3783
2026-09-08T00:24:05+00:00,sapmachine-20,95999882,False,sapmachine-jre-20_macos-aarch64_bin.dmg,macos,aarch64,jre,3496
2026-09-08T00:24:05+00:00,sapmachine-20,95999882,False,sapmachine-jdk-20_windows-x64_bin.msi,windows,x64,jdk,4270
2026-09-08T00:24:05+00:00,sapmachine-20,95999882,False,sapmachine-jre-20_windows-x64_bin.msi,windows,x64,jre,3778
2026-09-08T00:24:05+00:00,sapmachine-19.0.2,89316748,False,sapmachine-jdk-19.0.2_linux-x64_bin.tar.gz,linux,x64,jdk,5053
2026-09-08T00:24:05+00:00,sapmachine-19.0.2,89316748,False,sapmachine-jre-19.0.2_linux-x64_bin.tar.gz,linux,x64,jre,5041
2026-09-08T00:24:05+00:00,sapmachine-19.0.2,89316748,False,sapmachine-jdk-19.0.2_linux-x64_bin-symbols.tar.gz,linux,x64,jdk,8
2026-09-08T00:24:05+00:00,sapmachine-19.0.2,89316748,False,sapmachine-jdk-19.0.2-beta_linux-x64-musl_bin.tar.gz,alpine,x64,jdk,3262
2026-09-08T00:24:05+00:00,sapmachine-19.0.2,89316748,False,sapmachine-jre-19.0.2-beta_linux-x64-musl_bin.tar.gz,alpine,x64,jre,3258
2026-09-08T00:24:05+00:00,sapmachine-19.0.2,89316748,False,sapmachine-jdk-19.0.2-beta_linux-x64-musl_bin-symbols.tar.gz,alpine,x64,jdk,8
2026-09-08T00:24:05+00:00,sapmachine-19.0.2,89316748,False,sapmachine-jdk-19.0.2-1.x86_64.rpm,linux,x64,jdk,4784
2026-09-08T00:24:05+00:00,sapmachine-19.0.2,89316748,False,sapmachine-jdk-19.0.2_linux-aarch64_bin.tar.gz,linux,aarch64,jdk,3887
2026-09-08T00:24:05+00:00,sapmachine-19.0.2,89316748,False,sapmachine-jre-19.0.2_linux-aarch64_bin.tar.gz,linux,aarch64,jre,3697
2026-09-08T00:24:05+00:00,sapmachine-19.0.2,89316748,False,sapmachine-jdk-19.0.2_linux-aarch64_bin-symbols.tar.gz,linux,aarch64,jdk,7
2026-09-08T00:24:05+00:00,sapmachine-19.0.2,89316748,False,sapmachine-jdk-19.0.2_windows-x64_bin.zip,windows,x64,jdk,5164
2026-09-08T00:24:05+00:00,sapmachine-19.0.2,89316748,False,sapmachine-jre-19.0.2_windows-x64_bin.zip,windows,x64,jre,3851
2026-09-08T00:24:05+00:00,sapmachine-19.0.2,89316748,False,sapmachine-jdk-19.0.2_windows-x64_bin-symbols.tar.gz,windows,x64,jdk,6
2026-09-08T00:24:05+00:00,sapmachine-19.0.2,89316748,False,sapmachine-jdk-19.0.2_windows-x64_bin.msi,windows,x64,jdk,6363
2026-09-08T00:24:05+00:00,sapmachine-19.0.2,89316748,False,sapmachine-jre-19.0.2_windows-x64_bin.msi,windows,x64,jre,4134
2026-09-08T00:24:05+00:00,sapmachine-19.0.2,89316748,False,sapmachine-jdk-19.0.2_linux-ppc64le_bin.tar.gz,linux,ppc64,jdk,3713
2026-09-08T00:24:05+00:00,sapmachine-19.0.2,89316748,False,sapmachine-jre-19.0.2_linux-ppc64le_bin.tar.gz,linux,ppc64,jre,3711
2026-09-08T00:24:05+00:00,sapmachine-19.0.2,89316748,False,sapmachine-jdk-19.0.2_linux-ppc64le_bin-symbols.tar.gz,linux,ppc64,jdk,7
2026-09-08T00:24:05+00:00,sapmachine-19.0.2,89316748,False,sapmachine-jdk-19.0.2_macos-x64_bin.tar.gz,macos,x64,jdk,4509
2026-09-08T00:24:05+00:00,sapmachine-19.0.2,89316748,False,sapmachine-jre-19.0.2_macos-x64_bin.tar.gz,macos,x64,jre,3696
2026-09-08T00:24:05+00:00,sapmachine-19.0.2,89316748,False,sapmachine-jdk-19.0.2_macos-x64_bin-symbols.tar.gz,macos,x64,jdk,3
2026-09-08T00:24:05+00:00,sapmachine-19.0.2,89316748,False,sapmachine-jdk-19.0.2_macos-x64_bin.dmg,macos,x64,jdk,5058
2026-09-08T00:24:05+00:00,sapmachine-19.0.2,89316748,False,sapmachine-jre-19.0.2_macos-x64_bin.dmg,macos,x64,jre,3610
2026-09-08T00:24:05+00:00,sapmachine-19.0.2,89316748,False,sapmachine-jdk-19.0.2_macos-aarch64_bin.tar.gz,macos,aarch64,jdk,4550
2026-09-08T00:24:05+00:00,sapmachine-19.0.2,89316748,False,sapmachine-jre-19.0.2_macos-aarch64_bin.tar.gz,macos,aarch64,jre,3687
2026-09-08T00:24:05+00:00,sapmachine-19.0.2,89316748,False,sapmachine-jdk-19.0.2_macos-aarch64_bin-symbols.tar.gz,macos,aarch64,jdk,6
2026-09-08T00:24:05+00:00,sapmachine-19.0.2,89316748,False,sapmachine-jdk-19.0.2_macos-aarch64_bin.dmg,macos,aarch64,jdk,4328
2026-09-08T00:24:05+00:00,sapmachine-19.0.2,89316748,False,sapmachine-jre-19.0.2_macos-aarch64_bin.dmg,macos,aarch64,jre,3690
2026-09-08T00:24:05+00:00,sapmachine-17.0.6,89420725,False,sapmachine-jdk-17.0.6_linux-x64_bin.tar.gz,linux,x64,jdk,704436
2026-09-08T00:24:05+00:00,sapmachine-17.0.6,89420725,False,sapmachine-jre-17.0.6_linux-x64_bin.tar.gz,linux,x64,jre,38931
2026-09-08T00:24:05+00:00,sapmachine-17.0.6,89420725,False,sapmachine-jdk-17.0.6_linux-x64_bin-symbols.tar.gz,linux,x64,jdk,2
2026-09-08T00:24:05+00:00,sapmachine-17.0.6,89420725,False,sapmachine-jdk-17.0.6-beta_linux-x64-musl_bin.tar.gz,alpine,x64,jdk,3269
2026-09-08T00:24:05+00:00,sapmachine-17.0.6,89420725,False,sapmachine-jre-17.0.6-beta_linux-x64-musl_bin.tar.gz,alpine,x64,jre,3245
2026-09-08T00:24:05+00:00,sapmachine-17.0.6,89420725,False,sapmachine-jdk-17.0.6-beta_linux-x64-musl_bin-symbols.tar.gz,alpine,x64,jdk,5
2026-09-08T00:24:05+00:00,sapmachine-17.0.6,89420725,False,sapmachine-jdk-17.0.6_linux-aarch64_bin.tar.gz,linux,aarch64,jdk,4193
2026-09-08T00:24:05+00:00,sapmachine-17.0.6,89420725,False,sapmachine-jre-17.0.6_linux-aarch64_bin.tar.gz,linux,aarch64,jre,3782
2026-09-08T00:24:05+00:00,sapmachine-17.0.6,89420725,False,sapmachine-jdk-17.0.6_linux-aarch64_bin-symbols.tar.gz,linux,aarch64,jdk,1
2026-09-08T00:24:05+00:00,sapmachine-17.0.6,89420725,False,sapmachine-jdk-17.0.6-1.x86_64.rpm,linux,x64,jdk,4457
2026-09-08T00:24:05+00:00,sapmachine-17.0.6,89420725,False,sapmachine-jdk-17.0.6_windows-x64_bin.zip,windows,x64,jdk,6109
2026-09-08T00:24:05+00:00,sapmachine-17.0.6,89420725,False,sapmachine-jre-17.0.6_windows-x64_bin.zip,windows,x64,jre,3933
2026-09-08T00:24:05+00:00,sapmachine-17.0.6,89420725,False,sapmachine-jdk-17.0.6_windows-x64_bin-symbols.tar.gz,windows,x64,jdk,3
2026-09-08T00:24:05+00:00,sapmachine-17.0.6,89420725,False,sapmachine-jdk-17.0.6_windows-x64_bin.msi,windows,x64,jdk,6635
2026-09-08T00:24:05+00:00,sapmachine-17.0.6,89420725,False,sapmachine-jre-17.0.6_windows-x64_bin.msi,windows,x64,jre,4385
2026-09-08T00:24:05+00:00,sapmachine-17.0.6,89420725,False,sapmachine-jdk-17.0.6_linux-ppc64le_bin.tar.gz,linux,ppc64,jdk,3766
2026-09-08T00:24:05+00:00,sapmachine-17.0.6,89420725,False,sapmachine-jre-17.0.6_linux-ppc64le_bin.tar.gz,linux,ppc64,jre,3612
2026-09-08T00:24:05+00:00,sapmachine-17.0.6,89420725,False,sapmachine-jdk-17.0.6_linux-ppc64le_bin-symbols.tar.gz,linux,ppc64,jdk,1
2026-09-08T00:24:05+00:00,sapmachine-17.0.6,89420725,False,sapmachine-jdk-17.0.6_macos-x64_bin.tar.gz,macos,x64,jdk,5519
2026-09-08T00:24:05+00:00,sapmachine-17.0.6,89420725,False,sapmachine-jre-17.0.6_macos-x64_bin.tar.gz,macos,x64,jre,3779
2026-09-08T00:24:05+00:00,sapmachine-17.0.6,89420725,False,sapmachine-jdk-17.0.6_macos-x64_bin-symbols.tar.gz,macos,x64,jdk,15
2026-09-08T00:24:05+00:00,sapmachine-17.0.6,89420725,False,sapmachine-jdk-17.0.6_macos-x64_bin.dmg,macos,x64,jdk,9842
2026-09-08T00:24:05+00:00,sapmachine-17.0.6,89420725,False,sapmachine-jre-17.0.6_macos-x64_bin.dmg,macos,x64,jre,3827
2026-09-08T00:24:05+00:00,sapmachine-17.0.6,89420725,False,sapmachine-jdk-17.0.6_macos-aarch64_bin.tar.gz,macos,aarch64,jdk,5443
2026-09-08T00:24:05+00:00,sapmachine-17.0.6,89420725,False,sapmachine-jre-17.0.6_macos-aarch64_bin.tar.gz,macos,aarch64,jre,3763
2026-09-08T00:24:05+00:00,sapmachine-17.0.6,89420725,False,sapmachine-jdk-17.0.6_macos-aarch64_bin-symbols.tar.gz,macos,aarch64,jdk,37
2026-09-08T00:24:05+00:00,sapmachine-17.0.6,89420725,False,sapmachine-jdk-17.0.6_macos-aarch64_bin.dmg,macos,aarch64,jdk,9236
2026-09-08T00:24:05+00:00,sapmachine-17.0.6,89420725,False,sapmachine-jre-17.0.6_macos-aarch64_bin.dmg,macos,aarch64,jre,3707
2026-09-08T00:24:05+00:00,sapmachine-11.0.18,89317781,False,sapmachine-jdk-11.0.18_linux-x64_bin.tar.gz,linux,x64,jdk,90502
2026-09-08T00:24:05+00:00,sapmachine-11.0.18,89317781,False,sapmachine-jre-11.0.18_linux-x64_bin.tar.gz,linux,x64,jre,35782
2026-09-08T00:24:05+00:00,sapmachine-11.0.18,89317781,False,sapmachine-jdk-11.0.18_linux-x64_bin-symbols.tar.gz,linux,x64,jdk,38
2026-09-08T00:24:05+00:00,sapmachine-11.0.18,89317781,False,sapmachine-jdk-11.0.18_linux-aarch64_bin.tar.gz,linux,aarch64,jdk,3855
2026-09-08T00:24:05+00:00,sapmachine-11.0.18,89317781,False,sapmachine-jre-11.0.18_linux-aarch64_bin.tar.gz,linux,aarch64,jre,3648
2026-09-08T00:24:05+00:00,sapmachine-11.0.18,89317781,False,sapmachine-jdk-11.0.18_linux-aarch64_bin-symbols.tar.gz,linux,aarch64,jdk,3
2026-09-08T00:24:05+00:00,sapmachine-11.0.18,89317781,False,sapmachine-jdk-11.0.18-1.x86_64.rpm,linux,x64,jdk,3855
2026-09-08T00:24:05+00:00,sapmachine-11.0.18,89317781,False,sapmachine-jdk-11.0.18_windows-x64_bin.zip,windows,x64,jdk,5706
2026-09-08T00:24:05+00:00,sapmachine-11.0.18,89317781,False,sapmachine-jre-11.0.18_windows-x64_bin.zip,windows,x64,jre,4031
2026-09-08T00:24:05+00:00,sapmachine-11.0.18,89317781,False,sapmachine-jdk-11.0.18_windows-x64_bin-symbols.tar.gz,windows,x64,jdk,4
2026-09-08T00:24:05+00:00,sapmachine-11.0.18,89317781,False,sapmachine-jdk-11.0.18_windows-x64_bin.msi,windows,x64,jdk,5492
2026-09-08T00:24:05+00:00,sapmachine-11.0.18,89317781,False,sapmachine-jre-11.0.18_windows-x64_bin.msi,windows,x64,jre,4132
2026-09-08T00:24:05+00:00,sapmachine-11.0.18,89317781,False,sapmachine-jdk-11.0.18_linux-ppc64le_bin.tar.gz,linux,ppc64,jdk,3666
2026-09-08T00:24:05+00:00,sapmachine-11.0.18,89317781,False,sapmachine-jre-11.0.18_linux-ppc64le_bin.tar.gz,linux,ppc64,jre,3719
2026-09-08T00:24:05+00:00,sapmachine-11.0.18,89317781,False,sapmachine-jdk-11.0.18_linux-ppc64le_bin-symbols.tar.gz,linux,ppc64,jdk,3
2026-09-08T00:24:05+00:00,sapmachine-11.0.18,89317781,False,sapmachine-jdk-11.0.18_macos-x64_bin.tar.gz,macos,x64,jdk,5107
2026-09-08T00:24:05+00:00,sapmachine-11.0.18,89317781,False,sapmachine-jre-11.0.18_macos-x64_bin.tar.gz,macos,x64,jre,3708
2026-09-08T00:24:05+00:00,sapmachine-11.0.18,89317781,False,sapmachine-jdk-11.0.18_macos-x64_bin-symbols.tar.gz,macos,x64,jdk,2
2026-09-08T00:24:05+00:00,sapmachine-11.0.18,89317781,False,sapmachine-jdk-11.0.18_macos-x64_bin.dmg,macos,x64,jdk,6972
2026-09-08T00:24:05+00:00,sapmachine-11.0.18,89317781,False,sapmachine-jre-11.0.18_macos-x64_bin.dmg,macos,x64,jre,3848
2026-09-08T00:24:05+00:00,sapmachine-11.0.18,89317781,False,sapmachine-jdk-11.0.18_macos-aarch64_bin.tar.gz,macos,aarch64,jdk,4800
2026-09-08T00:24:05+00:00,sapmachine-11.0.18,89317781,False,sapmachine-jre-11.0.18_macos-aarch64_bin.tar.gz,macos,aarch64,jre,3736
2026-09-08T00:24:05+00:00,sapmachine-11.0.18,89317781,False,sapmachine-jdk-11.0.18_macos-aarch64_bin-symbols.tar.gz,macos,aarch64,jdk,2
2026-09-08T00:24:05+00:00,sapmachine-11.0.18,89317781,False,sapmachine-jdk-11.0.18_macos-aarch64_bin.dmg,macos,aarch64,jdk,6643
2026-09-08T00:24:05+00:00,sapmachine-11.0.18,89317781,False,sapmachine-jre-11.0.18_macos-aarch64_bin.dmg,macos,aarch64,jre,3800
2026-09-08T00:24:05+00:00,sapmachine-19.0.1,80227193,False,sapmachine-jdk-19.0.1_linux-x64_bin.tar.gz,linux,x64,jdk,4986
2026-09-08T00:24:05+00:00,sapmachine-19.0.1,80227193,False,sapmachine-jre-19.0.1_linux-x64_bin.tar.gz,linux,x64,jre,5297
2026-09-08T00:24:05+00:00,sapmachine-19.0.1,80227193,False,sapmachine-jdk-19.0.1_linux-x64_bin-symbols.tar.gz,linux,x64,jdk,6
2026-09-08T00:24:05+00:00,sapmachine-19.0.1,80227193,False,sapmachine-jdk-19.0.1-beta_linux-x64-musl_bin.tar.gz,alpine,x64,jdk,3338
2026-09-08T00:24:05+00:00,sapmachine-19.0.1,80227193,False,sapmachine-jre-19.0.1-beta_linux-x64-musl_bin.tar.gz,alpine,x64,jre,3347
2026-09-08T00:24:05+00:00,sapmachine-19.0.1,80227193,False,sapmachine-jdk-19.0.1-beta_linux-x64-musl_bin-symbols.tar.gz,alpine,x64,jdk,6
2026-09-08T00:24:05+00:00,sapmachine-19.0.1,80227193,False,sapmachine-jdk-19.0.1_linux-aarch64_bin.tar.gz,linux,aarch64,jdk,3970
2026-09-08T00:24:05+00:00,sapmachine-19.0.1,80227193,False,sapmachine-jre-19.0.1_linux-aarch64_bin.tar.gz,linux,aarch64,jre,3800
2026-09-08T00:24:05+00:00,sapmachine-19.0.1,80227193,False,sapmachine-jdk-19.0.1_linux-aarch64_bin-symbols.tar.gz,linux,aarch64,jdk,5
2026-09-08T00:24:05+00:00,sapmachine-19.0.1,80227193,False,sapmachine-jdk-19.0.1_windows-x64_bin.zip,windows,x64,jdk,5196
2026-09-08T00:24:05+00:00,sapmachine-19.0.1,80227193,False,sapmachine-jre-19.0.1_windows-x64_bin.zip,windows,x64,jre,3963
2026-09-08T00:24:05+00:00,sapmachine-19.0.1,80227193,False,sapmachine-jdk-19.0.1_windows-x64_bin-symbols.tar.gz,windows,x64,jdk,3
2026-09-08T00:24:05+00:00,sapmachine-19.0.1,80227193,False,sapmachine-jdk-19.0.1_windows-x64_bin.msi,windows,x64,jdk,7824
2026-09-08T00:24:05+00:00,sapmachine-19.0.1,80227193,False,sapmachine-jre-19.0.1_windows-x64_bin.msi,windows,x64,jre,4460
2026-09-08T00:24:05+00:00,sapmachine-19.0.1,80227193,False,sapmachine-jdk-19.0.1_linux-ppc64le_bin.tar.gz,linux,ppc64,jdk,3848
2026-09-08T00:24:05+00:00,sapmachine-19.0.1,80227193,False,sapmachine-jre-19.0.1_linux-ppc64le_bin.tar.gz,linux,ppc64,jre,3753
2026-09-08T00:24:05+00:00,sapmachine-19.0.1,80227193,False,sapmachine-jdk-19.0.1_linux-ppc64le_bin-symbols.tar.gz,linux,ppc64,jdk,3
2026-09-08T00:24:05+00:00,sapmachine-19.0.1,80227193,False,sapmachine-jdk-19.0.1-1.x86_64.rpm,linux,x64,jdk,3774
2026-09-08T00:24:05+00:00,sapmachine-19.0.1,80227193,False,sapmachine-jdk-19.0.1_macos-x64_bin.tar.gz,macos,x64,jdk,4700
2026-09-08T00:24:05+00:00,sapmachine-19.0.1,80227193,False,sapmachine-jre-19.0.1_macos-x64_bin.tar.gz,macos,x64,jre,3832
2026-09-08T00:24:05+00:00,sapmachine-19.0.1,80227193,False,sapmachine-jdk-19.0.1_macos-x64_bin-symbols.tar.gz,macos,x64,jdk,4
2026-09-08T00:24:05+00:00,sapmachine-19.0.1,80227193,False,sapmachine-jdk-19.0.1_macos-x64_bin.dmg,macos,x64,jdk,6644
2026-09-08T00:24:05+00:00,sapmachine-19.0.1,80227193,False,sapmachine-jre-19.0.1_macos-x64_bin.dmg,macos,x64,jre,3801
2026-09-08T00:24:05+00:00,sapmachine-19.0.1,80227193,False,sapmachine-jdk-19.0.1_macos-aarch64_bin.tar.gz,macos,aarch64,jdk,4760
2026-09-08T00:24:05+00:00,sapmachine-19.0.1,80227193,False,sapmachine-jre-19.0.1_macos-aarch64_bin.tar.gz,macos,aarch64,jre,3865
2026-09-08T00:24:05+00:00,sapmachine-19.0.1,80227193,False,sapmachine-jdk-19.0.1_macos-aarch64_bin-symbols.tar.gz,macos,aarch64,jdk,6
2026-09-08T00:24:05+00:00,sapmachine-19.0.1,80227193,False,sapmachine-jdk-19.0.1_macos-aarch64_bin.dmg,macos,aarch64,jdk,4781
2026-09-08T00:24:05+00:00,sapmachine-19.0.1,80227193,False,sapmachine-jre-19.0.1_macos-aarch64_bin.dmg,macos,aarch64,jre,3771
2026-09-08T00:24:05+00:00,sapmachine-17.0.5,80227273,False,sapmachine-jdk-17.0.5_linux-x64_bin.tar.gz,linux,x64,jdk,136201
2026-09-08T00:24:05+00:00,sapmachine-17.0.5,80227273,False,sapmachine-jre-17.0.5_linux-x64_bin.tar.gz,linux,x64,jre,142912
2026-09-08T00:24:05+00:00,sapmachine-17.0.5,80227273,False,sapmachine-jdk-17.0.5_linux-x64_bin-symbols.tar.gz,linux,x64,jdk,7
2026-09-08T00:24:05+00:00,sapmachine-17.0.5,80227273,False,sapmachine-jdk-17.0.5-beta_linux-x64-musl_bin.tar.gz,alpine,x64,jdk,3357
2026-09-08T00:24:05+00:00,sapmachine-17.0.5,80227273,False,sapmachine-jre-17.0.5-beta_linux-x64-musl_bin.tar.gz,alpine,x64,jre,3349
2026-09-08T00:24:05+00:00,sapmachine-17.0.5,80227273,False,sapmachine-jdk-17.0.5-beta_linux-x64-musl_bin-symbols.tar.gz,alpine,x64,jdk,5
2026-09-08T00:24:05+00:00,sapmachine-17.0.5,80227273,False,sapmachine-jdk-17.0.5_linux-aarch64_bin.tar.gz,linux,aarch64,jdk,7891
2026-09-08T00:24:05+00:00,sapmachine-17.0.5,80227273,False,sapmachine-jre-17.0.5_linux-aarch64_bin.tar.gz,linux,aarch64,jre,3783
2026-09-08T00:24:05+00:00,sapmachine-17.0.5,80227273,False,sapmachine-jdk-17.0.5_linux-aarch64_bin-symbols.tar.gz,linux,aarch64,jdk,5
2026-09-08T00:24:05+00:00,sapmachine-17.0.5,80227273,False,sapmachine-jdk-17.0.5_windows-x64_bin.zip,windows,x64,jdk,5587
2026-09-08T00:24:05+00:00,sapmachine-17.0.5,80227273,False,sapmachine-jre-17.0.5_windows-x64_bin.zip,windows,x64,jre,4060
2026-09-08T00:24:05+00:00,sapmachine-17.0.5,80227273,False,sapmachine-jdk-17.0.5_windows-x64_bin-symbols.tar.gz,windows,x64,jdk,4
2026-09-08T00:24:05+00:00,sapmachine-17.0.5,80227273,False,sapmachine-jdk-17.0.5_windows-x64_bin.msi,windows,x64,jdk,6345
2026-09-08T00:24:05+00:00,sapmachine-17.0.5,80227273,False,sapmachine-jre-17.0.5_windows-x64_bin.msi,windows,x64,jre,4229
2026-09-08T00:24:05+00:00,sapmachine-17.0.5,80227273,False,sapmachine-jdk-17.0.5_linux-ppc64le_bin.tar.gz,linux,ppc64,jdk,3906
2026-09-08T00:24:05+00:00,sapmachine-17.0.5,80227273,False,sapmachine-jre-17.0.5_linux-ppc64le_bin.tar.gz,linux,ppc64,jre,3731
2026-09-08T00:24:05+00:00,sapmachine-17.0.5,80227273,False,sapmachine-jdk-17.0.5_linux-ppc64le_bin-symbols.tar.gz,linux,ppc64,jdk,4
2026-09-08T00:24:05+00:00,sapmachine-17.0.5,80227273,False,sapmachine-jdk-17.0.5-1.x86_64.rpm,linux,x64,jdk,9005
2026-09-08T00:24:05+00:00,sapmachine-17.0.5,80227273,False,sapmachine-jdk-17.0.5_macos-x64_bin.tar.gz,macos,x64,jdk,5230
2026-09-08T00:24:05+00:00,sapmachine-17.0.5,80227273,False,sapmachine-jre-17.0.5_macos-x64_bin.tar.gz,macos,x64,jre,3813
2026-09-08T00:24:05+00:00,sapmachine-17.0.5,80227273,False,sapmachine-jdk-17.0.5_macos-x64_bin-symbols.tar.gz,macos,x64,jdk,3
2026-09-08T00:24:05+00:00,sapmachine-17.0.5,80227273,False,sapmachine-jdk-17.0.5_macos-x64_bin.dmg,macos,x64,jdk,8871
2026-09-08T00:24:05+00:00,sapmachine-17.0.5,80227273,False,sapmachine-jre-17.0.5_macos-x64_bin.dmg,macos,x64,jre,3760
2026-09-08T00:24:05+00:00,sapmachine-17.0.5,80227273,False,sapmachine-jdk-17.0.5_macos-aarch64_bin.tar.gz,macos,aarch64,jdk,5110
2026-09-08T00:24:05+00:00,sapmachine-17.0.5,80227273,False,sapmachine-jre-17.0.5_macos-aarch64_bin.tar.gz,macos,aarch64,jre,3827
2026-09-08T00:24:05+00:00,sapmachine-17.0.5,80227273,False,sapmachine-jdk-17.0.5_macos-aarch64_bin-symbols.tar.gz,macos,aarch64,jdk,2
2026-09-08T00:24:05+00:00,sapmachine-17.0.5,80227273,False,sapmachine-jdk-17.0.5_macos-aarch64_bin.dmg,macos,aarch64,jdk,8292
2026-09-08T00:24:05+00:00,sapmachine-17.0.5,80227273,False,sapmachine-jre-17.0.5_macos-aarch64_bin.dmg,macos,aarch64,jre,3739
2026-09-08T00:24:05+00:00,sapmachine-11.0.17,80228007,False,sapmachine-jdk-11.0.17_linux-x64_bin.tar.gz,linux,x64,jdk,98901
2026-09-08T00:24:05+00:00,sapmachine-11.0.17,80228007,False,sapmachine-jre-11.0.17_linux-x64_bin.tar.gz,linux,x64,jre,39452
2026-09-08T00:24:05+00:00,sapmachine-11.0.17,80228007,False,sapmachine-jdk-11.0.17_linux-x64_bin-symbols.tar.gz,linux,x64,jdk,1
2026-09-08T00:24:05+00:00,sapmachine-11.0.17,80228007,False,sapmachine-jdk-11.0.17_linux-aarch64_bin.tar.gz,linux,aarch64,jdk,4327
2026-09-08T00:24:05+00:00,sapmachine-11.0.17,80228007,False,sapmachine-jre-11.0.17_linux-aarch64_bin.tar.gz,linux,aarch64,jre,3785
2026-09-08T00:24:05+00:00,sapmachine-11.0.17,80228007,False,sapmachine-jdk-11.0.17_linux-aarch64_bin-symbols.tar.gz,linux,aarch64,jdk,3
2026-09-08T00:24:05+00:00,sapmachine-11.0.17,80228007,False,sapmachine-jdk-11.0.17_windows-x64_bin.zip,windows,x64,jdk,5443
2026-09-08T00:24:05+00:00,sapmachine-11.0.17,80228007,False,sapmachine-jre-11.0.17_windows-x64_bin.zip,windows,x64,jre,4060
2026-09-08T00:24:05+00:00,sapmachine-11.0.17,80228007,False,sapmachine-jdk-11.0.17_windows-x64_bin-symbols.tar.gz,windows,x64,jdk,1
2026-09-08T00:24:05+00:00,sapmachine-11.0.17,80228007,False,sapmachine-jdk-11.0.17_windows-x64_bin.msi,windows,x64,jdk,5554
2026-09-08T00:24:05+00:00,sapmachine-11.0.17,80228007,False,sapmachine-jre-11.0.17_windows-x64_bin.msi,windows,x64,jre,4216
2026-09-08T00:24:05+00:00,sapmachine-11.0.17,80228007,False,sapmachine-jdk-11.0.17_linux-ppc64le_bin.tar.gz,linux,ppc64,jdk,3894
2026-09-08T00:24:05+00:00,sapmachine-11.0.17,80228007,False,sapmachine-jre-11.0.17_linux-ppc64le_bin.tar.gz,linux,ppc64,jre,3734
2026-09-08T00:24:05+00:00,sapmachine-11.0.17,80228007,False,sapmachine-jdk-11.0.17_linux-ppc64le_bin-symbols.tar.gz,linux,ppc64,jdk,1
2026-09-08T00:24:05+00:00,sapmachine-11.0.17,80228007,False,sapmachine-jdk-11.0.17-1.x86_64.rpm,linux,x64,jdk,4440
2026-09-08T00:24:05+00:00,sapmachine-11.0.17,80228007,False,sapmachine-jdk-11.0.17_macos-x64_bin.tar.gz,macos,x64,jdk,5010
2026-09-08T00:24:05+00:00,sapmachine-11.0.17,80228007,False,sapmachine-jre-11.0.17_macos-x64_bin.tar.gz,macos,x64,jre,3813
2026-09-08T00:24:05+00:00,sapmachine-11.0.17,80228007,False,sapmachine-jdk-11.0.17_macos-x64_bin-symbols.tar.gz,macos,x64,jdk,3
2026-09-08T00:24:05+00:00,sapmachine-11.0.17,80228007,False,sapmachine-jdk-11.0.17_macos-x64_bin.dmg,macos,x64,jdk,6965
2026-09-08T00:24:05+00:00,sapmachine-11.0.17,80228007,False,sapmachine-jre-11.0.17_macos-x64_bin.dmg,macos,x64,jre,3788
2026-09-08T00:24:05+00:00,sapmachine-11.0.17,80228007,False,sapmachine-jdk-11.0.17_macos-aarch64_bin.tar.gz,macos,aarch64,jdk,4819
2026-09-08T00:24:05+00:00,sapmachine-11.0.17,80228007,False,sapmachine-jre-11.0.17_macos-aarch64_bin.tar.gz,macos,aarch64,jre,3847
2026-09-08T00:24:05+00:00,sapmachine-11.0.17,80228007,False,sapmachine-jdk-11.0.17_macos-aarch64_bin-symbols.tar.gz,macos,aarch64,jdk,4
2026-09-08T00:24:05+00:00,sapmachine-11.0.17,80228007,False,sapmachine-jdk-11.0.17_macos-aarch64_bin.dmg,macos,aarch64,jdk,6463
2026-09-08T00:24:05+00:00,sapmachine-11.0.17,80228007,False,sapmachine-jre-11.0.17_macos-aarch64_bin.dmg,macos,aarch64,jre,3722
2026-09-08T00:24:05+00:00,sapmachine-19,77507122,False,sapmachine-jdk-19_linux-x64_bin.tar.gz,linux,x64,jdk,4527
2026-09-08T00:24:05+00:00,sapmachine-19,77507122,False,sapmachine-jre-19_linux-x64_bin.tar.gz,linux,x64,jre,5222
2026-09-08T00:24:05+00:00,sapmachine-19,77507122,False,sapmachine-jdk-19_linux-x64_bin-symbols.tar.gz,linux,x64,jdk,9
2026-09-08T00:24:05+00:00,sapmachine-19,77507122,False,sapmachine-jdk-19-beta_linux-x64-musl_bin.tar.gz,alpine,x64,jdk,3531
2026-09-08T00:24:05+00:00,sapmachine-19,77507122,False,sapmachine-jre-19-beta_linux-x64-musl_bin.tar.gz,alpine,x64,jre,3370
2026-09-08T00:24:05+00:00,sapmachine-19,77507122,False,sapmachine-jdk-19-beta_linux-x64-musl_bin-symbols.tar.gz,alpine,x64,jdk,8
2026-09-08T00:24:05+00:00,sapmachine-19,77507122,False,sapmachine-jdk-19_linux-aarch64_bin.tar.gz,linux,aarch64,jdk,3991
2026-09-08T00:24:05+00:00,sapmachine-19,77507122,False,sapmachine-jre-19_linux-aarch64_bin.tar.gz,linux,aarch64,jre,3823
2026-09-08T00:24:05+00:00,sapmachine-19,77507122,False,sapmachine-jdk-19_linux-aarch64_bin-symbols.tar.gz,linux,aarch64,jdk,9
2026-09-08T00:24:05+00:00,sapmachine-19,77507122,False,sapmachine-jdk-19-1.x86_64.rpm,linux,x64,jdk,3765
2026-09-08T00:24:05+00:00,sapmachine-19,77507122,False,sapmachine-jdk-19_windows-x64_bin.zip,windows,x64,jdk,4623
2026-09-08T00:24:05+00:00,sapmachine-19,77507122,False,sapmachine-jre-19_windows-x64_bin.zip,windows,x64,jre,3887
2026-09-08T00:24:05+00:00,sapmachine-19,77507122,False,sapmachine-jdk-19_windows-x64_bin-symbols.tar.gz,windows,x64,jdk,8
2026-09-08T00:24:05+00:00,sapmachine-19,77507122,False,sapmachine-jdk-19_windows-x64_bin.msi,windows,x64,jdk,5471
2026-09-08T00:24:05+00:00,sapmachine-19,77507122,False,sapmachine-jre-19_windows-x64_bin.msi,windows,x64,jre,4115
2026-09-08T00:24:05+00:00,sapmachine-19,77507122,False,sapmachine-jdk-19_linux-ppc64le_bin.tar.gz,linux,ppc64,jdk,3805
2026-09-08T00:24:05+00:00,sapmachine-19,77507122,False,sapmachine-jre-19_linux-ppc64le_bin.tar.gz,linux,ppc64,jre,3805
2026-09-08T00:24:05+00:00,sapmachine-19,77507122,False,sapmachine-jdk-19_linux-ppc64le_bin-symbols.tar.gz,linux,ppc64,jdk,8
2026-09-08T00:24:05+00:00,sapmachine-19,77507122,False,sapmachine-jdk-19_macos-x64_bin.tar.gz,macos,x64,jdk,4404
2026-09-08T00:24:05+00:00,sapmachine-19,77507122,False,sapmachine-jre-19_macos-x64_bin.tar.gz,macos,x64,jre,3821
2026-09-08T00:24:05+00:00,sapmachine-19,77507122,False,sapmachine-jdk-19_macos-x64_bin-symbols.tar.gz,macos,x64,jdk,3
2026-09-08T00:24:05+00:00,sapmachine-19,77507122,False,sapmachine-jdk-19_macos-x64_bin.dmg,macos,x64,jdk,4663
2026-09-08T00:24:05+00:00,sapmachine-19,77507122,False,sapmachine-jre-19_macos-x64_bin.dmg,macos,x64,jre,3743
2026-09-08T00:24:05+00:00,sapmachine-19,77507122,False,sapmachine-jdk-19_macos-aarch64_bin.tar.gz,macos,aarch64,jdk,4405
2026-09-08T00:24:05+00:00,sapmachine-19,77507122,False,sapmachine-jre-19_macos-aarch64_bin.tar.gz,macos,aarch64,jre,3854
2026-09-08T00:24:05+00:00,sapmachine-19,77507122,False,sapmachine-jdk-19_macos-aarch64_bin-symbols.tar.gz,macos,aarch64,jdk,4
2026-09-08T00:24:05+00:00,sapmachine-19,77507122,False,sapmachine-jdk-19_macos-aarch64_bin.dmg,macos,aarch64,jdk,4124
2026-09-08T00:24:05+00:00,sapmachine-19,77507122,False,sapmachine-jre-19_macos-aarch64_bin.dmg,macos,aarch64,jre,3776
2026-09-08T00:24:05+00:00,sapmachine-18.0.2.1,75143311,False,sapmachine-jdk-18.0.2.1_linux-x64_bin.tar.gz,linux,x64,jdk,12710
2026-09-08T00:24:05+00:00,sapmachine-18.0.2.1,75143311,False,sapmachine-jre-18.0.2.1_linux-x64_bin.tar.gz,linux,x64,jre,5449
2026-09-08T00:24:05+00:00,sapmachine-18.0.2.1,75143311,False,sapmachine-jdk-18.0.2.1_linux-x64_bin-symbols.tar.gz,linux,x64,jdk,5
2026-09-08T00:24:05+00:00,sapmachine-18.0.2.1,75143311,False,sapmachine-jdk-18.0.2.1-beta_linux-x64-musl_bin.tar.gz,alpine,x64,jdk,3398
2026-09-08T00:24:05+00:00,sapmachine-18.0.2.1,75143311,False,sapmachine-jre-18.0.2.1-beta_linux-x64-musl_bin.tar.gz,alpine,x64,jre,3403
2026-09-08T00:24:05+00:00,sapmachine-18.0.2.1,75143311,False,sapmachine-jdk-18.0.2.1-beta_linux-x64-musl_bin-symbols.tar.gz,alpine,x64,jdk,5
2026-09-08T00:24:05+00:00,sapmachine-18.0.2.1,75143311,False,sapmachine-jdk-18.0.2.1_linux-aarch64_bin.tar.gz,linux,aarch64,jdk,3960
2026-09-08T00:24:05+00:00,sapmachine-18.0.2.1,75143311,False,sapmachine-jre-18.0.2.1_linux-aarch64_bin.tar.gz,linux,aarch64,jre,3848
2026-09-08T00:24:05+00:00,sapmachine-18.0.2.1,75143311,False,sapmachine-jdk-18.0.2.1_linux-aarch64_bin-symbols.tar.gz,linux,aarch64,jdk,6
2026-09-08T00:24:05+00:00,sapmachine-18.0.2.1,75143311,False,sapmachine-jdk-18.0.2.1-1.x86_64.rpm,linux,x64,jdk,3827
2026-09-08T00:24:05+00:00,sapmachine-18.0.2.1,75143311,False,sapmachine-jdk-18.0.2.1_windows-x64_bin.zip,windows,x64,jdk,4656
2026-09-08T00:24:05+00:00,sapmachine-18.0.2.1,75143311,False,sapmachine-jre-18.0.2.1_windows-x64_bin.zip,windows,x64,jre,3964
2026-09-08T00:24:05+00:00,sapmachine-18.0.2.1,75143311,False,sapmachine-jdk-18.0.2.1_windows-x64_bin-symbols.tar.gz,windows,x64,jdk,3
2026-09-08T00:24:05+00:00,sapmachine-18.0.2.1,75143311,False,sapmachine-jdk-18.0.2.1_windows-x64_bin.msi,windows,x64,jdk,4993
2026-09-08T00:24:05+00:00,sapmachine-18.0.2.1,75143311,False,sapmachine-jre-18.0.2.1_windows-x64_bin.msi,windows,x64,jre,4146
2026-09-08T00:24:05+00:00,sapmachine-18.0.2.1,75143311,False,sapmachine-jdk-18.0.2.1_linux-ppc64le_bin.tar.gz,linux,ppc64,jdk,3791
2026-09-08T00:24:05+00:00,sapmachine-18.0.2.1,75143311,False,sapmachine-jre-18.0.2.1_linux-ppc64le_bin.tar.gz,linux,ppc64,jre,3902
2026-09-08T00:24:05+00:00,sapmachine-18.0.2.1,75143311,False,sapmachine-jdk-18.0.2.1_linux-ppc64le_bin-symbols.tar.gz,linux,ppc64,jdk,5
2026-09-08T00:24:05+00:00,sapmachine-18.0.2.1,75143311,False,sapmachine-jdk-18.0.2.1_macos-x64_bin.tar.gz,macos,x64,jdk,4405
2026-09-08T00:24:05+00:00,sapmachine-18.0.2.1,75143311,False,sapmachine-jre-18.0.2.1_macos-x64_bin.tar.gz,macos,x64,jre,3927
2026-09-08T00:24:05+00:00,sapmachine-18.0.2.1,75143311,False,sapmachine-jdk-18.0.2.1_macos-x64_bin-symbols.tar.gz,macos,x64,jdk,2
2026-09-08T00:24:05+00:00,sapmachine-18.0.2.1,75143311,False,sapmachine-jdk-18.0.2.1_macos-x64_bin.dmg,macos,x64,jdk,4392
2026-09-08T00:24:05+00:00,sapmachine-18.0.2.1,75143311,False,sapmachine-jre-18.0.2.1_macos-x64_bin.dmg,macos,x64,jre,3919
2026-09-08T00:24:05+00:00,sapmachine-18.0.2.1,75143311,False,sapmachine-jdk-18.0.2.1_macos-aarch64_bin.tar.gz,macos,aarch64,jdk,4340
2026-09-08T00:24:05+00:00,sapmachine-18.0.2.1,75143311,False,sapmachine-jre-18.0.2.1_macos-aarch64_bin.tar.gz,macos,aarch64,jre,3922
2026-09-08T00:24:05+00:00,sapmachine-18.0.2.1,75143311,False,sapmachine-jdk-18.0.2.1_macos-aarch64_bin-symbols.tar.gz,macos,aarch64,jdk,4
2026-09-08T00:24:05+00:00,sapmachine-18.0.2.1,75143311,False,sapmachine-jdk-18.0.2.1_macos-aarch64_bin.dmg,macos,aarch64,jdk,3989
2026-09-08T00:24:05+00:00,sapmachine-18.0.2.1,75143311,False,sapmachine-jre-18.0.2.1_macos-aarch64_bin.dmg,macos,aarch64,jre,3825
2026-09-08T00:24:05+00:00,sapmachine-17.0.4.1,75141647,False,sapmachine-jdk-17.0.4.1_linux-x64_bin.tar.gz,linux,x64,jdk,174760
2026-09-08T00:24:05+00:00,sapmachine-17.0.4.1,75141647,False,sapmachine-jre-17.0.4.1_linux-x64_bin.tar.gz,linux,x64,jre,39912
2026-09-08T00:24:05+00:00,sapmachine-17.0.4.1,75141647,False,sapmachine-jdk-17.0.4.1_linux-x64_bin-symbols.tar.gz,linux,x64,jdk,6
2026-09-08T00:24:05+00:00,sapmachine-17.0.4.1,75141647,False,sapmachine-jdk-17.0.4.1-beta_linux-x64-musl_bin.tar.gz,alpine,x64,jdk,3470
2026-09-08T00:24:05+00:00,sapmachine-17.0.4.1,75141647,False,sapmachine-jre-17.0.4.1-beta_linux-x64-musl_bin.tar.gz,alpine,x64,jre,3401
2026-09-08T00:24:05+00:00,sapmachine-17.0.4.1,75141647,False,sapmachine-jdk-17.0.4.1-beta_linux-x64-musl_bin-symbols.tar.gz,alpine,x64,jdk,4
2026-09-08T00:24:05+00:00,sapmachine-17.0.4.1,75141647,False,sapmachine-jdk-17.0.4.1_linux-aarch64_bin.tar.gz,linux,aarch64,jdk,4036
2026-09-08T00:24:05+00:00,sapmachine-17.0.4.1,75141647,False,sapmachine-jre-17.0.4.1_linux-aarch64_bin.tar.gz,linux,aarch64,jre,3901
2026-09-08T00:24:05+00:00,sapmachine-17.0.4.1,75141647,False,sapmachine-jdk-17.0.4.1_linux-aarch64_bin-symbols.tar.gz,linux,aarch64,jdk,4
2026-09-08T00:24:05+00:00,sapmachine-17.0.4.1,75141647,False,sapmachine-jdk-17.0.4.1-1.x86_64.rpm,linux,x64,jdk,3819
2026-09-08T00:24:05+00:00,sapmachine-17.0.4.1,75141647,False,sapmachine-jdk-17.0.4.1_windows-x64_bin.zip,windows,x64,jdk,5078
2026-09-08T00:24:05+00:00,sapmachine-17.0.4.1,75141647,False,sapmachine-jre-17.0.4.1_windows-x64_bin.zip,windows,x64,jre,3957
2026-09-08T00:24:05+00:00,sapmachine-17.0.4.1,75141647,False,sapmachine-jdk-17.0.4.1_windows-x64_bin-symbols.tar.gz,windows,x64,jdk,5
2026-09-08T00:24:05+00:00,sapmachine-17.0.4.1,75141647,False,sapmachine-jdk-17.0.4.1_windows-x64_bin.msi,windows,x64,jdk,4903
2026-09-08T00:24:05+00:00,sapmachine-17.0.4.1,75141647,False,sapmachine-jre-17.0.4.1_windows-x64_bin.msi,windows,x64,jre,4019
2026-09-08T00:24:05+00:00,sapmachine-17.0.4.1,75141647,False,sapmachine-jdk-17.0.4.1_linux-ppc64le_bin.tar.gz,linux,ppc64,jdk,3897
2026-09-08T00:24:05+00:00,sapmachine-17.0.4.1,75141647,False,sapmachine-jre-17.0.4.1_linux-ppc64le_bin.tar.gz,linux,ppc64,jre,3839
2026-09-08T00:24:05+00:00,sapmachine-17.0.4.1,75141647,False,sapmachine-jdk-17.0.4.1_linux-ppc64le_bin-symbols.tar.gz,linux,ppc64,jdk,5
2026-09-08T00:24:05+00:00,sapmachine-17.0.4.1,75141647,False,sapmachine-jdk-17.0.4.1_macos-x64_bin.tar.gz,macos,x64,jdk,4846
2026-09-08T00:24:05+00:00,sapmachine-17.0.4.1,75141647,False,sapmachine-jre-17.0.4.1_macos-x64_bin.tar.gz,macos,x64,jre,3924
2026-09-08T00:24:05+00:00,sapmachine-17.0.4.1,75141647,False,sapmachine-jdk-17.0.4.1_macos-x64_bin-symbols.tar.gz,macos,x64,jdk,2
2026-09-08T00:24:05+00:00,sapmachine-17.0.4.1,75141647,False,sapmachine-jdk-17.0.4.1_macos-x64_bin.dmg,macos,x64,jdk,7518
2026-09-08T00:24:05+00:00,sapmachine-17.0.4.1,75141647,False,sapmachine-jre-17.0.4.1_macos-x64_bin.dmg,macos,x64,jre,3809
2026-09-08T00:24:05+00:00,sapmachine-17.0.4.1,75141647,False,sapmachine-jdk-17.0.4.1_macos-aarch64_bin.tar.gz,macos,aarch64,jdk,4890
2026-09-08T00:24:05+00:00,sapmachine-17.0.4.1,75141647,False,sapmachine-jre-17.0.4.1_macos-aarch64_bin.tar.gz,macos,aarch64,jre,3913
2026-09-08T00:24:05+00:00,sapmachine-17.0.4.1,75141647,False,sapmachine-jdk-17.0.4.1_macos-aarch64_bin-symbols.tar.gz,macos,aarch64,jdk,2
2026-09-08T00:24:05+00:00,sapmachine-17.0.4.1,75141647,False,sapmachine-jdk-17.0.4.1_macos-aarch64_bin.dmg,macos,aarch64,jdk,7152
2026-09-08T00:24:05+00:00,sapmachine-17.0.4.1,75141647,False,sapmachine-jre-17.0.4.1_macos-aarch64_bin.dmg,macos,aarch64,jre,3851
2026-09-08T00:24:05+00:00,sapmachine-11.0.16.1,75103971,False,sapmachine-jdk-11.0.16.1_linux-x64_bin.tar.gz,linux,x64,jdk,45962
2026-09-08T00:24:05+00:00,sapmachine-11.0.16.1,75103971,False,sapmachine-jre-11.0.16.1_linux-x64_bin.tar.gz,linux,x64,jre,22755
2026-09-08T00:24:05+00:00,sapmachine-11.0.16.1,75103971,False,sapmachine-jdk-11.0.16.1_linux-x64_bin-symbols.tar.gz,linux,x64,jdk,12
2026-09-08T00:24:05+00:00,sapmachine-11.0.16.1,75103971,False,sapmachine-jdk-11.0.16.1_linux-aarch64_bin.tar.gz,linux,aarch64,jdk,4061
2026-09-08T00:24:05+00:00,sapmachine-11.0.16.1,75103971,False,sapmachine-jre-11.0.16.1_linux-aarch64_bin.tar.gz,linux,aarch64,jre,3849
2026-09-08T00:24:05+00:00,sapmachine-11.0.16.1,75103971,False,sapmachine-jdk-11.0.16.1_linux-aarch64_bin-symbols.tar.gz,linux,aarch64,jdk,10
2026-09-08T00:24:05+00:00,sapmachine-11.0.16.1,75103971,False,sapmachine-jdk-11.0.16.1-1.x86_64.rpm,linux,x64,jdk,3958
2026-09-08T00:24:05+00:00,sapmachine-11.0.16.1,75103971,False,sapmachine-jdk-11.0.16.1_windows-x64_bin.zip,windows,x64,jdk,5681
2026-09-08T00:24:05+00:00,sapmachine-11.0.16.1,75103971,False,sapmachine-jre-11.0.16.1_windows-x64_bin.zip,windows,x64,jre,4457
2026-09-08T00:24:05+00:00,sapmachine-11.0.16.1,75103971,False,sapmachine-jdk-11.0.16.1_windows-x64_bin-symbols.tar.gz,windows,x64,jdk,10
2026-09-08T00:24:05+00:00,sapmachine-11.0.16.1,75103971,False,sapmachine-jdk-11.0.16.1_windows-x64_bin.msi,windows,x64,jdk,4942
2026-09-08T00:24:05+00:00,sapmachine-11.0.16.1,75103971,False,sapmachine-jre-11.0.16.1_windows-x64_bin.msi,windows,x64,jre,4194
2026-09-08T00:24:05+00:00,sapmachine-11.0.16.1,75103971,False,sapmachine-jdk-11.0.16.1_linux-ppc64le_bin.tar.gz,linux,ppc64,jdk,3908
2026-09-08T00:24:05+00:00,sapmachine-11.0.16.1,75103971,False,sapmachine-jre-11.0.16.1_linux-ppc64le_bin.tar.gz,linux,ppc64,jre,3800
2026-09-08T00:24:05+00:00,sapmachine-11.0.16.1,75103971,False,sapmachine-jdk-11.0.16.1_linux-ppc64le_bin-symbols.tar.gz,linux,ppc64,jdk,8
2026-09-08T00:24:05+00:00,sapmachine-11.0.16.1,75103971,False,sapmachine-jdk-11.0.16.1_macos-x64_bin.tar.gz,macos,x64,jdk,4924
2026-09-08T00:24:05+00:00,sapmachine-11.0.16.1,75103971,False,sapmachine-jre-11.0.16.1_macos-x64_bin.tar.gz,macos,x64,jre,3913
2026-09-08T00:24:05+00:00,sapmachine-11.0.16.1,75103971,False,sapmachine-jdk-11.0.16.1_macos-x64_bin-symbols.tar.gz,macos,x64,jdk,4
2026-09-08T00:24:05+00:00,sapmachine-11.0.16.1,75103971,False,sapmachine-jdk-11.0.16.1_macos-x64_bin.dmg,macos,x64,jdk,6565
2026-09-08T00:24:05+00:00,sapmachine-11.0.16.1,75103971,False,sapmachine-jre-11.0.16.1_macos-x64_bin.dmg,macos,x64,jre,3825
2026-09-08T00:24:05+00:00,sapmachine-11.0.16.1,75103971,False,sapmachine-jdk-11.0.16.1_macos-aarch64_bin.tar.gz,macos,aarch64,jdk,4794
2026-09-08T00:24:05+00:00,sapmachine-11.0.16.1,75103971,False,sapmachine-jre-11.0.16.1_macos-aarch64_bin.tar.gz,macos,aarch64,jre,3897
2026-09-08T00:24:05+00:00,sapmachine-11.0.16.1,75103971,False,sapmachine-jdk-11.0.16.1_macos-aarch64_bin-symbols.tar.gz,macos,aarch64,jdk,4
2026-09-08T00:24:05+00:00,sapmachine-11.0.16.1,75103971,False,sapmachine-jdk-11.0.16.1_macos-aarch64_bin.dmg,macos,aarch64,jdk,6152
2026-09-08T00:24:05+00:00,sapmachine-11.0.16.1,75103971,False,sapmachine-jre-11.0.16.1_macos-aarch64_bin.dmg,macos,aarch64,jre,3904
2026-09-08T00:24:05+00:00,sapmachine-11.0.16,72372178,False,sapmachine-jdk-11.0.16_linux-x64_bin.tar.gz,linux,x64,jdk,22241
2026-09-08T00:24:05+00:00,sapmachine-11.0.16,72372178,False,sapmachine-jre-11.0.16_linux-x64_bin.tar.gz,linux,x64,jre,11164
2026-09-08T00:24:05+00:00,sapmachine-11.0.16,72372178,False,sapmachine-jdk-11.0.16_linux-x64_bin-symbols.tar.gz,linux,x64,jdk,14
2026-09-08T00:24:05+00:00,sapmachine-11.0.16,72372178,False,sapmachine-jdk-11.0.16_linux-aarch64_bin.tar.gz,linux,aarch64,jdk,4077
2026-09-08T00:24:05+00:00,sapmachine-11.0.16,72372178,False,sapmachine-jre-11.0.16_linux-aarch64_bin.tar.gz,linux,aarch64,jre,3861
2026-09-08T00:24:05+00:00,sapmachine-11.0.16,72372178,False,sapmachine-jdk-11.0.16_linux-aarch64_bin-symbols.tar.gz,linux,aarch64,jdk,16
2026-09-08T00:24:05+00:00,sapmachine-11.0.16,72372178,False,sapmachine-jdk-11.0.16-1.x86_64.rpm,linux,x64,jdk,3928
2026-09-08T00:24:05+00:00,sapmachine-11.0.16,72372178,False,sapmachine-jdk-11.0.16_windows-x64_bin.zip,windows,x64,jdk,5183
2026-09-08T00:24:05+00:00,sapmachine-11.0.16,72372178,False,sapmachine-jre-11.0.16_windows-x64_bin.zip,windows,x64,jre,4259
2026-09-08T00:24:05+00:00,sapmachine-11.0.16,72372178,False,sapmachine-jdk-11.0.16_windows-x64_bin-symbols.tar.gz,windows,x64,jdk,8
2026-09-08T00:24:05+00:00,sapmachine-11.0.16,72372178,False,sapmachine-jdk-11.0.16_windows-x64_bin.msi,windows,x64,jdk,41489
2026-09-08T00:24:05+00:00,sapmachine-11.0.16,72372178,False,sapmachine-jre-11.0.16_windows-x64_bin.msi,windows,x64,jre,40754
2026-09-08T00:24:05+00:00,sapmachine-11.0.16,72372178,False,sapmachine-jdk-11.0.16_linux-ppc64le_bin.tar.gz,linux,ppc64,jdk,3877
2026-09-08T00:24:05+00:00,sapmachine-11.0.16,72372178,False,sapmachine-jre-11.0.16_linux-ppc64le_bin.tar.gz,linux,ppc64,jre,3893
2026-09-08T00:24:05+00:00,sapmachine-11.0.16,72372178,False,sapmachine-jdk-11.0.16_linux-ppc64le_bin-symbols.tar.gz,linux,ppc64,jdk,13
2026-09-08T00:24:05+00:00,sapmachine-11.0.16,72372178,False,sapmachine-jdk-11.0.16_macos-x64_bin.tar.gz,macos,x64,jdk,4720
2026-09-08T00:24:05+00:00,sapmachine-11.0.16,72372178,False,sapmachine-jre-11.0.16_macos-x64_bin.tar.gz,macos,x64,jre,3995
2026-09-08T00:24:05+00:00,sapmachine-11.0.16,72372178,False,sapmachine-jdk-11.0.16_macos-x64_bin-symbols.tar.gz,macos,x64,jdk,8
2026-09-08T00:24:05+00:00,sapmachine-11.0.16,72372178,False,sapmachine-jdk-11.0.16_macos-x64_bin.dmg,macos,x64,jdk,5276
2026-09-08T00:24:05+00:00,sapmachine-11.0.16,72372178,False,sapmachine-jre-11.0.16_macos-x64_bin.dmg,macos,x64,jre,3879
2026-09-08T00:24:05+00:00,sapmachine-11.0.16,72372178,False,sapmachine-jdk-11.0.16_macos-aarch64_bin.tar.gz,macos,aarch64,jdk,4523
2026-09-08T00:24:05+00:00,sapmachine-11.0.16,72372178,False,sapmachine-jre-11.0.16_macos-aarch64_bin.tar.gz,macos,aarch64,jre,3935
2026-09-08T00:24:05+00:00,sapmachine-11.0.16,72372178,False,sapmachine-jdk-11.0.16_macos-aarch64_bin-symbols.tar.gz,macos,aarch64,jdk,11
2026-09-08T00:24:05+00:00,sapmachine-11.0.16,72372178,False,sapmachine-jdk-11.0.16_macos-aarch64_bin.dmg,macos,aarch64,jdk,4954
2026-09-08T00:24:05+00:00,sapmachine-11.0.16,72372178,False,sapmachine-jre-11.0.16_macos-aarch64_bin.dmg,macos,aarch64,jre,3867
2026-09-08T00:24:05+00:00,sapmachine-17.0.4,72368981,False,sapmachine-jdk-17.0.4_linux-x64_bin.tar.gz,linux,x64,jdk,5266
2026-09-08T00:24:05+00:00,sapmachine-17.0.4,72368981,False,sapmachine-jre-17.0.4_linux-x64_bin.tar.gz,linux,x64,jre,6567
2026-09-08T00:24:05+00:00,sapmachine-17.0.4,72368981,False,sapmachine-jdk-17.0.4_linux-x64_bin-symbols.tar.gz,linux,x64,jdk,5
2026-09-08T00:24:05+00:00,sapmachine-17.0.4,72368981,False,sapmachine-jdk-17.0.4-beta_linux-x64-musl_bin.tar.gz,alpine,x64,jdk,3473
2026-09-08T00:24:05+00:00,sapmachine-17.0.4,72368981,False,sapmachine-jre-17.0.4-beta_linux-x64-musl_bin.tar.gz,alpine,x64,jre,3427
2026-09-08T00:24:05+00:00,sapmachine-17.0.4,72368981,False,sapmachine-jdk-17.0.4-beta_linux-x64-musl_bin-symbols.tar.gz,alpine,x64,jdk,4
2026-09-08T00:24:05+00:00,sapmachine-17.0.4,72368981,False,sapmachine-jdk-17.0.4_linux-aarch64_bin.tar.gz,linux,aarch64,jdk,4069
2026-09-08T00:24:05+00:00,sapmachine-17.0.4,72368981,False,sapmachine-jre-17.0.4_linux-aarch64_bin.tar.gz,linux,aarch64,jre,3835
2026-09-08T00:24:05+00:00,sapmachine-17.0.4,72368981,False,sapmachine-jdk-17.0.4_linux-aarch64_bin-symbols.tar.gz,linux,aarch64,jdk,4
2026-09-08T00:24:05+00:00,sapmachine-17.0.4,72368981,False,sapmachine-jdk-17.0.4-1.x86_64.rpm,linux,x64,jdk,5737
2026-09-08T00:24:05+00:00,sapmachine-17.0.4,72368981,False,sapmachine-jdk-17.0.4_windows-x64_bin.zip,windows,x64,jdk,4660
2026-09-08T00:24:05+00:00,sapmachine-17.0.4,72368981,False,sapmachine-jre-17.0.4_windows-x64_bin.zip,windows,x64,jre,4033
2026-09-08T00:24:05+00:00,sapmachine-17.0.4,72368981,False,sapmachine-jdk-17.0.4_windows-x64_bin-symbols.tar.gz,windows,x64,jdk,2
2026-09-08T00:24:05+00:00,sapmachine-17.0.4,72368981,False,sapmachine-jdk-17.0.4_windows-x64_bin.msi,windows,x64,jdk,5914
2026-09-08T00:24:05+00:00,sapmachine-17.0.4,72368981,False,sapmachine-jre-17.0.4_windows-x64_bin.msi,windows,x64,jre,40549
2026-09-08T00:24:05+00:00,sapmachine-17.0.4,72368981,False,sapmachine-jdk-17.0.4_linux-ppc64le_bin.tar.gz,linux,ppc64,jdk,3883
2026-09-08T00:24:05+00:00,sapmachine-17.0.4,72368981,False,sapmachine-jre-17.0.4_linux-ppc64le_bin.tar.gz,linux,ppc64,jre,3844
2026-09-08T00:24:05+00:00,sapmachine-17.0.4,72368981,False,sapmachine-jdk-17.0.4_linux-ppc64le_bin-symbols.tar.gz,linux,ppc64,jdk,4
2026-09-08T00:24:05+00:00,sapmachine-17.0.4,72368981,False,sapmachine-jdk-17.0.4_macos-x64_bin.tar.gz,macos,x64,jdk,4525
2026-09-08T00:24:05+00:00,sapmachine-17.0.4,72368981,False,sapmachine-jre-17.0.4_macos-x64_bin.tar.gz,macos,x64,jre,3958
2026-09-08T00:24:05+00:00,sapmachine-17.0.4,72368981,False,sapmachine-jdk-17.0.4_macos-x64_bin-symbols.tar.gz,macos,x64,jdk,2
2026-09-08T00:24:05+00:00,sapmachine-17.0.4,72368981,False,sapmachine-jdk-17.0.4_macos-x64_bin.dmg,macos,x64,jdk,5234
2026-09-08T00:24:05+00:00,sapmachine-17.0.4,72368981,False,sapmachine-jre-17.0.4_macos-x64_bin.dmg,macos,x64,jre,3931
2026-09-08T00:24:05+00:00,sapmachine-17.0.4,72368981,False,sapmachine-jdk-17.0.4_macos-aarch64_bin.tar.gz,macos,aarch64,jdk,4513
2026-09-08T00:24:05+00:00,sapmachine-17.0.4,72368981,False,sapmachine-jre-17.0.4_macos-aarch64_bin.tar.gz,macos,aarch64,jre,3914
2026-09-08T00:24:05+00:00,sapmachine-17.0.4,72368981,False,sapmachine-jdk-17.0.4_macos-aarch64_bin-symbols.tar.gz,macos,aarch64,jdk,2
2026-09-08T00:24:05+00:00,sapmachine-17.0.4,72368981,False,sapmachine-jdk-17.0.4_macos-aarch64_bin.dmg,macos,aarch64,jdk,5158
2026-09-08T00:24:05+00:00,sapmachine-17.0.4,72368981,False,sapmachine-jre-17.0.4_macos-aarch64_bin.dmg,macos,aarch64,jre,3833
2026-09-08T00:24:05+00:00,sapmachine-18.0.2,72370892,False,sapmachine-jdk-18.0.2_linux-x64_bin.tar.gz,linux,x64,jdk,4484
2026-09-08T00:24:05+00:00,sapmachine-18.0.2,72370892,False,sapmachine-jre-18.0.2_linux-x64_bin.tar.gz,linux,x64,jre,5494
2026-09-08T00:24:05+00:00,sapmachine-18.0.2,72370892,False,sapmachine-jdk-18.0.2_linux-x64_bin-symbols.tar.gz,linux,x64,jdk,2
2026-09-08T00:24:05+00:00,sapmachine-18.0.2,72370892,False,sapmachine-jdk-18.0.2-beta_linux-x64-musl_bin.tar.gz,alpine,x64,jdk,3474
2026-09-08T00:24:05+00:00,sapmachine-18.0.2,72370892,False,sapmachine-jre-18.0.2-beta_linux-x64-musl_bin.tar.gz,alpine,x64,jre,3425
2026-09-08T00:24:05+00:00,sapmachine-18.0.2,72370892,False,sapmachine-jdk-18.0.2-beta_linux-x64-musl_bin-symbols.tar.gz,alpine,x64,jdk,2
2026-09-08T00:24:05+00:00,sapmachine-18.0.2,72370892,False,sapmachine-jdk-18.0.2_linux-aarch64_bin.tar.gz,linux,aarch64,jdk,4010
2026-09-08T00:24:05+00:00,sapmachine-18.0.2,72370892,False,sapmachine-jre-18.0.2_linux-aarch64_bin.tar.gz,linux,aarch64,jre,3890
2026-09-08T00:24:05+00:00,sapmachine-18.0.2,72370892,False,sapmachine-jdk-18.0.2_linux-aarch64_bin-symbols.tar.gz,linux,aarch64,jdk,1
2026-09-08T00:24:05+00:00,sapmachine-18.0.2,72370892,False,sapmachine-jdk-18.0.2-1.x86_64.rpm,linux,x64,jdk,3804
2026-09-08T00:24:05+00:00,sapmachine-18.0.2,72370892,False,sapmachine-jdk-18.0.2_windows-x64_bin.zip,windows,x64,jdk,4637
2026-09-08T00:24:05+00:00,sapmachine-18.0.2,72370892,False,sapmachine-jre-18.0.2_windows-x64_bin.zip,windows,x64,jre,4000
2026-09-08T00:24:05+00:00,sapmachine-18.0.2,72370892,False,sapmachine-jdk-18.0.2_windows-x64_bin-symbols.tar.gz,windows,x64,jdk,1
2026-09-08T00:24:05+00:00,sapmachine-18.0.2,72370892,False,sapmachine-jdk-18.0.2_windows-x64_bin.msi,windows,x64,jdk,6999
2026-09-08T00:24:05+00:00,sapmachine-18.0.2,72370892,False,sapmachine-jre-18.0.2_windows-x64_bin.msi,windows,x64,jre,5963
2026-09-08T00:24:05+00:00,sapmachine-18.0.2,72370892,False,sapmachine-jdk-18.0.2_linux-ppc64le_bin.tar.gz,linux,ppc64,jdk,3873
2026-09-08T00:24:05+00:00,sapmachine-18.0.2,72370892,False,sapmachine-jre-18.0.2_linux-ppc64le_bin.tar.gz,linux,ppc64,jre,3862
2026-09-08T00:24:05+00:00,sapmachine-18.0.2,72370892,False,sapmachine-jdk-18.0.2_linux-ppc64le_bin-symbols.tar.gz,linux,ppc64,jdk,1
2026-09-08T00:24:05+00:00,sapmachine-18.0.2,72370892,False,sapmachine-jdk-18.0.2_macos-x64_bin.tar.gz,macos,x64,jdk,4452
2026-09-08T00:24:05+00:00,sapmachine-18.0.2,72370892,False,sapmachine-jre-18.0.2_macos-x64_bin.tar.gz,macos,x64,jre,3974
2026-09-08T00:24:05+00:00,sapmachine-18.0.2,72370892,False,sapmachine-jdk-18.0.2_macos-x64_bin-symbols.tar.gz,macos,x64,jdk,2
2026-09-08T00:24:05+00:00,sapmachine-18.0.2,72370892,False,sapmachine-jdk-18.0.2_macos-x64_bin.dmg,macos,x64,jdk,4597
2026-09-08T00:24:05+00:00,sapmachine-18.0.2,72370892,False,sapmachine-jre-18.0.2_macos-x64_bin.dmg,macos,x64,jre,3859
2026-09-08T00:24:05+00:00,sapmachine-18.0.2,72370892,False,sapmachine-jdk-18.0.2_macos-aarch64_bin.tar.gz,macos,aarch64,jdk,4364
2026-09-08T00:24:05+00:00,sapmachine-18.0.2,72370892,False,sapmachine-jre-18.0.2_macos-aarch64_bin.tar.gz,macos,aarch64,jre,3982
2026-09-08T00:24:05+00:00,sapmachine-18.0.2,72370892,False,sapmachine-jdk-18.0.2_macos-aarch64_bin-symbols.tar.gz,macos,aarch64,jdk,2
2026-09-08T00:24:05+00:00,sapmachine-18.0.2,72370892,False,sapmachine-jdk-18.0.2_macos-aarch64_bin.dmg,macos,aarch64,jdk,4110
2026-09-08T00:24:05+00:00,sapmachine-18.0.2,72370892,False,sapmachine-jre-18.0.2_macos-aarch64_bin.dmg,macos,aarch64,jre,3858
2026-09-08T00:24:05+00:00,sapmachine-18.0.1.1,66160612,False,sapmachine-jdk-18.0.1.1-beta_linux-x64-musl_bin.tar.gz,alpine,x64,jdk,3514
2026-09-08T00:24:05+00:00,sapmachine-18.0.1.1,66160612,False,sapmachine-jre-18.0.1.1-beta_linux-x64-musl_bin.tar.gz,alpine,x64,jre,3515
2026-09-08T00:24:05+00:00,sapmachine-18.0.1.1,66160612,False,sapmachine-jdk-18.0.1.1-beta_linux-x64-musl_bin-symbols.tar.gz,alpine,x64,jdk,4
2026-09-08T00:24:05+00:00,sapmachine-18.0.1.1,66160612,False,sapmachine-jdk-18.0.1.1_linux-x64_bin.tar.gz,linux,x64,jdk,5339
2026-09-08T00:24:05+00:00,sapmachine-18.0.1.1,66160612,False,sapmachine-jre-18.0.1.1_linux-x64_bin.tar.gz,linux,x64,jre,5501
2026-09-08T00:24:05+00:00,sapmachine-18.0.1.1,66160612,False,sapmachine-jdk-18.0.1.1_linux-x64_bin-symbols.tar.gz,linux,x64,jdk,46
2026-09-08T00:24:05+00:00,sapmachine-18.0.1.1,66160612,False,sapmachine-jdk-18.0.1.1-beta_linux-aarch64_bin.tar.gz,linux,aarch64,jdk,3507
2026-09-08T00:24:05+00:00,sapmachine-18.0.1.1,66160612,False,sapmachine-jre-18.0.1.1-beta_linux-aarch64_bin.tar.gz,linux,aarch64,jre,3511
2026-09-08T00:24:05+00:00,sapmachine-18.0.1.1,66160612,False,sapmachine-jdk-18.0.1.1-beta_linux-aarch64_bin-symbols.tar.gz,linux,aarch64,jdk,4
2026-09-08T00:24:05+00:00,sapmachine-18.0.1.1,66160612,False,sapmachine-jdk-18.0.1.1-1.x86_64.rpm,linux,x64,jdk,3925
2026-09-08T00:24:05+00:00,sapmachine-18.0.1.1,66160612,False,sapmachine-jdk-18.0.1.1_windows-x64_bin.zip,windows,x64,jdk,5590
2026-09-08T00:24:05+00:00,sapmachine-18.0.1.1,66160612,False,sapmachine-jre-18.0.1.1_windows-x64_bin.zip,windows,x64,jre,4235
2026-09-08T00:24:05+00:00,sapmachine-18.0.1.1,66160612,False,sapmachine-jdk-18.0.1.1_windows-x64_bin-symbols.tar.gz,windows,x64,jdk,5
2026-09-08T00:24:05+00:00,sapmachine-18.0.1.1,66160612,False,sapmachine-jdk-18.0.1.1_windows-x64_bin.msi,windows,x64,jdk,6782
2026-09-08T00:24:05+00:00,sapmachine-18.0.1.1,66160612,False,sapmachine-jre-18.0.1.1_windows-x64_bin.msi,windows,x64,jre,4514
2026-09-08T00:24:05+00:00,sapmachine-18.0.1.1,66160612,False,sapmachine-jdk-18.0.1.1_linux-ppc64le_bin.tar.gz,linux,ppc64,jdk,4164
2026-09-08T00:24:05+00:00,sapmachine-18.0.1.1,66160612,False,sapmachine-jre-18.0.1.1_linux-ppc64le_bin.tar.gz,linux,ppc64,jre,4027
2026-09-08T00:24:05+00:00,sapmachine-18.0.1.1,66160612,False,sapmachine-jdk-18.0.1.1_linux-ppc64le_bin-symbols.tar.gz,linux,ppc64,jdk,4
2026-09-08T00:24:05+00:00,sapmachine-18.0.1.1,66160612,False,sapmachine-jdk-18.0.1.1_macos-x64_bin.tar.gz,macos,x64,jdk,4940
2026-09-08T00:24:05+00:00,sapmachine-18.0.1.1,66160612,False,sapmachine-jre-18.0.1.1_macos-x64_bin.tar.gz,macos,x64,jre,4036
2026-09-08T00:24:05+00:00,sapmachine-18.0.1.1,66160612,False,sapmachine-jdk-18.0.1.1_macos-x64_bin-symbols.tar.gz,macos,x64,jdk,4
2026-09-08T00:24:05+00:00,sapmachine-18.0.1.1,66160612,False,sapmachine-jdk-18.0.1.1_macos-x64_bin.dmg,macos,x64,jdk,5457
2026-09-08T00:24:05+00:00,sapmachine-18.0.1.1,66160612,False,sapmachine-jre-18.0.1.1_macos-x64_bin.dmg,macos,x64,jre,4062
2026-09-08T00:24:05+00:00,sapmachine-18.0.1.1,66160612,False,sapmachine-jdk-18.0.1.1_macos-aarch64_bin.tar.gz,macos,aarch64,jdk,4857
2026-09-08T00:24:05+00:00,sapmachine-18.0.1.1,66160612,False,sapmachine-jre-18.0.1.1_macos-aarch64_bin.tar.gz,macos,aarch64,jre,4092
2026-09-08T00:24:05+00:00,sapmachine-18.0.1.1,66160612,False,sapmachine-jdk-18.0.1.1_macos-aarch64_bin-symbols.tar.gz,macos,aarch64,jdk,9
2026-09-08T00:24:05+00:00,sapmachine-18.0.1.1,66160612,False,sapmachine-jdk-18.0.1.1_macos-aarch64_bin.dmg,macos,aarch64,jdk,4406
2026-09-08T00:24:05+00:00,sapmachine-18.0.1.1,66160612,False,sapmachine-jre-18.0.1.1_macos-aarch64_bin.dmg,macos,aarch64,jre,4019
2026-09-08T00:24:05+00:00,sapmachine-11.0.15.0.1,65565426,False,sapmachine-jdk-11.0.15.0.1_linux-x64_bin.tar.gz,linux,x64,jdk,59695
2026-09-08T00:24:05+00:00,sapmachine-11.0.15.0.1,65565426,False,sapmachine-jre-11.0.15.0.1_linux-x64_bin.tar.gz,linux,x64,jre,28409
2026-09-08T00:24:05+00:00,sapmachine-11.0.15.0.1,65565426,False,sapmachine-jdk-11.0.15.0.1_linux-x64_bin-symbols.tar.gz,linux,x64,jdk,8
2026-09-08T00:24:05+00:00,sapmachine-11.0.15.0.1,65565426,False,sapmachine-jdk-11.0.15.0.1-beta_linux-aarch64_bin.tar.gz,linux,aarch64,jdk,3672
2026-09-08T00:24:05+00:00,sapmachine-11.0.15.0.1,65565426,False,sapmachine-jre-11.0.15.0.1-beta_linux-aarch64_bin.tar.gz,linux,aarch64,jre,3518
2026-09-08T00:24:05+00:00,sapmachine-11.0.15.0.1,65565426,False,sapmachine-jdk-11.0.15.0.1-beta_linux-aarch64_bin-symbols.tar.gz,linux,aarch64,jdk,14
2026-09-08T00:24:05+00:00,sapmachine-11.0.15.0.1,65565426,False,sapmachine-jdk-11.0.15.0.1-1.x86_64.rpm,linux,x64,jdk,4134
2026-09-08T00:24:05+00:00,sapmachine-11.0.15.0.1,65565426,False,sapmachine-jdk-11.0.15.0.1_windows-x64_bin.zip,windows,x64,jdk,6073
2026-09-08T00:24:05+00:00,sapmachine-11.0.15.0.1,65565426,False,sapmachine-jre-11.0.15.0.1_windows-x64_bin.zip,windows,x64,jre,4385
2026-09-08T00:24:05+00:00,sapmachine-11.0.15.0.1,65565426,False,sapmachine-jdk-11.0.15.0.1_windows-x64_bin-symbols.tar.gz,windows,x64,jdk,13
2026-09-08T00:24:05+00:00,sapmachine-11.0.15.0.1,65565426,False,sapmachine-jdk-11.0.15.0.1_windows-x64_bin.msi,windows,x64,jdk,5921
2026-09-08T00:24:05+00:00,sapmachine-11.0.15.0.1,65565426,False,sapmachine-jre-11.0.15.0.1_windows-x64_bin.msi,windows,x64,jre,4548
2026-09-08T00:24:05+00:00,sapmachine-11.0.15.0.1,65565426,False,sapmachine-jdk-11.0.15.0.1_linux-ppc64le_bin.tar.gz,linux,ppc64,jdk,4028
2026-09-08T00:24:05+00:00,sapmachine-11.0.15.0.1,65565426,False,sapmachine-jre-11.0.15.0.1_linux-ppc64le_bin.tar.gz,linux,ppc64,jre,4050
2026-09-08T00:24:05+00:00,sapmachine-11.0.15.0.1,65565426,False,sapmachine-jdk-11.0.15.0.1_linux-ppc64le_bin-symbols.tar.gz,linux,ppc64,jdk,8
2026-09-08T00:24:05+00:00,sapmachine-11.0.15.0.1,65565426,False,sapmachine-jdk-11.0.15.0.1_osx-x64_bin.tar.gz,macos,x64,jdk,5413
2026-09-08T00:24:05+00:00,sapmachine-11.0.15.0.1,65565426,False,sapmachine-jre-11.0.15.0.1_osx-x64_bin.tar.gz,macos,x64,jre,4086
2026-09-08T00:24:05+00:00,sapmachine-11.0.15.0.1,65565426,False,sapmachine-jdk-11.0.15.0.1_osx-x64_bin-symbols.tar.gz,macos,x64,jdk,4
2026-09-08T00:24:05+00:00,sapmachine-11.0.15.0.1,65565426,False,sapmachine-jdk-11.0.15.0.1_osx-x64_bin.dmg,macos,x64,jdk,7050
2026-09-08T00:24:05+00:00,sapmachine-11.0.15.0.1,65565426,False,sapmachine-jre-11.0.15.0.1_osx-x64_bin.dmg,macos,x64,jre,4206
2026-09-08T00:24:05+00:00,sapmachine-17.0.3.0.1,65560463,False,sapmachine-jdk-17.0.3.0.1_linux-x64_bin.tar.gz,linux,x64,jdk,135941
2026-09-08T00:24:05+00:00,sapmachine-17.0.3.0.1,65560463,False,sapmachine-jre-17.0.3.0.1_linux-x64_bin.tar.gz,linux,x64,jre,9095
2026-09-08T00:24:05+00:00,sapmachine-17.0.3.0.1,65560463,False,sapmachine-jdk-17.0.3.0.1_linux-x64_bin-symbols.tar.gz,linux,x64,jdk,9
2026-09-08T00:24:05+00:00,sapmachine-17.0.3.0.1,65560463,False,sapmachine-jdk-17.0.3.0.1-beta_linux-aarch64_bin.tar.gz,linux,aarch64,jdk,3662
2026-09-08T00:24:05+00:00,sapmachine-17.0.3.0.1,65560463,False,sapmachine-jre-17.0.3.0.1-beta_linux-aarch64_bin.tar.gz,linux,aarch64,jre,3521
2026-09-08T00:24:05+00:00,sapmachine-17.0.3.0.1,65560463,False,sapmachine-jdk-17.0.3.0.1-beta_linux-aarch64_bin-symbols.tar.gz,linux,aarch64,jdk,6
2026-09-08T00:24:05+00:00,sapmachine-17.0.3.0.1,65560463,False,sapmachine-jdk-17.0.3.0.1-1.x86_64.rpm,linux,x64,jdk,3957
2026-09-08T00:24:05+00:00,sapmachine-17.0.3.0.1,65560463,False,sapmachine-jdk-17.0.3.0.1_windows-x64_bin.zip,windows,x64,jdk,5408
2026-09-08T00:24:05+00:00,sapmachine-17.0.3.0.1,65560463,False,sapmachine-jre-17.0.3.0.1_windows-x64_bin.zip,windows,x64,jre,4204
2026-09-08T00:24:05+00:00,sapmachine-17.0.3.0.1,65560463,False,sapmachine-jdk-17.0.3.0.1_windows-x64_bin-symbols.tar.gz,windows,x64,jdk,7
2026-09-08T00:24:05+00:00,sapmachine-17.0.3.0.1,65560463,False,sapmachine-jdk-17.0.3.0.1_windows-x64_bin.msi,windows,x64,jdk,4602
2026-09-08T00:24:05+00:00,sapmachine-17.0.3.0.1,65560463,False,sapmachine-jre-17.0.3.0.1_windows-x64_bin.msi,windows,x64,jre,4151
2026-09-08T00:24:05+00:00,sapmachine-17.0.3.0.1,65560463,False,sapmachine-jdk-17.0.3.0.1_linux-ppc64le_bin.tar.gz,linux,ppc64,jdk,4150
2026-09-08T00:24:05+00:00,sapmachine-17.0.3.0.1,65560463,False,sapmachine-jre-17.0.3.0.1_linux-ppc64le_bin.tar.gz,linux,ppc64,jre,3983
2026-09-08T00:24:05+00:00,sapmachine-17.0.3.0.1,65560463,False,sapmachine-jdk-17.0.3.0.1_linux-ppc64le_bin-symbols.tar.gz,linux,ppc64,jdk,6
2026-09-08T00:24:05+00:00,sapmachine-17.0.3.0.1,65560463,False,sapmachine-jdk-17.0.3.0.1_macos-x64_bin.tar.gz,macos,x64,jdk,4927
2026-09-08T00:24:05+00:00,sapmachine-17.0.3.0.1,65560463,False,sapmachine-jre-17.0.3.0.1_macos-x64_bin.tar.gz,macos,x64,jre,4155
2026-09-08T00:24:05+00:00,sapmachine-17.0.3.0.1,65560463,False,sapmachine-jdk-17.0.3.0.1_macos-x64_bin-symbols.tar.gz,macos,x64,jdk,4
2026-09-08T00:24:05+00:00,sapmachine-17.0.3.0.1,65560463,False,sapmachine-jdk-17.0.3.0.1_macos-x64_bin.dmg,macos,x64,jdk,6520
2026-09-08T00:24:05+00:00,sapmachine-17.0.3.0.1,65560463,False,sapmachine-jre-17.0.3.0.1_macos-x64_bin.dmg,macos,x64,jre,4025
2026-09-08T00:24:05+00:00,sapmachine-17.0.3.0.1,65560463,False,sapmachine-jdk-17.0.3.0.1_macos-aarch64_bin.tar.gz,macos,aarch64,jdk,4995
2026-09-08T00:24:05+00:00,sapmachine-17.0.3.0.1,65560463,False,sapmachine-jre-17.0.3.0.1_macos-aarch64_bin.tar.gz,macos,aarch64,jre,4104
2026-09-08T00:24:05+00:00,sapmachine-17.0.3.0.1,65560463,False,sapmachine-jdk-17.0.3.0.1_macos-aarch64_bin-symbols.tar.gz,macos,aarch64,jdk,4
2026-09-08T00:24:05+00:00,sapmachine-17.0.3.0.1,65560463,False,sapmachine-jdk-17.0.3.0.1_macos-aarch64_bin.dmg,macos,aarch64,jdk,6189
2026-09-08T00:24:05+00:00,sapmachine-17.0.3.0.1,65560463,False,sapmachine-jre-17.0.3.0.1_macos-aarch64_bin.dmg,macos,aarch64,jre,4003
2026-09-08T00:24:05+00:00,sapmachine-17.0.3,64783616,False,sapmachine-jdk-17.0.3_linux-x64_bin.tar.gz,linux,x64,jdk,4685
2026-09-08T00:24:05+00:00,sapmachine-17.0.3,64783616,False,sapmachine-jre-17.0.3_linux-x64_bin.tar.gz,linux,x64,jre,6323
2026-09-08T00:24:05+00:00,sapmachine-17.0.3,64783616,False,sapmachine-jdk-17.0.3_linux-x64_bin-symbols.tar.gz,linux,x64,jdk,6
2026-09-08T00:24:05+00:00,sapmachine-17.0.3,64783616,False,sapmachine-jdk-17.0.3-beta_linux-aarch64_bin.tar.gz,linux,aarch64,jdk,3686
2026-09-08T00:24:05+00:00,sapmachine-17.0.3,64783616,False,sapmachine-jre-17.0.3-beta_linux-aarch64_bin.tar.gz,linux,aarch64,jre,3531
2026-09-08T00:24:05+00:00,sapmachine-17.0.3,64783616,False,sapmachine-jdk-17.0.3-beta_linux-aarch64_bin-symbols.tar.gz,linux,aarch64,jdk,8
2026-09-08T00:24:05+00:00,sapmachine-17.0.3,64783616,False,sapmachine-jdk-17.0.3_windows-x64_bin.zip,windows,x64,jdk,4425
2026-09-08T00:24:05+00:00,sapmachine-17.0.3,64783616,False,sapmachine-jre-17.0.3_windows-x64_bin.zip,windows,x64,jre,4126
2026-09-08T00:24:05+00:00,sapmachine-17.0.3,64783616,False,sapmachine-jdk-17.0.3_windows-x64_bin-symbols.tar.gz,windows,x64,jdk,6
2026-09-08T00:24:05+00:00,sapmachine-17.0.3,64783616,False,sapmachine-jdk-17.0.3_windows-x64_bin.msi,windows,x64,jdk,4217
2026-09-08T00:24:05+00:00,sapmachine-17.0.3,64783616,False,sapmachine-jre-17.0.3_windows-x64_bin.msi,windows,x64,jre,6308
2026-09-08T00:24:05+00:00,sapmachine-17.0.3,64783616,False,sapmachine-jdk-17.0.3_linux-ppc64le_bin.tar.gz,linux,ppc64,jdk,4047
2026-09-08T00:24:05+00:00,sapmachine-17.0.3,64783616,False,sapmachine-jre-17.0.3_linux-ppc64le_bin.tar.gz,linux,ppc64,jre,4035
2026-09-08T00:24:05+00:00,sapmachine-17.0.3,64783616,False,sapmachine-jdk-17.0.3_linux-ppc64le_bin-symbols.tar.gz,linux,ppc64,jdk,6
2026-09-08T00:24:05+00:00,sapmachine-17.0.3,64783616,False,sapmachine-jdk-17.0.3-1.x86_64.rpm,linux,x64,jdk,3908
2026-09-08T00:24:05+00:00,sapmachine-17.0.3,64783616,False,sapmachine-jdk-17.0.3_macos-x64_bin.tar.gz,macos,x64,jdk,4360
2026-09-08T00:24:05+00:00,sapmachine-17.0.3,64783616,False,sapmachine-jre-17.0.3_macos-x64_bin.tar.gz,macos,x64,jre,4094
2026-09-08T00:24:05+00:00,sapmachine-17.0.3,64783616,False,sapmachine-jdk-17.0.3_macos-x64_bin-symbols.tar.gz,macos,x64,jdk,5
2026-09-08T00:24:05+00:00,sapmachine-17.0.3,64783616,False,sapmachine-jdk-17.0.3_macos-x64_bin.dmg,macos,x64,jdk,4444
2026-09-08T00:24:05+00:00,sapmachine-17.0.3,64783616,False,sapmachine-jre-17.0.3_macos-x64_bin.dmg,macos,x64,jre,4059
2026-09-08T00:24:05+00:00,sapmachine-17.0.3,64783616,False,sapmachine-jdk-17.0.3_macos-aarch64_bin.tar.gz,macos,aarch64,jdk,4367
2026-09-08T00:24:05+00:00,sapmachine-17.0.3,64783616,False,sapmachine-jre-17.0.3_macos-aarch64_bin.tar.gz,macos,aarch64,jre,4098
2026-09-08T00:24:05+00:00,sapmachine-17.0.3,64783616,False,sapmachine-jdk-17.0.3_macos-aarch64_bin-symbols.tar.gz,macos,aarch64,jdk,7
2026-09-08T00:24:05+00:00,sapmachine-17.0.3,64783616,False,sapmachine-jdk-17.0.3_macos-aarch64_bin.dmg,macos,aarch64,jdk,4356
2026-09-08T00:24:05+00:00,sapmachine-17.0.3,64783616,False,sapmachine-jre-17.0.3_macos-aarch64_bin.dmg,macos,aarch64,jre,4002
2026-09-08T00:24:05+00:00,sapmachine-18.0.1,64782703,False,sapmachine-jdk-18.0.1_linux-x64_bin.tar.gz,linux,x64,jdk,4677
2026-09-08T00:24:05+00:00,sapmachine-18.0.1,64782703,False,sapmachine-jre-18.0.1_linux-x64_bin.tar.gz,linux,x64,jre,5743
2026-09-08T00:24:05+00:00,sapmachine-18.0.1,64782703,False,sapmachine-jdk-18.0.1_linux-x64_bin-symbols.tar.gz,linux,x64,jdk,4
2026-09-08T00:24:05+00:00,sapmachine-18.0.1,64782703,False,sapmachine-jdk-18.0.1-beta_linux-aarch64_bin.tar.gz,linux,aarch64,jdk,3518
2026-09-08T00:24:05+00:00,sapmachine-18.0.1,64782703,False,sapmachine-jre-18.0.1-beta_linux-aarch64_bin.tar.gz,linux,aarch64,jre,3534
2026-09-08T00:24:05+00:00,sapmachine-18.0.1,64782703,False,sapmachine-jdk-18.0.1-beta_linux-aarch64_bin-symbols.tar.gz,linux,aarch64,jdk,7
2026-09-08T00:24:05+00:00,sapmachine-18.0.1,64782703,False,sapmachine-jdk-18.0.1_windows-x64_bin.zip,windows,x64,jdk,4558
2026-09-08T00:24:05+00:00,sapmachine-18.0.1,64782703,False,sapmachine-jre-18.0.1_windows-x64_bin.zip,windows,x64,jre,4149
2026-09-08T00:24:05+00:00,sapmachine-18.0.1,64782703,False,sapmachine-jdk-18.0.1_windows-x64_bin-symbols.tar.gz,windows,x64,jdk,6
2026-09-08T00:24:05+00:00,sapmachine-18.0.1,64782703,False,sapmachine-jdk-18.0.1_windows-x64_bin.msi,windows,x64,jdk,5155
2026-09-08T00:24:05+00:00,sapmachine-18.0.1,64782703,False,sapmachine-jre-18.0.1_windows-x64_bin.msi,windows,x64,jre,4465
2026-09-08T00:24:05+00:00,sapmachine-18.0.1,64782703,False,sapmachine-jdk-18.0.1_linux-ppc64le_bin.tar.gz,linux,ppc64,jdk,4039
2026-09-08T00:24:05+00:00,sapmachine-18.0.1,64782703,False,sapmachine-jre-18.0.1_linux-ppc64le_bin.tar.gz,linux,ppc64,jre,4042
2026-09-08T00:24:05+00:00,sapmachine-18.0.1,64782703,False,sapmachine-jdk-18.0.1_linux-ppc64le_bin-symbols.tar.gz,linux,ppc64,jdk,6
2026-09-08T00:24:05+00:00,sapmachine-18.0.1,64782703,False,sapmachine-jdk-18.0.1-1.x86_64.rpm,linux,x64,jdk,3920
2026-09-08T00:24:05+00:00,sapmachine-18.0.1,64782703,False,sapmachine-jdk-18.0.1_macos-x64_bin.tar.gz,macos,x64,jdk,4498
2026-09-08T00:24:05+00:00,sapmachine-18.0.1,64782703,False,sapmachine-jre-18.0.1_macos-x64_bin.tar.gz,macos,x64,jre,4138
2026-09-08T00:24:05+00:00,sapmachine-18.0.1,64782703,False,sapmachine-jdk-18.0.1_macos-x64_bin-symbols.tar.gz,macos,x64,jdk,7
2026-09-08T00:24:05+00:00,sapmachine-18.0.1,64782703,False,sapmachine-jdk-18.0.1_macos-x64_bin.dmg,macos,x64,jdk,4409
2026-09-08T00:24:05+00:00,sapmachine-18.0.1,64782703,False,sapmachine-jre-18.0.1_macos-x64_bin.dmg,macos,x64,jre,4045
2026-09-08T00:24:05+00:00,sapmachine-18.0.1,64782703,False,sapmachine-jdk-18.0.1_macos-aarch64_bin.tar.gz,macos,aarch64,jdk,4483
2026-09-08T00:24:05+00:00,sapmachine-18.0.1,64782703,False,sapmachine-jre-18.0.1_macos-aarch64_bin.tar.gz,macos,aarch64,jre,4158
2026-09-08T00:24:05+00:00,sapmachine-18.0.1,64782703,False,sapmachine-jdk-18.0.1_macos-aarch64_bin-symbols.tar.gz,macos,aarch64,jdk,7
2026-09-08T00:24:05+00:00,sapmachine-18.0.1,64782703,False,sapmachine-jdk-18.0.1_macos-aarch64_bin.dmg,macos,aarch64,jdk,4147
2026-09-08T00:24:05+00:00,sapmachine-18.0.1,64782703,False,sapmachine-jre-18.0.1_macos-aarch64_bin.dmg,macos,aarch64,jre,4058
2026-09-08T00:24:05+00:00,sapmachine-11.0.15,64783940,False,sapmachine-jdk-11.0.15_linux-x64_bin.tar.gz,linux,x64,jdk,10618
2026-09-08T00:24:05+00:00,sapmachine-11.0.15,64783940,False,sapmachine-jre-11.0.15_linux-x64_bin.tar.gz,linux,x64,jre,8884
2026-09-08T00:24:05+00:00,sapmachine-11.0.15,64783940,False,sapmachine-jdk-11.0.15_linux-x64_bin-symbols.tar.gz,linux,x64,jdk,6
2026-09-08T00:24:05+00:00,sapmachine-11.0.15,64783940,False,sapmachine-jdk-11.0.15-beta_linux-aarch64_bin.tar.gz,linux,aarch64,jdk,3680
2026-09-08T00:24:05+00:00,sapmachine-11.0.15,64783940,False,sapmachine-jre-11.0.15-beta_linux-aarch64_bin.tar.gz,linux,aarch64,jre,3527
2026-09-08T00:24:05+00:00,sapmachine-11.0.15,64783940,False,sapmachine-jdk-11.0.15-beta_linux-aarch64_bin-symbols.tar.gz,linux,aarch64,jdk,7
2026-09-08T00:24:05+00:00,sapmachine-11.0.15,64783940,False,sapmachine-jdk-11.0.15_windows-x64_bin.zip,windows,x64,jdk,4575
2026-09-08T00:24:05+00:00,sapmachine-11.0.15,64783940,False,sapmachine-jre-11.0.15_windows-x64_bin.zip,windows,x64,jre,4147
2026-09-08T00:24:05+00:00,sapmachine-11.0.15,64783940,False,sapmachine-jdk-11.0.15_windows-x64_bin-symbols.tar.gz,windows,x64,jdk,6
2026-09-08T00:24:05+00:00,sapmachine-11.0.15,64783940,False,sapmachine-jdk-11.0.15_windows-x64_bin.msi,windows,x64,jdk,6580
2026-09-08T00:24:05+00:00,sapmachine-11.0.15,64783940,False,sapmachine-jre-11.0.15_windows-x64_bin.msi,windows,x64,jre,6363
2026-09-08T00:24:05+00:00,sapmachine-11.0.15,64783940,False,sapmachine-jdk-11.0.15_linux-ppc64le_bin.tar.gz,linux,ppc64,jdk,4112
2026-09-08T00:24:05+00:00,sapmachine-11.0.15,64783940,False,sapmachine-jre-11.0.15_linux-ppc64le_bin.tar.gz,linux,ppc64,jre,4134
2026-09-08T00:24:05+00:00,sapmachine-11.0.15,64783940,False,sapmachine-jdk-11.0.15_linux-ppc64le_bin-symbols.tar.gz,linux,ppc64,jdk,6
2026-09-08T00:24:05+00:00,sapmachine-11.0.15,64783940,False,sapmachine-jdk-11.0.15-1.x86_64.rpm,linux,x64,jdk,3941
2026-09-08T00:24:05+00:00,sapmachine-11.0.15,64783940,False,sapmachine-jdk-11.0.15_osx-x64_bin.tar.gz,macos,x64,jdk,4569
2026-09-08T00:24:05+00:00,sapmachine-11.0.15,64783940,False,sapmachine-jre-11.0.15_osx-x64_bin.tar.gz,macos,x64,jre,4110
2026-09-08T00:24:05+00:00,sapmachine-11.0.15,64783940,False,sapmachine-jdk-11.0.15_osx-x64_bin-symbols.tar.gz,macos,x64,jdk,8
2026-09-08T00:24:05+00:00,sapmachine-11.0.15,64783940,False,sapmachine-jdk-11.0.15_osx-x64_bin.dmg,macos,x64,jdk,4498
2026-09-08T00:24:05+00:00,sapmachine-11.0.15,64783940,False,sapmachine-jre-11.0.15_osx-x64_bin.dmg,macos,x64,jre,4031
2026-09-08T00:24:05+00:00,sapmachine-18,62373994,False,sapmachine-jdk-18_linux-x64_bin.tar.gz,linux,x64,jdk,9822
2026-09-08T00:24:05+00:00,sapmachine-18,62373994,False,sapmachine-jre-18_linux-x64_bin.tar.gz,linux,x64,jre,6261
2026-09-08T00:24:05+00:00,sapmachine-18,62373994,False,sapmachine-jdk-18_linux-x64_bin-symbols.tar.gz,linux,x64,jdk,5
2026-09-08T00:24:05+00:00,sapmachine-18,62373994,False,sapmachine-jdk-18-beta_linux-aarch64_bin.tar.gz,linux,aarch64,jdk,3683
2026-09-08T00:24:05+00:00,sapmachine-18,62373994,False,sapmachine-jre-18-beta_linux-aarch64_bin.tar.gz,linux,aarch64,jre,3559
2026-09-08T00:24:05+00:00,sapmachine-18,62373994,False,sapmachine-jdk-18-beta_linux-aarch64_bin-symbols.tar.gz,linux,aarch64,jdk,5
2026-09-08T00:24:05+00:00,sapmachine-18,62373994,False,sapmachine-jdk-18-1.x86_64.rpm,linux,x64,jdk,3988
2026-09-08T00:24:05+00:00,sapmachine-18,62373994,False,sapmachine-jdk-18_windows-x64_bin.zip,windows,x64,jdk,5630
2026-09-08T00:24:05+00:00,sapmachine-18,62373994,False,sapmachine-jre-18_windows-x64_bin.zip,windows,x64,jre,4751
2026-09-08T00:24:05+00:00,sapmachine-18,62373994,False,sapmachine-jdk-18_windows-x64_bin-symbols.tar.gz,windows,x64,jdk,5
2026-09-08T00:24:05+00:00,sapmachine-18,62373994,False,sapmachine-jdk-18_windows-x64_bin.msi,windows,x64,jdk,5608
2026-09-08T00:24:05+00:00,sapmachine-18,62373994,False,sapmachine-jre-18_windows-x64_bin.msi,windows,x64,jre,4499
2026-09-08T00:24:05+00:00,sapmachine-18,62373994,False,sapmachine-jdk-18_linux-ppc64le_bin.tar.gz,linux,ppc64,jdk,4075
2026-09-08T00:24:05+00:00,sapmachine-18,62373994,False,sapmachine-jre-18_linux-ppc64le_bin.tar.gz,linux,ppc64,jre,4112
2026-09-08T00:24:05+00:00,sapmachine-18,62373994,False,sapmachine-jdk-18_linux-ppc64le_bin-symbols.tar.gz,linux,ppc64,jdk,5
2026-09-08T00:24:05+00:00,sapmachine-18,62373994,False,sapmachine-jdk-18_macos-x64_bin.tar.gz,macos,x64,jdk,4922
2026-09-08T00:24:05+00:00,sapmachine-18,62373994,False,sapmachine-jre-18_macos-x64_bin.tar.gz,macos,x64,jre,4160
2026-09-08T00:24:05+00:00,sapmachine-18,62373994,False,sapmachine-jdk-18_macos-x64_bin-symbols.tar.gz,macos,x64,jdk,6
2026-09-08T00:24:05+00:00,sapmachine-18,62373994,False,sapmachine-jdk-18_macos-x64_bin.dmg,macos,x64,jdk,4834
2026-09-08T00:24:05+00:00,sapmachine-18,62373994,False,sapmachine-jre-18_macos-x64_bin.dmg,macos,x64,jre,4186
2026-09-08T00:24:05+00:00,sapmachine-18,62373994,False,sapmachine-jdk-18_macos-aarch64_bin.tar.gz,macos,aarch64,jdk,4705
2026-09-08T00:24:05+00:00,sapmachine-18,62373994,False,sapmachine-jre-18_macos-aarch64_bin.tar.gz,macos,aarch64,jre,4215
2026-09-08T00:24:05+00:00,sapmachine-18,62373994,False,sapmachine-jdk-18_macos-aarch64_bin-symbols.tar.gz,macos,aarch64,jdk,6
2026-09-08T00:24:05+00:00,sapmachine-18,62373994,False,sapmachine-jdk-18_macos-aarch64_bin.dmg,macos,aarch64,jdk,4258
2026-09-08T00:24:05+00:00,sapmachine-18,62373994,False,sapmachine-jre-18_macos-aarch64_bin.dmg,macos,aarch64,jre,4115
2026-09-08T00:24:05+00:00,sapmachine-11.0.14.1,58939848,False,sapmachine-jdk-11.0.14.1-beta_linux-aarch64_bin.tar.gz,linux,aarch64,jdk,3845
2026-09-08T00:24:05+00:00,sapmachine-11.0.14.1,58939848,False,sapmachine-jre-11.0.14.1-beta_linux-aarch64_bin.tar.gz,linux,aarch64,jre,3598
2026-09-08T00:24:05+00:00,sapmachine-11.0.14.1,58939848,False,sapmachine-jdk-11.0.14.1-beta_linux-aarch64_bin-symbols.tar.gz,linux,aarch64,jdk,9
2026-09-08T00:24:05+00:00,sapmachine-11.0.14.1,58939848,False,sapmachine-jdk-11.0.14.1_linux-x64_bin.tar.gz,linux,x64,jdk,68399
2026-09-08T00:24:05+00:00,sapmachine-11.0.14.1,58939848,False,sapmachine-jre-11.0.14.1_linux-x64_bin.tar.gz,linux,x64,jre,20117
2026-09-08T00:24:05+00:00,sapmachine-11.0.14.1,58939848,False,sapmachine-jdk-11.0.14.1_linux-x64_bin-symbols.tar.gz,linux,x64,jdk,10
2026-09-08T00:24:05+00:00,sapmachine-11.0.14.1,58939848,False,sapmachine-jdk-11.0.14.1_windows-x64_bin.zip,windows,x64,jdk,6580
2026-09-08T00:24:05+00:00,sapmachine-11.0.14.1,58939848,False,sapmachine-jre-11.0.14.1_windows-x64_bin.zip,windows,x64,jre,4666
2026-09-08T00:24:05+00:00,sapmachine-11.0.14.1,58939848,False,sapmachine-jdk-11.0.14.1_windows-x64_bin-symbols.tar.gz,windows,x64,jdk,8
2026-09-08T00:24:05+00:00,sapmachine-11.0.14.1,58939848,False,sapmachine-jdk-11.0.14.1_windows-x64_bin.msi,windows,x64,jdk,5650
2026-09-08T00:24:05+00:00,sapmachine-11.0.14.1,58939848,False,sapmachine-jre-11.0.14.1_windows-x64_bin.msi,windows,x64,jre,4702
2026-09-08T00:24:05+00:00,sapmachine-11.0.14.1,58939848,False,sapmachine-jdk-11.0.14.1_linux-ppc64le_bin.tar.gz,linux,ppc64,jdk,4289
2026-09-08T00:24:05+00:00,sapmachine-11.0.14.1,58939848,False,sapmachine-jre-11.0.14.1_linux-ppc64le_bin.tar.gz,linux,ppc64,jre,4151
2026-09-08T00:24:05+00:00,sapmachine-11.0.14.1,58939848,False,sapmachine-jdk-11.0.14.1_linux-ppc64le_bin-symbols.tar.gz,linux,ppc64,jdk,7
2026-09-08T00:24:05+00:00,sapmachine-11.0.14.1,58939848,False,sapmachine-jdk-11.0.14.1-1.x86_64.rpm,linux,x64,jdk,4418
2026-09-08T00:24:05+00:00,sapmachine-11.0.14.1,58939848,False,sapmachine-jdk-11.0.14.1_osx-x64_bin.tar.gz,macos,x64,jdk,5910
2026-09-08T00:24:05+00:00,sapmachine-11.0.14.1,58939848,False,sapmachine-jre-11.0.14.1_osx-x64_bin.tar.gz,macos,x64,jre,4253
2026-09-08T00:24:05+00:00,sapmachine-11.0.14.1,58939848,False,sapmachine-jdk-11.0.14.1_osx-x64_bin-symbols.tar.gz,macos,x64,jdk,5
2026-09-08T00:24:05+00:00,sapmachine-11.0.14.1,58939848,False,sapmachine-jdk-11.0.14.1_osx-x64_bin.dmg,macos,x64,jdk,8126
2026-09-08T00:24:05+00:00,sapmachine-11.0.14.1,58939848,False,sapmachine-jre-11.0.14.1_osx-x64_bin.dmg,macos,x64,jre,4268
2026-09-08T00:24:05+00:00,sapmachine-17.0.2,57405100,False,sapmachine-jdk-17.0.2-beta_linux-aarch64_bin.tar.gz,linux,aarch64,jdk,3923
2026-09-08T00:24:05+00:00,sapmachine-17.0.2,57405100,False,sapmachine-jre-17.0.2-beta_linux-aarch64_bin.tar.gz,linux,aarch64,jre,3623
2026-09-08T00:24:05+00:00,sapmachine-17.0.2,57405100,False,sapmachine-jdk-17.0.2-beta_linux-aarch64_bin-symbols.tar.gz,linux,aarch64,jdk,6
2026-09-08T00:24:05+00:00,sapmachine-17.0.2,57405100,False,sapmachine-jdk-17.0.2_linux-x64_bin.tar.gz,linux,x64,jdk,14247
2026-09-08T00:24:05+00:00,sapmachine-17.0.2,57405100,False,sapmachine-jre-17.0.2_linux-x64_bin.tar.gz,linux,x64,jre,9784
2026-09-08T00:24:05+00:00,sapmachine-17.0.2,57405100,False,sapmachine-jdk-17.0.2_linux-x64_bin-symbols.tar.gz,linux,x64,jdk,8
2026-09-08T00:24:05+00:00,sapmachine-17.0.2,57405100,False,sapmachine-jdk-17.0.2_windows-x64_bin.zip,windows,x64,jdk,20426
2026-09-08T00:24:05+00:00,sapmachine-17.0.2,57405100,False,sapmachine-jre-17.0.2_windows-x64_bin.zip,windows,x64,jre,4931
2026-09-08T00:24:05+00:00,sapmachine-17.0.2,57405100,False,sapmachine-jdk-17.0.2_windows-x64_bin-symbols.tar.gz,windows,x64,jdk,6
2026-09-08T00:24:05+00:00,sapmachine-17.0.2,57405100,False,sapmachine-jdk-17.0.2_windows-x64_bin.msi,windows,x64,jdk,6692
2026-09-08T00:24:05+00:00,sapmachine-17.0.2,57405100,False,sapmachine-jre-17.0.2_windows-x64_bin.msi,windows,x64,jre,5032
2026-09-08T00:24:05+00:00,sapmachine-17.0.2,57405100,False,sapmachine-jdk-17.0.2_macos-x64_bin.tar.gz,macos,x64,jdk,5796
2026-09-08T00:24:05+00:00,sapmachine-17.0.2,57405100,False,sapmachine-jre-17.0.2_macos-x64_bin.tar.gz,macos,x64,jre,4362
2026-09-08T00:24:05+00:00,sapmachine-17.0.2,57405100,False,sapmachine-jdk-17.0.2_macos-x64_bin-symbols.tar.gz,macos,x64,jdk,9
2026-09-08T00:24:05+00:00,sapmachine-17.0.2,57405100,False,sapmachine-jdk-17.0.2_macos-x64_bin.dmg,macos,x64,jdk,9265
2026-09-08T00:24:05+00:00,sapmachine-17.0.2,57405100,False,sapmachine-jre-17.0.2_macos-x64_bin.dmg,macos,x64,jre,4417
2026-09-08T00:24:05+00:00,sapmachine-17.0.2,57405100,False,sapmachine-jdk-17.0.2_macos-aarch64_bin.tar.gz,macos,aarch64,jdk,5809
2026-09-08T00:24:05+00:00,sapmachine-17.0.2,57405100,False,sapmachine-jre-17.0.2_macos-aarch64_bin.tar.gz,macos,aarch64,jre,4374
2026-09-08T00:24:05+00:00,sapmachine-17.0.2,57405100,False,sapmachine-jdk-17.0.2_macos-aarch64_bin-symbols.tar.gz,macos,aarch64,jdk,6
2026-09-08T00:24:05+00:00,sapmachine-17.0.2,57405100,False,sapmachine-jdk-17.0.2_macos-aarch64_bin.dmg,macos,aarch64,jdk,8086
2026-09-08T00:24:05+00:00,sapmachine-17.0.2,57405100,False,sapmachine-jre-17.0.2_macos-aarch64_bin.dmg,macos,aarch64,jre,4362
2026-09-08T00:24:05+00:00,sapmachine-17.0.2,57405100,False,sapmachine-jdk-17.0.2_linux-ppc64le_bin.tar.gz,linux,ppc64,jdk,4434
2026-09-08T00:24:05+00:00,sapmachine-17.0.2,57405100,False,sapmachine-jre-17.0.2_linux-ppc64le_bin.tar.gz,linux,ppc64,jre,4295
2026-09-08T00:24:05+00:00,sapmachine-17.0.2,57405100,False,sapmachine-jdk-17.0.2_linux-ppc64le_bin-symbols.tar.gz,linux,ppc64,jdk,5
2026-09-08T00:24:05+00:00,sapmachine-17.0.2,57405100,False,sapmachine-jdk-17.0.2-1.x86_64.rpm,linux,x64,jdk,17337
2026-09-08T00:24:05+00:00,sapmachine-11.0.14,57403970,False,sapmachine-jdk-11.0.14-beta_linux-aarch64_bin.tar.gz,linux,aarch64,jdk,3829
2026-09-08T00:24:05+00:00,sapmachine-11.0.14,57403970,False,sapmachine-jre-11.0.14-beta_linux-aarch64_bin.tar.gz,linux,aarch64,jre,3619
2026-09-08T00:24:05+00:00,sapmachine-11.0.14,57403970,False,sapmachine-jdk-11.0.14-beta_linux-aarch64_bin-symbols.tar.gz,linux,aarch64,jdk,3
2026-09-08T00:24:05+00:00,sapmachine-11.0.14,57403970,False,sapmachine-jdk-11.0.14_linux-x64_bin.tar.gz,linux,x64,jdk,15935
2026-09-08T00:24:05+00:00,sapmachine-11.0.14,57403970,False,sapmachine-jre-11.0.14_linux-x64_bin.tar.gz,linux,x64,jre,13825
2026-09-08T00:24:05+00:00,sapmachine-11.0.14,57403970,False,sapmachine-jdk-11.0.14_linux-x64_bin-symbols.tar.gz,linux,x64,jdk,6
2026-09-08T00:24:05+00:00,sapmachine-11.0.14,57403970,False,sapmachine-jdk-11.0.14_windows-x64_bin.zip,windows,x64,jdk,5386
2026-09-08T00:24:05+00:00,sapmachine-11.0.14,57403970,False,sapmachine-jre-11.0.14_windows-x64_bin.zip,windows,x64,jre,4612
2026-09-08T00:24:05+00:00,sapmachine-11.0.14,57403970,False,sapmachine-jdk-11.0.14_windows-x64_bin-symbols.tar.gz,windows,x64,jdk,7
2026-09-08T00:24:05+00:00,sapmachine-11.0.14,57403970,False,sapmachine-jdk-11.0.14_windows-x64_bin.msi,windows,x64,jdk,4619
2026-09-08T00:24:05+00:00,sapmachine-11.0.14,57403970,False,sapmachine-jre-11.0.14_windows-x64_bin.msi,windows,x64,jre,4470
2026-09-08T00:24:05+00:00,sapmachine-11.0.14,57403970,False,sapmachine-jdk-11.0.14_linux-ppc64le_bin.tar.gz,linux,ppc64,jdk,4377
2026-09-08T00:24:05+00:00,sapmachine-11.0.14,57403970,False,sapmachine-jre-11.0.14_linux-ppc64le_bin.tar.gz,linux,ppc64,jre,4351
2026-09-08T00:24:05+00:00,sapmachine-11.0.14,57403970,False,sapmachine-jdk-11.0.14_linux-ppc64le_bin-symbols.tar.gz,linux,ppc64,jdk,5
2026-09-08T00:24:05+00:00,sapmachine-11.0.14,57403970,False,sapmachine-jdk-11.0.14_osx-x64_bin.tar.gz,macos,x64,jdk,5021
2026-09-08T00:24:05+00:00,sapmachine-11.0.14,57403970,False,sapmachine-jre-11.0.14_osx-x64_bin.tar.gz,macos,x64,jre,4319
2026-09-08T00:24:05+00:00,sapmachine-11.0.14,57403970,False,sapmachine-jdk-11.0.14_osx-x64_bin-symbols.tar.gz,macos,x64,jdk,7
2026-09-08T00:24:05+00:00,sapmachine-11.0.14,57403970,False,sapmachine-jdk-11.0.14_osx-x64_bin.dmg,macos,x64,jdk,5458
2026-09-08T00:24:05+00:00,sapmachine-11.0.14,57403970,False,sapmachine-jre-11.0.14_osx-x64_bin.dmg,macos,x64,jre,4355
2026-09-08T00:24:05+00:00,sapmachine-11.0.14,57403970,False,sapmachine-jdk-11.0.14-1.x86_64.rpm,linux,x64,jdk,6045
2026-09-08T00:24:05+00:00,sapmachine-17.0.1,51804980,False,sapmachine-jdk-17.0.1_linux-x64_bin.tar.gz,linux,x64,jdk,8218
2026-09-08T00:24:05+00:00,sapmachine-17.0.1,51804980,False,sapmachine-jre-17.0.1_linux-x64_bin.tar.gz,linux,x64,jre,115248
2026-09-08T00:24:05+00:00,sapmachine-17.0.1,51804980,False,sapmachine-jdk-17.0.1_linux-x64_bin-symbols.tar.gz,linux,x64,jdk,4
2026-09-08T00:24:05+00:00,sapmachine-17.0.1,51804980,False,sapmachine-jdk-17.0.1_windows-x64_bin.zip,windows,x64,jdk,10309
2026-09-08T00:24:05+00:00,sapmachine-17.0.1,51804980,False,sapmachine-jre-17.0.1_windows-x64_bin.zip,windows,x64,jre,20611
2026-09-08T00:24:05+00:00,sapmachine-17.0.1,51804980,False,sapmachine-jdk-17.0.1_windows-x64_bin-symbols.tar.gz,windows,x64,jdk,6
2026-09-08T00:24:05+00:00,sapmachine-17.0.1,51804980,False,sapmachine-jdk-17.0.1_windows-x64_bin.msi,windows,x64,jdk,5400
2026-09-08T00:24:05+00:00,sapmachine-17.0.1,51804980,False,sapmachine-jre-17.0.1_windows-x64_bin.msi,windows,x64,jre,4862
2026-09-08T00:24:05+00:00,sapmachine-17.0.1,51804980,False,sapmachine-jdk-17.0.1_linux-ppc64le_bin.tar.gz,linux,ppc64,jdk,4623
2026-09-08T00:24:05+00:00,sapmachine-17.0.1,51804980,False,sapmachine-jre-17.0.1_linux-ppc64le_bin.tar.gz,linux,ppc64,jre,4437
2026-09-08T00:24:05+00:00,sapmachine-17.0.1,51804980,False,sapmachine-jdk-17.0.1_linux-ppc64le_bin-symbols.tar.gz,linux,ppc64,jdk,5
2026-09-08T00:24:05+00:00,sapmachine-17.0.1,51804980,False,sapmachine-jdk-17.0.1-1.x86_64.rpm,linux,x64,jdk,4119
2026-09-08T00:24:05+00:00,sapmachine-17.0.1,51804980,False,sapmachine-jdk-17.0.1-beta_linux-aarch64_bin.tar.gz,linux,aarch64,jdk,3959
2026-09-08T00:24:05+00:00,sapmachine-17.0.1,51804980,False,sapmachine-jre-17.0.1-beta_linux-aarch64_bin.tar.gz,linux,aarch64,jre,3706
2026-09-08T00:24:05+00:00,sapmachine-17.0.1,51804980,False,sapmachine-jdk-17.0.1-beta_linux-aarch64_bin-symbols.tar.gz,linux,aarch64,jdk,5
2026-09-08T00:24:05+00:00,sapmachine-17.0.1,51804980,False,sapmachine-jdk-17.0.1_macos-x64_bin.tar.gz,macos,x64,jdk,5819
2026-09-08T00:24:05+00:00,sapmachine-17.0.1,51804980,False,sapmachine-jre-17.0.1_macos-x64_bin.tar.gz,macos,x64,jre,4960
2026-09-08T00:24:05+00:00,sapmachine-17.0.1,51804980,False,sapmachine-jdk-17.0.1_macos-x64_bin-symbols.tar.gz,macos,x64,jdk,5
2026-09-08T00:24:05+00:00,sapmachine-17.0.1,51804980,False,sapmachine-jdk-17.0.1_macos-x64_bin.dmg,macos,x64,jdk,8751
2026-09-08T00:24:05+00:00,sapmachine-17.0.1,51804980,False,sapmachine-jre-17.0.1_macos-x64_bin.dmg,macos,x64,jre,4565
2026-09-08T00:24:05+00:00,sapmachine-17.0.1,51804980,False,sapmachine-jdk-17.0.1_macos-aarch64_bin.tar.gz,macos,aarch64,jdk,5275
2026-09-08T00:24:05+00:00,sapmachine-17.0.1,51804980,False,sapmachine-jre-17.0.1_macos-aarch64_bin.tar.gz,macos,aarch64,jre,4508
2026-09-08T00:24:05+00:00,sapmachine-17.0.1,51804980,False,sapmachine-jdk-17.0.1_macos-aarch64_bin-symbols.tar.gz,macos,aarch64,jdk,5
2026-09-08T00:24:05+00:00,sapmachine-17.0.1,51804980,False,sapmachine-jdk-17.0.1_macos-aarch64_bin.dmg,macos,aarch64,jdk,7536
2026-09-08T00:24:05+00:00,sapmachine-17.0.1,51804980,False,sapmachine-jre-17.0.1_macos-aarch64_bin.dmg,macos,aarch64,jre,4558
2026-09-08T00:24:05+00:00,sapmachine-11.0.13,51636996,False,sapmachine-jdk-11.0.13-beta_linux-aarch64_bin.tar.gz,linux,aarch64,jdk,3979
2026-09-08T00:24:05+00:00,sapmachine-11.0.13,51636996,False,sapmachine-jre-11.0.13-beta_linux-aarch64_bin.tar.gz,linux,aarch64,jre,3707
2026-09-08T00:24:05+00:00,sapmachine-11.0.13,51636996,False,sapmachine-jdk-11.0.13-beta_linux-aarch64_bin-symbols.tar.gz,linux,aarch64,jdk,3
2026-09-08T00:24:05+00:00,sapmachine-11.0.13,51636996,False,sapmachine-jdk-11.0.13_windows-x64_bin.zip,windows,x64,jdk,8863
2026-09-08T00:24:05+00:00,sapmachine-11.0.13,51636996,False,sapmachine-jre-11.0.13_windows-x64_bin.zip,windows,x64,jre,5754
2026-09-08T00:24:05+00:00,sapmachine-11.0.13,51636996,False,sapmachine-jdk-11.0.13_windows-x64_bin-symbols.tar.gz,windows,x64,jdk,6
2026-09-08T00:24:05+00:00,sapmachine-11.0.13,51636996,False,sapmachine-jdk-11.0.13_windows-x64_bin.msi,windows,x64,jdk,5529
2026-09-08T00:24:05+00:00,sapmachine-11.0.13,51636996,False,sapmachine-jre-11.0.13_windows-x64_bin.msi,windows,x64,jre,4800
2026-09-08T00:24:05+00:00,sapmachine-11.0.13,51636996,False,sapmachine-jdk-11.0.13_linux-ppc64le_bin.tar.gz,linux,ppc64,jdk,4588
2026-09-08T00:24:05+00:00,sapmachine-11.0.13,51636996,False,sapmachine-jre-11.0.13_linux-ppc64le_bin.tar.gz,linux,ppc64,jre,4477
2026-09-08T00:24:05+00:00,sapmachine-11.0.13,51636996,False,sapmachine-jdk-11.0.13_linux-ppc64le_bin-symbols.tar.gz,linux,ppc64,jdk,3
2026-09-08T00:24:05+00:00,sapmachine-11.0.13,51636996,False,sapmachine-jdk-11.0.13_linux-x64_bin.tar.gz,linux,x64,jdk,378638
2026-09-08T00:24:05+00:00,sapmachine-11.0.13,51636996,False,sapmachine-jre-11.0.13_linux-x64_bin.tar.gz,linux,x64,jre,23875
2026-09-08T00:24:05+00:00,sapmachine-11.0.13,51636996,False,sapmachine-jdk-11.0.13_linux-x64_bin-symbols.tar.gz,linux,x64,jdk,3
2026-09-08T00:24:05+00:00,sapmachine-11.0.13,51636996,False,sapmachine-jdk-11.0.13-1.x86_64.rpm,linux,x64,jdk,4280
2026-09-08T00:24:05+00:00,sapmachine-11.0.13,51636996,False,sapmachine-jdk-11.0.13_osx-x64_bin.tar.gz,macos,x64,jdk,6103
2026-09-08T00:24:05+00:00,sapmachine-11.0.13,51636996,False,sapmachine-jdk-11.0.13_osx-x64_bin-symbols.tar.gz,macos,x64,jdk,6
2026-09-08T00:24:05+00:00,sapmachine-11.0.13,51636996,False,sapmachine-jdk-11.0.13_osx-x64_bin.dmg,macos,x64,jdk,8079
2026-09-08T00:24:05+00:00,sapmachine-11.0.13,51636996,False,sapmachine-jre-11.0.13_osx-x64_bin.dmg,macos,x64,jre,4592
2026-09-08T00:24:05+00:00,sapmachine-11.0.13,51636996,False,sapmachine-jre-11.0.13_osx-x64_bin.tar.gz,macos,x64,jre,4487
2026-09-08T00:24:05+00:00,sapmachine-17,49519526,False,sapmachine-jdk-17_macos-x64_bin.tar.gz,macos,x64,jdk,5719
2026-09-08T00:24:05+00:00,sapmachine-17,49519526,False,sapmachine-jre-17_macos-x64_bin.tar.gz,macos,x64,jre,5217
2026-09-08T00:24:05+00:00,sapmachine-17,49519526,False,sapmachine-jdk-17_macos-x64_bin-symbols.tar.gz,macos,x64,jdk,12
2026-09-08T00:24:05+00:00,sapmachine-17,49519526,False,sapmachine-jdk-17_macos-x64_bin.dmg,macos,x64,jdk,6455
2026-09-08T00:24:05+00:00,sapmachine-17,49519526,False,sapmachine-jre-17_macos-x64_bin.dmg,macos,x64,jre,4526
2026-09-08T00:24:05+00:00,sapmachine-17,49519526,False,sapmachine-jdk-17_macos-aarch64_bin.tar.gz,macos,aarch64,jdk,4962
2026-09-08T00:24:05+00:00,sapmachine-17,49519526,False,sapmachine-jre-17_macos-aarch64_bin.tar.gz,macos,aarch64,jre,4576
2026-09-08T00:24:05+00:00,sapmachine-17,49519526,False,sapmachine-jdk-17_macos-aarch64_bin-symbols.tar.gz,macos,aarch64,jdk,16
2026-09-08T00:24:05+00:00,sapmachine-17,49519526,False,sapmachine-jdk-17_macos-aarch64_bin.dmg,macos,aarch64,jdk,5531
2026-09-08T00:24:05+00:00,sapmachine-17,49519526,False,sapmachine-jre-17_macos-aarch64_bin.dmg,macos,aarch64,jre,4523
2026-09-08T00:24:05+00:00,sapmachine-17,49519526,False,sapmachine-jdk-17-beta_linux-aarch64_bin.tar.gz,linux,aarch64,jdk,4154
2026-09-08T00:24:05+00:00,sapmachine-17,49519526,False,sapmachine-jre-17-beta_linux-aarch64_bin.tar.gz,linux,aarch64,jre,3745
2026-09-08T00:24:05+00:00,sapmachine-17,49519526,False,sapmachine-jdk-17-beta_linux-aarch64_bin-symbols.tar.gz,linux,aarch64,jdk,10
2026-09-08T00:24:05+00:00,sapmachine-17,49519526,False,sapmachine-jdk-17_windows-x64_bin.zip,windows,x64,jdk,8450
2026-09-08T00:24:05+00:00,sapmachine-17,49519526,False,sapmachine-jre-17_windows-x64_bin.zip,windows,x64,jre,5623
2026-09-08T00:24:05+00:00,sapmachine-17,49519526,False,sapmachine-jdk-17_windows-x64_bin-symbols.tar.gz,windows,x64,jdk,11
2026-09-08T00:24:05+00:00,sapmachine-17,49519526,False,sapmachine-jdk-17_windows-x64_bin.msi,windows,x64,jdk,5149
2026-09-08T00:24:05+00:00,sapmachine-17,49519526,False,sapmachine-jre-17_windows-x64_bin.msi,windows,x64,jre,9873
2026-09-08T00:24:05+00:00,sapmachine-17,49519526,False,sapmachine-jdk-17_linux-x64_bin.tar.gz,linux,x64,jdk,9003
2026-09-08T00:24:05+00:00,sapmachine-17,49519526,False,sapmachine-jre-17_linux-x64_bin.tar.gz,linux,x64,jre,32321
2026-09-08T00:24:05+00:00,sapmachine-17,49519526,False,sapmachine-jdk-17_linux-x64_bin-symbols.tar.gz,linux,x64,jdk,12
2026-09-08T00:24:05+00:00,sapmachine-17,49519526,False,sapmachine-jdk-17_linux-ppc64le_bin.tar.gz,linux,ppc64,jdk,4532
2026-09-08T00:24:05+00:00,sapmachine-17,49519526,False,sapmachine-jre-17_linux-ppc64le_bin.tar.gz,linux,ppc64,jre,4472
2026-09-08T00:24:05+00:00,sapmachine-17,49519526,False,sapmachine-jdk-17_linux-ppc64le_bin-symbols.tar.gz,linux,ppc64,jdk,9
2026-09-08T00:24:05+00:00,sapmachine-17,49519526,False,sapmachine-jdk-17-1.x86_64.rpm,linux,x64,jdk,4255
2026-09-08T00:24:05+00:00,sapmachine-16.0.2,46612324,False,sapmachine-jdk-16.0.2_linux-x64_bin.tar.gz,linux,x64,jdk,7716
2026-09-08T00:24:05+00:00,sapmachine-16.0.2,46612324,False,sapmachine-jre-16.0.2_linux-x64_bin.tar.gz,linux,x64,jre,9006
2026-09-08T00:24:05+00:00,sapmachine-16.0.2,46612324,False,sapmachine-jdk-16.0.2_linux-x64_bin-symbols.tar.gz,linux,x64,jdk,8
2026-09-08T00:24:05+00:00,sapmachine-16.0.2,46612324,False,sapmachine-jdk-16.0.2-beta_linux-aarch64_bin.tar.gz,linux,aarch64,jdk,4239
2026-09-08T00:24:05+00:00,sapmachine-16.0.2,46612324,False,sapmachine-jre-16.0.2-beta_linux-aarch64_bin.tar.gz,linux,aarch64,jre,3796
2026-09-08T00:24:05+00:00,sapmachine-16.0.2,46612324,False,sapmachine-jdk-16.0.2-beta_linux-aarch64_bin-symbols.tar.gz,linux,aarch64,jdk,8
2026-09-08T00:24:05+00:00,sapmachine-16.0.2,46612324,False,sapmachine-jdk-16.0.2-1.x86_64.rpm,linux,x64,jdk,4215
2026-09-08T00:24:05+00:00,sapmachine-16.0.2,46612324,False,sapmachine-jdk-16.0.2_windows-x64_bin.zip,windows,x64,jdk,6752
2026-09-08T00:24:05+00:00,sapmachine-16.0.2,46612324,False,sapmachine-jre-16.0.2_windows-x64_bin.zip,windows,x64,jre,5445
2026-09-08T00:24:05+00:00,sapmachine-16.0.2,46612324,False,sapmachine-jdk-16.0.2_windows-x64_bin-symbols.tar.gz,windows,x64,jdk,8
2026-09-08T00:24:05+00:00,sapmachine-16.0.2,46612324,False,sapmachine-jdk-16.0.2_windows-x64_bin.msi,windows,x64,jdk,49946
2026-09-08T00:24:05+00:00,sapmachine-16.0.2,46612324,False,sapmachine-jre-16.0.2_windows-x64_bin.msi,windows,x64,jre,49940
2026-09-08T00:24:05+00:00,sapmachine-16.0.2,46612324,False,sapmachine-jdk-16.0.2_linux-ppc64_bin.tar.gz,linux,ppc64,jdk,4433
2026-09-08T00:24:05+00:00,sapmachine-16.0.2,46612324,False,sapmachine-jre-16.0.2_linux-ppc64_bin.tar.gz,linux,ppc64,jre,4448
2026-09-08T00:24:05+00:00,sapmachine-16.0.2,46612324,False,sapmachine-jdk-16.0.2_linux-ppc64_bin-symbols.tar.gz,linux,ppc64,jdk,7
2026-09-08T00:24:05+00:00,sapmachine-16.0.2,46612324,False,sapmachine-jdk-16.0.2_linux-ppc64le_bin.tar.gz,linux,ppc64,jdk,4523
2026-09-08T00:24:05+00:00,sapmachine-16.0.2,46612324,False,sapmachine-jre-16.0.2_linux-ppc64le_bin.tar.gz,linux,ppc64,jre,4470
2026-09-08T00:24:05+00:00,sapmachine-16.0.2,46612324,False,sapmachine-jdk-16.0.2_linux-ppc64le_bin-symbols.tar.gz,linux,ppc64,jdk,6
2026-09-08T00:24:05+00:00,sapmachine-16.0.2,46612324,False,sapmachine-jdk-16.0.2_osx-x64_bin.tar.gz,macos,x64,jdk,6293
2026-09-08T00:24:05+00:00,sapmachine-16.0.2,46612324,False,sapmachine-jre-16.0.2_osx-x64_bin.tar.gz,macos,x64,jre,5317
2026-09-08T00:24:05+00:00,sapmachine-16.0.2,46612324,False,sapmachine-jdk-16.0.2_osx-x64_bin-symbols.tar.gz,macos,x64,jdk,4
2026-09-08T00:24:05+00:00,sapmachine-16.0.2,46612324,False,sapmachine-jdk-16.0.2_osx-x64_bin.dmg,macos,x64,jdk,5071
2026-09-08T00:24:05+00:00,sapmachine-16.0.2,46612324,False,sapmachine-jre-16.0.2_osx-x64_bin.dmg,macos,x64,jre,4562
2026-09-08T00:24:05+00:00,sapmachine-11.0.12,46498867,False,sapmachine-jdk-11.0.12_linux-x64_bin.tar.gz,linux,x64,jdk,327460
2026-09-08T00:24:05+00:00,sapmachine-11.0.12,46498867,False,sapmachine-jre-11.0.12_linux-x64_bin.tar.gz,linux,x64,jre,33766
2026-09-08T00:24:05+00:00,sapmachine-11.0.12,46498867,False,sapmachine-jdk-11.0.12_linux-x64_bin-symbols.tar.gz,linux,x64,jdk,10
2026-09-08T00:24:05+00:00,sapmachine-11.0.12,46498867,False,sapmachine-jdk-11.0.12-beta_linux-aarch64_bin.tar.gz,linux,aarch64,jdk,4202
2026-09-08T00:24:05+00:00,sapmachine-11.0.12,46498867,False,sapmachine-jre-11.0.12-beta_linux-aarch64_bin.tar.gz,linux,aarch64,jre,3803
2026-09-08T00:24:05+00:00,sapmachine-11.0.12,46498867,False,sapmachine-jdk-11.0.12-beta_linux-aarch64_bin-symbols.tar.gz,linux,aarch64,jdk,10
2026-09-08T00:24:05+00:00,sapmachine-11.0.12,46498867,False,sapmachine-jdk-11.0.12_windows-x64_bin.zip,windows,x64,jdk,92558
2026-09-08T00:24:05+00:00,sapmachine-11.0.12,46498867,False,sapmachine-jre-11.0.12_windows-x64_bin.zip,windows,x64,jre,9136
2026-09-08T00:24:05+00:00,sapmachine-11.0.12,46498867,False,sapmachine-jdk-11.0.12_windows-x64_bin-symbols.tar.gz,windows,x64,jdk,11
2026-09-08T00:24:05+00:00,sapmachine-11.0.12,46498867,False,sapmachine-jdk-11.0.12_windows-x64_bin.msi,windows,x64,jdk,5687
2026-09-08T00:24:05+00:00,sapmachine-11.0.12,46498867,False,sapmachine-jre-11.0.12_windows-x64_bin.msi,windows,x64,jre,4899
2026-09-08T00:24:05+00:00,sapmachine-11.0.12,46498867,False,sapmachine-jdk-11.0.12_osx-x64_bin.tar.gz,macos,x64,jdk,5916
2026-09-08T00:24:05+00:00,sapmachine-11.0.12,46498867,False,sapmachine-jre-11.0.12_osx-x64_bin.tar.gz,macos,x64,jre,4519
2026-09-08T00:24:05+00:00,sapmachine-11.0.12,46498867,False,sapmachine-jdk-11.0.12_osx-x64_bin-symbols.tar.gz,macos,x64,jdk,12
2026-09-08T00:24:05+00:00,sapmachine-11.0.12,46498867,False,sapmachine-jdk-11.0.12_osx-x64_bin.dmg,macos,x64,jdk,8910
2026-09-08T00:24:05+00:00,sapmachine-11.0.12,46498867,False,sapmachine-jre-11.0.12_osx-x64_bin.dmg,macos,x64,jre,4571
2026-09-08T00:24:05+00:00,sapmachine-11.0.12,46498867,False,sapmachine-jdk-11.0.12-1.x86_64.rpm,linux,x64,jdk,5524
2026-09-08T00:24:05+00:00,sapmachine-11.0.12,46498867,False,sapmachine-jdk-11.0.12_linux-ppc64_bin.tar.gz,linux,ppc64,jdk,4470
2026-09-08T00:24:05+00:00,sapmachine-11.0.12,46498867,False,sapmachine-jdk-11.0.12_linux-ppc64le_bin.tar.gz,linux,ppc64,jdk,4557
2026-09-08T00:24:05+00:00,sapmachine-11.0.12,46498867,False,sapmachine-jre-11.0.12_linux-ppc64_bin.tar.gz,linux,ppc64,jre,4464
2026-09-08T00:24:05+00:00,sapmachine-11.0.12,46498867,False,sapmachine-jre-11.0.12_linux-ppc64le_bin.tar.gz,linux,ppc64,jre,4430
2026-09-08T00:24:05+00:00,sapmachine-11.0.12,46498867,False,sapmachine-jdk-11.0.12_linux-ppc64le_bin-symbols.tar.gz,linux,ppc64,jdk,8
2026-09-08T00:24:05+00:00,sapmachine-11.0.12,46498867,False,sapmachine-jdk-11.0.12_linux-ppc64_bin-symbols.tar.gz,linux,ppc64,jdk,8
2026-09-08T00:24:05+00:00,sapmachine-16.0.1,41759412,False,sapmachine-jdk-16.0.1_linux-x64_bin.tar.gz,linux,x64,jdk,7477
2026-09-08T00:24:05+00:00,sapmachine-16.0.1,41759412,False,sapmachine-jre-16.0.1_linux-x64_bin.tar.gz,linux,x64,jre,8791
2026-09-08T00:24:05+00:00,sapmachine-16.0.1,41759412,False,sapmachine-jdk-16.0.1_linux-x64_bin-symbols.tar.gz,linux,x64,jdk,10
2026-09-08T00:24:05+00:00,sapmachine-16.0.1,41759412,False,sapmachine-jdk-16.0.1-1.x86_64.rpm,linux,x64,jdk,4339
2026-09-08T00:24:05+00:00,sapmachine-16.0.1,41759412,False,sapmachine-jdk-16.0.1_windows-x64_bin.zip,windows,x64,jdk,7446
2026-09-08T00:24:05+00:00,sapmachine-16.0.1,41759412,False,sapmachine-jre-16.0.1_windows-x64_bin.zip,windows,x64,jre,6109
2026-09-08T00:24:05+00:00,sapmachine-16.0.1,41759412,False,sapmachine-jdk-16.0.1_windows-x64_bin-symbols.tar.gz,windows,x64,jdk,7
2026-09-08T00:24:05+00:00,sapmachine-16.0.1,41759412,False,sapmachine-jdk-16.0.1_windows-x64_bin.msi,windows,x64,jdk,7021
2026-09-08T00:24:05+00:00,sapmachine-16.0.1,41759412,False,sapmachine-jre-16.0.1_windows-x64_bin.msi,windows,x64,jre,6998
2026-09-08T00:24:05+00:00,sapmachine-16.0.1,41759412,False,sapmachine-jdk-16.0.1_linux-ppc64_bin.tar.gz,linux,ppc64,jdk,4559
2026-09-08T00:24:05+00:00,sapmachine-16.0.1,41759412,False,sapmachine-jre-16.0.1_linux-ppc64_bin.tar.gz,linux,ppc64,jre,4491
2026-09-08T00:24:05+00:00,sapmachine-16.0.1,41759412,False,sapmachine-jdk-16.0.1_linux-ppc64_bin-symbols.tar.gz,linux,ppc64,jdk,11
2026-09-08T00:24:05+00:00,sapmachine-16.0.1,41759412,False,sapmachine-jdk-16.0.1_linux-ppc64le_bin.tar.gz,linux,ppc64,jdk,4699
2026-09-08T00:24:05+00:00,sapmachine-16.0.1,41759412,False,sapmachine-jre-16.0.1_linux-ppc64le_bin.tar.gz,linux,ppc64,jre,4637
2026-09-08T00:24:05+00:00,sapmachine-16.0.1,41759412,False,sapmachine-jdk-16.0.1_linux-ppc64le_bin-symbols.tar.gz,linux,ppc64,jdk,7
2026-09-08T00:24:05+00:00,sapmachine-16.0.1,41759412,False,sapmachine-jdk-16.0.1-beta_linux-aarch64_bin.tar.gz,linux,aarch64,jdk,4333
2026-09-08T00:24:05+00:00,sapmachine-16.0.1,41759412,False,sapmachine-jre-16.0.1-beta_linux-aarch64_bin.tar.gz,linux,aarch64,jre,3891
2026-09-08T00:24:05+00:00,sapmachine-16.0.1,41759412,False,sapmachine-jdk-16.0.1-beta_linux-aarch64_bin-symbols.tar.gz,linux,aarch64,jdk,7
2026-09-08T00:24:05+00:00,sapmachine-16.0.1,41759412,False,sapmachine-jdk-16.0.1_osx-x64_bin.tar.gz,macos,x64,jdk,6932
2026-09-08T00:24:05+00:00,sapmachine-16.0.1,41759412,False,sapmachine-jre-16.0.1_osx-x64_bin.tar.gz,macos,x64,jre,5990
2026-09-08T00:24:05+00:00,sapmachine-16.0.1,41759412,False,sapmachine-jdk-16.0.1_osx-x64_bin-symbols.tar.gz,macos,x64,jdk,9
2026-09-08T00:24:05+00:00,sapmachine-16.0.1,41759412,False,sapmachine-jdk-16.0.1_osx-x64_bin.dmg,macos,x64,jdk,5442
2026-09-08T00:24:05+00:00,sapmachine-16.0.1,41759412,False,sapmachine-jre-16.0.1_osx-x64_bin.dmg,macos,x64,jre,4576
2026-09-08T00:24:05+00:00,sapmachine-11.0.11,41730420,False,sapmachine-jdk-11.0.11_linux-x64_bin.tar.gz,linux,x64,jdk,103533
2026-09-08T00:24:05+00:00,sapmachine-11.0.11,41730420,False,sapmachine-jre-11.0.11_linux-x64_bin.tar.gz,linux,x64,jre,31646
2026-09-08T00:24:05+00:00,sapmachine-11.0.11,41730420,False,sapmachine-jdk-11.0.11_linux-x64_bin-symbols.tar.gz,linux,x64,jdk,8
2026-09-08T00:24:05+00:00,sapmachine-11.0.11,41730420,False,sapmachine-jdk-11.0.11-1.x86_64.rpm,linux,x64,jdk,8233
2026-09-08T00:24:05+00:00,sapmachine-11.0.11,41730420,False,sapmachine-jdk-11.0.11_windows-x64_bin.zip,windows,x64,jdk,14553
2026-09-08T00:24:05+00:00,sapmachine-11.0.11,41730420,False,sapmachine-jre-11.0.11_windows-x64_bin.zip,windows,x64,jre,8849
2026-09-08T00:24:05+00:00,sapmachine-11.0.11,41730420,False,sapmachine-jdk-11.0.11_windows-x64_bin-symbols.tar.gz,windows,x64,jdk,13
2026-09-08T00:24:05+00:00,sapmachine-11.0.11,41730420,False,sapmachine-jdk-11.0.11_windows-x64_bin.msi,windows,x64,jdk,14744
2026-09-08T00:24:05+00:00,sapmachine-11.0.11,41730420,False,sapmachine-jre-11.0.11_windows-x64_bin.msi,windows,x64,jre,13844
2026-09-08T00:24:05+00:00,sapmachine-11.0.11,41730420,False,sapmachine-jdk-11.0.11_osx-x64_bin.tar.gz,macos,x64,jdk,5781
2026-09-08T00:24:05+00:00,sapmachine-11.0.11,41730420,False,sapmachine-jre-11.0.11_osx-x64_bin.tar.gz,macos,x64,jre,4640
2026-09-08T00:24:05+00:00,sapmachine-11.0.11,41730420,False,sapmachine-jdk-11.0.11_osx-x64_bin-symbols.tar.gz,macos,x64,jdk,8
2026-09-08T00:24:05+00:00,sapmachine-11.0.11,41730420,False,sapmachine-jdk-11.0.11_osx-x64_bin.dmg,macos,x64,jdk,8858
2026-09-08T00:24:05+00:00,sapmachine-11.0.11,41730420,False,sapmachine-jre-11.0.11_osx-x64_bin.dmg,macos,x64,jre,4655
2026-09-08T00:24:05+00:00,sapmachine-11.0.11,41730420,False,sapmachine-jdk-11.0.11_linux-ppc64_bin.tar.gz,linux,ppc64,jdk,4541
2026-09-08T00:24:05+00:00,sapmachine-11.0.11,41730420,False,sapmachine-jre-11.0.11_linux-ppc64_bin.tar.gz,linux,ppc64,jre,4493
2026-09-08T00:24:05+00:00,sapmachine-11.0.11,41730420,False,sapmachine-jdk-11.0.11_linux-ppc64_bin-symbols.tar.gz,linux,ppc64,jdk,8
2026-09-08T00:24:05+00:00,sapmachine-11.0.11,41730420,False,sapmachine-jdk-11.0.11_linux-ppc64le_bin.tar.gz,linux,ppc64,jdk,4564
2026-09-08T00:24:05+00:00,sapmachine-11.0.11,41730420,False,sapmachine-jre-11.0.11_linux-ppc64le_bin.tar.gz,linux,ppc64,jre,4535
2026-09-08T00:24:05+00:00,sapmachine-11.0.11,41730420,False,sapmachine-jdk-11.0.11_linux-ppc64le_bin-symbols.tar.gz,linux,ppc64,jdk,10
2026-09-08T00:24:05+00:00,sapmachine-11.0.11,41730420,False,sapmachine-jdk-11.0.11-beta_linux-aarch64_bin.tar.gz,linux,aarch64,jdk,4278
2026-09-08T00:24:05+00:00,sapmachine-11.0.11,41730420,False,sapmachine-jre-11.0.11-beta_linux-aarch64_bin.tar.gz,linux,aarch64,jre,3891
2026-09-08T00:24:05+00:00,sapmachine-11.0.11,41730420,False,sapmachine-jdk-11.0.11-beta_linux-aarch64_bin-symbols.tar.gz,linux,aarch64,jdk,17
2026-09-08T00:24:05+00:00,sapmachine-16,39844832,False,sapmachine-jdk-16_linux-x64_bin.tar.gz,linux,x64,jdk,7433
2026-09-08T00:24:05+00:00,sapmachine-16,39844832,False,sapmachine-jre-16_linux-x64_bin.tar.gz,linux,x64,jre,8652
2026-09-08T00:24:05+00:00,sapmachine-16,39844832,False,sapmachine-jdk-16_linux-x64_bin-symbols.tar.gz,linux,x64,jdk,3
2026-09-08T00:24:05+00:00,sapmachine-16,39844832,False,sapmachine-jdk-16-beta_linux-aarch64_bin.tar.gz,linux,aarch64,jdk,4347
2026-09-08T00:24:05+00:00,sapmachine-16,39844832,False,sapmachine-jre-16-beta_linux-aarch64_bin.tar.gz,linux,aarch64,jre,3940
2026-09-08T00:24:05+00:00,sapmachine-16,39844832,False,sapmachine-jdk-16-beta_linux-aarch64_bin-symbols.tar.gz,linux,aarch64,jdk,4
2026-09-08T00:24:05+00:00,sapmachine-16,39844832,False,sapmachine-jdk-16-1.x86_64.rpm,linux,x64,jdk,4374
2026-09-08T00:24:05+00:00,sapmachine-16,39844832,False,sapmachine-jdk-16_windows-x64_bin.zip,windows,x64,jdk,7612
2026-09-08T00:24:05+00:00,sapmachine-16,39844832,False,sapmachine-jre-16_windows-x64_bin.zip,windows,x64,jre,6794
2026-09-08T00:24:05+00:00,sapmachine-16,39844832,False,sapmachine-jdk-16_windows-x64_bin-symbols.tar.gz,windows,x64,jdk,3
2026-09-08T00:24:05+00:00,sapmachine-16,39844832,False,sapmachine-jdk-16_windows-x64_bin.msi,windows,x64,jdk,4748
2026-09-08T00:24:05+00:00,sapmachine-16,39844832,False,sapmachine-jre-16_windows-x64_bin.msi,windows,x64,jre,4571
2026-09-08T00:24:05+00:00,sapmachine-16,39844832,False,sapmachine-jdk-16_linux-ppc64le_bin.tar.gz,linux,ppc64,jdk,4454
2026-09-08T00:24:05+00:00,sapmachine-16,39844832,False,sapmachine-jre-16_linux-ppc64le_bin.tar.gz,linux,ppc64,jre,4477
2026-09-08T00:24:05+00:00,sapmachine-16,39844832,False,sapmachine-jdk-16_linux-ppc64le_bin-symbols.tar.gz,linux,ppc64,jdk,3
2026-09-08T00:24:05+00:00,sapmachine-16,39844832,False,sapmachine-jdk-16_linux-ppc64_bin.tar.gz,linux,ppc64,jdk,4468
2026-09-08T00:24:05+00:00,sapmachine-16,39844832,False,sapmachine-jre-16_linux-ppc64_bin.tar.gz,linux,ppc64,jre,4456
2026-09-08T00:24:05+00:00,sapmachine-16,39844832,False,sapmachine-jdk-16_linux-ppc64_bin-symbols.tar.gz,linux,ppc64,jdk,3
2026-09-08T00:24:05+00:00,sapmachine-16,39844832,False,sapmachine-jdk-16_osx-x64_bin.tar.gz,macos,x64,jdk,7342
2026-09-08T00:24:05+00:00,sapmachine-16,39844832,False,sapmachine-jre-16_osx-x64_bin.tar.gz,macos,x64,jre,2917
2026-09-08T00:24:05+00:00,sapmachine-16,39844832,False,sapmachine-jdk-16_osx-x64_bin-symbols.tar.gz,macos,x64,jdk,4
2026-09-08T00:24:05+00:00,sapmachine-16,39844832,False,sapmachine-jdk-16_osx-x64_bin.dmg,macos,x64,jdk,5111
2026-09-08T00:24:05+00:00,sapmachine-16,39844832,False,sapmachine-jre-16_osx-x64_bin.dmg,macos,x64,jre,4527
2026-09-08T00:24:05+00:00,sapmachine-15.0.2,36751903,False,sapmachine-jdk-15.0.2_linux-x64_bin.tar.gz,linux,x64,jdk,13519
2026-09-08T00:24:05+00:00,sapmachine-15.0.2,36751903,False,sapmachine-jre-15.0.2_linux-x64_bin.tar.gz,linux,x64,jre,13326
2026-09-08T00:24:05+00:00,sapmachine-15.0.2,36751903,False,sapmachine-jdk-15.0.2_linux-x64_bin-symbols.tar.gz,linux,x64,jdk,5
2026-09-08T00:24:05+00:00,sapmachine-15.0.2,36751903,False,sapmachine-jdk-15.0.2-beta_linux-aarch64_bin.tar.gz,linux,aarch64,jdk,4481
2026-09-08T00:24:05+00:00,sapmachine-15.0.2,36751903,False,sapmachine-jre-15.0.2-beta_linux-aarch64_bin.tar.gz,linux,aarch64,jre,3986
2026-09-08T00:24:05+00:00,sapmachine-15.0.2,36751903,False,sapmachine-jdk-15.0.2-beta_linux-aarch64_bin-symbols.tar.gz,linux,aarch64,jdk,6
2026-09-08T00:24:05+00:00,sapmachine-15.0.2,36751903,False,sapmachine-jdk-15.0.2-1.x86_64.rpm,linux,x64,jdk,4394
2026-09-08T00:24:05+00:00,sapmachine-15.0.2,36751903,False,sapmachine-jdk-15.0.2_windows-x64_bin.zip,windows,x64,jdk,13311
2026-09-08T00:24:05+00:00,sapmachine-15.0.2,36751903,False,sapmachine-jre-15.0.2_windows-x64_bin.zip,windows,x64,jre,7940
2026-09-08T00:24:05+00:00,sapmachine-15.0.2,36751903,False,sapmachine-jdk-15.0.2_windows-x64_bin-symbols.tar.gz,windows,x64,jdk,8
2026-09-08T00:24:05+00:00,sapmachine-15.0.2,36751903,False,sapmachine-jdk-15.0.2_windows-x64_bin.msi,windows,x64,jdk,4711
2026-09-08T00:24:05+00:00,sapmachine-15.0.2,36751903,False,sapmachine-jre-15.0.2_windows-x64_bin.msi,windows,x64,jre,4651
2026-09-08T00:24:05+00:00,sapmachine-15.0.2,36751903,False,sapmachine-jdk-15.0.2_linux-ppc64_bin.tar.gz,linux,ppc64,jdk,4504
2026-09-08T00:24:05+00:00,sapmachine-15.0.2,36751903,False,sapmachine-jre-15.0.2_linux-ppc64_bin.tar.gz,linux,ppc64,jre,4457
2026-09-08T00:24:05+00:00,sapmachine-15.0.2,36751903,False,sapmachine-jdk-15.0.2_linux-ppc64_bin-symbols.tar.gz,linux,ppc64,jdk,6
2026-09-08T00:24:05+00:00,sapmachine-15.0.2,36751903,False,sapmachine-jdk-15.0.2_linux-ppc64le_bin.tar.gz,linux,ppc64,jdk,4476
2026-09-08T00:24:05+00:00,sapmachine-15.0.2,36751903,False,sapmachine-jre-15.0.2_linux-ppc64le_bin.tar.gz,linux,ppc64,jre,4481
2026-09-08T00:24:05+00:00,sapmachine-15.0.2,36751903,False,sapmachine-jdk-15.0.2_linux-ppc64le_bin-symbols.tar.gz,linux,ppc64,jdk,5
2026-09-08T00:24:05+00:00,sapmachine-15.0.2,36751903,False,sapmachine-jdk-15.0.2_osx-x64_bin.tar.gz,macos,x64,jdk,13503
2026-09-08T00:24:05+00:00,sapmachine-15.0.2,36751903,False,sapmachine-jre-15.0.2_osx-x64_bin.tar.gz,macos,x64,jre,7763
2026-09-08T00:24:05+00:00,sapmachine-15.0.2,36751903,False,sapmachine-jdk-15.0.2_osx-x64_bin-symbols.tar.gz,macos,x64,jdk,8
2026-09-08T00:24:05+00:00,sapmachine-15.0.2,36751903,False,sapmachine-jdk-15.0.2_osx-x64_bin.dmg,macos,x64,jdk,5460
2026-09-08T00:24:05+00:00,sapmachine-15.0.2,36751903,False,sapmachine-jre-15.0.2_osx-x64_bin.dmg,macos,x64,jre,4512
2026-09-08T00:24:05+00:00,sapmachine-11.0.10,36625952,False,sapmachine-jdk-11.0.10_linux-x64_bin.tar.gz,linux,x64,jdk,105854
2026-09-08T00:24:05+00:00,sapmachine-11.0.10,36625952,False,sapmachine-jre-11.0.10_linux-x64_bin.tar.gz,linux,x64,jre,32893
2026-09-08T00:24:05+00:00,sapmachine-11.0.10,36625952,False,sapmachine-jdk-11.0.10_linux-x64_bin-symbols.tar.gz,linux,x64,jdk,7
2026-09-08T00:24:05+00:00,sapmachine-11.0.10,36625952,False,sapmachine-jdk-11.0.10-beta_linux-aarch64_bin.tar.gz,linux,aarch64,jdk,4790
2026-09-08T00:24:05+00:00,sapmachine-11.0.10,36625952,False,sapmachine-jre-11.0.10-beta_linux-aarch64_bin.tar.gz,linux,aarch64,jre,3986
2026-09-08T00:24:05+00:00,sapmachine-11.0.10,36625952,False,sapmachine-jdk-11.0.10-beta_linux-aarch64_bin-symbols.tar.gz,linux,aarch64,jdk,7
2026-09-08T00:24:05+00:00,sapmachine-11.0.10,36625952,False,sapmachine-jdk-11.0.10-1.x86_64.rpm,linux,x64,jdk,4630
2026-09-08T00:24:05+00:00,sapmachine-11.0.10,36625952,False,sapmachine-jdk-11.0.10_windows-x64_bin.zip,windows,x64,jdk,15351
2026-09-08T00:24:05+00:00,sapmachine-11.0.10,36625952,False,sapmachine-jre-11.0.10_windows-x64_bin.zip,windows,x64,jre,9523
2026-09-08T00:24:05+00:00,sapmachine-11.0.10,36625952,False,sapmachine-jdk-11.0.10_windows-x64_bin-symbols.tar.gz,windows,x64,jdk,7
2026-09-08T00:24:05+00:00,sapmachine-11.0.10,36625952,False,sapmachine-jdk-11.0.10_windows-x64_bin.msi,windows,x64,jdk,5988
2026-09-08T00:24:05+00:00,sapmachine-11.0.10,36625952,False,sapmachine-jre-11.0.10_windows-x64_bin.msi,windows,x64,jre,5297
2026-09-08T00:24:05+00:00,sapmachine-11.0.10,36625952,False,sapmachine-jdk-11.0.10_linux-ppc64_bin.tar.gz,linux,ppc64,jdk,4567
2026-09-08T00:24:05+00:00,sapmachine-11.0.10,36625952,False,sapmachine-jre-11.0.10_linux-ppc64_bin.tar.gz,linux,ppc64,jre,4441
2026-09-08T00:24:05+00:00,sapmachine-11.0.10,36625952,False,sapmachine-jdk-11.0.10_linux-ppc64_bin-symbols.tar.gz,linux,ppc64,jdk,7
2026-09-08T00:24:05+00:00,sapmachine-11.0.10,36625952,False,sapmachine-jdk-11.0.10_linux-ppc64le_bin.tar.gz,linux,ppc64,jdk,4540
2026-09-08T00:24:05+00:00,sapmachine-11.0.10,36625952,False,sapmachine-jre-11.0.10_linux-ppc64le_bin.tar.gz,linux,ppc64,jre,4461
2026-09-08T00:24:05+00:00,sapmachine-11.0.10,36625952,False,sapmachine-jdk-11.0.10_linux-ppc64le_bin-symbols.tar.gz,linux,ppc64,jdk,6
2026-09-08T00:24:05+00:00,sapmachine-11.0.10,36625952,False,sapmachine-jdk-11.0.10_osx-x64_bin.tar.gz,macos,x64,jdk,5977
2026-09-08T00:24:05+00:00,sapmachine-11.0.10,36625952,False,sapmachine-jre-11.0.10_osx-x64_bin.tar.gz,macos,x64,jre,4536
2026-09-08T00:24:05+00:00,sapmachine-11.0.10,36625952,False,sapmachine-jdk-11.0.10_osx-x64_bin-symbols.tar.gz,macos,x64,jdk,9
2026-09-08T00:24:05+00:00,sapmachine-11.0.10,36625952,False,sapmachine-jdk-11.0.10_osx-x64_bin.dmg,macos,x64,jdk,8011
2026-09-08T00:24:05+00:00,sapmachine-11.0.10,36625952,False,sapmachine-jre-11.0.10_osx-x64_bin.dmg,macos,x64,jre,4636
2026-09-08T00:24:05+00:00,sapmachine-11.0.9.1,33496967,False,sapmachine-jdk-11.0.9.1_linux-x64_bin.tar.gz,linux,x64,jdk,83688
2026-09-08T00:24:05+00:00,sapmachine-11.0.9.1,33496967,False,sapmachine-jre-11.0.9.1_linux-x64_bin.tar.gz,linux,x64,jre,6748
2026-09-08T00:24:05+00:00,sapmachine-11.0.9.1,33496967,False,sapmachine-jdk-11.0.9.1_linux-x64_bin-symbols.tar.gz,linux,x64,jdk,4
2026-09-08T00:24:05+00:00,sapmachine-11.0.9.1,33496967,False,sapmachine-jdk-11.0.9.1-beta_linux-aarch64_bin.tar.gz,linux,aarch64,jdk,4527
2026-09-08T00:24:05+00:00,sapmachine-11.0.9.1,33496967,False,sapmachine-jre-11.0.9.1-beta_linux-aarch64_bin.tar.gz,linux,aarch64,jre,4062
2026-09-08T00:24:05+00:00,sapmachine-11.0.9.1,33496967,False,sapmachine-jdk-11.0.9.1-beta_linux-aarch64_bin-symbols.tar.gz,linux,aarch64,jdk,7
2026-09-08T00:24:05+00:00,sapmachine-11.0.9.1,33496967,False,sapmachine-jdk-11.0.9.1_windows-x64_bin.zip,windows,x64,jdk,11187
2026-09-08T00:24:05+00:00,sapmachine-11.0.9.1,33496967,False,sapmachine-jre-11.0.9.1_windows-x64_bin.zip,windows,x64,jre,5779
2026-09-08T00:24:05+00:00,sapmachine-11.0.9.1,33496967,False,sapmachine-jdk-11.0.9.1_windows-x64_bin-symbols.tar.gz,windows,x64,jdk,5
2026-09-08T00:24:05+00:00,sapmachine-11.0.9.1,33496967,False,sapmachine-jdk-11.0.9.1_linux-ppc64_bin.tar.gz,linux,ppc64,jdk,4560
2026-09-08T00:24:05+00:00,sapmachine-11.0.9.1,33496967,False,sapmachine-jre-11.0.9.1_linux-ppc64_bin.tar.gz,linux,ppc64,jre,4614
2026-09-08T00:24:05+00:00,sapmachine-11.0.9.1,33496967,False,sapmachine-jdk-11.0.9.1_linux-ppc64_bin-symbols.tar.gz,linux,ppc64,jdk,4
2026-09-08T00:24:05+00:00,sapmachine-11.0.9.1,33496967,False,sapmachine-jdk-11.0.9.1_linux-ppc64le_bin.tar.gz,linux,ppc64,jdk,4595
2026-09-08T00:24:05+00:00,sapmachine-11.0.9.1,33496967,False,sapmachine-jre-11.0.9.1_linux-ppc64le_bin.tar.gz,linux,ppc64,jre,4512
2026-09-08T00:24:05+00:00,sapmachine-11.0.9.1,33496967,False,sapmachine-jdk-11.0.9.1_linux-ppc64le_bin-symbols.tar.gz,linux,ppc64,jdk,5
2026-09-08T00:24:05+00:00,sapmachine-11.0.9.1,33496967,False,sapmachine-jdk-11.0.9.1-1.x86_64.rpm,linux,x64,jdk,4726
2026-09-08T00:24:05+00:00,sapmachine-11.0.9.1,33496967,False,sapmachine-jdk-11.0.9.1_osx-x64_bin.tar.gz,macos,x64,jdk,6442
2026-09-08T00:24:05+00:00,sapmachine-11.0.9.1,33496967,False,sapmachine-jre-11.0.9.1_osx-x64_bin.tar.gz,macos,x64,jre,4568
2026-09-08T00:24:05+00:00,sapmachine-11.0.9.1,33496967,False,sapmachine-jdk-11.0.9.1_osx-x64_bin-symbols.tar.gz,macos,x64,jdk,14
2026-09-08T00:24:05+00:00,sapmachine-11.0.9.1,33496967,False,sapmachine-jdk-11.0.9.1_osx-x64_bin.dmg,macos,x64,jdk,7582
2026-09-08T00:24:05+00:00,sapmachine-11.0.9.1,33496967,False,sapmachine-jre-11.0.9.1_osx-x64_bin.dmg,macos,x64,jre,4781
2026-09-08T00:24:05+00:00,sapmachine-11.0.9.1,33496967,False,sapmachine-jdk-11.0.9.1_windows-x64_bin.msi,windows,x64,jdk,9064
2026-09-08T00:24:05+00:00,sapmachine-11.0.9.1,33496967,False,sapmachine-jre-11.0.9.1_windows-x64_bin.msi,windows,x64,jre,8289
2026-09-08T00:24:05+00:00,sapmachine-11.0.9,32898755,False,sapmachine-jdk-11.0.9_linux-x64_bin.tar.gz,linux,x64,jdk,57499
2026-09-08T00:24:05+00:00,sapmachine-11.0.9,32898755,False,sapmachine-jre-11.0.9_linux-x64_bin.tar.gz,linux,x64,jre,15840
2026-09-08T00:24:05+00:00,sapmachine-11.0.9,32898755,False,sapmachine-jdk-11.0.9_linux-x64_bin-symbols.tar.gz,linux,x64,jdk,4
2026-09-08T00:24:05+00:00,sapmachine-11.0.9,32898755,False,sapmachine-jdk-11.0.9-beta_linux-aarch64_bin.tar.gz,linux,aarch64,jdk,4067
2026-09-08T00:24:05+00:00,sapmachine-11.0.9,32898755,False,sapmachine-jre-11.0.9-beta_linux-aarch64_bin.tar.gz,linux,aarch64,jre,4077
2026-09-08T00:24:05+00:00,sapmachine-11.0.9,32898755,False,sapmachine-jdk-11.0.9-beta_linux-aarch64_bin-symbols.tar.gz,linux,aarch64,jdk,9
2026-09-08T00:24:05+00:00,sapmachine-11.0.9,32898755,False,sapmachine-jdk-11.0.9_windows-x64_bin.zip,windows,x64,jdk,10180
2026-09-08T00:24:05+00:00,sapmachine-11.0.9,32898755,False,sapmachine-jre-11.0.9_windows-x64_bin.zip,windows,x64,jre,8186
2026-09-08T00:24:05+00:00,sapmachine-11.0.9,32898755,False,sapmachine-jdk-11.0.9_windows-x64_bin-symbols.tar.gz,windows,x64,jdk,4
2026-09-08T00:24:05+00:00,sapmachine-11.0.9,32898755,False,sapmachine-jdk-11.0.9_windows-x64_bin.msi,windows,x64,jdk,5008
2026-09-08T00:24:05+00:00,sapmachine-11.0.9,32898755,False,sapmachine-jre-11.0.9_windows-x64_bin.msi,windows,x64,jre,4683
2026-09-08T00:24:05+00:00,sapmachine-11.0.9,32898755,False,sapmachine-jdk-11.0.9_linux-ppc64_bin.tar.gz,linux,ppc64,jdk,4568
2026-09-08T00:24:05+00:00,sapmachine-11.0.9,32898755,False,sapmachine-jre-11.0.9_linux-ppc64_bin.tar.gz,linux,ppc64,jre,4621
2026-09-08T00:24:05+00:00,sapmachine-11.0.9,32898755,False,sapmachine-jdk-11.0.9_linux-ppc64_bin-symbols.tar.gz,linux,ppc64,jdk,5
2026-09-08T00:24:05+00:00,sapmachine-11.0.9,32898755,False,sapmachine-jdk-11.0.9_linux-ppc64le_bin.tar.gz,linux,ppc64,jdk,4568
2026-09-08T00:24:05+00:00,sapmachine-11.0.9,32898755,False,sapmachine-jre-11.0.9_linux-ppc64le_bin.tar.gz,linux,ppc64,jre,4521
2026-09-08T00:24:05+00:00,sapmachine-11.0.9,32898755,False,sapmachine-jdk-11.0.9_linux-ppc64le_bin-symbols.tar.gz,linux,ppc64,jdk,4
2026-09-08T00:24:05+00:00,sapmachine-11.0.9,32898755,False,sapmachine-jdk-11.0.9_osx-x64_bin.tar.gz,macos,x64,jdk,5351
2026-09-08T00:24:05+00:00,sapmachine-11.0.9,32898755,False,sapmachine-jre-11.0.9_osx-x64_bin.tar.gz,macos,x64,jre,4656
2026-09-08T00:24:05+00:00,sapmachine-11.0.9,32898755,False,sapmachine-jdk-11.0.9_osx-x64_bin-symbols.tar.gz,macos,x64,jdk,6
2026-09-08T00:24:05+00:00,sapmachine-11.0.9,32898755,False,sapmachine-jdk-11.0.9_osx-x64_bin.dmg,macos,x64,jdk,4849
2026-09-08T00:24:05+00:00,sapmachine-11.0.9,32898755,False,sapmachine-jre-11.0.9_osx-x64_bin.dmg,macos,x64,jre,4531
2026-09-08T00:24:05+00:00,sapmachine-11.0.9,32898755,False,sapmachine-jdk-11.0.9-1.x86_64.rpm,linux,x64,jdk,4558
2026-09-08T00:24:05+00:00,sapmachine-15.0.1,32898848,False,sapmachine-jdk-15.0.1_linux-x64_bin.tar.gz,linux,x64,jdk,10360
2026-09-08T00:24:05+00:00,sapmachine-15.0.1,32898848,False,sapmachine-jre-15.0.1_linux-x64_bin.tar.gz,linux,x64,jre,10339
2026-09-08T00:24:05+00:00,sapmachine-15.0.1,32898848,False,sapmachine-jdk-15.0.1_linux-x64_bin-symbols.tar.gz,linux,x64,jdk,4
2026-09-08T00:24:05+00:00,sapmachine-15.0.1,32898848,False,sapmachine-jdk-15.0.1_windows-x64_bin.zip,windows,x64,jdk,10114
2026-09-08T00:24:05+00:00,sapmachine-15.0.1,32898848,False,sapmachine-jre-15.0.1_windows-x64_bin.zip,windows,x64,jre,7949
2026-09-08T00:24:05+00:00,sapmachine-15.0.1,32898848,False,sapmachine-jdk-15.0.1_windows-x64_bin-symbols.tar.gz,windows,x64,jdk,4
2026-09-08T00:24:05+00:00,sapmachine-15.0.1,32898848,False,sapmachine-jdk-15.0.1_windows-x64_bin.msi,windows,x64,jdk,4865
2026-09-08T00:24:05+00:00,sapmachine-15.0.1,32898848,False,sapmachine-jre-15.0.1_windows-x64_bin.msi,windows,x64,jre,4725
2026-09-08T00:24:05+00:00,sapmachine-15.0.1,32898848,False,sapmachine-jdk-15.0.1-beta_linux-aarch64_bin.tar.gz,linux,aarch64,jdk,4680
2026-09-08T00:24:05+00:00,sapmachine-15.0.1,32898848,False,sapmachine-jre-15.0.1-beta_linux-aarch64_bin.tar.gz,linux,aarch64,jre,4072
2026-09-08T00:24:05+00:00,sapmachine-15.0.1,32898848,False,sapmachine-jdk-15.0.1-beta_linux-aarch64_bin-symbols.tar.gz,linux,aarch64,jdk,4
2026-09-08T00:24:05+00:00,sapmachine-15.0.1,32898848,False,sapmachine-jdk-15.0.1_linux-ppc64_bin.tar.gz,linux,ppc64,jdk,4639
2026-09-08T00:24:05+00:00,sapmachine-15.0.1,32898848,False,sapmachine-jre-15.0.1_linux-ppc64_bin.tar.gz,linux,ppc64,jre,4559
2026-09-08T00:24:05+00:00,sapmachine-15.0.1,32898848,False,sapmachine-jdk-15.0.1_linux-ppc64_bin-symbols.tar.gz,linux,ppc64,jdk,5
2026-09-08T00:24:05+00:00,sapmachine-15.0.1,32898848,False,sapmachine-jdk-15.0.1_linux-ppc64le_bin.tar.gz,linux,ppc64,jdk,4591
2026-09-08T00:24:05+00:00,sapmachine-15.0.1,32898848,False,sapmachine-jre-15.0.1_linux-ppc64le_bin.tar.gz,linux,ppc64,jre,4614
2026-09-08T00:24:05+00:00,sapmachine-15.0.1,32898848,False,sapmachine-jdk-15.0.1_linux-ppc64le_bin-symbols.tar.gz,linux,ppc64,jdk,4
2026-09-08T00:24:05+00:00,sapmachine-15.0.1,32898848,False,sapmachine-jdk-15.0.1_osx-x64_bin.tar.gz,macos,x64,jdk,9513
2026-09-08T00:24:05+00:00,sapmachine-15.0.1,32898848,False,sapmachine-jre-15.0.1_osx-x64_bin.tar.gz,macos,x64,jre,7828
2026-09-08T00:24:05+00:00,sapmachine-15.0.1,32898848,False,sapmachine-jdk-15.0.1_osx-x64_bin-symbols.tar.gz,macos,x64,jdk,6
2026-09-08T00:24:05+00:00,sapmachine-15.0.1,32898848,False,sapmachine-jdk-15.0.1_osx-x64_bin.dmg,macos,x64,jdk,5635
2026-09-08T00:24:05+00:00,sapmachine-15.0.1,32898848,False,sapmachine-jre-15.0.1_osx-x64_bin.dmg,macos,x64,jre,4575
2026-09-08T00:24:05+00:00,sapmachine-15.0.1,32898848,False,sapmachine-jdk-15.0.1-1.x86_64.rpm,linux,x64,jdk,4470
2026-09-08T00:24:05+00:00,sapmachine-15,31379215,False,sapmachine-jdk-15_linux-x64_bin.tar.gz,linux,x64,jdk,11359
2026-09-08T00:24:05+00:00,sapmachine-15,31379215,False,sapmachine-jre-15_linux-x64_bin.tar.gz,linux,x64,jre,13034
2026-09-08T00:24:05+00:00,sapmachine-15,31379215,False,sapmachine-jdk-15_linux-x64_bin-symbols.tar.gz,linux,x64,jdk,7
2026-09-08T00:24:05+00:00,sapmachine-15,31379215,False,sapmachine-jdk-15_linux-ppc64_bin.tar.gz,linux,ppc64,jdk,4590
2026-09-08T00:24:05+00:00,sapmachine-15,31379215,False,sapmachine-jre-15_linux-ppc64_bin.tar.gz,linux,ppc64,jre,4598
2026-09-08T00:24:05+00:00,sapmachine-15,31379215,False,sapmachine-jdk-15_linux-ppc64_bin-symbols.tar.gz,linux,ppc64,jdk,5
2026-09-08T00:24:05+00:00,sapmachine-15,31379215,False,sapmachine-jdk-15_windows-x64_bin.zip,windows,x64,jdk,11102
2026-09-08T00:24:05+00:00,sapmachine-15,31379215,False,sapmachine-jre-15_windows-x64_bin.zip,windows,x64,jre,10657
2026-09-08T00:24:05+00:00,sapmachine-15,31379215,False,sapmachine-jdk-15_windows-x64_bin-symbols.tar.gz,windows,x64,jdk,6
2026-09-08T00:24:05+00:00,sapmachine-15,31379215,False,sapmachine-jdk-15_windows-x64_bin.msi,windows,x64,jdk,4727
2026-09-08T00:24:05+00:00,sapmachine-15,31379215,False,sapmachine-jre-15_windows-x64_bin.msi,windows,x64,jre,4598
2026-09-08T00:24:05+00:00,sapmachine-15,31379215,False,sapmachine-jdk-15_linux-ppc64le_bin.tar.gz,linux,ppc64,jdk,4689
2026-09-08T00:24:05+00:00,sapmachine-15,31379215,False,sapmachine-jre-15_linux-ppc64le_bin.tar.gz,linux,ppc64,jre,4646
2026-09-08T00:24:05+00:00,sapmachine-15,31379215,False,sapmachine-jdk-15_linux-ppc64le_bin-symbols.tar.gz,linux,ppc64,jdk,6
2026-09-08T00:24:05+00:00,sapmachine-15,31379215,False,sapmachine-jdk-15-beta_linux-aarch64_bin.tar.gz,linux,aarch64,jdk,4123
2026-09-08T00:24:05+00:00,sapmachine-15,31379215,False,sapmachine-jre-15-beta_linux-aarch64_bin.tar.gz,linux,aarch64,jre,4112
2026-09-08T00:24:05+00:00,sapmachine-15,31379215,False,sapmachine-jdk-15-beta_linux-aarch64_bin-symbols.tar.gz,linux,aarch64,jdk,6
2026-09-08T00:24:05+00:00,sapmachine-15,31379215,False,sapmachine-jdk-15_osx-x64_bin.tar.gz,macos,x64,jdk,11215
2026-09-08T00:24:05+00:00,sapmachine-15,31379215,False,sapmachine-jre-15_osx-x64_bin.tar.gz,macos,x64,jre,10980
2026-09-08T00:24:05+00:00,sapmachine-15,31379215,False,sapmachine-jdk-15_osx-x64_bin-symbols.tar.gz,macos,x64,jdk,8
2026-09-08T00:24:05+00:00,sapmachine-15,31379215,False,sapmachine-jdk-15_osx-x64_bin.dmg,macos,x64,jdk,5098
2026-09-08T00:24:05+00:00,sapmachine-15,31379215,False,sapmachine-jre-15_osx-x64_bin.dmg,macos,x64,jre,4689
2026-09-08T00:24:05+00:00,sapmachine-15,31379215,False,sapmachine-jdk-15-1.x86_64.rpm,linux,x64,jdk,4484
2026-09-08T00:24:05+00:00,sapmachine-11.0.8,28580678,False,sapmachine-jdk-11.0.8_linux-x64_bin.tar.gz,linux,x64,jdk,1889429
2026-09-08T00:24:05+00:00,sapmachine-11.0.8,28580678,False,sapmachine-jre-11.0.8_linux-x64_bin.tar.gz,linux,x64,jre,16400
2026-09-08T00:24:05+00:00,sapmachine-11.0.8,28580678,False,sapmachine-jdk-11.0.8_linux-x64_bin-symbols.tar.gz,linux,x64,jdk,9
2026-09-08T00:24:05+00:00,sapmachine-11.0.8,28580678,False,sapmachine-jdk-11.0.8_windows-x64_bin.zip,windows,x64,jdk,15471
2026-09-08T00:24:05+00:00,sapmachine-11.0.8,28580678,False,sapmachine-jre-11.0.8_windows-x64_bin.zip,windows,x64,jre,8953
2026-09-08T00:24:05+00:00,sapmachine-11.0.8,28580678,False,sapmachine-jdk-11.0.8_windows-x64_bin-symbols.tar.gz,windows,x64,jdk,11
2026-09-08T00:24:05+00:00,sapmachine-11.0.8,28580678,False,sapmachine-jdk-11.0.8_windows-x64_bin.msi,windows,x64,jdk,5996
2026-09-08T00:24:05+00:00,sapmachine-11.0.8,28580678,False,sapmachine-jre-11.0.8_windows-x64_bin.msi,windows,x64,jre,5103
2026-09-08T00:24:05+00:00,sapmachine-11.0.8,28580678,False,sapmachine-jdk-11.0.8_linux-ppc64le_bin.tar.gz,linux,ppc64,jdk,4700
2026-09-08T00:24:05+00:00,sapmachine-11.0.8,28580678,False,sapmachine-jre-11.0.8_linux-ppc64le_bin.tar.gz,linux,ppc64,jre,4669
2026-09-08T00:24:05+00:00,sapmachine-11.0.8,28580678,False,sapmachine-jdk-11.0.8_linux-ppc64le_bin-symbols.tar.gz,linux,ppc64,jdk,6
2026-09-08T00:24:05+00:00,sapmachine-11.0.8,28580678,False,sapmachine-jdk-11.0.8-1.x86_64.rpm,linux,x64,jdk,4719
2026-09-08T00:24:05+00:00,sapmachine-11.0.8,28580678,False,sapmachine-jdk-11.0.8_linux-ppc64_bin.tar.gz,linux,ppc64,jdk,4679
2026-09-08T00:24:05+00:00,sapmachine-11.0.8,28580678,False,sapmachine-jre-11.0.8_linux-ppc64_bin.tar.gz,linux,ppc64,jre,4627
2026-09-08T00:24:05+00:00,sapmachine-11.0.8,28580678,False,sapmachine-jdk-11.0.8_linux-ppc64_bin-symbols.tar.gz,linux,ppc64,jdk,7
2026-09-08T00:24:05+00:00,sapmachine-11.0.8,28580678,False,sapmachine-jdk-11.0.8_osx-x64_bin.tar.gz,macos,x64,jdk,5988
2026-09-08T00:24:05+00:00,sapmachine-11.0.8,28580678,False,sapmachine-jre-11.0.8_osx-x64_bin.tar.gz,macos,x64,jre,4728
2026-09-08T00:24:05+00:00,sapmachine-11.0.8,28580678,False,sapmachine-jdk-11.0.8_osx-x64_bin-symbols.tar.gz,macos,x64,jdk,18
2026-09-08T00:24:05+00:00,sapmachine-11.0.8,28580678,False,sapmachine-jre-11.0.8_osx-x64_bin.dmg,macos,x64,jre,4762
2026-09-08T00:24:05+00:00,sapmachine-11.0.8,28580678,False,sapmachine-jdk-11.0.8_osx-x64_bin.dmg,macos,x64,jdk,7938
2026-09-08T00:24:05+00:00,sapmachine-14.0.2,28622206,False,sapmachine-jdk-14.0.2_linux-x64_bin.tar.gz,linux,x64,jdk,10269
2026-09-08T00:24:05+00:00,sapmachine-14.0.2,28622206,False,sapmachine-jre-14.0.2_linux-x64_bin.tar.gz,linux,x64,jre,10767
2026-09-08T00:24:05+00:00,sapmachine-14.0.2,28622206,False,sapmachine-jdk-14.0.2_linux-x64_bin-symbols.tar.gz,linux,x64,jdk,6
2026-09-08T00:24:05+00:00,sapmachine-14.0.2,28622206,False,sapmachine-jdk-14.0.2_windows-x64_bin.zip,windows,x64,jdk,9923
2026-09-08T00:24:05+00:00,sapmachine-14.0.2,28622206,False,sapmachine-jre-14.0.2_windows-x64_bin.zip,windows,x64,jre,8087
2026-09-08T00:24:05+00:00,sapmachine-14.0.2,28622206,False,sapmachine-jdk-14.0.2_windows-x64_bin-symbols.tar.gz,windows,x64,jdk,6
2026-09-08T00:24:05+00:00,sapmachine-14.0.2,28622206,False,sapmachine-jdk-14.0.2_windows-x64_bin.msi,windows,x64,jdk,4794
2026-09-08T00:24:05+00:00,sapmachine-14.0.2,28622206,False,sapmachine-jre-14.0.2_windows-x64_bin.msi,windows,x64,jre,4673
2026-09-08T00:24:05+00:00,sapmachine-14.0.2,28622206,False,sapmachine-jdk-14.0.2_linux-ppc64_bin.tar.gz,linux,ppc64,jdk,4791
2026-09-08T00:24:05+00:00,sapmachine-14.0.2,28622206,False,sapmachine-jre-14.0.2_linux-ppc64_bin.tar.gz,linux,ppc64,jre,4704
2026-09-08T00:24:05+00:00,sapmachine-14.0.2,28622206,False,sapmachine-jdk-14.0.2_linux-ppc64_bin-symbols.tar.gz,linux,ppc64,jdk,5
2026-09-08T00:24:05+00:00,sapmachine-14.0.2,28622206,False,sapmachine-jdk-14.0.2_linux-ppc64le_bin.tar.gz,linux,ppc64,jdk,4715
2026-09-08T00:24:05+00:00,sapmachine-14.0.2,28622206,False,sapmachine-jre-14.0.2_linux-ppc64le_bin.tar.gz,linux,ppc64,jre,4634
2026-09-08T00:24:05+00:00,sapmachine-14.0.2,28622206,False,sapmachine-jdk-14.0.2_linux-ppc64le_bin-symbols.tar.gz,linux,ppc64,jdk,5
2026-09-08T00:24:05+00:00,sapmachine-14.0.2,28622206,False,sapmachine-jdk-14.0.2_osx-x64_bin.tar.gz,macos,x64,jdk,6439
2026-09-08T00:24:05+00:00,sapmachine-14.0.2,28622206,False,sapmachine-jre-14.0.2_osx-x64_bin.tar.gz,macos,x64,jre,4750
2026-09-08T00:24:05+00:00,sapmachine-14.0.2,28622206,False,sapmachine-jdk-14.0.2_osx-x64_bin-symbols.tar.gz,macos,x64,jdk,10
2026-09-08T00:24:05+00:00,sapmachine-14.0.2,28622206,False,sapmachine-jdk-14.0.2_osx-x64_bin.dmg,macos,x64,jdk,5480
2026-09-08T00:24:05+00:00,sapmachine-14.0.2,28622206,False,sapmachine-jre-14.0.2_osx-x64_bin.dmg,macos,x64,jre,4655
2026-09-08T00:24:05+00:00,sapmachine-14.0.2,28622206,False,sapmachine-jdk-14.0.2-1.x86_64.rpm,linux,x64,jdk,4580
2026-09-08T00:24:05+00:00,sapmachine-14.0.1,25562726,False,sapmachine-jdk-14.0.1_linux-x64_bin.tar.gz,linux,x64,jdk,5255
2026-09-08T00:24:05+00:00,sapmachine-14.0.1,25562726,False,sapmachine-jre-14.0.1_linux-x64_bin.tar.gz,linux,x64,jre,7132
2026-09-08T00:24:05+00:00,sapmachine-14.0.1,25562726,False,sapmachine-jdk-14.0.1_linux-x64_bin-symbols.tar.gz,linux,x64,jdk,9
2026-09-08T00:24:05+00:00,sapmachine-14.0.1,25562726,False,sapmachine-jdk-14.0.1_linux-ppc64le_bin.tar.gz,linux,ppc64,jdk,4731
2026-09-08T00:24:05+00:00,sapmachine-14.0.1,25562726,False,sapmachine-jre-14.0.1_linux-ppc64le_bin.tar.gz,linux,ppc64,jre,4647
2026-09-08T00:24:05+00:00,sapmachine-14.0.1,25562726,False,sapmachine-jdk-14.0.1_linux-ppc64le_bin-symbols.tar.gz,linux,ppc64,jdk,8
2026-09-08T00:24:05+00:00,sapmachine-14.0.1,25562726,False,sapmachine-jdk-14.0.1_linux-ppc64_bin.tar.gz,linux,ppc64,jdk,4726
2026-09-08T00:24:05+00:00,sapmachine-14.0.1,25562726,False,sapmachine-jre-14.0.1_linux-ppc64_bin.tar.gz,linux,ppc64,jre,4694
2026-09-08T00:24:05+00:00,sapmachine-14.0.1,25562726,False,sapmachine-jdk-14.0.1_linux-ppc64_bin-symbols.tar.gz,linux,ppc64,jdk,9
2026-09-08T00:24:05+00:00,sapmachine-14.0.1,25562726,False,sapmachine-jdk-14.0.1-1.x86_64.rpm,linux,x64,jdk,4584
2026-09-08T00:24:05+00:00,sapmachine-14.0.1,25562726,False,sapmachine-jdk-14.0.1_osx-x64_bin.tar.gz,macos,x64,jdk,4988
2026-09-08T00:24:05+00:00,sapmachine-14.0.1,25562726,False,sapmachine-jre-14.0.1_osx-x64_bin.tar.gz,macos,x64,jre,4783
2026-09-08T00:24:05+00:00,sapmachine-14.0.1,25562726,False,sapmachine-jdk-14.0.1_osx-x64_bin-symbols.tar.gz,macos,x64,jdk,13
2026-09-08T00:24:05+00:00,sapmachine-14.0.1,25562726,False,sapmachine-jdk-14.0.1_osx-x64_bin.dmg,macos,x64,jdk,5502
2026-09-08T00:24:05+00:00,sapmachine-14.0.1,25562726,False,sapmachine-jre-14.0.1_osx-x64_bin.dmg,macos,x64,jre,4701
2026-09-08T00:24:05+00:00,sapmachine-14.0.1,25562726,False,sapmachine-jdk-14.0.1_windows-x64_bin.zip,windows,x64,jdk,5202
2026-09-08T00:24:05+00:00,sapmachine-14.0.1,25562726,False,sapmachine-jre-14.0.1_windows-x64_bin.zip,windows,x64,jre,4731
2026-09-08T00:24:05+00:00,sapmachine-14.0.1,25562726,False,sapmachine-jdk-14.0.1_windows-x64_bin-symbols.tar.gz,windows,x64,jdk,9
2026-09-08T00:24:05+00:00,sapmachine-14.0.1,25562726,False,sapmachine-jdk-14.0.1_windows-x64_bin.msi,windows,x64,jdk,4793
2026-09-08T00:24:05+00:00,sapmachine-14.0.1,25562726,False,sapmachine-jre-14.0.1_windows-x64_bin.msi,windows,x64,jre,4772
2026-09-08T00:24:05+00:00,sapmachine-11.0.7,25525566,False,sapmachine-jdk-11.0.7_linux-x64_bin.tar.gz,linux,x64,jdk,707985
2026-09-08T00:24:05+00:00,sapmachine-11.0.7,25525566,False,sapmachine-jre-11.0.7_linux-x64_bin.tar.gz,linux,x64,jre,16520
2026-09-08T00:24:05+00:00,sapmachine-11.0.7,25525566,False,sapmachine-jdk-11.0.7_linux-x64_bin-symbols.tar.gz,linux,x64,jdk,12
2026-09-08T00:24:05+00:00,sapmachine-11.0.7,25525566,False,sapmachine-jdk-11.0.7_linux-ppc64le_bin.tar.gz,linux,ppc64,jdk,4648
2026-09-08T00:24:05+00:00,sapmachine-11.0.7,25525566,False,sapmachine-jre-11.0.7_linux-ppc64le_bin.tar.gz,linux,ppc64,jre,4595
2026-09-08T00:24:05+00:00,sapmachine-11.0.7,25525566,False,sapmachine-jdk-11.0.7_linux-ppc64le_bin-symbols.tar.gz,linux,ppc64,jdk,9
2026-09-08T00:24:05+00:00,sapmachine-11.0.7,25525566,False,sapmachine-jdk-11.0.7_linux-ppc64_bin.tar.gz,linux,ppc64,jdk,4629
2026-09-08T00:24:05+00:00,sapmachine-11.0.7,25525566,False,sapmachine-jre-11.0.7_linux-ppc64_bin.tar.gz,linux,ppc64,jre,4603
2026-09-08T00:24:05+00:00,sapmachine-11.0.7,25525566,False,sapmachine-jdk-11.0.7_linux-ppc64_bin-symbols.tar.gz,linux,ppc64,jdk,9
2026-09-08T00:24:05+00:00,sapmachine-11.0.7,25525566,False,sapmachine-jdk-11.0.7_windows-x64_bin.zip,windows,x64,jdk,9322
2026-09-08T00:24:05+00:00,sapmachine-11.0.7,25525566,False,sapmachine-jre-11.0.7_windows-x64_bin.zip,windows,x64,jre,5211
2026-09-08T00:24:05+00:00,sapmachine-11.0.7,25525566,False,sapmachine-jdk-11.0.7_windows-x64_bin-symbols.tar.gz,windows,x64,jdk,10
2026-09-08T00:24:05+00:00,sapmachine-11.0.7,25525566,False,sapmachine-jdk-11.0.7_windows-x64_bin.msi,windows,x64,jdk,5553
2026-09-08T00:24:05+00:00,sapmachine-11.0.7,25525566,False,sapmachine-jre-11.0.7_windows-x64_bin.msi,windows,x64,jre,4884
2026-09-08T00:24:05+00:00,sapmachine-11.0.7,25525566,False,sapmachine-jdk-11.0.7_osx-x64_bin.tar.gz,macos,x64,jdk,5044
2026-09-08T00:24:05+00:00,sapmachine-11.0.7,25525566,False,sapmachine-jre-11.0.7_osx-x64_bin.tar.gz,macos,x64,jre,4790
2026-09-08T00:24:05+00:00,sapmachine-11.0.7,25525566,False,sapmachine-jdk-11.0.7_osx-x64_bin-symbols.tar.gz,macos,x64,jdk,11
2026-09-08T00:24:05+00:00,sapmachine-11.0.7,25525566,False,sapmachine-jdk-11.0.7_osx-x64_bin.dmg,macos,x64,jdk,7067
2026-09-08T00:24:05+00:00,sapmachine-11.0.7,25525566,False,sapmachine-jre-11.0.7_osx-x64_bin.dmg,macos,x64,jre,4717
2026-09-08T00:24:05+00:00,sapmachine-11.0.7,25525566,False,sapmachine-jdk-11.0.7-1.x86_64.rpm,linux,x64,jdk,4634
2026-09-08T00:24:05+00:00,sapmachine-14,24646923,False,sapmachine-jdk-14_linux-x64_bin.tar.gz,linux,x64,jdk,4807
2026-09-08T00:24:05+00:00,sapmachine-14,24646923,False,sapmachine-jre-14_linux-x64_bin.tar.gz,linux,x64,jre,7077
2026-09-08T00:24:05+00:00,sapmachine-14,24646923,False,sapmachine-jdk-14_linux-x64_bin-symbols.tar.gz,linux,x64,jdk,8
2026-09-08T00:24:05+00:00,sapmachine-14,24646923,False,sapmachine-jdk-14_linux-ppc64le_bin.tar.gz,linux,ppc64,jdk,4620
2026-09-08T00:24:05+00:00,sapmachine-14,24646923,False,sapmachine-jre-14_linux-ppc64le_bin.tar.gz,linux,ppc64,jre,4585
2026-09-08T00:24:05+00:00,sapmachine-14,24646923,False,sapmachine-jdk-14_linux-ppc64le_bin-symbols.tar.gz,linux,ppc64,jdk,10
2026-09-08T00:24:05+00:00,sapmachine-14,24646923,False,sapmachine-jdk-14_windows-x64_bin.zip,windows,x64,jdk,4828
2026-09-08T00:24:05+00:00,sapmachine-14,24646923,False,sapmachine-jre-14_windows-x64_bin.zip,windows,x64,jre,4702
2026-09-08T00:24:05+00:00,sapmachine-14,24646923,False,sapmachine-jdk-14_windows-x64_bin-symbols.tar.gz,windows,x64,jdk,9
2026-09-08T00:24:05+00:00,sapmachine-14,24646923,False,sapmachine-jdk-14_windows-x64_bin.msi,windows,x64,jdk,4751
2026-09-08T00:24:05+00:00,sapmachine-14,24646923,False,sapmachine-jre-14_windows-x64_bin.msi,windows,x64,jre,4735
2026-09-08T00:24:05+00:00,sapmachine-14,24646923,False,sapmachine-jdk-14_linux-ppc64_bin.tar.gz,linux,ppc64,jdk,4622
2026-09-08T00:24:05+00:00,sapmachine-14,24646923,False,sapmachine-jre-14_linux-ppc64_bin.tar.gz,linux,ppc64,jre,4622
2026-09-08T00:24:05+00:00,sapmachine-14,24646923,False,sapmachine-jdk-14_linux-ppc64_bin-symbols.tar.gz,linux,ppc64,jdk,8
2026-09-08T00:24:05+00:00,sapmachine-14,24646923,False,sapmachine-jdk-14_osx-x64_bin.tar.gz,macos,x64,jdk,4694
2026-09-08T00:24:05+00:00,sapmachine-14,24646923,False,sapmachine-jre-14_osx-x64_bin.tar.gz,macos,x64,jre,4622
2026-09-08T00:24:05+00:00,sapmachine-14,24646923,False,sapmachine-jdk-14_osx-x64_bin-symbols.tar.gz,macos,x64,jdk,9
2026-09-08T00:24:05+00:00,sapmachine-14,24646923,False,sapmachine-jdk-14_osx-x64_bin.dmg,macos,x64,jdk,5049
2026-09-08T00:24:05+00:00,sapmachine-14,24646923,False,sapmachine-jre-14_osx-x64_bin.dmg,macos,x64,jre,4702
2026-09-08T00:24:05+00:00,sapmachine-14,24646923,False,sapmachine-jdk-14-1.x86_64.rpm,linux,x64,jdk,4582
2026-09-08T00:24:05+00:00,sapmachine-11.0.6.0.1,23610957,False,sapmachine-jdk-11.0.6.0.1_linux-x64_bin.tar.gz,linux,x64,jdk,10720
2026-09-08T00:24:05+00:00,sapmachine-11.0.6.0.1,23610957,False,sapmachine-jre-11.0.6.0.1_linux-x64_bin.tar.gz,linux,x64,jre,10689
2026-09-08T00:24:05+00:00,sapmachine-11.0.6.0.1,23610957,False,sapmachine-jdk-11.0.6.0.1_linux-x64_bin-symbols.tar.gz,linux,x64,jdk,10
2026-09-08T00:24:05+00:00,sapmachine-11.0.6.0.1,23610957,False,sapmachine-jdk-11.0.6.0.1_linux-ppc64_bin.tar.gz,linux,ppc64,jdk,4695
2026-09-08T00:24:05+00:00,sapmachine-11.0.6.0.1,23610957,False,sapmachine-jre-11.0.6.0.1_linux-ppc64_bin.tar.gz,linux,ppc64,jre,4639
2026-09-08T00:24:05+00:00,sapmachine-11.0.6.0.1,23610957,False,sapmachine-jdk-11.0.6.0.1_linux-ppc64_bin-symbols.tar.gz,linux,ppc64,jdk,10
2026-09-08T00:24:05+00:00,sapmachine-11.0.6.0.1,23610957,False,sapmachine-jdk-11.0.6.0.1_linux-ppc64le_bin.tar.gz,linux,ppc64,jdk,4719
2026-09-08T00:24:05+00:00,sapmachine-11.0.6.0.1,23610957,False,sapmachine-jre-11.0.6.0.1_linux-ppc64le_bin.tar.gz,linux,ppc64,jre,4639
2026-09-08T00:24:05+00:00,sapmachine-11.0.6.0.1,23610957,False,sapmachine-jdk-11.0.6.0.1_linux-ppc64le_bin-symbols.tar.gz,linux,ppc64,jdk,17
2026-09-08T00:24:05+00:00,sapmachine-11.0.6.0.1,23610957,False,sapmachine-jdk-11.0.6.0.1_osx-x64_bin.tar.gz,macos,x64,jdk,4711
2026-09-08T00:24:05+00:00,sapmachine-11.0.6.0.1,23610957,False,sapmachine-jre-11.0.6.0.1_osx-x64_bin.tar.gz,macos,x64,jre,4634
2026-09-08T00:24:05+00:00,sapmachine-11.0.6.0.1,23610957,False,sapmachine-jdk-11.0.6.0.1_osx-x64_bin-symbols.tar.gz,macos,x64,jdk,15
2026-09-08T00:24:05+00:00,sapmachine-11.0.6.0.1,23610957,False,sapmachine-jdk-11.0.6.0.1_osx-x64_bin.dmg,macos,x64,jdk,6923
2026-09-08T00:24:05+00:00,sapmachine-11.0.6.0.1,23610957,False,sapmachine-jre-11.0.6.0.1_osx-x64_bin.dmg,macos,x64,jre,4784
2026-09-08T00:24:05+00:00,sapmachine-11.0.6.0.1,23610957,False,sapmachine-jdk-11.0.6.0.1_windows-x64_bin.zip,windows,x64,jdk,7227
2026-09-08T00:24:05+00:00,sapmachine-11.0.6.0.1,23610957,False,sapmachine-jre-11.0.6.0.1_windows-x64_bin.zip,windows,x64,jre,4958
2026-09-08T00:24:05+00:00,sapmachine-11.0.6.0.1,23610957,False,sapmachine-jdk-11.0.6.0.1_windows-x64_bin-symbols.tar.gz,windows,x64,jdk,15
2026-09-08T00:24:05+00:00,sapmachine-11.0.6.0.1,23610957,False,sapmachine-jdk-11.0.6.0.1_windows-x64_bin.msi,windows,x64,jdk,5152
2026-09-08T00:24:05+00:00,sapmachine-11.0.6.0.1,23610957,False,sapmachine-jre-11.0.6.0.1_windows-x64_bin.msi,windows,x64,jre,4908
2026-09-08T00:24:05+00:00,sapmachine-13.0.2,22893880,False,sapmachine-jdk-13.0.2_linux-x64_bin.tar.gz,linux,x64,jdk,8871
2026-09-08T00:24:05+00:00,sapmachine-13.0.2,22893880,False,sapmachine-jre-13.0.2_linux-x64_bin.tar.gz,linux,x64,jre,10554
2026-09-08T00:24:05+00:00,sapmachine-13.0.2,22893880,False,sapmachine-jdk-13.0.2_linux-x64_bin-symbols.tar.gz,linux,x64,jdk,1570
2026-09-08T00:24:05+00:00,sapmachine-13.0.2,22893880,False,sapmachine-jdk-13.0.2_linux-ppc64le_bin.tar.gz,linux,ppc64,jdk,4867
2026-09-08T00:24:05+00:00,sapmachine-13.0.2,22893880,False,sapmachine-jre-13.0.2_linux-ppc64le_bin.tar.gz,linux,ppc64,jre,4773
2026-09-08T00:24:05+00:00,sapmachine-13.0.2,22893880,False,sapmachine-jdk-13.0.2_linux-ppc64le_bin-symbols.tar.gz,linux,ppc64,jdk,30
2026-09-08T00:24:05+00:00,sapmachine-13.0.2,22893880,False,sapmachine-jdk-13.0.2_linux-ppc64_bin.tar.gz,linux,ppc64,jdk,4878
2026-09-08T00:24:05+00:00,sapmachine-13.0.2,22893880,False,sapmachine-jre-13.0.2_linux-ppc64_bin.tar.gz,linux,ppc64,jre,4824
2026-09-08T00:24:05+00:00,sapmachine-13.0.2,22893880,False,sapmachine-jdk-13.0.2_linux-ppc64_bin-symbols.tar.gz,linux,ppc64,jdk,23
2026-09-08T00:24:05+00:00,sapmachine-13.0.2,22893880,False,sapmachine-jdk-13.0.2-1.x86_64.rpm,linux,x64,jdk,4546
2026-09-08T00:24:05+00:00,sapmachine-13.0.2,22893880,False,sapmachine-jdk-13.0.2_windows-x64_bin.zip,windows,x64,jdk,9721
2026-09-08T00:24:05+00:00,sapmachine-13.0.2,22893880,False,sapmachine-jre-13.0.2_windows-x64_bin.zip,windows,x64,jre,8258
2026-09-08T00:24:05+00:00,sapmachine-13.0.2,22893880,False,sapmachine-jdk-13.0.2_windows-x64_bin-symbols.tar.gz,windows,x64,jdk,22
2026-09-08T00:24:05+00:00,sapmachine-13.0.2,22893880,False,sapmachine-jdk-13.0.2_windows-x64_bin.msi,windows,x64,jdk,6369
2026-09-08T00:24:05+00:00,sapmachine-13.0.2,22893880,False,sapmachine-jre-13.0.2_windows-x64_bin.msi,windows,x64,jre,4873
2026-09-08T00:24:05+00:00,sapmachine-13.0.2,22893880,False,sapmachine-jdk-13.0.2_osx-x64_bin.tar.gz,macos,x64,jdk,6279
2026-09-08T00:24:05+00:00,sapmachine-13.0.2,22893880,False,sapmachine-jre-13.0.2_osx-x64_bin.tar.gz,macos,x64,jre,4807
2026-09-08T00:24:05+00:00,sapmachine-13.0.2,22893880,False,sapmachine-jdk-13.0.2_osx-x64_bin-symbols.tar.gz,macos,x64,jdk,33
2026-09-08T00:24:05+00:00,sapmachine-13.0.2,22893880,False,sapmachine-jdk-13.0.2_osx-x64_bin.dmg,macos,x64,jdk,5566
2026-09-08T00:24:05+00:00,sapmachine-13.0.2,22893880,False,sapmachine-jre-13.0.2_osx-x64_bin.dmg,macos,x64,jre,4854
2026-09-08T00:24:05+00:00,sapmachine-11.0.6,22865328,False,sapmachine-jdk-11.0.6_linux-x64_bin.tar.gz,linux,x64,jdk,16691
2026-09-08T00:24:05+00:00,sapmachine-11.0.6,22865328,False,sapmachine-jre-11.0.6_linux-x64_bin.tar.gz,linux,x64,jre,8249
2026-09-08T00:24:05+00:00,sapmachine-11.0.6,22865328,False,sapmachine-jdk-11.0.6_linux-x64_bin-symbols.tar.gz,linux,x64,jdk,9
2026-09-08T00:24:05+00:00,sapmachine-11.0.6,22865328,False,sapmachine-jdk-11.0.6_linux-ppc64le_bin.tar.gz,linux,ppc64,jdk,4635
2026-09-08T00:24:05+00:00,sapmachine-11.0.6,22865328,False,sapmachine-jre-11.0.6_linux-ppc64le_bin.tar.gz,linux,ppc64,jre,4649
2026-09-08T00:24:05+00:00,sapmachine-11.0.6,22865328,False,sapmachine-jdk-11.0.6_linux-ppc64le_bin-symbols.tar.gz,linux,ppc64,jdk,8
2026-09-08T00:24:05+00:00,sapmachine-11.0.6,22865328,False,sapmachine-jdk-11.0.6_linux-ppc64_bin.tar.gz,linux,ppc64,jdk,4700
2026-09-08T00:24:05+00:00,sapmachine-11.0.6,22865328,False,sapmachine-jre-11.0.6_linux-ppc64_bin.tar.gz,linux,ppc64,jre,4618
2026-09-08T00:24:05+00:00,sapmachine-11.0.6,22865328,False,sapmachine-jdk-11.0.6_linux-ppc64_bin-symbols.tar.gz,linux,ppc64,jdk,8
2026-09-08T00:24:05+00:00,sapmachine-11.0.6,22865328,False,sapmachine-jdk-11.0.6_windows-x64_bin.zip,windows,x64,jdk,6093
2026-09-08T00:24:05+00:00,sapmachine-11.0.6,22865328,False,sapmachine-jre-11.0.6_windows-x64_bin.zip,windows,x64,jre,4813
2026-09-08T00:24:05+00:00,sapmachine-11.0.6,22865328,False,sapmachine-jdk-11.0.6_windows-x64_bin-symbols.tar.gz,windows,x64,jdk,10
2026-09-08T00:24:05+00:00,sapmachine-11.0.6,22865328,False,sapmachine-jdk-11.0.6_windows-x64_bin.msi,windows,x64,jdk,5062
2026-09-08T00:24:05+00:00,sapmachine-11.0.6,22865328,False,sapmachine-jre-11.0.6_windows-x64_bin.msi,windows,x64,jre,4784
2026-09-08T00:24:05+00:00,sapmachine-11.0.6,22865328,False,sapmachine-jdk-11.0.6_osx-x64_bin.tar.gz,macos,x64,jdk,4960
2026-09-08T00:24:05+00:00,sapmachine-11.0.6,22865328,False,sapmachine-jre-11.0.6_osx-x64_bin.tar.gz,macos,x64,jre,4739
2026-09-08T00:24:05+00:00,sapmachine-11.0.6,22865328,False,sapmachine-jdk-11.0.6_osx-x64_bin-symbols.tar.gz,macos,x64,jdk,12
2026-09-08T00:24:05+00:00,sapmachine-11.0.6,22865328,False,sapmachine-jdk-11.0.6_osx-x64_bin.dmg,macos,x64,jdk,6457
2026-09-08T00:24:05+00:00,sapmachine-11.0.6,22865328,False,sapmachine-jre-11.0.6_osx-x64_bin.dmg,macos,x64,jre,4758
2026-09-08T00:24:05+00:00,sapmachine-11.0.6,22865328,False,sapmachine-jdk-11.0.6-1.x86_64.rpm,linux,x64,jdk,4570
2026-09-08T00:24:05+00:00,sapmachine-13.0.1,20769204,False,sapmachine-jdk-13.0.1_linux-x64_bin.tar.gz,linux,x64,jdk,1105
2026-09-08T00:24:05+00:00,sapmachine-13.0.1,20769204,False,sapmachine-jre-13.0.1_linux-x64_bin.tar.gz,linux,x64,jre,3197
2026-09-08T00:24:05+00:00,sapmachine-13.0.1,20769204,False,sapmachine-jdk-13.0.1_osx-x64_bin.tar.gz,macos,x64,jdk,699
2026-09-08T00:24:05+00:00,sapmachine-13.0.1,20769204,False,sapmachine-jre-13.0.1_osx-x64_bin.tar.gz,macos,x64,jre,539
2026-09-08T00:24:05+00:00,sapmachine-13.0.1,20769204,False,sapmachine-jdk-13.0.1_osx-x64_bin.dmg,macos,x64,jdk,1454
2026-09-08T00:24:05+00:00,sapmachine-13.0.1,20769204,False,sapmachine-jre-13.0.1_osx-x64_bin.dmg,macos,x64,jre,634
2026-09-08T00:24:05+00:00,sapmachine-13.0.1,20769204,False,sapmachine-jdk-13.0.1_linux-ppc64_bin.tar.gz,linux,ppc64,jdk,706
2026-09-08T00:24:05+00:00,sapmachine-13.0.1,20769204,False,sapmachine-jre-13.0.1_linux-ppc64_bin.tar.gz,linux,ppc64,jre,519
2026-09-08T00:24:05+00:00,sapmachine-13.0.1,20769204,False,sapmachine-jdk-13.0.1-1.x86_64.rpm,linux,x64,jdk,468
2026-09-08T00:24:05+00:00,sapmachine-13.0.1,20769204,False,sapmachine-jdk-13.0.1_linux-ppc64le_bin.tar.gz,linux,ppc64,jdk,621
2026-09-08T00:24:05+00:00,sapmachine-13.0.1,20769204,False,sapmachine-jre-13.0.1_linux-ppc64le_bin.tar.gz,linux,ppc64,jre,524
2026-09-08T00:24:05+00:00,sapmachine-13.0.1,20769204,False,sapmachine-jdk-13.0.1_windows-x64_bin.zip,windows,x64,jdk,725
2026-09-08T00:24:05+00:00,sapmachine-13.0.1,20769204,False,sapmachine-jre-13.0.1_windows-x64_bin.zip,windows,x64,jre,632
2026-09-08T00:24:05+00:00,sapmachine-13.0.1,20769204,False,sapmachine-jdk-13.0.1_windows-x64_bin.msi,windows,x64,jdk,817
2026-09-08T00:24:05+00:00,sapmachine-13.0.1,20769204,False,sapmachine-jre-13.0.1_windows-x64_bin.msi,windows,x64,jre,658
2026-09-08T00:24:05+00:00,sapmachine-11.0.5,20734889,False,sapmachine-jdk-11.0.5_linux-ppc64_bin.tar.gz,linux,ppc64,jdk,651
2026-09-08T00:24:05+00:00,sapmachine-11.0.5,20734889,False,sapmachine-jre-11.0.5_linux-ppc64_bin.tar.gz,linux,ppc64,jre,468
2026-09-08T00:24:05+00:00,sapmachine-11.0.5,20734889,False,sapmachine-jdk-11.0.5_linux-ppc64le_bin.tar.gz,linux,ppc64,jdk,606
2026-09-08T00:24:05+00:00,sapmachine-11.0.5,20734889,False,sapmachine-jre-11.0.5_linux-ppc64le_bin.tar.gz,linux,ppc64,jre,581
2026-09-08T00:24:05+00:00,sapmachine-11.0.5,20734889,False,sapmachine-jdk-11.0.5_osx-x64_bin.tar.gz,macos,x64,jdk,710
2026-09-08T00:24:05+00:00,sapmachine-11.0.5,20734889,False,sapmachine-jre-11.0.5_osx-x64_bin.tar.gz,macos,x64,jre,558
2026-09-08T00:24:05+00:00,sapmachine-11.0.5,20734889,False,sapmachine-jdk-11.0.5_osx-x64_bin.dmg,macos,x64,jdk,4374
2026-09-08T00:24:05+00:00,sapmachine-11.0.5,20734889,False,sapmachine-jre-11.0.5_osx-x64_bin.dmg,macos,x64,jre,602
2026-09-08T00:24:05+00:00,sapmachine-11.0.5,20734889,False,sapmachine-jdk-11.0.5_linux-x64_bin.tar.gz,linux,x64,jdk,112934
2026-09-08T00:24:05+00:00,sapmachine-11.0.5,20734889,False,sapmachine-jre-11.0.5_linux-x64_bin.tar.gz,linux,x64,jre,16308
2026-09-08T00:24:05+00:00,sapmachine-11.0.5,20734889,False,sapmachine-jdk-11.0.5-1.x86_64.rpm,linux,x64,jdk,760
2026-09-08T00:24:05+00:00,sapmachine-11.0.5,20734889,False,sapmachine-jdk-11.0.5_windows-x64_bin.zip,windows,x64,jdk,1849
2026-09-08T00:24:05+00:00,sapmachine-11.0.5,20734889,False,sapmachine-jre-11.0.5_windows-x64_bin.zip,windows,x64,jre,753
2026-09-08T00:24:05+00:00,sapmachine-11.0.5,20734889,False,sapmachine-jdk-11.0.5_windows-x64_bin.msi,windows,x64,jdk,911
2026-09-08T00:24:05+00:00,sapmachine-11.0.5,20734889,False,sapmachine-jre-11.0.5_windows-x64_bin.msi,windows,x64,jre,702
2026-09-08T00:24:05+00:00,sapmachine-13,20069372,False,sapmachine-jdk-13_linux-x64_bin.tar.gz,linux,x64,jdk,584
2026-09-08T00:24:05+00:00,sapmachine-13,20069372,False,sapmachine-jre-13_linux-x64_bin.tar.gz,linux,x64,jre,3057
2026-09-08T00:24:05+00:00,sapmachine-13,20069372,False,sapmachine-jdk-13_linux-ppc64le_bin.tar.gz,linux,ppc64,jdk,513
2026-09-08T00:24:05+00:00,sapmachine-13,20069372,False,sapmachine-jre-13_linux-ppc64le_bin.tar.gz,linux,ppc64,jre,536
2026-09-08T00:24:05+00:00,sapmachine-13,20069372,False,sapmachine-jdk-13_linux-ppc64_bin.tar.gz,linux,ppc64,jdk,523
2026-09-08T00:24:05+00:00,sapmachine-13,20069372,False,sapmachine-jre-13_linux-ppc64_bin.tar.gz,linux,ppc64,jre,517
2026-09-08T00:24:05+00:00,sapmachine-13,20069372,False,sapmachine-jdk-13_windows-x64_bin.zip,windows,x64,jdk,662
2026-09-08T00:24:05+00:00,sapmachine-13,20069372,False,sapmachine-jre-13_windows-x64_bin.zip,windows,x64,jre,620
2026-09-08T00:24:05+00:00,sapmachine-13,20069372,False,sapmachine-jdk-13_windows-x64_bin.msi,windows,x64,jdk,1055
2026-09-08T00:24:05+00:00,sapmachine-13,20069372,False,sapmachine-jdk-13_osx-x64_bin.tar.gz,macos,x64,jdk,561
2026-09-08T00:24:05+00:00,sapmachine-13,20069372,False,sapmachine-jre-13_osx-x64_bin.tar.gz,macos,x64,jre,492
2026-09-08T00:24:05+00:00,sapmachine-13,20069372,False,sapmachine-jdk-13_osx-x64_bin.dmg,macos,x64,jdk,915
2026-09-08T00:24:05+00:00,sapmachine-13,20069372,False,sapmachine-jre-13_osx-x64_bin.dmg,macos,x64,jre,578
2026-09-08T00:24:05+00:00,sapmachine-13,20069372,False,sapmachine-jdk-13-1.x86_64.rpm,linux,x64,jdk,423
2026-09-08T00:24:05+00:00,sapmachine-12.0.2,18677178,False,sapmachine-jdk-12.0.2_linux-x64_bin.tar.gz,linux,x64,jdk,3538
2026-09-08T00:24:05+00:00,sapmachine-12.0.2,18677178,False,sapmachine-jre-12.0.2_linux-x64_bin.tar.gz,linux,x64,jre,4045
2026-09-08T00:24:05+00:00,sapmachine-12.0.2,18677178,False,sapmachine-jdk-12.0.2_linux-ppc64_bin.tar.gz,linux,ppc64,jdk,712
2026-09-08T00:24:05+00:00,sapmachine-12.0.2,18677178,False,sapmachine-jre-12.0.2_linux-ppc64_bin.tar.gz,linux,ppc64,jre,738
2026-09-08T00:24:05+00:00,sapmachine-12.0.2,18677178,False,sapmachine-jdk-12.0.2_linux-ppc64le_bin.tar.gz,linux,ppc64,jdk,713
2026-09-08T00:24:05+00:00,sapmachine-12.0.2,18677178,False,sapmachine-jre-12.0.2_linux-ppc64le_bin.tar.gz,linux,ppc64,jre,705
2026-09-08T00:24:05+00:00,sapmachine-12.0.2,18677178,False,sapmachine-jdk-12.0.2_osx-x64_bin.tar.gz,macos,x64,jdk,3010
2026-09-08T00:24:05+00:00,sapmachine-12.0.2,18677178,False,sapmachine-jre-12.0.2_osx-x64_bin.tar.gz,macos,x64,jre,713
2026-09-08T00:24:05+00:00,sapmachine-12.0.2,18677178,False,sapmachine-jdk-12.0.2_windows-x64_bin.zip,windows,x64,jdk,3009
2026-09-08T00:24:05+00:00,sapmachine-12.0.2,18677178,False,sapmachine-jre-12.0.2_windows-x64_bin.zip,windows,x64,jre,1210
2026-09-08T00:24:05+00:00,sapmachine-12.0.2,18677178,False,sapmachine-jdk-12.0.2_windows-x64_bin.msi,windows,x64,jdk,932
2026-09-08T00:24:05+00:00,sapmachine-11.0.4,18662772,False,sapmachine-jdk-11.0.4_linux-x64_bin.tar.gz,linux,x64,jdk,54388
2026-09-08T00:24:05+00:00,sapmachine-11.0.4,18662772,False,sapmachine-jre-11.0.4_linux-x64_bin.tar.gz,linux,x64,jre,6160
2026-09-08T00:24:05+00:00,sapmachine-11.0.4,18662772,False,sapmachine-jdk-11.0.4_linux-ppc64le_bin.tar.gz,linux,ppc64,jdk,548
2026-09-08T00:24:05+00:00,sapmachine-11.0.4,18662772,False,sapmachine-jre-11.0.4_linux-ppc64le_bin.tar.gz,linux,ppc64,jre,527
2026-09-08T00:24:05+00:00,sapmachine-11.0.4,18662772,False,sapmachine-jdk-11.0.4_linux-ppc64_bin.tar.gz,linux,ppc64,jdk,567
2026-09-08T00:24:05+00:00,sapmachine-11.0.4,18662772,False,sapmachine-jre-11.0.4_linux-ppc64_bin.tar.gz,linux,ppc64,jre,521
2026-09-08T00:24:05+00:00,sapmachine-11.0.4,18662772,False,sapmachine-jdk-11.0.4_windows-x64_bin.zip,windows,x64,jdk,4998
2026-09-08T00:24:05+00:00,sapmachine-11.0.4,18662772,False,sapmachine-jre-11.0.4_windows-x64_bin.zip,windows,x64,jre,500
2026-09-08T00:24:05+00:00,sapmachine-11.0.4,18662772,False,sapmachine-jdk-11.0.4_windows-x64_bin.msi,windows,x64,jdk,1215
2026-09-08T00:24:05+00:00,sapmachine-11.0.4,18662772,False,sapmachine-jdk-11.0.4_osx-x64_bin.tar.gz,macos,x64,jdk,1302
2026-09-08T00:24:05+00:00,sapmachine-11.0.4,18662772,False,sapmachine-jre-11.0.4_osx-x64_bin.tar.gz,macos,x64,jre,552
2026-09-08T00:24:05+00:00,sapmachine-11.0.4,18662772,False,sapmachine-jdk-11.0.4_osx-x64_bin.dmg,macos,x64,jdk,2086
2026-09-08T00:24:05+00:00,sapmachine-11.0.4,18662772,False,sapmachine-jre-11.0.4_osx-x64_bin.dmg,macos,x64,jre,582
2026-09-08T00:24:05+00:00,sapmachine-11.0.4,18662772,False,sapmachine-jdk-11.0.4-1.x86_64.rpm,linux,x64,jdk,5395
2026-09-08T00:24:05+00:00,sapmachine-11.0.3,16817222,False,sapmachine-jdk-11.0.3_linux-x64_bin.tar.gz,linux,x64,jdk,162530
2026-09-08T00:24:05+00:00,sapmachine-11.0.3,16817222,False,sapmachine-jre-11.0.3_linux-x64_bin.tar.gz,linux,x64,jre,4376
2026-09-08T00:24:05+00:00,sapmachine-11.0.3,16817222,False,sapmachine-jdk-11.0.3_linux-ppc64_bin.tar.gz,linux,ppc64,jdk,573
2026-09-08T00:24:05+00:00,sapmachine-11.0.3,16817222,False,sapmachine-jre-11.0.3_linux-ppc64_bin.tar.gz,linux,ppc64,jre,537
2026-09-08T00:24:05+00:00,sapmachine-11.0.3,16817222,False,sapmachine-jdk-11.0.3_linux-ppc64le_bin.tar.gz,linux,ppc64,jdk,649
2026-09-08T00:24:05+00:00,sapmachine-11.0.3,16817222,False,sapmachine-jre-11.0.3_linux-ppc64le_bin.tar.gz,linux,ppc64,jre,498
2026-09-08T00:24:05+00:00,sapmachine-11.0.3,16817222,False,sapmachine-jdk-11.0.3_osx-x64_bin.tar.gz,macos,x64,jdk,2693
2026-09-08T00:24:05+00:00,sapmachine-11.0.3,16817222,False,sapmachine-jre-11.0.3_osx-x64_bin.tar.gz,macos,x64,jre,621
2026-09-08T00:24:05+00:00,sapmachine-11.0.3,16817222,False,sapmachine-jdk-11.0.3_windows-x64_bin.zip,windows,x64,jdk,3036
2026-09-08T00:24:05+00:00,sapmachine-11.0.3,16817222,False,sapmachine-jre-11.0.3_windows-x64_bin.zip,windows,x64,jre,567
2026-09-08T00:24:05+00:00,sapmachine-11.0.3,16817222,False,sapmachine-jdk-11.0.3_windows-x64_bin.msi,windows,x64,jdk,1102
2026-09-08T00:24:05+00:00,sapmachine-12.0.1,16817523,False,sapmachine-jdk-12.0.1_linux-x64_bin.tar.gz,linux,x64,jdk,191927
2026-09-08T00:24:05+00:00,sapmachine-12.0.1,16817523,False,sapmachine-jre-12.0.1_linux-x64_bin.tar.gz,linux,x64,jre,3222
2026-09-08T00:24:05+00:00,sapmachine-12.0.1,16817523,False,sapmachine-jdk-12.0.1_osx-x64_bin.tar.gz,macos,x64,jdk,1786
2026-09-08T00:24:05+00:00,sapmachine-12.0.1,16817523,False,sapmachine-jre-12.0.1_osx-x64_bin.tar.gz,macos,x64,jre,517
2026-09-08T00:24:05+00:00,sapmachine-12.0.1,16817523,False,sapmachine-jdk-12.0.1_linux-ppc64_bin.tar.gz,linux,ppc64,jdk,594
2026-09-08T00:24:05+00:00,sapmachine-12.0.1,16817523,False,sapmachine-jre-12.0.1_linux-ppc64_bin.tar.gz,linux,ppc64,jre,519
2026-09-08T00:24:05+00:00,sapmachine-12.0.1,16817523,False,sapmachine-jdk-12.0.1_linux-ppc64le_bin.tar.gz,linux,ppc64,jdk,605
2026-09-08T00:24:05+00:00,sapmachine-12.0.1,16817523,False,sapmachine-jre-12.0.1_linux-ppc64le_bin.tar.gz,linux,ppc64,jre,523
2026-09-08T00:24:05+00:00,sapmachine-12.0.1,16817523,False,sapmachine-jdk-12.0.1_windows-x64_bin.zip,windows,x64,jdk,1853
2026-09-08T00:24:05+00:00,sapmachine-12.0.1,16817523,False,sapmachine-jre-12.0.1_windows-x64_bin.zip,windows,x64,jre,485
2026-09-08T00:24:05+00:00,sapmachine-12.0.1,16817523,False,sapmachine-jdk-12.0.1_windows-x64_bin.msi,windows,x64,jdk,691
2026-09-08T00:24:05+00:00,sapmachine-12,16255922,False,sapmachine-jdk-12_linux-x64_bin.tar.gz,linux,x64,jdk,568
2026-09-08T00:24:05+00:00,sapmachine-12,16255922,False,sapmachine-jre-12_linux-x64_bin.tar.gz,linux,x64,jre,3143
2026-09-08T00:24:05+00:00,sapmachine-12,16255922,False,sapmachine-jdk-12_linux-ppc64le_bin.tar.gz,linux,ppc64,jdk,557
2026-09-08T00:24:05+00:00,sapmachine-12,16255922,False,sapmachine-jre-12_linux-ppc64le_bin.tar.gz,linux,ppc64,jre,542
2026-09-08T00:24:05+00:00,sapmachine-12,16255922,False,sapmachine-jdk-12_osx-x64_bin.tar.gz,macos,x64,jdk,675
2026-09-08T00:24:05+00:00,sapmachine-12,16255922,False,sapmachine-jre-12_osx-x64_bin.tar.gz,macos,x64,jre,491
2026-09-08T00:24:05+00:00,sapmachine-12,16255922,False,sapmachine-jdk-12_linux-ppc64_bin.tar.gz,linux,ppc64,jdk,627
2026-09-08T00:24:05+00:00,sapmachine-12,16255922,False,sapmachine-jre-12_linux-ppc64_bin.tar.gz,linux,ppc64,jre,571
2026-09-08T00:24:05+00:00,sapmachine-12,16255922,False,sapmachine-jdk-12_windows-x64_bin.zip,windows,x64,jdk,589
2026-09-08T00:24:05+00:00,sapmachine-12,16255922,False,sapmachine-jre-12_windows-x64_bin.zip,windows,x64,jre,523
2026-09-08T00:24:05+00:00,sapmachine-12,16255922,False,sapmachine-jdk-12_windows-x64_bin.msi,windows,x64,jdk,536
2026-09-08T00:24:05+00:00,sapmachine-11.0.2,15006958,False,sapmachine-jdk-11.0.2_linux-x64_bin.tar.gz,linux,x64,jdk,535765
2026-09-08T00:24:05+00:00,sapmachine-11.0.2,15006958,False,sapmachine-jre-11.0.2_linux-x64_bin.tar.gz,linux,x64,jre,1434203
2026-09-08T00:24:05+00:00,sapmachine-11.0.2,15006958,False,sapmachine-jdk-11.0.2_linux-ppc64le_bin.tar.gz,linux,ppc64,jdk,563
2026-09-08T00:24:05+00:00,sapmachine-11.0.2,15006958,False,sapmachine-jre-11.0.2_linux-ppc64le_bin.tar.gz,linux,ppc64,jre,524
2026-09-08T00:24:05+00:00,sapmachine-11.0.2,15006958,False,sapmachine-jdk-11.0.2_linux-ppc64_bin.tar.gz,linux,ppc64,jdk,620
2026-09-08T00:24:05+00:00,sapmachine-11.0.2,15006958,False,sapmachine-jre-11.0.2_linux-ppc64_bin.tar.gz,linux,ppc64,jre,499
2026-09-08T00:24:05+00:00,sapmachine-11.0.2,15006958,False,sapmachine-jdk-11.0.2_windows-x64_bin.zip,windows,x64,jdk,1572
2026-09-08T00:24:05+00:00,sapmachine-11.0.2,15006958,False,sapmachine-jre-11.0.2_windows-x64_bin.zip,windows,x64,jre,635
2026-09-08T00:24:05+00:00,sapmachine-11.0.2,15006958,False,sapmachine-jdk-11.0.2_osx-x64_bin.tar.gz,macos,x64,jdk,2115
2026-09-08T00:24:05+00:00,sapmachine-11.0.2,15006958,False,sapmachine-jre-11.0.2_osx-x64_bin.tar.gz,macos,x64,jre,579
2026-09-08T00:24:05+00:00,sapmachine-11.0.2,15006958,False,sapmachine-jdk-11.0.2_windows-x64_bin.msi,windows,x64,jdk,703
2026-09-08T00:24:05+00:00,sapmachine10_linux-x64_snapshot-20180123_12_34_01,9347530,True,sapmachine-jdk-10-snapshot.47_linux-x64_bin.tar.gz,linux,x64,jdk,0
2026-09-08T00:24:05+00:00,sapmachine10_linux-x64_snapshot-20180123_12_34_01,9347530,True,sapmachine-jre-10-snapshot.47_linux-x64_bin.tar.gz,linux,x64,jre,0
